config_id,basin_en,basin_cn,season,block_count,correlation_method,deseason_method,search_max_lag_days,lag_days,probability,bootstrap_reps,scenario_id,scenario_label
main_month_median_spearman,Changjiang,昌江,All,14,spearman,month_median,15,0,0,2000,baseline,基准：2006-2019月份中位数异常Spearman，0-15天
main_month_median_spearman,Changjiang,昌江,All,14,spearman,month_median,15,1,0,2000,baseline,基准：2006-2019月份中位数异常Spearman，0-15天
main_month_median_spearman,Changjiang,昌江,All,14,spearman,month_median,15,2,1,2000,baseline,基准：2006-2019月份中位数异常Spearman，0-15天
main_month_median_spearman,Changjiang,昌江,All,14,spearman,month_median,15,3,0,2000,baseline,基准：2006-2019月份中位数异常Spearman，0-15天
main_month_median_spearman,Changjiang,昌江,All,14,spearman,month_median,15,4,0,2000,baseline,基准：2006-2019月份中位数异常Spearman，0-15天
main_month_median_spearman,Changjiang,昌江,All,14,spearman,month_median,15,5,0,2000,baseline,基准：2006-2019月份中位数异常Spearman，0-15天
main_month_median_spearman,Changjiang,昌江,All,14,spearman,month_median,15,6,0,2000,baseline,基准：2006-2019月份中位数异常Spearman，0-15天
main_month_median_spearman,Changjiang,昌江,All,14,spearman,month_median,15,7,0,2000,baseline,基准：2006-2019月份中位数异常Spearman，0-15天
main_month_median_spearman,Changjiang,昌江,All,14,spearman,month_median,15,8,0,2000,baseline,基准：2006-2019月份中位数异常Spearman，0-15天
main_month_median_spearman,Changjiang,昌江,All,14,spearman,month_median,15,9,0,2000,baseline,基准：2006-2019月份中位数异常Spearman，0-15天
main_month_median_spearman,Changjiang,昌江,All,14,spearman,month_median,15,10,0,2000,baseline,基准：2006-2019月份中位数异常Spearman，0-15天
main_month_median_spearman,Changjiang,昌江,All,14,spearman,month_median,15,11,0,2000,baseline,基准：2006-2019月份中位数异常Spearman，0-15天
main_month_median_spearman,Changjiang,昌江,All,14,spearman,month_median,15,12,0,2000,baseline,基准：2006-2019月份中位数异常Spearman，0-15天
main_month_median_spearman,Changjiang,昌江,All,14,spearman,month_median,15,13,0,2000,baseline,基准：2006-2019月份中位数异常Spearman，0-15天
main_month_median_spearman,Changjiang,昌江,All,14,spearman,month_median,15,14,0,2000,baseline,基准：2006-2019月份中位数异常Spearman，0-15天
main_month_median_spearman,Changjiang,昌江,All,14,spearman,month_median,15,15,0,2000,baseline,基准：2006-2019月份中位数异常Spearman，0-15天
main_month_median_spearman,Fuhe,抚河,All,14,spearman,month_median,15,0,0,2000,baseline,基准：2006-2019月份中位数异常Spearman，0-15天
main_month_median_spearman,Fuhe,抚河,All,14,spearman,month_median,15,1,0,2000,baseline,基准：2006-2019月份中位数异常Spearman，0-15天
main_month_median_spearman,Fuhe,抚河,All,14,spearman,month_median,15,2,0.9985,2000,baseline,基准：2006-2019月份中位数异常Spearman，0-15天
main_month_median_spearman,Fuhe,抚河,All,14,spearman,month_median,15,3,0.0015,2000,baseline,基准：2006-2019月份中位数异常Spearman，0-15天
main_month_median_spearman,Fuhe,抚河,All,14,spearman,month_median,15,4,0,2000,baseline,基准：2006-2019月份中位数异常Spearman，0-15天
main_month_median_spearman,Fuhe,抚河,All,14,spearman,month_median,15,5,0,2000,baseline,基准：2006-2019月份中位数异常Spearman，0-15天
main_month_median_spearman,Fuhe,抚河,All,14,spearman,month_median,15,6,0,2000,baseline,基准：2006-2019月份中位数异常Spearman，0-15天
main_month_median_spearman,Fuhe,抚河,All,14,spearman,month_median,15,7,0,2000,baseline,基准：2006-2019月份中位数异常Spearman，0-15天
main_month_median_spearman,Fuhe,抚河,All,14,spearman,month_median,15,8,0,2000,baseline,基准：2006-2019月份中位数异常Spearman，0-15天
main_month_median_spearman,Fuhe,抚河,All,14,spearman,month_median,15,9,0,2000,baseline,基准：2006-2019月份中位数异常Spearman，0-15天
main_month_median_spearman,Fuhe,抚河,All,14,spearman,month_median,15,10,0,2000,baseline,基准：2006-2019月份中位数异常Spearman，0-15天
main_month_median_spearman,Fuhe,抚河,All,14,spearman,month_median,15,11,0,2000,baseline,基准：2006-2019月份中位数异常Spearman，0-15天
main_month_median_spearman,Fuhe,抚河,All,14,spearman,month_median,15,12,0,2000,baseline,基准：2006-2019月份中位数异常Spearman，0-15天
main_month_median_spearman,Fuhe,抚河,All,14,spearman,month_median,15,13,0,2000,baseline,基准：2006-2019月份中位数异常Spearman，0-15天
main_month_median_spearman,Fuhe,抚河,All,14,spearman,month_median,15,14,0,2000,baseline,基准：2006-2019月份中位数异常Spearman，0-15天
main_month_median_spearman,Fuhe,抚河,All,14,spearman,month_median,15,15,0,2000,baseline,基准：2006-2019月份中位数异常Spearman，0-15天
main_month_median_spearman,Ganjiang,赣江,All,14,spearman,month_median,15,0,0,2000,baseline,基准：2006-2019月份中位数异常Spearman，0-15天
main_month_median_spearman,Ganjiang,赣江,All,14,spearman,month_median,15,1,0,2000,baseline,基准：2006-2019月份中位数异常Spearman，0-15天
main_month_median_spearman,Ganjiang,赣江,All,14,spearman,month_median,15,2,0,2000,baseline,基准：2006-2019月份中位数异常Spearman，0-15天
main_month_median_spearman,Ganjiang,赣江,All,14,spearman,month_median,15,3,0.002,2000,baseline,基准：2006-2019月份中位数异常Spearman，0-15天
main_month_median_spearman,Ganjiang,赣江,All,14,spearman,month_median,15,4,0.539,2000,baseline,基准：2006-2019月份中位数异常Spearman，0-15天
main_month_median_spearman,Ganjiang,赣江,All,14,spearman,month_median,15,5,0.456,2000,baseline,基准：2006-2019月份中位数异常Spearman，0-15天
main_month_median_spearman,Ganjiang,赣江,All,14,spearman,month_median,15,6,0.003,2000,baseline,基准：2006-2019月份中位数异常Spearman，0-15天
main_month_median_spearman,Ganjiang,赣江,All,14,spearman,month_median,15,7,0,2000,baseline,基准：2006-2019月份中位数异常Spearman，0-15天
main_month_median_spearman,Ganjiang,赣江,All,14,spearman,month_median,15,8,0,2000,baseline,基准：2006-2019月份中位数异常Spearman，0-15天
main_month_median_spearman,Ganjiang,赣江,All,14,spearman,month_median,15,9,0,2000,baseline,基准：2006-2019月份中位数异常Spearman，0-15天
main_month_median_spearman,Ganjiang,赣江,All,14,spearman,month_median,15,10,0,2000,baseline,基准：2006-2019月份中位数异常Spearman，0-15天
main_month_median_spearman,Ganjiang,赣江,All,14,spearman,month_median,15,11,0,2000,baseline,基准：2006-2019月份中位数异常Spearman，0-15天
main_month_median_spearman,Ganjiang,赣江,All,14,spearman,month_median,15,12,0,2000,baseline,基准：2006-2019月份中位数异常Spearman，0-15天
main_month_median_spearman,Ganjiang,赣江,All,14,spearman,month_median,15,13,0,2000,baseline,基准：2006-2019月份中位数异常Spearman，0-15天
main_month_median_spearman,Ganjiang,赣江,All,14,spearman,month_median,15,14,0,2000,baseline,基准：2006-2019月份中位数异常Spearman，0-15天
main_month_median_spearman,Ganjiang,赣江,All,14,spearman,month_median,15,15,0,2000,baseline,基准：2006-2019月份中位数异常Spearman，0-15天
main_month_median_spearman,Le'anhe,乐安河,All,14,spearman,month_median,15,0,0,2000,baseline,基准：2006-2019月份中位数异常Spearman，0-15天
main_month_median_spearman,Le'anhe,乐安河,All,14,spearman,month_median,15,1,0,2000,baseline,基准：2006-2019月份中位数异常Spearman，0-15天
main_month_median_spearman,Le'anhe,乐安河,All,14,spearman,month_median,15,2,1,2000,baseline,基准：2006-2019月份中位数异常Spearman，0-15天
main_month_median_spearman,Le'anhe,乐安河,All,14,spearman,month_median,15,3,0,2000,baseline,基准：2006-2019月份中位数异常Spearman，0-15天
main_month_median_spearman,Le'anhe,乐安河,All,14,spearman,month_median,15,4,0,2000,baseline,基准：2006-2019月份中位数异常Spearman，0-15天
main_month_median_spearman,Le'anhe,乐安河,All,14,spearman,month_median,15,5,0,2000,baseline,基准：2006-2019月份中位数异常Spearman，0-15天
main_month_median_spearman,Le'anhe,乐安河,All,14,spearman,month_median,15,6,0,2000,baseline,基准：2006-2019月份中位数异常Spearman，0-15天
main_month_median_spearman,Le'anhe,乐安河,All,14,spearman,month_median,15,7,0,2000,baseline,基准：2006-2019月份中位数异常Spearman，0-15天
main_month_median_spearman,Le'anhe,乐安河,All,14,spearman,month_median,15,8,0,2000,baseline,基准：2006-2019月份中位数异常Spearman，0-15天
main_month_median_spearman,Le'anhe,乐安河,All,14,spearman,month_median,15,9,0,2000,baseline,基准：2006-2019月份中位数异常Spearman，0-15天
main_month_median_spearman,Le'anhe,乐安河,All,14,spearman,month_median,15,10,0,2000,baseline,基准：2006-2019月份中位数异常Spearman，0-15天
main_month_median_spearman,Le'anhe,乐安河,All,14,spearman,month_median,15,11,0,2000,baseline,基准：2006-2019月份中位数异常Spearman，0-15天
main_month_median_spearman,Le'anhe,乐安河,All,14,spearman,month_median,15,12,0,2000,baseline,基准：2006-2019月份中位数异常Spearman，0-15天
main_month_median_spearman,Le'anhe,乐安河,All,14,spearman,month_median,15,13,0,2000,baseline,基准：2006-2019月份中位数异常Spearman，0-15天
main_month_median_spearman,Le'anhe,乐安河,All,14,spearman,month_median,15,14,0,2000,baseline,基准：2006-2019月份中位数异常Spearman，0-15天
main_month_median_spearman,Le'anhe,乐安河,All,14,spearman,month_median,15,15,0,2000,baseline,基准：2006-2019月份中位数异常Spearman，0-15天
main_month_median_spearman,Liaohe,潦河,All,14,spearman,month_median,15,0,0,2000,baseline,基准：2006-2019月份中位数异常Spearman，0-15天
main_month_median_spearman,Liaohe,潦河,All,14,spearman,month_median,15,1,0.992,2000,baseline,基准：2006-2019月份中位数异常Spearman，0-15天
main_month_median_spearman,Liaohe,潦河,All,14,spearman,month_median,15,2,0.008,2000,baseline,基准：2006-2019月份中位数异常Spearman，0-15天
main_month_median_spearman,Liaohe,潦河,All,14,spearman,month_median,15,3,0,2000,baseline,基准：2006-2019月份中位数异常Spearman，0-15天
main_month_median_spearman,Liaohe,潦河,All,14,spearman,month_median,15,4,0,2000,baseline,基准：2006-2019月份中位数异常Spearman，0-15天
main_month_median_spearman,Liaohe,潦河,All,14,spearman,month_median,15,5,0,2000,baseline,基准：2006-2019月份中位数异常Spearman，0-15天
main_month_median_spearman,Liaohe,潦河,All,14,spearman,month_median,15,6,0,2000,baseline,基准：2006-2019月份中位数异常Spearman，0-15天
main_month_median_spearman,Liaohe,潦河,All,14,spearman,month_median,15,7,0,2000,baseline,基准：2006-2019月份中位数异常Spearman，0-15天
main_month_median_spearman,Liaohe,潦河,All,14,spearman,month_median,15,8,0,2000,baseline,基准：2006-2019月份中位数异常Spearman，0-15天
main_month_median_spearman,Liaohe,潦河,All,14,spearman,month_median,15,9,0,2000,baseline,基准：2006-2019月份中位数异常Spearman，0-15天
main_month_median_spearman,Liaohe,潦河,All,14,spearman,month_median,15,10,0,2000,baseline,基准：2006-2019月份中位数异常Spearman，0-15天
main_month_median_spearman,Liaohe,潦河,All,14,spearman,month_median,15,11,0,2000,baseline,基准：2006-2019月份中位数异常Spearman，0-15天
main_month_median_spearman,Liaohe,潦河,All,14,spearman,month_median,15,12,0,2000,baseline,基准：2006-2019月份中位数异常Spearman，0-15天
main_month_median_spearman,Liaohe,潦河,All,14,spearman,month_median,15,13,0,2000,baseline,基准：2006-2019月份中位数异常Spearman，0-15天
main_month_median_spearman,Liaohe,潦河,All,14,spearman,month_median,15,14,0,2000,baseline,基准：2006-2019月份中位数异常Spearman，0-15天
main_month_median_spearman,Liaohe,潦河,All,14,spearman,month_median,15,15,0,2000,baseline,基准：2006-2019月份中位数异常Spearman，0-15天
main_month_median_spearman,Xinjiang,信江,All,14,spearman,month_median,15,0,0,2000,baseline,基准：2006-2019月份中位数异常Spearman，0-15天
main_month_median_spearman,Xinjiang,信江,All,14,spearman,month_median,15,1,0,2000,baseline,基准：2006-2019月份中位数异常Spearman，0-15天
main_month_median_spearman,Xinjiang,信江,All,14,spearman,month_median,15,2,1,2000,baseline,基准：2006-2019月份中位数异常Spearman，0-15天
main_month_median_spearman,Xinjiang,信江,All,14,spearman,month_median,15,3,0,2000,baseline,基准：2006-2019月份中位数异常Spearman，0-15天
main_month_median_spearman,Xinjiang,信江,All,14,spearman,month_median,15,4,0,2000,baseline,基准：2006-2019月份中位数异常Spearman，0-15天
main_month_median_spearman,Xinjiang,信江,All,14,spearman,month_median,15,5,0,2000,baseline,基准：2006-2019月份中位数异常Spearman，0-15天
main_month_median_spearman,Xinjiang,信江,All,14,spearman,month_median,15,6,0,2000,baseline,基准：2006-2019月份中位数异常Spearman，0-15天
main_month_median_spearman,Xinjiang,信江,All,14,spearman,month_median,15,7,0,2000,baseline,基准：2006-2019月份中位数异常Spearman，0-15天
main_month_median_spearman,Xinjiang,信江,All,14,spearman,month_median,15,8,0,2000,baseline,基准：2006-2019月份中位数异常Spearman，0-15天
main_month_median_spearman,Xinjiang,信江,All,14,spearman,month_median,15,9,0,2000,baseline,基准：2006-2019月份中位数异常Spearman，0-15天
main_month_median_spearman,Xinjiang,信江,All,14,spearman,month_median,15,10,0,2000,baseline,基准：2006-2019月份中位数异常Spearman，0-15天
main_month_median_spearman,Xinjiang,信江,All,14,spearman,month_median,15,11,0,2000,baseline,基准：2006-2019月份中位数异常Spearman，0-15天
main_month_median_spearman,Xinjiang,信江,All,14,spearman,month_median,15,12,0,2000,baseline,基准：2006-2019月份中位数异常Spearman，0-15天
main_month_median_spearman,Xinjiang,信江,All,14,spearman,month_median,15,13,0,2000,baseline,基准：2006-2019月份中位数异常Spearman，0-15天
main_month_median_spearman,Xinjiang,信江,All,14,spearman,month_median,15,14,0,2000,baseline,基准：2006-2019月份中位数异常Spearman，0-15天
main_month_median_spearman,Xinjiang,信江,All,14,spearman,month_median,15,15,0,2000,baseline,基准：2006-2019月份中位数异常Spearman，0-15天
main_month_median_spearman,Xiushui,修水,All,14,spearman,month_median,15,0,0,2000,baseline,基准：2006-2019月份中位数异常Spearman，0-15天
main_month_median_spearman,Xiushui,修水,All,14,spearman,month_median,15,1,0.0005,2000,baseline,基准：2006-2019月份中位数异常Spearman，0-15天
main_month_median_spearman,Xiushui,修水,All,14,spearman,month_median,15,2,0.0025,2000,baseline,基准：2006-2019月份中位数异常Spearman，0-15天
main_month_median_spearman,Xiushui,修水,All,14,spearman,month_median,15,3,0.105,2000,baseline,基准：2006-2019月份中位数异常Spearman，0-15天
main_month_median_spearman,Xiushui,修水,All,14,spearman,month_median,15,4,0.061,2000,baseline,基准：2006-2019月份中位数异常Spearman，0-15天
main_month_median_spearman,Xiushui,修水,All,14,spearman,month_median,15,5,0.0335,2000,baseline,基准：2006-2019月份中位数异常Spearman，0-15天
main_month_median_spearman,Xiushui,修水,All,14,spearman,month_median,15,6,0.0055,2000,baseline,基准：2006-2019月份中位数异常Spearman，0-15天
main_month_median_spearman,Xiushui,修水,All,14,spearman,month_median,15,7,0.408,2000,baseline,基准：2006-2019月份中位数异常Spearman，0-15天
main_month_median_spearman,Xiushui,修水,All,14,spearman,month_median,15,8,0.35,2000,baseline,基准：2006-2019月份中位数异常Spearman，0-15天
main_month_median_spearman,Xiushui,修水,All,14,spearman,month_median,15,9,0.004,2000,baseline,基准：2006-2019月份中位数异常Spearman，0-15天
main_month_median_spearman,Xiushui,修水,All,14,spearman,month_median,15,10,0.026,2000,baseline,基准：2006-2019月份中位数异常Spearman，0-15天
main_month_median_spearman,Xiushui,修水,All,14,spearman,month_median,15,11,0,2000,baseline,基准：2006-2019月份中位数异常Spearman，0-15天
main_month_median_spearman,Xiushui,修水,All,14,spearman,month_median,15,12,0,2000,baseline,基准：2006-2019月份中位数异常Spearman，0-15天
main_month_median_spearman,Xiushui,修水,All,14,spearman,month_median,15,13,0,2000,baseline,基准：2006-2019月份中位数异常Spearman，0-15天
main_month_median_spearman,Xiushui,修水,All,14,spearman,month_median,15,14,0.0025,2000,baseline,基准：2006-2019月份中位数异常Spearman，0-15天
main_month_median_spearman,Xiushui,修水,All,14,spearman,month_median,15,15,0.0015,2000,baseline,基准：2006-2019月份中位数异常Spearman，0-15天
full2020_month_median_spearman,Changjiang,昌江,All,15,spearman,month_median,15,0,0,2000,include_2020,加入2020年共同降水序列
full2020_month_median_spearman,Changjiang,昌江,All,15,spearman,month_median,15,1,0,2000,include_2020,加入2020年共同降水序列
full2020_month_median_spearman,Changjiang,昌江,All,15,spearman,month_median,15,2,1,2000,include_2020,加入2020年共同降水序列
full2020_month_median_spearman,Changjiang,昌江,All,15,spearman,month_median,15,3,0,2000,include_2020,加入2020年共同降水序列
full2020_month_median_spearman,Changjiang,昌江,All,15,spearman,month_median,15,4,0,2000,include_2020,加入2020年共同降水序列
full2020_month_median_spearman,Changjiang,昌江,All,15,spearman,month_median,15,5,0,2000,include_2020,加入2020年共同降水序列
full2020_month_median_spearman,Changjiang,昌江,All,15,spearman,month_median,15,6,0,2000,include_2020,加入2020年共同降水序列
full2020_month_median_spearman,Changjiang,昌江,All,15,spearman,month_median,15,7,0,2000,include_2020,加入2020年共同降水序列
full2020_month_median_spearman,Changjiang,昌江,All,15,spearman,month_median,15,8,0,2000,include_2020,加入2020年共同降水序列
full2020_month_median_spearman,Changjiang,昌江,All,15,spearman,month_median,15,9,0,2000,include_2020,加入2020年共同降水序列
full2020_month_median_spearman,Changjiang,昌江,All,15,spearman,month_median,15,10,0,2000,include_2020,加入2020年共同降水序列
full2020_month_median_spearman,Changjiang,昌江,All,15,spearman,month_median,15,11,0,2000,include_2020,加入2020年共同降水序列
full2020_month_median_spearman,Changjiang,昌江,All,15,spearman,month_median,15,12,0,2000,include_2020,加入2020年共同降水序列
full2020_month_median_spearman,Changjiang,昌江,All,15,spearman,month_median,15,13,0,2000,include_2020,加入2020年共同降水序列
full2020_month_median_spearman,Changjiang,昌江,All,15,spearman,month_median,15,14,0,2000,include_2020,加入2020年共同降水序列
full2020_month_median_spearman,Changjiang,昌江,All,15,spearman,month_median,15,15,0,2000,include_2020,加入2020年共同降水序列
full2020_month_median_spearman,Fuhe,抚河,All,15,spearman,month_median,15,0,0,2000,include_2020,加入2020年共同降水序列
full2020_month_median_spearman,Fuhe,抚河,All,15,spearman,month_median,15,1,0,2000,include_2020,加入2020年共同降水序列
full2020_month_median_spearman,Fuhe,抚河,All,15,spearman,month_median,15,2,0.998,2000,include_2020,加入2020年共同降水序列
full2020_month_median_spearman,Fuhe,抚河,All,15,spearman,month_median,15,3,0.002,2000,include_2020,加入2020年共同降水序列
full2020_month_median_spearman,Fuhe,抚河,All,15,spearman,month_median,15,4,0,2000,include_2020,加入2020年共同降水序列
full2020_month_median_spearman,Fuhe,抚河,All,15,spearman,month_median,15,5,0,2000,include_2020,加入2020年共同降水序列
full2020_month_median_spearman,Fuhe,抚河,All,15,spearman,month_median,15,6,0,2000,include_2020,加入2020年共同降水序列
full2020_month_median_spearman,Fuhe,抚河,All,15,spearman,month_median,15,7,0,2000,include_2020,加入2020年共同降水序列
full2020_month_median_spearman,Fuhe,抚河,All,15,spearman,month_median,15,8,0,2000,include_2020,加入2020年共同降水序列
full2020_month_median_spearman,Fuhe,抚河,All,15,spearman,month_median,15,9,0,2000,include_2020,加入2020年共同降水序列
full2020_month_median_spearman,Fuhe,抚河,All,15,spearman,month_median,15,10,0,2000,include_2020,加入2020年共同降水序列
full2020_month_median_spearman,Fuhe,抚河,All,15,spearman,month_median,15,11,0,2000,include_2020,加入2020年共同降水序列
full2020_month_median_spearman,Fuhe,抚河,All,15,spearman,month_median,15,12,0,2000,include_2020,加入2020年共同降水序列
full2020_month_median_spearman,Fuhe,抚河,All,15,spearman,month_median,15,13,0,2000,include_2020,加入2020年共同降水序列
full2020_month_median_spearman,Fuhe,抚河,All,15,spearman,month_median,15,14,0,2000,include_2020,加入2020年共同降水序列
full2020_month_median_spearman,Fuhe,抚河,All,15,spearman,month_median,15,15,0,2000,include_2020,加入2020年共同降水序列
full2020_month_median_spearman,Ganjiang,赣江,All,15,spearman,month_median,15,0,0,2000,include_2020,加入2020年共同降水序列
full2020_month_median_spearman,Ganjiang,赣江,All,15,spearman,month_median,15,1,0,2000,include_2020,加入2020年共同降水序列
full2020_month_median_spearman,Ganjiang,赣江,All,15,spearman,month_median,15,2,0,2000,include_2020,加入2020年共同降水序列
full2020_month_median_spearman,Ganjiang,赣江,All,15,spearman,month_median,15,3,0.0045,2000,include_2020,加入2020年共同降水序列
full2020_month_median_spearman,Ganjiang,赣江,All,15,spearman,month_median,15,4,0.4615,2000,include_2020,加入2020年共同降水序列
full2020_month_median_spearman,Ganjiang,赣江,All,15,spearman,month_median,15,5,0.5275,2000,include_2020,加入2020年共同降水序列
full2020_month_median_spearman,Ganjiang,赣江,All,15,spearman,month_median,15,6,0.006,2000,include_2020,加入2020年共同降水序列
full2020_month_median_spearman,Ganjiang,赣江,All,15,spearman,month_median,15,7,0.0005,2000,include_2020,加入2020年共同降水序列
full2020_month_median_spearman,Ganjiang,赣江,All,15,spearman,month_median,15,8,0,2000,include_2020,加入2020年共同降水序列
full2020_month_median_spearman,Ganjiang,赣江,All,15,spearman,month_median,15,9,0,2000,include_2020,加入2020年共同降水序列
full2020_month_median_spearman,Ganjiang,赣江,All,15,spearman,month_median,15,10,0,2000,include_2020,加入2020年共同降水序列
full2020_month_median_spearman,Ganjiang,赣江,All,15,spearman,month_median,15,11,0,2000,include_2020,加入2020年共同降水序列
full2020_month_median_spearman,Ganjiang,赣江,All,15,spearman,month_median,15,12,0,2000,include_2020,加入2020年共同降水序列
full2020_month_median_spearman,Ganjiang,赣江,All,15,spearman,month_median,15,13,0,2000,include_2020,加入2020年共同降水序列
full2020_month_median_spearman,Ganjiang,赣江,All,15,spearman,month_median,15,14,0,2000,include_2020,加入2020年共同降水序列
full2020_month_median_spearman,Ganjiang,赣江,All,15,spearman,month_median,15,15,0,2000,include_2020,加入2020年共同降水序列
full2020_month_median_spearman,Le'anhe,乐安河,All,15,spearman,month_median,15,0,0,2000,include_2020,加入2020年共同降水序列
full2020_month_median_spearman,Le'anhe,乐安河,All,15,spearman,month_median,15,1,0,2000,include_2020,加入2020年共同降水序列
full2020_month_median_spearman,Le'anhe,乐安河,All,15,spearman,month_median,15,2,1,2000,include_2020,加入2020年共同降水序列
full2020_month_median_spearman,Le'anhe,乐安河,All,15,spearman,month_median,15,3,0,2000,include_2020,加入2020年共同降水序列
full2020_month_median_spearman,Le'anhe,乐安河,All,15,spearman,month_median,15,4,0,2000,include_2020,加入2020年共同降水序列
full2020_month_median_spearman,Le'anhe,乐安河,All,15,spearman,month_median,15,5,0,2000,include_2020,加入2020年共同降水序列
full2020_month_median_spearman,Le'anhe,乐安河,All,15,spearman,month_median,15,6,0,2000,include_2020,加入2020年共同降水序列
full2020_month_median_spearman,Le'anhe,乐安河,All,15,spearman,month_median,15,7,0,2000,include_2020,加入2020年共同降水序列
full2020_month_median_spearman,Le'anhe,乐安河,All,15,spearman,month_median,15,8,0,2000,include_2020,加入2020年共同降水序列
full2020_month_median_spearman,Le'anhe,乐安河,All,15,spearman,month_median,15,9,0,2000,include_2020,加入2020年共同降水序列
full2020_month_median_spearman,Le'anhe,乐安河,All,15,spearman,month_median,15,10,0,2000,include_2020,加入2020年共同降水序列
full2020_month_median_spearman,Le'anhe,乐安河,All,15,spearman,month_median,15,11,0,2000,include_2020,加入2020年共同降水序列
full2020_month_median_spearman,Le'anhe,乐安河,All,15,spearman,month_median,15,12,0,2000,include_2020,加入2020年共同降水序列
full2020_month_median_spearman,Le'anhe,乐安河,All,15,spearman,month_median,15,13,0,2000,include_2020,加入2020年共同降水序列
full2020_month_median_spearman,Le'anhe,乐安河,All,15,spearman,month_median,15,14,0,2000,include_2020,加入2020年共同降水序列
full2020_month_median_spearman,Le'anhe,乐安河,All,15,spearman,month_median,15,15,0,2000,include_2020,加入2020年共同降水序列
full2020_month_median_spearman,Liaohe,潦河,All,15,spearman,month_median,15,0,0,2000,include_2020,加入2020年共同降水序列
full2020_month_median_spearman,Liaohe,潦河,All,15,spearman,month_median,15,1,0.9545,2000,include_2020,加入2020年共同降水序列
full2020_month_median_spearman,Liaohe,潦河,All,15,spearman,month_median,15,2,0.0455,2000,include_2020,加入2020年共同降水序列
full2020_month_median_spearman,Liaohe,潦河,All,15,spearman,month_median,15,3,0,2000,include_2020,加入2020年共同降水序列
full2020_month_median_spearman,Liaohe,潦河,All,15,spearman,month_median,15,4,0,2000,include_2020,加入2020年共同降水序列
full2020_month_median_spearman,Liaohe,潦河,All,15,spearman,month_median,15,5,0,2000,include_2020,加入2020年共同降水序列
full2020_month_median_spearman,Liaohe,潦河,All,15,spearman,month_median,15,6,0,2000,include_2020,加入2020年共同降水序列
full2020_month_median_spearman,Liaohe,潦河,All,15,spearman,month_median,15,7,0,2000,include_2020,加入2020年共同降水序列
full2020_month_median_spearman,Liaohe,潦河,All,15,spearman,month_median,15,8,0,2000,include_2020,加入2020年共同降水序列
full2020_month_median_spearman,Liaohe,潦河,All,15,spearman,month_median,15,9,0,2000,include_2020,加入2020年共同降水序列
full2020_month_median_spearman,Liaohe,潦河,All,15,spearman,month_median,15,10,0,2000,include_2020,加入2020年共同降水序列
full2020_month_median_spearman,Liaohe,潦河,All,15,spearman,month_median,15,11,0,2000,include_2020,加入2020年共同降水序列
full2020_month_median_spearman,Liaohe,潦河,All,15,spearman,month_median,15,12,0,2000,include_2020,加入2020年共同降水序列
full2020_month_median_spearman,Liaohe,潦河,All,15,spearman,month_median,15,13,0,2000,include_2020,加入2020年共同降水序列
full2020_month_median_spearman,Liaohe,潦河,All,15,spearman,month_median,15,14,0,2000,include_2020,加入2020年共同降水序列
full2020_month_median_spearman,Liaohe,潦河,All,15,spearman,month_median,15,15,0,2000,include_2020,加入2020年共同降水序列
full2020_month_median_spearman,Xinjiang,信江,All,15,spearman,month_median,15,0,0,2000,include_2020,加入2020年共同降水序列
full2020_month_median_spearman,Xinjiang,信江,All,15,spearman,month_median,15,1,0,2000,include_2020,加入2020年共同降水序列
full2020_month_median_spearman,Xinjiang,信江,All,15,spearman,month_median,15,2,1,2000,include_2020,加入2020年共同降水序列
full2020_month_median_spearman,Xinjiang,信江,All,15,spearman,month_median,15,3,0,2000,include_2020,加入2020年共同降水序列
full2020_month_median_spearman,Xinjiang,信江,All,15,spearman,month_median,15,4,0,2000,include_2020,加入2020年共同降水序列
full2020_month_median_spearman,Xinjiang,信江,All,15,spearman,month_median,15,5,0,2000,include_2020,加入2020年共同降水序列
full2020_month_median_spearman,Xinjiang,信江,All,15,spearman,month_median,15,6,0,2000,include_2020,加入2020年共同降水序列
full2020_month_median_spearman,Xinjiang,信江,All,15,spearman,month_median,15,7,0,2000,include_2020,加入2020年共同降水序列
full2020_month_median_spearman,Xinjiang,信江,All,15,spearman,month_median,15,8,0,2000,include_2020,加入2020年共同降水序列
full2020_month_median_spearman,Xinjiang,信江,All,15,spearman,month_median,15,9,0,2000,include_2020,加入2020年共同降水序列
full2020_month_median_spearman,Xinjiang,信江,All,15,spearman,month_median,15,10,0,2000,include_2020,加入2020年共同降水序列
full2020_month_median_spearman,Xinjiang,信江,All,15,spearman,month_median,15,11,0,2000,include_2020,加入2020年共同降水序列
full2020_month_median_spearman,Xinjiang,信江,All,15,spearman,month_median,15,12,0,2000,include_2020,加入2020年共同降水序列
full2020_month_median_spearman,Xinjiang,信江,All,15,spearman,month_median,15,13,0,2000,include_2020,加入2020年共同降水序列
full2020_month_median_spearman,Xinjiang,信江,All,15,spearman,month_median,15,14,0,2000,include_2020,加入2020年共同降水序列
full2020_month_median_spearman,Xinjiang,信江,All,15,spearman,month_median,15,15,0,2000,include_2020,加入2020年共同降水序列
full2020_month_median_spearman,Xiushui,修水,All,15,spearman,month_median,15,0,0,2000,include_2020,加入2020年共同降水序列
full2020_month_median_spearman,Xiushui,修水,All,15,spearman,month_median,15,1,0,2000,include_2020,加入2020年共同降水序列
full2020_month_median_spearman,Xiushui,修水,All,15,spearman,month_median,15,2,0.001,2000,include_2020,加入2020年共同降水序列
full2020_month_median_spearman,Xiushui,修水,All,15,spearman,month_median,15,3,0.069,2000,include_2020,加入2020年共同降水序列
full2020_month_median_spearman,Xiushui,修水,All,15,spearman,month_median,15,4,0.159,2000,include_2020,加入2020年共同降水序列
full2020_month_median_spearman,Xiushui,修水,All,15,spearman,month_median,15,5,0.028,2000,include_2020,加入2020年共同降水序列
full2020_month_median_spearman,Xiushui,修水,All,15,spearman,month_median,15,6,0.006,2000,include_2020,加入2020年共同降水序列
full2020_month_median_spearman,Xiushui,修水,All,15,spearman,month_median,15,7,0.3375,2000,include_2020,加入2020年共同降水序列
full2020_month_median_spearman,Xiushui,修水,All,15,spearman,month_median,15,8,0.3795,2000,include_2020,加入2020年共同降水序列
full2020_month_median_spearman,Xiushui,修水,All,15,spearman,month_median,15,9,0.004,2000,include_2020,加入2020年共同降水序列
full2020_month_median_spearman,Xiushui,修水,All,15,spearman,month_median,15,10,0.013,2000,include_2020,加入2020年共同降水序列
full2020_month_median_spearman,Xiushui,修水,All,15,spearman,month_median,15,11,0,2000,include_2020,加入2020年共同降水序列
full2020_month_median_spearman,Xiushui,修水,All,15,spearman,month_median,15,12,0,2000,include_2020,加入2020年共同降水序列
full2020_month_median_spearman,Xiushui,修水,All,15,spearman,month_median,15,13,0.001,2000,include_2020,加入2020年共同降水序列
full2020_month_median_spearman,Xiushui,修水,All,15,spearman,month_median,15,14,0.0015,2000,include_2020,加入2020年共同降水序列
full2020_month_median_spearman,Xiushui,修水,All,15,spearman,month_median,15,15,0.0005,2000,include_2020,加入2020年共同降水序列
main_ganjiang_extreme_missing,Ganjiang,赣江,All,14,spearman,month_median,15,0,0,2000,ganjiang_extreme_missing,赣江2019-05-19降水设缺失
main_ganjiang_extreme_missing,Ganjiang,赣江,All,14,spearman,month_median,15,1,0,2000,ganjiang_extreme_missing,赣江2019-05-19降水设缺失
main_ganjiang_extreme_missing,Ganjiang,赣江,All,14,spearman,month_median,15,2,0,2000,ganjiang_extreme_missing,赣江2019-05-19降水设缺失
main_ganjiang_extreme_missing,Ganjiang,赣江,All,14,spearman,month_median,15,3,0.005,2000,ganjiang_extreme_missing,赣江2019-05-19降水设缺失
main_ganjiang_extreme_missing,Ganjiang,赣江,All,14,spearman,month_median,15,4,0.551,2000,ganjiang_extreme_missing,赣江2019-05-19降水设缺失
main_ganjiang_extreme_missing,Ganjiang,赣江,All,14,spearman,month_median,15,5,0.441,2000,ganjiang_extreme_missing,赣江2019-05-19降水设缺失
main_ganjiang_extreme_missing,Ganjiang,赣江,All,14,spearman,month_median,15,6,0.003,2000,ganjiang_extreme_missing,赣江2019-05-19降水设缺失
main_ganjiang_extreme_missing,Ganjiang,赣江,All,14,spearman,month_median,15,7,0,2000,ganjiang_extreme_missing,赣江2019-05-19降水设缺失
main_ganjiang_extreme_missing,Ganjiang,赣江,All,14,spearman,month_median,15,8,0,2000,ganjiang_extreme_missing,赣江2019-05-19降水设缺失
main_ganjiang_extreme_missing,Ganjiang,赣江,All,14,spearman,month_median,15,9,0,2000,ganjiang_extreme_missing,赣江2019-05-19降水设缺失
main_ganjiang_extreme_missing,Ganjiang,赣江,All,14,spearman,month_median,15,10,0,2000,ganjiang_extreme_missing,赣江2019-05-19降水设缺失
main_ganjiang_extreme_missing,Ganjiang,赣江,All,14,spearman,month_median,15,11,0,2000,ganjiang_extreme_missing,赣江2019-05-19降水设缺失
main_ganjiang_extreme_missing,Ganjiang,赣江,All,14,spearman,month_median,15,12,0,2000,ganjiang_extreme_missing,赣江2019-05-19降水设缺失
main_ganjiang_extreme_missing,Ganjiang,赣江,All,14,spearman,month_median,15,13,0,2000,ganjiang_extreme_missing,赣江2019-05-19降水设缺失
main_ganjiang_extreme_missing,Ganjiang,赣江,All,14,spearman,month_median,15,14,0,2000,ganjiang_extreme_missing,赣江2019-05-19降水设缺失
main_ganjiang_extreme_missing,Ganjiang,赣江,All,14,spearman,month_median,15,15,0,2000,ganjiang_extreme_missing,赣江2019-05-19降水设缺失
main_month_median_spearman,Changjiang,昌江,All,14,spearman,month_median,15,0,0,2000,ganjiang_extreme_missing,赣江2019-05-19降水设缺失
main_month_median_spearman,Changjiang,昌江,All,14,spearman,month_median,15,1,0,2000,ganjiang_extreme_missing,赣江2019-05-19降水设缺失
main_month_median_spearman,Changjiang,昌江,All,14,spearman,month_median,15,2,1,2000,ganjiang_extreme_missing,赣江2019-05-19降水设缺失
main_month_median_spearman,Changjiang,昌江,All,14,spearman,month_median,15,3,0,2000,ganjiang_extreme_missing,赣江2019-05-19降水设缺失
main_month_median_spearman,Changjiang,昌江,All,14,spearman,month_median,15,4,0,2000,ganjiang_extreme_missing,赣江2019-05-19降水设缺失
main_month_median_spearman,Changjiang,昌江,All,14,spearman,month_median,15,5,0,2000,ganjiang_extreme_missing,赣江2019-05-19降水设缺失
main_month_median_spearman,Changjiang,昌江,All,14,spearman,month_median,15,6,0,2000,ganjiang_extreme_missing,赣江2019-05-19降水设缺失
main_month_median_spearman,Changjiang,昌江,All,14,spearman,month_median,15,7,0,2000,ganjiang_extreme_missing,赣江2019-05-19降水设缺失
main_month_median_spearman,Changjiang,昌江,All,14,spearman,month_median,15,8,0,2000,ganjiang_extreme_missing,赣江2019-05-19降水设缺失
main_month_median_spearman,Changjiang,昌江,All,14,spearman,month_median,15,9,0,2000,ganjiang_extreme_missing,赣江2019-05-19降水设缺失
main_month_median_spearman,Changjiang,昌江,All,14,spearman,month_median,15,10,0,2000,ganjiang_extreme_missing,赣江2019-05-19降水设缺失
main_month_median_spearman,Changjiang,昌江,All,14,spearman,month_median,15,11,0,2000,ganjiang_extreme_missing,赣江2019-05-19降水设缺失
main_month_median_spearman,Changjiang,昌江,All,14,spearman,month_median,15,12,0,2000,ganjiang_extreme_missing,赣江2019-05-19降水设缺失
main_month_median_spearman,Changjiang,昌江,All,14,spearman,month_median,15,13,0,2000,ganjiang_extreme_missing,赣江2019-05-19降水设缺失
main_month_median_spearman,Changjiang,昌江,All,14,spearman,month_median,15,14,0,2000,ganjiang_extreme_missing,赣江2019-05-19降水设缺失
main_month_median_spearman,Changjiang,昌江,All,14,spearman,month_median,15,15,0,2000,ganjiang_extreme_missing,赣江2019-05-19降水设缺失
main_month_median_spearman,Fuhe,抚河,All,14,spearman,month_median,15,0,0,2000,ganjiang_extreme_missing,赣江2019-05-19降水设缺失
main_month_median_spearman,Fuhe,抚河,All,14,spearman,month_median,15,1,0,2000,ganjiang_extreme_missing,赣江2019-05-19降水设缺失
main_month_median_spearman,Fuhe,抚河,All,14,spearman,month_median,15,2,0.9985,2000,ganjiang_extreme_missing,赣江2019-05-19降水设缺失
main_month_median_spearman,Fuhe,抚河,All,14,spearman,month_median,15,3,0.0015,2000,ganjiang_extreme_missing,赣江2019-05-19降水设缺失
main_month_median_spearman,Fuhe,抚河,All,14,spearman,month_median,15,4,0,2000,ganjiang_extreme_missing,赣江2019-05-19降水设缺失
main_month_median_spearman,Fuhe,抚河,All,14,spearman,month_median,15,5,0,2000,ganjiang_extreme_missing,赣江2019-05-19降水设缺失
main_month_median_spearman,Fuhe,抚河,All,14,spearman,month_median,15,6,0,2000,ganjiang_extreme_missing,赣江2019-05-19降水设缺失
main_month_median_spearman,Fuhe,抚河,All,14,spearman,month_median,15,7,0,2000,ganjiang_extreme_missing,赣江2019-05-19降水设缺失
main_month_median_spearman,Fuhe,抚河,All,14,spearman,month_median,15,8,0,2000,ganjiang_extreme_missing,赣江2019-05-19降水设缺失
main_month_median_spearman,Fuhe,抚河,All,14,spearman,month_median,15,9,0,2000,ganjiang_extreme_missing,赣江2019-05-19降水设缺失
main_month_median_spearman,Fuhe,抚河,All,14,spearman,month_median,15,10,0,2000,ganjiang_extreme_missing,赣江2019-05-19降水设缺失
main_month_median_spearman,Fuhe,抚河,All,14,spearman,month_median,15,11,0,2000,ganjiang_extreme_missing,赣江2019-05-19降水设缺失
main_month_median_spearman,Fuhe,抚河,All,14,spearman,month_median,15,12,0,2000,ganjiang_extreme_missing,赣江2019-05-19降水设缺失
main_month_median_spearman,Fuhe,抚河,All,14,spearman,month_median,15,13,0,2000,ganjiang_extreme_missing,赣江2019-05-19降水设缺失
main_month_median_spearman,Fuhe,抚河,All,14,spearman,month_median,15,14,0,2000,ganjiang_extreme_missing,赣江2019-05-19降水设缺失
main_month_median_spearman,Fuhe,抚河,All,14,spearman,month_median,15,15,0,2000,ganjiang_extreme_missing,赣江2019-05-19降水设缺失
main_month_median_spearman,Le'anhe,乐安河,All,14,spearman,month_median,15,0,0,2000,ganjiang_extreme_missing,赣江2019-05-19降水设缺失
main_month_median_spearman,Le'anhe,乐安河,All,14,spearman,month_median,15,1,0,2000,ganjiang_extreme_missing,赣江2019-05-19降水设缺失
main_month_median_spearman,Le'anhe,乐安河,All,14,spearman,month_median,15,2,1,2000,ganjiang_extreme_missing,赣江2019-05-19降水设缺失
main_month_median_spearman,Le'anhe,乐安河,All,14,spearman,month_median,15,3,0,2000,ganjiang_extreme_missing,赣江2019-05-19降水设缺失
main_month_median_spearman,Le'anhe,乐安河,All,14,spearman,month_median,15,4,0,2000,ganjiang_extreme_missing,赣江2019-05-19降水设缺失
main_month_median_spearman,Le'anhe,乐安河,All,14,spearman,month_median,15,5,0,2000,ganjiang_extreme_missing,赣江2019-05-19降水设缺失
main_month_median_spearman,Le'anhe,乐安河,All,14,spearman,month_median,15,6,0,2000,ganjiang_extreme_missing,赣江2019-05-19降水设缺失
main_month_median_spearman,Le'anhe,乐安河,All,14,spearman,month_median,15,7,0,2000,ganjiang_extreme_missing,赣江2019-05-19降水设缺失
main_month_median_spearman,Le'anhe,乐安河,All,14,spearman,month_median,15,8,0,2000,ganjiang_extreme_missing,赣江2019-05-19降水设缺失
main_month_median_spearman,Le'anhe,乐安河,All,14,spearman,month_median,15,9,0,2000,ganjiang_extreme_missing,赣江2019-05-19降水设缺失
main_month_median_spearman,Le'anhe,乐安河,All,14,spearman,month_median,15,10,0,2000,ganjiang_extreme_missing,赣江2019-05-19降水设缺失
main_month_median_spearman,Le'anhe,乐安河,All,14,spearman,month_median,15,11,0,2000,ganjiang_extreme_missing,赣江2019-05-19降水设缺失
main_month_median_spearman,Le'anhe,乐安河,All,14,spearman,month_median,15,12,0,2000,ganjiang_extreme_missing,赣江2019-05-19降水设缺失
main_month_median_spearman,Le'anhe,乐安河,All,14,spearman,month_median,15,13,0,2000,ganjiang_extreme_missing,赣江2019-05-19降水设缺失
main_month_median_spearman,Le'anhe,乐安河,All,14,spearman,month_median,15,14,0,2000,ganjiang_extreme_missing,赣江2019-05-19降水设缺失
main_month_median_spearman,Le'anhe,乐安河,All,14,spearman,month_median,15,15,0,2000,ganjiang_extreme_missing,赣江2019-05-19降水设缺失
main_month_median_spearman,Liaohe,潦河,All,14,spearman,month_median,15,0,0,2000,ganjiang_extreme_missing,赣江2019-05-19降水设缺失
main_month_median_spearman,Liaohe,潦河,All,14,spearman,month_median,15,1,0.992,2000,ganjiang_extreme_missing,赣江2019-05-19降水设缺失
main_month_median_spearman,Liaohe,潦河,All,14,spearman,month_median,15,2,0.008,2000,ganjiang_extreme_missing,赣江2019-05-19降水设缺失
main_month_median_spearman,Liaohe,潦河,All,14,spearman,month_median,15,3,0,2000,ganjiang_extreme_missing,赣江2019-05-19降水设缺失
main_month_median_spearman,Liaohe,潦河,All,14,spearman,month_median,15,4,0,2000,ganjiang_extreme_missing,赣江2019-05-19降水设缺失
main_month_median_spearman,Liaohe,潦河,All,14,spearman,month_median,15,5,0,2000,ganjiang_extreme_missing,赣江2019-05-19降水设缺失
main_month_median_spearman,Liaohe,潦河,All,14,spearman,month_median,15,6,0,2000,ganjiang_extreme_missing,赣江2019-05-19降水设缺失
main_month_median_spearman,Liaohe,潦河,All,14,spearman,month_median,15,7,0,2000,ganjiang_extreme_missing,赣江2019-05-19降水设缺失
main_month_median_spearman,Liaohe,潦河,All,14,spearman,month_median,15,8,0,2000,ganjiang_extreme_missing,赣江2019-05-19降水设缺失
main_month_median_spearman,Liaohe,潦河,All,14,spearman,month_median,15,9,0,2000,ganjiang_extreme_missing,赣江2019-05-19降水设缺失
main_month_median_spearman,Liaohe,潦河,All,14,spearman,month_median,15,10,0,2000,ganjiang_extreme_missing,赣江2019-05-19降水设缺失
main_month_median_spearman,Liaohe,潦河,All,14,spearman,month_median,15,11,0,2000,ganjiang_extreme_missing,赣江2019-05-19降水设缺失
main_month_median_spearman,Liaohe,潦河,All,14,spearman,month_median,15,12,0,2000,ganjiang_extreme_missing,赣江2019-05-19降水设缺失
main_month_median_spearman,Liaohe,潦河,All,14,spearman,month_median,15,13,0,2000,ganjiang_extreme_missing,赣江2019-05-19降水设缺失
main_month_median_spearman,Liaohe,潦河,All,14,spearman,month_median,15,14,0,2000,ganjiang_extreme_missing,赣江2019-05-19降水设缺失
main_month_median_spearman,Liaohe,潦河,All,14,spearman,month_median,15,15,0,2000,ganjiang_extreme_missing,赣江2019-05-19降水设缺失
main_month_median_spearman,Xinjiang,信江,All,14,spearman,month_median,15,0,0,2000,ganjiang_extreme_missing,赣江2019-05-19降水设缺失
main_month_median_spearman,Xinjiang,信江,All,14,spearman,month_median,15,1,0,2000,ganjiang_extreme_missing,赣江2019-05-19降水设缺失
main_month_median_spearman,Xinjiang,信江,All,14,spearman,month_median,15,2,1,2000,ganjiang_extreme_missing,赣江2019-05-19降水设缺失
main_month_median_spearman,Xinjiang,信江,All,14,spearman,month_median,15,3,0,2000,ganjiang_extreme_missing,赣江2019-05-19降水设缺失
main_month_median_spearman,Xinjiang,信江,All,14,spearman,month_median,15,4,0,2000,ganjiang_extreme_missing,赣江2019-05-19降水设缺失
main_month_median_spearman,Xinjiang,信江,All,14,spearman,month_median,15,5,0,2000,ganjiang_extreme_missing,赣江2019-05-19降水设缺失
main_month_median_spearman,Xinjiang,信江,All,14,spearman,month_median,15,6,0,2000,ganjiang_extreme_missing,赣江2019-05-19降水设缺失
main_month_median_spearman,Xinjiang,信江,All,14,spearman,month_median,15,7,0,2000,ganjiang_extreme_missing,赣江2019-05-19降水设缺失
main_month_median_spearman,Xinjiang,信江,All,14,spearman,month_median,15,8,0,2000,ganjiang_extreme_missing,赣江2019-05-19降水设缺失
main_month_median_spearman,Xinjiang,信江,All,14,spearman,month_median,15,9,0,2000,ganjiang_extreme_missing,赣江2019-05-19降水设缺失
main_month_median_spearman,Xinjiang,信江,All,14,spearman,month_median,15,10,0,2000,ganjiang_extreme_missing,赣江2019-05-19降水设缺失
main_month_median_spearman,Xinjiang,信江,All,14,spearman,month_median,15,11,0,2000,ganjiang_extreme_missing,赣江2019-05-19降水设缺失
main_month_median_spearman,Xinjiang,信江,All,14,spearman,month_median,15,12,0,2000,ganjiang_extreme_missing,赣江2019-05-19降水设缺失
main_month_median_spearman,Xinjiang,信江,All,14,spearman,month_median,15,13,0,2000,ganjiang_extreme_missing,赣江2019-05-19降水设缺失
main_month_median_spearman,Xinjiang,信江,All,14,spearman,month_median,15,14,0,2000,ganjiang_extreme_missing,赣江2019-05-19降水设缺失
main_month_median_spearman,Xinjiang,信江,All,14,spearman,month_median,15,15,0,2000,ganjiang_extreme_missing,赣江2019-05-19降水设缺失
main_month_median_spearman,Xiushui,修水,All,14,spearman,month_median,15,0,0,2000,ganjiang_extreme_missing,赣江2019-05-19降水设缺失
main_month_median_spearman,Xiushui,修水,All,14,spearman,month_median,15,1,0.0005,2000,ganjiang_extreme_missing,赣江2019-05-19降水设缺失
main_month_median_spearman,Xiushui,修水,All,14,spearman,month_median,15,2,0.0025,2000,ganjiang_extreme_missing,赣江2019-05-19降水设缺失
main_month_median_spearman,Xiushui,修水,All,14,spearman,month_median,15,3,0.105,2000,ganjiang_extreme_missing,赣江2019-05-19降水设缺失
main_month_median_spearman,Xiushui,修水,All,14,spearman,month_median,15,4,0.061,2000,ganjiang_extreme_missing,赣江2019-05-19降水设缺失
main_month_median_spearman,Xiushui,修水,All,14,spearman,month_median,15,5,0.0335,2000,ganjiang_extreme_missing,赣江2019-05-19降水设缺失
main_month_median_spearman,Xiushui,修水,All,14,spearman,month_median,15,6,0.0055,2000,ganjiang_extreme_missing,赣江2019-05-19降水设缺失
main_month_median_spearman,Xiushui,修水,All,14,spearman,month_median,15,7,0.408,2000,ganjiang_extreme_missing,赣江2019-05-19降水设缺失
main_month_median_spearman,Xiushui,修水,All,14,spearman,month_median,15,8,0.35,2000,ganjiang_extreme_missing,赣江2019-05-19降水设缺失
main_month_median_spearman,Xiushui,修水,All,14,spearman,month_median,15,9,0.004,2000,ganjiang_extreme_missing,赣江2019-05-19降水设缺失
main_month_median_spearman,Xiushui,修水,All,14,spearman,month_median,15,10,0.026,2000,ganjiang_extreme_missing,赣江2019-05-19降水设缺失
main_month_median_spearman,Xiushui,修水,All,14,spearman,month_median,15,11,0,2000,ganjiang_extreme_missing,赣江2019-05-19降水设缺失
main_month_median_spearman,Xiushui,修水,All,14,spearman,month_median,15,12,0,2000,ganjiang_extreme_missing,赣江2019-05-19降水设缺失
main_month_median_spearman,Xiushui,修水,All,14,spearman,month_median,15,13,0,2000,ganjiang_extreme_missing,赣江2019-05-19降水设缺失
main_month_median_spearman,Xiushui,修水,All,14,spearman,month_median,15,14,0.0025,2000,ganjiang_extreme_missing,赣江2019-05-19降水设缺失
main_month_median_spearman,Xiushui,修水,All,14,spearman,month_median,15,15,0.0015,2000,ganjiang_extreme_missing,赣江2019-05-19降水设缺失
main_smooth_doy_spearman,Changjiang,昌江,All,14,spearman,smooth_doy31,15,0,0,2000,smooth_doy31,31日日历日平滑气候态异常Spearman
main_smooth_doy_spearman,Changjiang,昌江,All,14,spearman,smooth_doy31,15,1,0.0635,2000,smooth_doy31,31日日历日平滑气候态异常Spearman
main_smooth_doy_spearman,Changjiang,昌江,All,14,spearman,smooth_doy31,15,2,0.9365,2000,smooth_doy31,31日日历日平滑气候态异常Spearman
main_smooth_doy_spearman,Changjiang,昌江,All,14,spearman,smooth_doy31,15,3,0,2000,smooth_doy31,31日日历日平滑气候态异常Spearman
main_smooth_doy_spearman,Changjiang,昌江,All,14,spearman,smooth_doy31,15,4,0,2000,smooth_doy31,31日日历日平滑气候态异常Spearman
main_smooth_doy_spearman,Changjiang,昌江,All,14,spearman,smooth_doy31,15,5,0,2000,smooth_doy31,31日日历日平滑气候态异常Spearman
main_smooth_doy_spearman,Changjiang,昌江,All,14,spearman,smooth_doy31,15,6,0,2000,smooth_doy31,31日日历日平滑气候态异常Spearman
main_smooth_doy_spearman,Changjiang,昌江,All,14,spearman,smooth_doy31,15,7,0,2000,smooth_doy31,31日日历日平滑气候态异常Spearman
main_smooth_doy_spearman,Changjiang,昌江,All,14,spearman,smooth_doy31,15,8,0,2000,smooth_doy31,31日日历日平滑气候态异常Spearman
main_smooth_doy_spearman,Changjiang,昌江,All,14,spearman,smooth_doy31,15,9,0,2000,smooth_doy31,31日日历日平滑气候态异常Spearman
main_smooth_doy_spearman,Changjiang,昌江,All,14,spearman,smooth_doy31,15,10,0,2000,smooth_doy31,31日日历日平滑气候态异常Spearman
main_smooth_doy_spearman,Changjiang,昌江,All,14,spearman,smooth_doy31,15,11,0,2000,smooth_doy31,31日日历日平滑气候态异常Spearman
main_smooth_doy_spearman,Changjiang,昌江,All,14,spearman,smooth_doy31,15,12,0,2000,smooth_doy31,31日日历日平滑气候态异常Spearman
main_smooth_doy_spearman,Changjiang,昌江,All,14,spearman,smooth_doy31,15,13,0,2000,smooth_doy31,31日日历日平滑气候态异常Spearman
main_smooth_doy_spearman,Changjiang,昌江,All,14,spearman,smooth_doy31,15,14,0,2000,smooth_doy31,31日日历日平滑气候态异常Spearman
main_smooth_doy_spearman,Changjiang,昌江,All,14,spearman,smooth_doy31,15,15,0,2000,smooth_doy31,31日日历日平滑气候态异常Spearman
main_smooth_doy_spearman,Fuhe,抚河,All,14,spearman,smooth_doy31,15,0,0,2000,smooth_doy31,31日日历日平滑气候态异常Spearman
main_smooth_doy_spearman,Fuhe,抚河,All,14,spearman,smooth_doy31,15,1,0,2000,smooth_doy31,31日日历日平滑气候态异常Spearman
main_smooth_doy_spearman,Fuhe,抚河,All,14,spearman,smooth_doy31,15,2,1,2000,smooth_doy31,31日日历日平滑气候态异常Spearman
main_smooth_doy_spearman,Fuhe,抚河,All,14,spearman,smooth_doy31,15,3,0,2000,smooth_doy31,31日日历日平滑气候态异常Spearman
main_smooth_doy_spearman,Fuhe,抚河,All,14,spearman,smooth_doy31,15,4,0,2000,smooth_doy31,31日日历日平滑气候态异常Spearman
main_smooth_doy_spearman,Fuhe,抚河,All,14,spearman,smooth_doy31,15,5,0,2000,smooth_doy31,31日日历日平滑气候态异常Spearman
main_smooth_doy_spearman,Fuhe,抚河,All,14,spearman,smooth_doy31,15,6,0,2000,smooth_doy31,31日日历日平滑气候态异常Spearman
main_smooth_doy_spearman,Fuhe,抚河,All,14,spearman,smooth_doy31,15,7,0,2000,smooth_doy31,31日日历日平滑气候态异常Spearman
main_smooth_doy_spearman,Fuhe,抚河,All,14,spearman,smooth_doy31,15,8,0,2000,smooth_doy31,31日日历日平滑气候态异常Spearman
main_smooth_doy_spearman,Fuhe,抚河,All,14,spearman,smooth_doy31,15,9,0,2000,smooth_doy31,31日日历日平滑气候态异常Spearman
main_smooth_doy_spearman,Fuhe,抚河,All,14,spearman,smooth_doy31,15,10,0,2000,smooth_doy31,31日日历日平滑气候态异常Spearman
main_smooth_doy_spearman,Fuhe,抚河,All,14,spearman,smooth_doy31,15,11,0,2000,smooth_doy31,31日日历日平滑气候态异常Spearman
main_smooth_doy_spearman,Fuhe,抚河,All,14,spearman,smooth_doy31,15,12,0,2000,smooth_doy31,31日日历日平滑气候态异常Spearman
main_smooth_doy_spearman,Fuhe,抚河,All,14,spearman,smooth_doy31,15,13,0,2000,smooth_doy31,31日日历日平滑气候态异常Spearman
main_smooth_doy_spearman,Fuhe,抚河,All,14,spearman,smooth_doy31,15,14,0,2000,smooth_doy31,31日日历日平滑气候态异常Spearman
main_smooth_doy_spearman,Fuhe,抚河,All,14,spearman,smooth_doy31,15,15,0,2000,smooth_doy31,31日日历日平滑气候态异常Spearman
main_smooth_doy_spearman,Ganjiang,赣江,All,14,spearman,smooth_doy31,15,0,0,2000,smooth_doy31,31日日历日平滑气候态异常Spearman
main_smooth_doy_spearman,Ganjiang,赣江,All,14,spearman,smooth_doy31,15,1,0,2000,smooth_doy31,31日日历日平滑气候态异常Spearman
main_smooth_doy_spearman,Ganjiang,赣江,All,14,spearman,smooth_doy31,15,2,0,2000,smooth_doy31,31日日历日平滑气候态异常Spearman
main_smooth_doy_spearman,Ganjiang,赣江,All,14,spearman,smooth_doy31,15,3,0.001,2000,smooth_doy31,31日日历日平滑气候态异常Spearman
main_smooth_doy_spearman,Ganjiang,赣江,All,14,spearman,smooth_doy31,15,4,0.3845,2000,smooth_doy31,31日日历日平滑气候态异常Spearman
main_smooth_doy_spearman,Ganjiang,赣江,All,14,spearman,smooth_doy31,15,5,0.614,2000,smooth_doy31,31日日历日平滑气候态异常Spearman
main_smooth_doy_spearman,Ganjiang,赣江,All,14,spearman,smooth_doy31,15,6,0.0005,2000,smooth_doy31,31日日历日平滑气候态异常Spearman
main_smooth_doy_spearman,Ganjiang,赣江,All,14,spearman,smooth_doy31,15,7,0,2000,smooth_doy31,31日日历日平滑气候态异常Spearman
main_smooth_doy_spearman,Ganjiang,赣江,All,14,spearman,smooth_doy31,15,8,0,2000,smooth_doy31,31日日历日平滑气候态异常Spearman
main_smooth_doy_spearman,Ganjiang,赣江,All,14,spearman,smooth_doy31,15,9,0,2000,smooth_doy31,31日日历日平滑气候态异常Spearman
main_smooth_doy_spearman,Ganjiang,赣江,All,14,spearman,smooth_doy31,15,10,0,2000,smooth_doy31,31日日历日平滑气候态异常Spearman
main_smooth_doy_spearman,Ganjiang,赣江,All,14,spearman,smooth_doy31,15,11,0,2000,smooth_doy31,31日日历日平滑气候态异常Spearman
main_smooth_doy_spearman,Ganjiang,赣江,All,14,spearman,smooth_doy31,15,12,0,2000,smooth_doy31,31日日历日平滑气候态异常Spearman
main_smooth_doy_spearman,Ganjiang,赣江,All,14,spearman,smooth_doy31,15,13,0,2000,smooth_doy31,31日日历日平滑气候态异常Spearman
main_smooth_doy_spearman,Ganjiang,赣江,All,14,spearman,smooth_doy31,15,14,0,2000,smooth_doy31,31日日历日平滑气候态异常Spearman
main_smooth_doy_spearman,Ganjiang,赣江,All,14,spearman,smooth_doy31,15,15,0,2000,smooth_doy31,31日日历日平滑气候态异常Spearman
main_smooth_doy_spearman,Le'anhe,乐安河,All,14,spearman,smooth_doy31,15,0,0,2000,smooth_doy31,31日日历日平滑气候态异常Spearman
main_smooth_doy_spearman,Le'anhe,乐安河,All,14,spearman,smooth_doy31,15,1,0.002,2000,smooth_doy31,31日日历日平滑气候态异常Spearman
main_smooth_doy_spearman,Le'anhe,乐安河,All,14,spearman,smooth_doy31,15,2,0.998,2000,smooth_doy31,31日日历日平滑气候态异常Spearman
main_smooth_doy_spearman,Le'anhe,乐安河,All,14,spearman,smooth_doy31,15,3,0,2000,smooth_doy31,31日日历日平滑气候态异常Spearman
main_smooth_doy_spearman,Le'anhe,乐安河,All,14,spearman,smooth_doy31,15,4,0,2000,smooth_doy31,31日日历日平滑气候态异常Spearman
main_smooth_doy_spearman,Le'anhe,乐安河,All,14,spearman,smooth_doy31,15,5,0,2000,smooth_doy31,31日日历日平滑气候态异常Spearman
main_smooth_doy_spearman,Le'anhe,乐安河,All,14,spearman,smooth_doy31,15,6,0,2000,smooth_doy31,31日日历日平滑气候态异常Spearman
main_smooth_doy_spearman,Le'anhe,乐安河,All,14,spearman,smooth_doy31,15,7,0,2000,smooth_doy31,31日日历日平滑气候态异常Spearman
main_smooth_doy_spearman,Le'anhe,乐安河,All,14,spearman,smooth_doy31,15,8,0,2000,smooth_doy31,31日日历日平滑气候态异常Spearman
main_smooth_doy_spearman,Le'anhe,乐安河,All,14,spearman,smooth_doy31,15,9,0,2000,smooth_doy31,31日日历日平滑气候态异常Spearman
main_smooth_doy_spearman,Le'anhe,乐安河,All,14,spearman,smooth_doy31,15,10,0,2000,smooth_doy31,31日日历日平滑气候态异常Spearman
main_smooth_doy_spearman,Le'anhe,乐安河,All,14,spearman,smooth_doy31,15,11,0,2000,smooth_doy31,31日日历日平滑气候态异常Spearman
main_smooth_doy_spearman,Le'anhe,乐安河,All,14,spearman,smooth_doy31,15,12,0,2000,smooth_doy31,31日日历日平滑气候态异常Spearman
main_smooth_doy_spearman,Le'anhe,乐安河,All,14,spearman,smooth_doy31,15,13,0,2000,smooth_doy31,31日日历日平滑气候态异常Spearman
main_smooth_doy_spearman,Le'anhe,乐安河,All,14,spearman,smooth_doy31,15,14,0,2000,smooth_doy31,31日日历日平滑气候态异常Spearman
main_smooth_doy_spearman,Le'anhe,乐安河,All,14,spearman,smooth_doy31,15,15,0,2000,smooth_doy31,31日日历日平滑气候态异常Spearman
main_smooth_doy_spearman,Liaohe,潦河,All,14,spearman,smooth_doy31,15,0,0,2000,smooth_doy31,31日日历日平滑气候态异常Spearman
main_smooth_doy_spearman,Liaohe,潦河,All,14,spearman,smooth_doy31,15,1,1,2000,smooth_doy31,31日日历日平滑气候态异常Spearman
main_smooth_doy_spearman,Liaohe,潦河,All,14,spearman,smooth_doy31,15,2,0,2000,smooth_doy31,31日日历日平滑气候态异常Spearman
main_smooth_doy_spearman,Liaohe,潦河,All,14,spearman,smooth_doy31,15,3,0,2000,smooth_doy31,31日日历日平滑气候态异常Spearman
main_smooth_doy_spearman,Liaohe,潦河,All,14,spearman,smooth_doy31,15,4,0,2000,smooth_doy31,31日日历日平滑气候态异常Spearman
main_smooth_doy_spearman,Liaohe,潦河,All,14,spearman,smooth_doy31,15,5,0,2000,smooth_doy31,31日日历日平滑气候态异常Spearman
main_smooth_doy_spearman,Liaohe,潦河,All,14,spearman,smooth_doy31,15,6,0,2000,smooth_doy31,31日日历日平滑气候态异常Spearman
main_smooth_doy_spearman,Liaohe,潦河,All,14,spearman,smooth_doy31,15,7,0,2000,smooth_doy31,31日日历日平滑气候态异常Spearman
main_smooth_doy_spearman,Liaohe,潦河,All,14,spearman,smooth_doy31,15,8,0,2000,smooth_doy31,31日日历日平滑气候态异常Spearman
main_smooth_doy_spearman,Liaohe,潦河,All,14,spearman,smooth_doy31,15,9,0,2000,smooth_doy31,31日日历日平滑气候态异常Spearman
main_smooth_doy_spearman,Liaohe,潦河,All,14,spearman,smooth_doy31,15,10,0,2000,smooth_doy31,31日日历日平滑气候态异常Spearman
main_smooth_doy_spearman,Liaohe,潦河,All,14,spearman,smooth_doy31,15,11,0,2000,smooth_doy31,31日日历日平滑气候态异常Spearman
main_smooth_doy_spearman,Liaohe,潦河,All,14,spearman,smooth_doy31,15,12,0,2000,smooth_doy31,31日日历日平滑气候态异常Spearman
main_smooth_doy_spearman,Liaohe,潦河,All,14,spearman,smooth_doy31,15,13,0,2000,smooth_doy31,31日日历日平滑气候态异常Spearman
main_smooth_doy_spearman,Liaohe,潦河,All,14,spearman,smooth_doy31,15,14,0,2000,smooth_doy31,31日日历日平滑气候态异常Spearman
main_smooth_doy_spearman,Liaohe,潦河,All,14,spearman,smooth_doy31,15,15,0,2000,smooth_doy31,31日日历日平滑气候态异常Spearman
main_smooth_doy_spearman,Xinjiang,信江,All,14,spearman,smooth_doy31,15,0,0,2000,smooth_doy31,31日日历日平滑气候态异常Spearman
main_smooth_doy_spearman,Xinjiang,信江,All,14,spearman,smooth_doy31,15,1,0,2000,smooth_doy31,31日日历日平滑气候态异常Spearman
main_smooth_doy_spearman,Xinjiang,信江,All,14,spearman,smooth_doy31,15,2,1,2000,smooth_doy31,31日日历日平滑气候态异常Spearman
main_smooth_doy_spearman,Xinjiang,信江,All,14,spearman,smooth_doy31,15,3,0,2000,smooth_doy31,31日日历日平滑气候态异常Spearman
main_smooth_doy_spearman,Xinjiang,信江,All,14,spearman,smooth_doy31,15,4,0,2000,smooth_doy31,31日日历日平滑气候态异常Spearman
main_smooth_doy_spearman,Xinjiang,信江,All,14,spearman,smooth_doy31,15,5,0,2000,smooth_doy31,31日日历日平滑气候态异常Spearman
main_smooth_doy_spearman,Xinjiang,信江,All,14,spearman,smooth_doy31,15,6,0,2000,smooth_doy31,31日日历日平滑气候态异常Spearman
main_smooth_doy_spearman,Xinjiang,信江,All,14,spearman,smooth_doy31,15,7,0,2000,smooth_doy31,31日日历日平滑气候态异常Spearman
main_smooth_doy_spearman,Xinjiang,信江,All,14,spearman,smooth_doy31,15,8,0,2000,smooth_doy31,31日日历日平滑气候态异常Spearman
main_smooth_doy_spearman,Xinjiang,信江,All,14,spearman,smooth_doy31,15,9,0,2000,smooth_doy31,31日日历日平滑气候态异常Spearman
main_smooth_doy_spearman,Xinjiang,信江,All,14,spearman,smooth_doy31,15,10,0,2000,smooth_doy31,31日日历日平滑气候态异常Spearman
main_smooth_doy_spearman,Xinjiang,信江,All,14,spearman,smooth_doy31,15,11,0,2000,smooth_doy31,31日日历日平滑气候态异常Spearman
main_smooth_doy_spearman,Xinjiang,信江,All,14,spearman,smooth_doy31,15,12,0,2000,smooth_doy31,31日日历日平滑气候态异常Spearman
main_smooth_doy_spearman,Xinjiang,信江,All,14,spearman,smooth_doy31,15,13,0,2000,smooth_doy31,31日日历日平滑气候态异常Spearman
main_smooth_doy_spearman,Xinjiang,信江,All,14,spearman,smooth_doy31,15,14,0,2000,smooth_doy31,31日日历日平滑气候态异常Spearman
main_smooth_doy_spearman,Xinjiang,信江,All,14,spearman,smooth_doy31,15,15,0,2000,smooth_doy31,31日日历日平滑气候态异常Spearman
main_smooth_doy_spearman,Xiushui,修水,All,14,spearman,smooth_doy31,15,0,0,2000,smooth_doy31,31日日历日平滑气候态异常Spearman
main_smooth_doy_spearman,Xiushui,修水,All,14,spearman,smooth_doy31,15,1,0,2000,smooth_doy31,31日日历日平滑气候态异常Spearman
main_smooth_doy_spearman,Xiushui,修水,All,14,spearman,smooth_doy31,15,2,0.022,2000,smooth_doy31,31日日历日平滑气候态异常Spearman
main_smooth_doy_spearman,Xiushui,修水,All,14,spearman,smooth_doy31,15,3,0.123,2000,smooth_doy31,31日日历日平滑气候态异常Spearman
main_smooth_doy_spearman,Xiushui,修水,All,14,spearman,smooth_doy31,15,4,0.0045,2000,smooth_doy31,31日日历日平滑气候态异常Spearman
main_smooth_doy_spearman,Xiushui,修水,All,14,spearman,smooth_doy31,15,5,0.0565,2000,smooth_doy31,31日日历日平滑气候态异常Spearman
main_smooth_doy_spearman,Xiushui,修水,All,14,spearman,smooth_doy31,15,6,0.003,2000,smooth_doy31,31日日历日平滑气候态异常Spearman
main_smooth_doy_spearman,Xiushui,修水,All,14,spearman,smooth_doy31,15,7,0.3715,2000,smooth_doy31,31日日历日平滑气候态异常Spearman
main_smooth_doy_spearman,Xiushui,修水,All,14,spearman,smooth_doy31,15,8,0.402,2000,smooth_doy31,31日日历日平滑气候态异常Spearman
main_smooth_doy_spearman,Xiushui,修水,All,14,spearman,smooth_doy31,15,9,0.013,2000,smooth_doy31,31日日历日平滑气候态异常Spearman
main_smooth_doy_spearman,Xiushui,修水,All,14,spearman,smooth_doy31,15,10,0.003,2000,smooth_doy31,31日日历日平滑气候态异常Spearman
main_smooth_doy_spearman,Xiushui,修水,All,14,spearman,smooth_doy31,15,11,0,2000,smooth_doy31,31日日历日平滑气候态异常Spearman
main_smooth_doy_spearman,Xiushui,修水,All,14,spearman,smooth_doy31,15,12,0,2000,smooth_doy31,31日日历日平滑气候态异常Spearman
main_smooth_doy_spearman,Xiushui,修水,All,14,spearman,smooth_doy31,15,13,0,2000,smooth_doy31,31日日历日平滑气候态异常Spearman
main_smooth_doy_spearman,Xiushui,修水,All,14,spearman,smooth_doy31,15,14,0.0015,2000,smooth_doy31,31日日历日平滑气候态异常Spearman
main_smooth_doy_spearman,Xiushui,修水,All,14,spearman,smooth_doy31,15,15,0,2000,smooth_doy31,31日日历日平滑气候态异常Spearman
main_raw_spearman,Changjiang,昌江,All,14,spearman,raw,15,0,0,2000,raw_spearman,原始序列Spearman
main_raw_spearman,Changjiang,昌江,All,14,spearman,raw,15,1,0,2000,raw_spearman,原始序列Spearman
main_raw_spearman,Changjiang,昌江,All,14,spearman,raw,15,2,0.9715,2000,raw_spearman,原始序列Spearman
main_raw_spearman,Changjiang,昌江,All,14,spearman,raw,15,3,0.0285,2000,raw_spearman,原始序列Spearman
main_raw_spearman,Changjiang,昌江,All,14,spearman,raw,15,4,0,2000,raw_spearman,原始序列Spearman
main_raw_spearman,Changjiang,昌江,All,14,spearman,raw,15,5,0,2000,raw_spearman,原始序列Spearman
main_raw_spearman,Changjiang,昌江,All,14,spearman,raw,15,6,0,2000,raw_spearman,原始序列Spearman
main_raw_spearman,Changjiang,昌江,All,14,spearman,raw,15,7,0,2000,raw_spearman,原始序列Spearman
main_raw_spearman,Changjiang,昌江,All,14,spearman,raw,15,8,0,2000,raw_spearman,原始序列Spearman
main_raw_spearman,Changjiang,昌江,All,14,spearman,raw,15,9,0,2000,raw_spearman,原始序列Spearman
main_raw_spearman,Changjiang,昌江,All,14,spearman,raw,15,10,0,2000,raw_spearman,原始序列Spearman
main_raw_spearman,Changjiang,昌江,All,14,spearman,raw,15,11,0,2000,raw_spearman,原始序列Spearman
main_raw_spearman,Changjiang,昌江,All,14,spearman,raw,15,12,0,2000,raw_spearman,原始序列Spearman
main_raw_spearman,Changjiang,昌江,All,14,spearman,raw,15,13,0,2000,raw_spearman,原始序列Spearman
main_raw_spearman,Changjiang,昌江,All,14,spearman,raw,15,14,0,2000,raw_spearman,原始序列Spearman
main_raw_spearman,Changjiang,昌江,All,14,spearman,raw,15,15,0,2000,raw_spearman,原始序列Spearman
main_raw_spearman,Fuhe,抚河,All,14,spearman,raw,15,0,0,2000,raw_spearman,原始序列Spearman
main_raw_spearman,Fuhe,抚河,All,14,spearman,raw,15,1,0,2000,raw_spearman,原始序列Spearman
main_raw_spearman,Fuhe,抚河,All,14,spearman,raw,15,2,0.909,2000,raw_spearman,原始序列Spearman
main_raw_spearman,Fuhe,抚河,All,14,spearman,raw,15,3,0.091,2000,raw_spearman,原始序列Spearman
main_raw_spearman,Fuhe,抚河,All,14,spearman,raw,15,4,0,2000,raw_spearman,原始序列Spearman
main_raw_spearman,Fuhe,抚河,All,14,spearman,raw,15,5,0,2000,raw_spearman,原始序列Spearman
main_raw_spearman,Fuhe,抚河,All,14,spearman,raw,15,6,0,2000,raw_spearman,原始序列Spearman
main_raw_spearman,Fuhe,抚河,All,14,spearman,raw,15,7,0,2000,raw_spearman,原始序列Spearman
main_raw_spearman,Fuhe,抚河,All,14,spearman,raw,15,8,0,2000,raw_spearman,原始序列Spearman
main_raw_spearman,Fuhe,抚河,All,14,spearman,raw,15,9,0,2000,raw_spearman,原始序列Spearman
main_raw_spearman,Fuhe,抚河,All,14,spearman,raw,15,10,0,2000,raw_spearman,原始序列Spearman
main_raw_spearman,Fuhe,抚河,All,14,spearman,raw,15,11,0,2000,raw_spearman,原始序列Spearman
main_raw_spearman,Fuhe,抚河,All,14,spearman,raw,15,12,0,2000,raw_spearman,原始序列Spearman
main_raw_spearman,Fuhe,抚河,All,14,spearman,raw,15,13,0,2000,raw_spearman,原始序列Spearman
main_raw_spearman,Fuhe,抚河,All,14,spearman,raw,15,14,0,2000,raw_spearman,原始序列Spearman
main_raw_spearman,Fuhe,抚河,All,14,spearman,raw,15,15,0,2000,raw_spearman,原始序列Spearman
main_raw_spearman,Ganjiang,赣江,All,14,spearman,raw,15,0,0,2000,raw_spearman,原始序列Spearman
main_raw_spearman,Ganjiang,赣江,All,14,spearman,raw,15,1,0,2000,raw_spearman,原始序列Spearman
main_raw_spearman,Ganjiang,赣江,All,14,spearman,raw,15,2,0,2000,raw_spearman,原始序列Spearman
main_raw_spearman,Ganjiang,赣江,All,14,spearman,raw,15,3,0,2000,raw_spearman,原始序列Spearman
main_raw_spearman,Ganjiang,赣江,All,14,spearman,raw,15,4,0,2000,raw_spearman,原始序列Spearman
main_raw_spearman,Ganjiang,赣江,All,14,spearman,raw,15,5,0.698,2000,raw_spearman,原始序列Spearman
main_raw_spearman,Ganjiang,赣江,All,14,spearman,raw,15,6,0.3015,2000,raw_spearman,原始序列Spearman
main_raw_spearman,Ganjiang,赣江,All,14,spearman,raw,15,7,0.0005,2000,raw_spearman,原始序列Spearman
main_raw_spearman,Ganjiang,赣江,All,14,spearman,raw,15,8,0,2000,raw_spearman,原始序列Spearman
main_raw_spearman,Ganjiang,赣江,All,14,spearman,raw,15,9,0,2000,raw_spearman,原始序列Spearman
main_raw_spearman,Ganjiang,赣江,All,14,spearman,raw,15,10,0,2000,raw_spearman,原始序列Spearman
main_raw_spearman,Ganjiang,赣江,All,14,spearman,raw,15,11,0,2000,raw_spearman,原始序列Spearman
main_raw_spearman,Ganjiang,赣江,All,14,spearman,raw,15,12,0,2000,raw_spearman,原始序列Spearman
main_raw_spearman,Ganjiang,赣江,All,14,spearman,raw,15,13,0,2000,raw_spearman,原始序列Spearman
main_raw_spearman,Ganjiang,赣江,All,14,spearman,raw,15,14,0,2000,raw_spearman,原始序列Spearman
main_raw_spearman,Ganjiang,赣江,All,14,spearman,raw,15,15,0,2000,raw_spearman,原始序列Spearman
main_raw_spearman,Le'anhe,乐安河,All,14,spearman,raw,15,0,0,2000,raw_spearman,原始序列Spearman
main_raw_spearman,Le'anhe,乐安河,All,14,spearman,raw,15,1,0,2000,raw_spearman,原始序列Spearman
main_raw_spearman,Le'anhe,乐安河,All,14,spearman,raw,15,2,0.833,2000,raw_spearman,原始序列Spearman
main_raw_spearman,Le'anhe,乐安河,All,14,spearman,raw,15,3,0.167,2000,raw_spearman,原始序列Spearman
main_raw_spearman,Le'anhe,乐安河,All,14,spearman,raw,15,4,0,2000,raw_spearman,原始序列Spearman
main_raw_spearman,Le'anhe,乐安河,All,14,spearman,raw,15,5,0,2000,raw_spearman,原始序列Spearman
main_raw_spearman,Le'anhe,乐安河,All,14,spearman,raw,15,6,0,2000,raw_spearman,原始序列Spearman
main_raw_spearman,Le'anhe,乐安河,All,14,spearman,raw,15,7,0,2000,raw_spearman,原始序列Spearman
main_raw_spearman,Le'anhe,乐安河,All,14,spearman,raw,15,8,0,2000,raw_spearman,原始序列Spearman
main_raw_spearman,Le'anhe,乐安河,All,14,spearman,raw,15,9,0,2000,raw_spearman,原始序列Spearman
main_raw_spearman,Le'anhe,乐安河,All,14,spearman,raw,15,10,0,2000,raw_spearman,原始序列Spearman
main_raw_spearman,Le'anhe,乐安河,All,14,spearman,raw,15,11,0,2000,raw_spearman,原始序列Spearman
main_raw_spearman,Le'anhe,乐安河,All,14,spearman,raw,15,12,0,2000,raw_spearman,原始序列Spearman
main_raw_spearman,Le'anhe,乐安河,All,14,spearman,raw,15,13,0,2000,raw_spearman,原始序列Spearman
main_raw_spearman,Le'anhe,乐安河,All,14,spearman,raw,15,14,0,2000,raw_spearman,原始序列Spearman
main_raw_spearman,Le'anhe,乐安河,All,14,spearman,raw,15,15,0,2000,raw_spearman,原始序列Spearman
main_raw_spearman,Liaohe,潦河,All,14,spearman,raw,15,0,0,2000,raw_spearman,原始序列Spearman
main_raw_spearman,Liaohe,潦河,All,14,spearman,raw,15,1,0.4155,2000,raw_spearman,原始序列Spearman
main_raw_spearman,Liaohe,潦河,All,14,spearman,raw,15,2,0.5845,2000,raw_spearman,原始序列Spearman
main_raw_spearman,Liaohe,潦河,All,14,spearman,raw,15,3,0,2000,raw_spearman,原始序列Spearman
main_raw_spearman,Liaohe,潦河,All,14,spearman,raw,15,4,0,2000,raw_spearman,原始序列Spearman
main_raw_spearman,Liaohe,潦河,All,14,spearman,raw,15,5,0,2000,raw_spearman,原始序列Spearman
main_raw_spearman,Liaohe,潦河,All,14,spearman,raw,15,6,0,2000,raw_spearman,原始序列Spearman
main_raw_spearman,Liaohe,潦河,All,14,spearman,raw,15,7,0,2000,raw_spearman,原始序列Spearman
main_raw_spearman,Liaohe,潦河,All,14,spearman,raw,15,8,0,2000,raw_spearman,原始序列Spearman
main_raw_spearman,Liaohe,潦河,All,14,spearman,raw,15,9,0,2000,raw_spearman,原始序列Spearman
main_raw_spearman,Liaohe,潦河,All,14,spearman,raw,15,10,0,2000,raw_spearman,原始序列Spearman
main_raw_spearman,Liaohe,潦河,All,14,spearman,raw,15,11,0,2000,raw_spearman,原始序列Spearman
main_raw_spearman,Liaohe,潦河,All,14,spearman,raw,15,12,0,2000,raw_spearman,原始序列Spearman
main_raw_spearman,Liaohe,潦河,All,14,spearman,raw,15,13,0,2000,raw_spearman,原始序列Spearman
main_raw_spearman,Liaohe,潦河,All,14,spearman,raw,15,14,0,2000,raw_spearman,原始序列Spearman
main_raw_spearman,Liaohe,潦河,All,14,spearman,raw,15,15,0,2000,raw_spearman,原始序列Spearman
main_raw_spearman,Xinjiang,信江,All,14,spearman,raw,15,0,0,2000,raw_spearman,原始序列Spearman
main_raw_spearman,Xinjiang,信江,All,14,spearman,raw,15,1,0,2000,raw_spearman,原始序列Spearman
main_raw_spearman,Xinjiang,信江,All,14,spearman,raw,15,2,0.9855,2000,raw_spearman,原始序列Spearman
main_raw_spearman,Xinjiang,信江,All,14,spearman,raw,15,3,0.0145,2000,raw_spearman,原始序列Spearman
main_raw_spearman,Xinjiang,信江,All,14,spearman,raw,15,4,0,2000,raw_spearman,原始序列Spearman
main_raw_spearman,Xinjiang,信江,All,14,spearman,raw,15,5,0,2000,raw_spearman,原始序列Spearman
main_raw_spearman,Xinjiang,信江,All,14,spearman,raw,15,6,0,2000,raw_spearman,原始序列Spearman
main_raw_spearman,Xinjiang,信江,All,14,spearman,raw,15,7,0,2000,raw_spearman,原始序列Spearman
main_raw_spearman,Xinjiang,信江,All,14,spearman,raw,15,8,0,2000,raw_spearman,原始序列Spearman
main_raw_spearman,Xinjiang,信江,All,14,spearman,raw,15,9,0,2000,raw_spearman,原始序列Spearman
main_raw_spearman,Xinjiang,信江,All,14,spearman,raw,15,10,0,2000,raw_spearman,原始序列Spearman
main_raw_spearman,Xinjiang,信江,All,14,spearman,raw,15,11,0,2000,raw_spearman,原始序列Spearman
main_raw_spearman,Xinjiang,信江,All,14,spearman,raw,15,12,0,2000,raw_spearman,原始序列Spearman
main_raw_spearman,Xinjiang,信江,All,14,spearman,raw,15,13,0,2000,raw_spearman,原始序列Spearman
main_raw_spearman,Xinjiang,信江,All,14,spearman,raw,15,14,0,2000,raw_spearman,原始序列Spearman
main_raw_spearman,Xinjiang,信江,All,14,spearman,raw,15,15,0,2000,raw_spearman,原始序列Spearman
main_raw_spearman,Xiushui,修水,All,14,spearman,raw,15,0,0,2000,raw_spearman,原始序列Spearman
main_raw_spearman,Xiushui,修水,All,14,spearman,raw,15,1,0,2000,raw_spearman,原始序列Spearman
main_raw_spearman,Xiushui,修水,All,14,spearman,raw,15,2,0,2000,raw_spearman,原始序列Spearman
main_raw_spearman,Xiushui,修水,All,14,spearman,raw,15,3,0.0795,2000,raw_spearman,原始序列Spearman
main_raw_spearman,Xiushui,修水,All,14,spearman,raw,15,4,0.0515,2000,raw_spearman,原始序列Spearman
main_raw_spearman,Xiushui,修水,All,14,spearman,raw,15,5,0.223,2000,raw_spearman,原始序列Spearman
main_raw_spearman,Xiushui,修水,All,14,spearman,raw,15,6,0.002,2000,raw_spearman,原始序列Spearman
main_raw_spearman,Xiushui,修水,All,14,spearman,raw,15,7,0.2495,2000,raw_spearman,原始序列Spearman
main_raw_spearman,Xiushui,修水,All,14,spearman,raw,15,8,0.289,2000,raw_spearman,原始序列Spearman
main_raw_spearman,Xiushui,修水,All,14,spearman,raw,15,9,0.0035,2000,raw_spearman,原始序列Spearman
main_raw_spearman,Xiushui,修水,All,14,spearman,raw,15,10,0.031,2000,raw_spearman,原始序列Spearman
main_raw_spearman,Xiushui,修水,All,14,spearman,raw,15,11,0,2000,raw_spearman,原始序列Spearman
main_raw_spearman,Xiushui,修水,All,14,spearman,raw,15,12,0.0005,2000,raw_spearman,原始序列Spearman
main_raw_spearman,Xiushui,修水,All,14,spearman,raw,15,13,0.0495,2000,raw_spearman,原始序列Spearman
main_raw_spearman,Xiushui,修水,All,14,spearman,raw,15,14,0.006,2000,raw_spearman,原始序列Spearman
main_raw_spearman,Xiushui,修水,All,14,spearman,raw,15,15,0.015,2000,raw_spearman,原始序列Spearman
main_month_median_pearson,Changjiang,昌江,All,14,pearson,month_median,15,0,0,2000,month_median_pearson,月份中位数异常Pearson
main_month_median_pearson,Changjiang,昌江,All,14,pearson,month_median,15,1,1,2000,month_median_pearson,月份中位数异常Pearson
main_month_median_pearson,Changjiang,昌江,All,14,pearson,month_median,15,2,0,2000,month_median_pearson,月份中位数异常Pearson
main_month_median_pearson,Changjiang,昌江,All,14,pearson,month_median,15,3,0,2000,month_median_pearson,月份中位数异常Pearson
main_month_median_pearson,Changjiang,昌江,All,14,pearson,month_median,15,4,0,2000,month_median_pearson,月份中位数异常Pearson
main_month_median_pearson,Changjiang,昌江,All,14,pearson,month_median,15,5,0,2000,month_median_pearson,月份中位数异常Pearson
main_month_median_pearson,Changjiang,昌江,All,14,pearson,month_median,15,6,0,2000,month_median_pearson,月份中位数异常Pearson
main_month_median_pearson,Changjiang,昌江,All,14,pearson,month_median,15,7,0,2000,month_median_pearson,月份中位数异常Pearson
main_month_median_pearson,Changjiang,昌江,All,14,pearson,month_median,15,8,0,2000,month_median_pearson,月份中位数异常Pearson
main_month_median_pearson,Changjiang,昌江,All,14,pearson,month_median,15,9,0,2000,month_median_pearson,月份中位数异常Pearson
main_month_median_pearson,Changjiang,昌江,All,14,pearson,month_median,15,10,0,2000,month_median_pearson,月份中位数异常Pearson
main_month_median_pearson,Changjiang,昌江,All,14,pearson,month_median,15,11,0,2000,month_median_pearson,月份中位数异常Pearson
main_month_median_pearson,Changjiang,昌江,All,14,pearson,month_median,15,12,0,2000,month_median_pearson,月份中位数异常Pearson
main_month_median_pearson,Changjiang,昌江,All,14,pearson,month_median,15,13,0,2000,month_median_pearson,月份中位数异常Pearson
main_month_median_pearson,Changjiang,昌江,All,14,pearson,month_median,15,14,0,2000,month_median_pearson,月份中位数异常Pearson
main_month_median_pearson,Changjiang,昌江,All,14,pearson,month_median,15,15,0,2000,month_median_pearson,月份中位数异常Pearson
main_month_median_pearson,Fuhe,抚河,All,14,pearson,month_median,15,0,0,2000,month_median_pearson,月份中位数异常Pearson
main_month_median_pearson,Fuhe,抚河,All,14,pearson,month_median,15,1,0,2000,month_median_pearson,月份中位数异常Pearson
main_month_median_pearson,Fuhe,抚河,All,14,pearson,month_median,15,2,1,2000,month_median_pearson,月份中位数异常Pearson
main_month_median_pearson,Fuhe,抚河,All,14,pearson,month_median,15,3,0,2000,month_median_pearson,月份中位数异常Pearson
main_month_median_pearson,Fuhe,抚河,All,14,pearson,month_median,15,4,0,2000,month_median_pearson,月份中位数异常Pearson
main_month_median_pearson,Fuhe,抚河,All,14,pearson,month_median,15,5,0,2000,month_median_pearson,月份中位数异常Pearson
main_month_median_pearson,Fuhe,抚河,All,14,pearson,month_median,15,6,0,2000,month_median_pearson,月份中位数异常Pearson
main_month_median_pearson,Fuhe,抚河,All,14,pearson,month_median,15,7,0,2000,month_median_pearson,月份中位数异常Pearson
main_month_median_pearson,Fuhe,抚河,All,14,pearson,month_median,15,8,0,2000,month_median_pearson,月份中位数异常Pearson
main_month_median_pearson,Fuhe,抚河,All,14,pearson,month_median,15,9,0,2000,month_median_pearson,月份中位数异常Pearson
main_month_median_pearson,Fuhe,抚河,All,14,pearson,month_median,15,10,0,2000,month_median_pearson,月份中位数异常Pearson
main_month_median_pearson,Fuhe,抚河,All,14,pearson,month_median,15,11,0,2000,month_median_pearson,月份中位数异常Pearson
main_month_median_pearson,Fuhe,抚河,All,14,pearson,month_median,15,12,0,2000,month_median_pearson,月份中位数异常Pearson
main_month_median_pearson,Fuhe,抚河,All,14,pearson,month_median,15,13,0,2000,month_median_pearson,月份中位数异常Pearson
main_month_median_pearson,Fuhe,抚河,All,14,pearson,month_median,15,14,0,2000,month_median_pearson,月份中位数异常Pearson
main_month_median_pearson,Fuhe,抚河,All,14,pearson,month_median,15,15,0,2000,month_median_pearson,月份中位数异常Pearson
main_month_median_pearson,Ganjiang,赣江,All,14,pearson,month_median,15,0,0,2000,month_median_pearson,月份中位数异常Pearson
main_month_median_pearson,Ganjiang,赣江,All,14,pearson,month_median,15,1,0,2000,month_median_pearson,月份中位数异常Pearson
main_month_median_pearson,Ganjiang,赣江,All,14,pearson,month_median,15,2,0,2000,month_median_pearson,月份中位数异常Pearson
main_month_median_pearson,Ganjiang,赣江,All,14,pearson,month_median,15,3,0.7395,2000,month_median_pearson,月份中位数异常Pearson
main_month_median_pearson,Ganjiang,赣江,All,14,pearson,month_median,15,4,0.2605,2000,month_median_pearson,月份中位数异常Pearson
main_month_median_pearson,Ganjiang,赣江,All,14,pearson,month_median,15,5,0,2000,month_median_pearson,月份中位数异常Pearson
main_month_median_pearson,Ganjiang,赣江,All,14,pearson,month_median,15,6,0,2000,month_median_pearson,月份中位数异常Pearson
main_month_median_pearson,Ganjiang,赣江,All,14,pearson,month_median,15,7,0,2000,month_median_pearson,月份中位数异常Pearson
main_month_median_pearson,Ganjiang,赣江,All,14,pearson,month_median,15,8,0,2000,month_median_pearson,月份中位数异常Pearson
main_month_median_pearson,Ganjiang,赣江,All,14,pearson,month_median,15,9,0,2000,month_median_pearson,月份中位数异常Pearson
main_month_median_pearson,Ganjiang,赣江,All,14,pearson,month_median,15,10,0,2000,month_median_pearson,月份中位数异常Pearson
main_month_median_pearson,Ganjiang,赣江,All,14,pearson,month_median,15,11,0,2000,month_median_pearson,月份中位数异常Pearson
main_month_median_pearson,Ganjiang,赣江,All,14,pearson,month_median,15,12,0,2000,month_median_pearson,月份中位数异常Pearson
main_month_median_pearson,Ganjiang,赣江,All,14,pearson,month_median,15,13,0,2000,month_median_pearson,月份中位数异常Pearson
main_month_median_pearson,Ganjiang,赣江,All,14,pearson,month_median,15,14,0,2000,month_median_pearson,月份中位数异常Pearson
main_month_median_pearson,Ganjiang,赣江,All,14,pearson,month_median,15,15,0,2000,month_median_pearson,月份中位数异常Pearson
main_month_median_pearson,Le'anhe,乐安河,All,14,pearson,month_median,15,0,0,2000,month_median_pearson,月份中位数异常Pearson
main_month_median_pearson,Le'anhe,乐安河,All,14,pearson,month_median,15,1,1,2000,month_median_pearson,月份中位数异常Pearson
main_month_median_pearson,Le'anhe,乐安河,All,14,pearson,month_median,15,2,0,2000,month_median_pearson,月份中位数异常Pearson
main_month_median_pearson,Le'anhe,乐安河,All,14,pearson,month_median,15,3,0,2000,month_median_pearson,月份中位数异常Pearson
main_month_median_pearson,Le'anhe,乐安河,All,14,pearson,month_median,15,4,0,2000,month_median_pearson,月份中位数异常Pearson
main_month_median_pearson,Le'anhe,乐安河,All,14,pearson,month_median,15,5,0,2000,month_median_pearson,月份中位数异常Pearson
main_month_median_pearson,Le'anhe,乐安河,All,14,pearson,month_median,15,6,0,2000,month_median_pearson,月份中位数异常Pearson
main_month_median_pearson,Le'anhe,乐安河,All,14,pearson,month_median,15,7,0,2000,month_median_pearson,月份中位数异常Pearson
main_month_median_pearson,Le'anhe,乐安河,All,14,pearson,month_median,15,8,0,2000,month_median_pearson,月份中位数异常Pearson
main_month_median_pearson,Le'anhe,乐安河,All,14,pearson,month_median,15,9,0,2000,month_median_pearson,月份中位数异常Pearson
main_month_median_pearson,Le'anhe,乐安河,All,14,pearson,month_median,15,10,0,2000,month_median_pearson,月份中位数异常Pearson
main_month_median_pearson,Le'anhe,乐安河,All,14,pearson,month_median,15,11,0,2000,month_median_pearson,月份中位数异常Pearson
main_month_median_pearson,Le'anhe,乐安河,All,14,pearson,month_median,15,12,0,2000,month_median_pearson,月份中位数异常Pearson
main_month_median_pearson,Le'anhe,乐安河,All,14,pearson,month_median,15,13,0,2000,month_median_pearson,月份中位数异常Pearson
main_month_median_pearson,Le'anhe,乐安河,All,14,pearson,month_median,15,14,0,2000,month_median_pearson,月份中位数异常Pearson
main_month_median_pearson,Le'anhe,乐安河,All,14,pearson,month_median,15,15,0,2000,month_median_pearson,月份中位数异常Pearson
main_month_median_pearson,Liaohe,潦河,All,14,pearson,month_median,15,0,0,2000,month_median_pearson,月份中位数异常Pearson
main_month_median_pearson,Liaohe,潦河,All,14,pearson,month_median,15,1,1,2000,month_median_pearson,月份中位数异常Pearson
main_month_median_pearson,Liaohe,潦河,All,14,pearson,month_median,15,2,0,2000,month_median_pearson,月份中位数异常Pearson
main_month_median_pearson,Liaohe,潦河,All,14,pearson,month_median,15,3,0,2000,month_median_pearson,月份中位数异常Pearson
main_month_median_pearson,Liaohe,潦河,All,14,pearson,month_median,15,4,0,2000,month_median_pearson,月份中位数异常Pearson
main_month_median_pearson,Liaohe,潦河,All,14,pearson,month_median,15,5,0,2000,month_median_pearson,月份中位数异常Pearson
main_month_median_pearson,Liaohe,潦河,All,14,pearson,month_median,15,6,0,2000,month_median_pearson,月份中位数异常Pearson
main_month_median_pearson,Liaohe,潦河,All,14,pearson,month_median,15,7,0,2000,month_median_pearson,月份中位数异常Pearson
main_month_median_pearson,Liaohe,潦河,All,14,pearson,month_median,15,8,0,2000,month_median_pearson,月份中位数异常Pearson
main_month_median_pearson,Liaohe,潦河,All,14,pearson,month_median,15,9,0,2000,month_median_pearson,月份中位数异常Pearson
main_month_median_pearson,Liaohe,潦河,All,14,pearson,month_median,15,10,0,2000,month_median_pearson,月份中位数异常Pearson
main_month_median_pearson,Liaohe,潦河,All,14,pearson,month_median,15,11,0,2000,month_median_pearson,月份中位数异常Pearson
main_month_median_pearson,Liaohe,潦河,All,14,pearson,month_median,15,12,0,2000,month_median_pearson,月份中位数异常Pearson
main_month_median_pearson,Liaohe,潦河,All,14,pearson,month_median,15,13,0,2000,month_median_pearson,月份中位数异常Pearson
main_month_median_pearson,Liaohe,潦河,All,14,pearson,month_median,15,14,0,2000,month_median_pearson,月份中位数异常Pearson
main_month_median_pearson,Liaohe,潦河,All,14,pearson,month_median,15,15,0,2000,month_median_pearson,月份中位数异常Pearson
main_month_median_pearson,Xinjiang,信江,All,14,pearson,month_median,15,0,0,2000,month_median_pearson,月份中位数异常Pearson
main_month_median_pearson,Xinjiang,信江,All,14,pearson,month_median,15,1,0.944,2000,month_median_pearson,月份中位数异常Pearson
main_month_median_pearson,Xinjiang,信江,All,14,pearson,month_median,15,2,0.056,2000,month_median_pearson,月份中位数异常Pearson
main_month_median_pearson,Xinjiang,信江,All,14,pearson,month_median,15,3,0,2000,month_median_pearson,月份中位数异常Pearson
main_month_median_pearson,Xinjiang,信江,All,14,pearson,month_median,15,4,0,2000,month_median_pearson,月份中位数异常Pearson
main_month_median_pearson,Xinjiang,信江,All,14,pearson,month_median,15,5,0,2000,month_median_pearson,月份中位数异常Pearson
main_month_median_pearson,Xinjiang,信江,All,14,pearson,month_median,15,6,0,2000,month_median_pearson,月份中位数异常Pearson
main_month_median_pearson,Xinjiang,信江,All,14,pearson,month_median,15,7,0,2000,month_median_pearson,月份中位数异常Pearson
main_month_median_pearson,Xinjiang,信江,All,14,pearson,month_median,15,8,0,2000,month_median_pearson,月份中位数异常Pearson
main_month_median_pearson,Xinjiang,信江,All,14,pearson,month_median,15,9,0,2000,month_median_pearson,月份中位数异常Pearson
main_month_median_pearson,Xinjiang,信江,All,14,pearson,month_median,15,10,0,2000,month_median_pearson,月份中位数异常Pearson
main_month_median_pearson,Xinjiang,信江,All,14,pearson,month_median,15,11,0,2000,month_median_pearson,月份中位数异常Pearson
main_month_median_pearson,Xinjiang,信江,All,14,pearson,month_median,15,12,0,2000,month_median_pearson,月份中位数异常Pearson
main_month_median_pearson,Xinjiang,信江,All,14,pearson,month_median,15,13,0,2000,month_median_pearson,月份中位数异常Pearson
main_month_median_pearson,Xinjiang,信江,All,14,pearson,month_median,15,14,0,2000,month_median_pearson,月份中位数异常Pearson
main_month_median_pearson,Xinjiang,信江,All,14,pearson,month_median,15,15,0,2000,month_median_pearson,月份中位数异常Pearson
main_month_median_pearson,Xiushui,修水,All,14,pearson,month_median,15,0,0,2000,month_median_pearson,月份中位数异常Pearson
main_month_median_pearson,Xiushui,修水,All,14,pearson,month_median,15,1,0.001,2000,month_median_pearson,月份中位数异常Pearson
main_month_median_pearson,Xiushui,修水,All,14,pearson,month_median,15,2,0.9055,2000,month_median_pearson,月份中位数异常Pearson
main_month_median_pearson,Xiushui,修水,All,14,pearson,month_median,15,3,0.024,2000,month_median_pearson,月份中位数异常Pearson
main_month_median_pearson,Xiushui,修水,All,14,pearson,month_median,15,4,0.016,2000,month_median_pearson,月份中位数异常Pearson
main_month_median_pearson,Xiushui,修水,All,14,pearson,month_median,15,5,0.0375,2000,month_median_pearson,月份中位数异常Pearson
main_month_median_pearson,Xiushui,修水,All,14,pearson,month_median,15,6,0.003,2000,month_median_pearson,月份中位数异常Pearson
main_month_median_pearson,Xiushui,修水,All,14,pearson,month_median,15,7,0.0005,2000,month_median_pearson,月份中位数异常Pearson
main_month_median_pearson,Xiushui,修水,All,14,pearson,month_median,15,8,0.012,2000,month_median_pearson,月份中位数异常Pearson
main_month_median_pearson,Xiushui,修水,All,14,pearson,month_median,15,9,0.0005,2000,month_median_pearson,月份中位数异常Pearson
main_month_median_pearson,Xiushui,修水,All,14,pearson,month_median,15,10,0,2000,month_median_pearson,月份中位数异常Pearson
main_month_median_pearson,Xiushui,修水,All,14,pearson,month_median,15,11,0,2000,month_median_pearson,月份中位数异常Pearson
main_month_median_pearson,Xiushui,修水,All,14,pearson,month_median,15,12,0,2000,month_median_pearson,月份中位数异常Pearson
main_month_median_pearson,Xiushui,修水,All,14,pearson,month_median,15,13,0,2000,month_median_pearson,月份中位数异常Pearson
main_month_median_pearson,Xiushui,修水,All,14,pearson,month_median,15,14,0,2000,month_median_pearson,月份中位数异常Pearson
main_month_median_pearson,Xiushui,修水,All,14,pearson,month_median,15,15,0,2000,month_median_pearson,月份中位数异常Pearson
main_month_median_spearman,Changjiang,昌江,All,14,spearman,month_median,10,0,0,2000,lag_window_0_10,搜索窗0-10天
main_month_median_spearman,Changjiang,昌江,All,14,spearman,month_median,10,1,0,2000,lag_window_0_10,搜索窗0-10天
main_month_median_spearman,Changjiang,昌江,All,14,spearman,month_median,10,2,1,2000,lag_window_0_10,搜索窗0-10天
main_month_median_spearman,Changjiang,昌江,All,14,spearman,month_median,10,3,0,2000,lag_window_0_10,搜索窗0-10天
main_month_median_spearman,Changjiang,昌江,All,14,spearman,month_median,10,4,0,2000,lag_window_0_10,搜索窗0-10天
main_month_median_spearman,Changjiang,昌江,All,14,spearman,month_median,10,5,0,2000,lag_window_0_10,搜索窗0-10天
main_month_median_spearman,Changjiang,昌江,All,14,spearman,month_median,10,6,0,2000,lag_window_0_10,搜索窗0-10天
main_month_median_spearman,Changjiang,昌江,All,14,spearman,month_median,10,7,0,2000,lag_window_0_10,搜索窗0-10天
main_month_median_spearman,Changjiang,昌江,All,14,spearman,month_median,10,8,0,2000,lag_window_0_10,搜索窗0-10天
main_month_median_spearman,Changjiang,昌江,All,14,spearman,month_median,10,9,0,2000,lag_window_0_10,搜索窗0-10天
main_month_median_spearman,Changjiang,昌江,All,14,spearman,month_median,10,10,0,2000,lag_window_0_10,搜索窗0-10天
main_month_median_spearman,Fuhe,抚河,All,14,spearman,month_median,10,0,0,2000,lag_window_0_10,搜索窗0-10天
main_month_median_spearman,Fuhe,抚河,All,14,spearman,month_median,10,1,0,2000,lag_window_0_10,搜索窗0-10天
main_month_median_spearman,Fuhe,抚河,All,14,spearman,month_median,10,2,0.9985,2000,lag_window_0_10,搜索窗0-10天
main_month_median_spearman,Fuhe,抚河,All,14,spearman,month_median,10,3,0.0015,2000,lag_window_0_10,搜索窗0-10天
main_month_median_spearman,Fuhe,抚河,All,14,spearman,month_median,10,4,0,2000,lag_window_0_10,搜索窗0-10天
main_month_median_spearman,Fuhe,抚河,All,14,spearman,month_median,10,5,0,2000,lag_window_0_10,搜索窗0-10天
main_month_median_spearman,Fuhe,抚河,All,14,spearman,month_median,10,6,0,2000,lag_window_0_10,搜索窗0-10天
main_month_median_spearman,Fuhe,抚河,All,14,spearman,month_median,10,7,0,2000,lag_window_0_10,搜索窗0-10天
main_month_median_spearman,Fuhe,抚河,All,14,spearman,month_median,10,8,0,2000,lag_window_0_10,搜索窗0-10天
main_month_median_spearman,Fuhe,抚河,All,14,spearman,month_median,10,9,0,2000,lag_window_0_10,搜索窗0-10天
main_month_median_spearman,Fuhe,抚河,All,14,spearman,month_median,10,10,0,2000,lag_window_0_10,搜索窗0-10天
main_month_median_spearman,Ganjiang,赣江,All,14,spearman,month_median,10,0,0,2000,lag_window_0_10,搜索窗0-10天
main_month_median_spearman,Ganjiang,赣江,All,14,spearman,month_median,10,1,0,2000,lag_window_0_10,搜索窗0-10天
main_month_median_spearman,Ganjiang,赣江,All,14,spearman,month_median,10,2,0,2000,lag_window_0_10,搜索窗0-10天
main_month_median_spearman,Ganjiang,赣江,All,14,spearman,month_median,10,3,0.002,2000,lag_window_0_10,搜索窗0-10天
main_month_median_spearman,Ganjiang,赣江,All,14,spearman,month_median,10,4,0.539,2000,lag_window_0_10,搜索窗0-10天
main_month_median_spearman,Ganjiang,赣江,All,14,spearman,month_median,10,5,0.456,2000,lag_window_0_10,搜索窗0-10天
main_month_median_spearman,Ganjiang,赣江,All,14,spearman,month_median,10,6,0.003,2000,lag_window_0_10,搜索窗0-10天
main_month_median_spearman,Ganjiang,赣江,All,14,spearman,month_median,10,7,0,2000,lag_window_0_10,搜索窗0-10天
main_month_median_spearman,Ganjiang,赣江,All,14,spearman,month_median,10,8,0,2000,lag_window_0_10,搜索窗0-10天
main_month_median_spearman,Ganjiang,赣江,All,14,spearman,month_median,10,9,0,2000,lag_window_0_10,搜索窗0-10天
main_month_median_spearman,Ganjiang,赣江,All,14,spearman,month_median,10,10,0,2000,lag_window_0_10,搜索窗0-10天
main_month_median_spearman,Le'anhe,乐安河,All,14,spearman,month_median,10,0,0,2000,lag_window_0_10,搜索窗0-10天
main_month_median_spearman,Le'anhe,乐安河,All,14,spearman,month_median,10,1,0,2000,lag_window_0_10,搜索窗0-10天
main_month_median_spearman,Le'anhe,乐安河,All,14,spearman,month_median,10,2,1,2000,lag_window_0_10,搜索窗0-10天
main_month_median_spearman,Le'anhe,乐安河,All,14,spearman,month_median,10,3,0,2000,lag_window_0_10,搜索窗0-10天
main_month_median_spearman,Le'anhe,乐安河,All,14,spearman,month_median,10,4,0,2000,lag_window_0_10,搜索窗0-10天
main_month_median_spearman,Le'anhe,乐安河,All,14,spearman,month_median,10,5,0,2000,lag_window_0_10,搜索窗0-10天
main_month_median_spearman,Le'anhe,乐安河,All,14,spearman,month_median,10,6,0,2000,lag_window_0_10,搜索窗0-10天
main_month_median_spearman,Le'anhe,乐安河,All,14,spearman,month_median,10,7,0,2000,lag_window_0_10,搜索窗0-10天
main_month_median_spearman,Le'anhe,乐安河,All,14,spearman,month_median,10,8,0,2000,lag_window_0_10,搜索窗0-10天
main_month_median_spearman,Le'anhe,乐安河,All,14,spearman,month_median,10,9,0,2000,lag_window_0_10,搜索窗0-10天
main_month_median_spearman,Le'anhe,乐安河,All,14,spearman,month_median,10,10,0,2000,lag_window_0_10,搜索窗0-10天
main_month_median_spearman,Liaohe,潦河,All,14,spearman,month_median,10,0,0,2000,lag_window_0_10,搜索窗0-10天
main_month_median_spearman,Liaohe,潦河,All,14,spearman,month_median,10,1,0.992,2000,lag_window_0_10,搜索窗0-10天
main_month_median_spearman,Liaohe,潦河,All,14,spearman,month_median,10,2,0.008,2000,lag_window_0_10,搜索窗0-10天
main_month_median_spearman,Liaohe,潦河,All,14,spearman,month_median,10,3,0,2000,lag_window_0_10,搜索窗0-10天
main_month_median_spearman,Liaohe,潦河,All,14,spearman,month_median,10,4,0,2000,lag_window_0_10,搜索窗0-10天
main_month_median_spearman,Liaohe,潦河,All,14,spearman,month_median,10,5,0,2000,lag_window_0_10,搜索窗0-10天
main_month_median_spearman,Liaohe,潦河,All,14,spearman,month_median,10,6,0,2000,lag_window_0_10,搜索窗0-10天
main_month_median_spearman,Liaohe,潦河,All,14,spearman,month_median,10,7,0,2000,lag_window_0_10,搜索窗0-10天
main_month_median_spearman,Liaohe,潦河,All,14,spearman,month_median,10,8,0,2000,lag_window_0_10,搜索窗0-10天
main_month_median_spearman,Liaohe,潦河,All,14,spearman,month_median,10,9,0,2000,lag_window_0_10,搜索窗0-10天
main_month_median_spearman,Liaohe,潦河,All,14,spearman,month_median,10,10,0,2000,lag_window_0_10,搜索窗0-10天
main_month_median_spearman,Xinjiang,信江,All,14,spearman,month_median,10,0,0,2000,lag_window_0_10,搜索窗0-10天
main_month_median_spearman,Xinjiang,信江,All,14,spearman,month_median,10,1,0,2000,lag_window_0_10,搜索窗0-10天
main_month_median_spearman,Xinjiang,信江,All,14,spearman,month_median,10,2,1,2000,lag_window_0_10,搜索窗0-10天
main_month_median_spearman,Xinjiang,信江,All,14,spearman,month_median,10,3,0,2000,lag_window_0_10,搜索窗0-10天
main_month_median_spearman,Xinjiang,信江,All,14,spearman,month_median,10,4,0,2000,lag_window_0_10,搜索窗0-10天
main_month_median_spearman,Xinjiang,信江,All,14,spearman,month_median,10,5,0,2000,lag_window_0_10,搜索窗0-10天
main_month_median_spearman,Xinjiang,信江,All,14,spearman,month_median,10,6,0,2000,lag_window_0_10,搜索窗0-10天
main_month_median_spearman,Xinjiang,信江,All,14,spearman,month_median,10,7,0,2000,lag_window_0_10,搜索窗0-10天
main_month_median_spearman,Xinjiang,信江,All,14,spearman,month_median,10,8,0,2000,lag_window_0_10,搜索窗0-10天
main_month_median_spearman,Xinjiang,信江,All,14,spearman,month_median,10,9,0,2000,lag_window_0_10,搜索窗0-10天
main_month_median_spearman,Xinjiang,信江,All,14,spearman,month_median,10,10,0,2000,lag_window_0_10,搜索窗0-10天
main_month_median_spearman,Xiushui,修水,All,14,spearman,month_median,10,0,0,2000,lag_window_0_10,搜索窗0-10天
main_month_median_spearman,Xiushui,修水,All,14,spearman,month_median,10,1,0.0005,2000,lag_window_0_10,搜索窗0-10天
main_month_median_spearman,Xiushui,修水,All,14,spearman,month_median,10,2,0.0025,2000,lag_window_0_10,搜索窗0-10天
main_month_median_spearman,Xiushui,修水,All,14,spearman,month_median,10,3,0.1065,2000,lag_window_0_10,搜索窗0-10天
main_month_median_spearman,Xiushui,修水,All,14,spearman,month_median,10,4,0.061,2000,lag_window_0_10,搜索窗0-10天
main_month_median_spearman,Xiushui,修水,All,14,spearman,month_median,10,5,0.034,2000,lag_window_0_10,搜索窗0-10天
main_month_median_spearman,Xiushui,修水,All,14,spearman,month_median,10,6,0.0055,2000,lag_window_0_10,搜索窗0-10天
main_month_median_spearman,Xiushui,修水,All,14,spearman,month_median,10,7,0.4095,2000,lag_window_0_10,搜索窗0-10天
main_month_median_spearman,Xiushui,修水,All,14,spearman,month_median,10,8,0.35,2000,lag_window_0_10,搜索窗0-10天
main_month_median_spearman,Xiushui,修水,All,14,spearman,month_median,10,9,0.004,2000,lag_window_0_10,搜索窗0-10天
main_month_median_spearman,Xiushui,修水,All,14,spearman,month_median,10,10,0.0265,2000,lag_window_0_10,搜索窗0-10天
main_month_median_spearman,Changjiang,昌江,All,14,spearman,month_median,20,0,0,2000,lag_window_0_20,搜索窗0-20天
main_month_median_spearman,Changjiang,昌江,All,14,spearman,month_median,20,1,0,2000,lag_window_0_20,搜索窗0-20天
main_month_median_spearman,Changjiang,昌江,All,14,spearman,month_median,20,2,1,2000,lag_window_0_20,搜索窗0-20天
main_month_median_spearman,Changjiang,昌江,All,14,spearman,month_median,20,3,0,2000,lag_window_0_20,搜索窗0-20天
main_month_median_spearman,Changjiang,昌江,All,14,spearman,month_median,20,4,0,2000,lag_window_0_20,搜索窗0-20天
main_month_median_spearman,Changjiang,昌江,All,14,spearman,month_median,20,5,0,2000,lag_window_0_20,搜索窗0-20天
main_month_median_spearman,Changjiang,昌江,All,14,spearman,month_median,20,6,0,2000,lag_window_0_20,搜索窗0-20天
main_month_median_spearman,Changjiang,昌江,All,14,spearman,month_median,20,7,0,2000,lag_window_0_20,搜索窗0-20天
main_month_median_spearman,Changjiang,昌江,All,14,spearman,month_median,20,8,0,2000,lag_window_0_20,搜索窗0-20天
main_month_median_spearman,Changjiang,昌江,All,14,spearman,month_median,20,9,0,2000,lag_window_0_20,搜索窗0-20天
main_month_median_spearman,Changjiang,昌江,All,14,spearman,month_median,20,10,0,2000,lag_window_0_20,搜索窗0-20天
main_month_median_spearman,Changjiang,昌江,All,14,spearman,month_median,20,11,0,2000,lag_window_0_20,搜索窗0-20天
main_month_median_spearman,Changjiang,昌江,All,14,spearman,month_median,20,12,0,2000,lag_window_0_20,搜索窗0-20天
main_month_median_spearman,Changjiang,昌江,All,14,spearman,month_median,20,13,0,2000,lag_window_0_20,搜索窗0-20天
main_month_median_spearman,Changjiang,昌江,All,14,spearman,month_median,20,14,0,2000,lag_window_0_20,搜索窗0-20天
main_month_median_spearman,Changjiang,昌江,All,14,spearman,month_median,20,15,0,2000,lag_window_0_20,搜索窗0-20天
main_month_median_spearman,Changjiang,昌江,All,14,spearman,month_median,20,16,0,2000,lag_window_0_20,搜索窗0-20天
main_month_median_spearman,Changjiang,昌江,All,14,spearman,month_median,20,17,0,2000,lag_window_0_20,搜索窗0-20天
main_month_median_spearman,Changjiang,昌江,All,14,spearman,month_median,20,18,0,2000,lag_window_0_20,搜索窗0-20天
main_month_median_spearman,Changjiang,昌江,All,14,spearman,month_median,20,19,0,2000,lag_window_0_20,搜索窗0-20天
main_month_median_spearman,Changjiang,昌江,All,14,spearman,month_median,20,20,0,2000,lag_window_0_20,搜索窗0-20天
main_month_median_spearman,Fuhe,抚河,All,14,spearman,month_median,20,0,0,2000,lag_window_0_20,搜索窗0-20天
main_month_median_spearman,Fuhe,抚河,All,14,spearman,month_median,20,1,0,2000,lag_window_0_20,搜索窗0-20天
main_month_median_spearman,Fuhe,抚河,All,14,spearman,month_median,20,2,0.9985,2000,lag_window_0_20,搜索窗0-20天
main_month_median_spearman,Fuhe,抚河,All,14,spearman,month_median,20,3,0.0015,2000,lag_window_0_20,搜索窗0-20天
main_month_median_spearman,Fuhe,抚河,All,14,spearman,month_median,20,4,0,2000,lag_window_0_20,搜索窗0-20天
main_month_median_spearman,Fuhe,抚河,All,14,spearman,month_median,20,5,0,2000,lag_window_0_20,搜索窗0-20天
main_month_median_spearman,Fuhe,抚河,All,14,spearman,month_median,20,6,0,2000,lag_window_0_20,搜索窗0-20天
main_month_median_spearman,Fuhe,抚河,All,14,spearman,month_median,20,7,0,2000,lag_window_0_20,搜索窗0-20天
main_month_median_spearman,Fuhe,抚河,All,14,spearman,month_median,20,8,0,2000,lag_window_0_20,搜索窗0-20天
main_month_median_spearman,Fuhe,抚河,All,14,spearman,month_median,20,9,0,2000,lag_window_0_20,搜索窗0-20天
main_month_median_spearman,Fuhe,抚河,All,14,spearman,month_median,20,10,0,2000,lag_window_0_20,搜索窗0-20天
main_month_median_spearman,Fuhe,抚河,All,14,spearman,month_median,20,11,0,2000,lag_window_0_20,搜索窗0-20天
main_month_median_spearman,Fuhe,抚河,All,14,spearman,month_median,20,12,0,2000,lag_window_0_20,搜索窗0-20天
main_month_median_spearman,Fuhe,抚河,All,14,spearman,month_median,20,13,0,2000,lag_window_0_20,搜索窗0-20天
main_month_median_spearman,Fuhe,抚河,All,14,spearman,month_median,20,14,0,2000,lag_window_0_20,搜索窗0-20天
main_month_median_spearman,Fuhe,抚河,All,14,spearman,month_median,20,15,0,2000,lag_window_0_20,搜索窗0-20天
main_month_median_spearman,Fuhe,抚河,All,14,spearman,month_median,20,16,0,2000,lag_window_0_20,搜索窗0-20天
main_month_median_spearman,Fuhe,抚河,All,14,spearman,month_median,20,17,0,2000,lag_window_0_20,搜索窗0-20天
main_month_median_spearman,Fuhe,抚河,All,14,spearman,month_median,20,18,0,2000,lag_window_0_20,搜索窗0-20天
main_month_median_spearman,Fuhe,抚河,All,14,spearman,month_median,20,19,0,2000,lag_window_0_20,搜索窗0-20天
main_month_median_spearman,Fuhe,抚河,All,14,spearman,month_median,20,20,0,2000,lag_window_0_20,搜索窗0-20天
main_month_median_spearman,Ganjiang,赣江,All,14,spearman,month_median,20,0,0,2000,lag_window_0_20,搜索窗0-20天
main_month_median_spearman,Ganjiang,赣江,All,14,spearman,month_median,20,1,0,2000,lag_window_0_20,搜索窗0-20天
main_month_median_spearman,Ganjiang,赣江,All,14,spearman,month_median,20,2,0,2000,lag_window_0_20,搜索窗0-20天
main_month_median_spearman,Ganjiang,赣江,All,14,spearman,month_median,20,3,0.002,2000,lag_window_0_20,搜索窗0-20天
main_month_median_spearman,Ganjiang,赣江,All,14,spearman,month_median,20,4,0.539,2000,lag_window_0_20,搜索窗0-20天
main_month_median_spearman,Ganjiang,赣江,All,14,spearman,month_median,20,5,0.456,2000,lag_window_0_20,搜索窗0-20天
main_month_median_spearman,Ganjiang,赣江,All,14,spearman,month_median,20,6,0.003,2000,lag_window_0_20,搜索窗0-20天
main_month_median_spearman,Ganjiang,赣江,All,14,spearman,month_median,20,7,0,2000,lag_window_0_20,搜索窗0-20天
main_month_median_spearman,Ganjiang,赣江,All,14,spearman,month_median,20,8,0,2000,lag_window_0_20,搜索窗0-20天
main_month_median_spearman,Ganjiang,赣江,All,14,spearman,month_median,20,9,0,2000,lag_window_0_20,搜索窗0-20天
main_month_median_spearman,Ganjiang,赣江,All,14,spearman,month_median,20,10,0,2000,lag_window_0_20,搜索窗0-20天
main_month_median_spearman,Ganjiang,赣江,All,14,spearman,month_median,20,11,0,2000,lag_window_0_20,搜索窗0-20天
main_month_median_spearman,Ganjiang,赣江,All,14,spearman,month_median,20,12,0,2000,lag_window_0_20,搜索窗0-20天
main_month_median_spearman,Ganjiang,赣江,All,14,spearman,month_median,20,13,0,2000,lag_window_0_20,搜索窗0-20天
main_month_median_spearman,Ganjiang,赣江,All,14,spearman,month_median,20,14,0,2000,lag_window_0_20,搜索窗0-20天
main_month_median_spearman,Ganjiang,赣江,All,14,spearman,month_median,20,15,0,2000,lag_window_0_20,搜索窗0-20天
main_month_median_spearman,Ganjiang,赣江,All,14,spearman,month_median,20,16,0,2000,lag_window_0_20,搜索窗0-20天
main_month_median_spearman,Ganjiang,赣江,All,14,spearman,month_median,20,17,0,2000,lag_window_0_20,搜索窗0-20天
main_month_median_spearman,Ganjiang,赣江,All,14,spearman,month_median,20,18,0,2000,lag_window_0_20,搜索窗0-20天
main_month_median_spearman,Ganjiang,赣江,All,14,spearman,month_median,20,19,0,2000,lag_window_0_20,搜索窗0-20天
main_month_median_spearman,Ganjiang,赣江,All,14,spearman,month_median,20,20,0,2000,lag_window_0_20,搜索窗0-20天
main_month_median_spearman,Le'anhe,乐安河,All,14,spearman,month_median,20,0,0,2000,lag_window_0_20,搜索窗0-20天
main_month_median_spearman,Le'anhe,乐安河,All,14,spearman,month_median,20,1,0,2000,lag_window_0_20,搜索窗0-20天
main_month_median_spearman,Le'anhe,乐安河,All,14,spearman,month_median,20,2,1,2000,lag_window_0_20,搜索窗0-20天
main_month_median_spearman,Le'anhe,乐安河,All,14,spearman,month_median,20,3,0,2000,lag_window_0_20,搜索窗0-20天
main_month_median_spearman,Le'anhe,乐安河,All,14,spearman,month_median,20,4,0,2000,lag_window_0_20,搜索窗0-20天
main_month_median_spearman,Le'anhe,乐安河,All,14,spearman,month_median,20,5,0,2000,lag_window_0_20,搜索窗0-20天
main_month_median_spearman,Le'anhe,乐安河,All,14,spearman,month_median,20,6,0,2000,lag_window_0_20,搜索窗0-20天
main_month_median_spearman,Le'anhe,乐安河,All,14,spearman,month_median,20,7,0,2000,lag_window_0_20,搜索窗0-20天
main_month_median_spearman,Le'anhe,乐安河,All,14,spearman,month_median,20,8,0,2000,lag_window_0_20,搜索窗0-20天
main_month_median_spearman,Le'anhe,乐安河,All,14,spearman,month_median,20,9,0,2000,lag_window_0_20,搜索窗0-20天
main_month_median_spearman,Le'anhe,乐安河,All,14,spearman,month_median,20,10,0,2000,lag_window_0_20,搜索窗0-20天
main_month_median_spearman,Le'anhe,乐安河,All,14,spearman,month_median,20,11,0,2000,lag_window_0_20,搜索窗0-20天
main_month_median_spearman,Le'anhe,乐安河,All,14,spearman,month_median,20,12,0,2000,lag_window_0_20,搜索窗0-20天
main_month_median_spearman,Le'anhe,乐安河,All,14,spearman,month_median,20,13,0,2000,lag_window_0_20,搜索窗0-20天
main_month_median_spearman,Le'anhe,乐安河,All,14,spearman,month_median,20,14,0,2000,lag_window_0_20,搜索窗0-20天
main_month_median_spearman,Le'anhe,乐安河,All,14,spearman,month_median,20,15,0,2000,lag_window_0_20,搜索窗0-20天
main_month_median_spearman,Le'anhe,乐安河,All,14,spearman,month_median,20,16,0,2000,lag_window_0_20,搜索窗0-20天
main_month_median_spearman,Le'anhe,乐安河,All,14,spearman,month_median,20,17,0,2000,lag_window_0_20,搜索窗0-20天
main_month_median_spearman,Le'anhe,乐安河,All,14,spearman,month_median,20,18,0,2000,lag_window_0_20,搜索窗0-20天
main_month_median_spearman,Le'anhe,乐安河,All,14,spearman,month_median,20,19,0,2000,lag_window_0_20,搜索窗0-20天
main_month_median_spearman,Le'anhe,乐安河,All,14,spearman,month_median,20,20,0,2000,lag_window_0_20,搜索窗0-20天
main_month_median_spearman,Liaohe,潦河,All,14,spearman,month_median,20,0,0,2000,lag_window_0_20,搜索窗0-20天
main_month_median_spearman,Liaohe,潦河,All,14,spearman,month_median,20,1,0.992,2000,lag_window_0_20,搜索窗0-20天
main_month_median_spearman,Liaohe,潦河,All,14,spearman,month_median,20,2,0.008,2000,lag_window_0_20,搜索窗0-20天
main_month_median_spearman,Liaohe,潦河,All,14,spearman,month_median,20,3,0,2000,lag_window_0_20,搜索窗0-20天
main_month_median_spearman,Liaohe,潦河,All,14,spearman,month_median,20,4,0,2000,lag_window_0_20,搜索窗0-20天
main_month_median_spearman,Liaohe,潦河,All,14,spearman,month_median,20,5,0,2000,lag_window_0_20,搜索窗0-20天
main_month_median_spearman,Liaohe,潦河,All,14,spearman,month_median,20,6,0,2000,lag_window_0_20,搜索窗0-20天
main_month_median_spearman,Liaohe,潦河,All,14,spearman,month_median,20,7,0,2000,lag_window_0_20,搜索窗0-20天
main_month_median_spearman,Liaohe,潦河,All,14,spearman,month_median,20,8,0,2000,lag_window_0_20,搜索窗0-20天
main_month_median_spearman,Liaohe,潦河,All,14,spearman,month_median,20,9,0,2000,lag_window_0_20,搜索窗0-20天
main_month_median_spearman,Liaohe,潦河,All,14,spearman,month_median,20,10,0,2000,lag_window_0_20,搜索窗0-20天
main_month_median_spearman,Liaohe,潦河,All,14,spearman,month_median,20,11,0,2000,lag_window_0_20,搜索窗0-20天
main_month_median_spearman,Liaohe,潦河,All,14,spearman,month_median,20,12,0,2000,lag_window_0_20,搜索窗0-20天
main_month_median_spearman,Liaohe,潦河,All,14,spearman,month_median,20,13,0,2000,lag_window_0_20,搜索窗0-20天
main_month_median_spearman,Liaohe,潦河,All,14,spearman,month_median,20,14,0,2000,lag_window_0_20,搜索窗0-20天
main_month_median_spearman,Liaohe,潦河,All,14,spearman,month_median,20,15,0,2000,lag_window_0_20,搜索窗0-20天
main_month_median_spearman,Liaohe,潦河,All,14,spearman,month_median,20,16,0,2000,lag_window_0_20,搜索窗0-20天
main_month_median_spearman,Liaohe,潦河,All,14,spearman,month_median,20,17,0,2000,lag_window_0_20,搜索窗0-20天
main_month_median_spearman,Liaohe,潦河,All,14,spearman,month_median,20,18,0,2000,lag_window_0_20,搜索窗0-20天
main_month_median_spearman,Liaohe,潦河,All,14,spearman,month_median,20,19,0,2000,lag_window_0_20,搜索窗0-20天
main_month_median_spearman,Liaohe,潦河,All,14,spearman,month_median,20,20,0,2000,lag_window_0_20,搜索窗0-20天
main_month_median_spearman,Xinjiang,信江,All,14,spearman,month_median,20,0,0,2000,lag_window_0_20,搜索窗0-20天
main_month_median_spearman,Xinjiang,信江,All,14,spearman,month_median,20,1,0,2000,lag_window_0_20,搜索窗0-20天
main_month_median_spearman,Xinjiang,信江,All,14,spearman,month_median,20,2,1,2000,lag_window_0_20,搜索窗0-20天
main_month_median_spearman,Xinjiang,信江,All,14,spearman,month_median,20,3,0,2000,lag_window_0_20,搜索窗0-20天
main_month_median_spearman,Xinjiang,信江,All,14,spearman,month_median,20,4,0,2000,lag_window_0_20,搜索窗0-20天
main_month_median_spearman,Xinjiang,信江,All,14,spearman,month_median,20,5,0,2000,lag_window_0_20,搜索窗0-20天
main_month_median_spearman,Xinjiang,信江,All,14,spearman,month_median,20,6,0,2000,lag_window_0_20,搜索窗0-20天
main_month_median_spearman,Xinjiang,信江,All,14,spearman,month_median,20,7,0,2000,lag_window_0_20,搜索窗0-20天
main_month_median_spearman,Xinjiang,信江,All,14,spearman,month_median,20,8,0,2000,lag_window_0_20,搜索窗0-20天
main_month_median_spearman,Xinjiang,信江,All,14,spearman,month_median,20,9,0,2000,lag_window_0_20,搜索窗0-20天
main_month_median_spearman,Xinjiang,信江,All,14,spearman,month_median,20,10,0,2000,lag_window_0_20,搜索窗0-20天
main_month_median_spearman,Xinjiang,信江,All,14,spearman,month_median,20,11,0,2000,lag_window_0_20,搜索窗0-20天
main_month_median_spearman,Xinjiang,信江,All,14,spearman,month_median,20,12,0,2000,lag_window_0_20,搜索窗0-20天
main_month_median_spearman,Xinjiang,信江,All,14,spearman,month_median,20,13,0,2000,lag_window_0_20,搜索窗0-20天
main_month_median_spearman,Xinjiang,信江,All,14,spearman,month_median,20,14,0,2000,lag_window_0_20,搜索窗0-20天
main_month_median_spearman,Xinjiang,信江,All,14,spearman,month_median,20,15,0,2000,lag_window_0_20,搜索窗0-20天
main_month_median_spearman,Xinjiang,信江,All,14,spearman,month_median,20,16,0,2000,lag_window_0_20,搜索窗0-20天
main_month_median_spearman,Xinjiang,信江,All,14,spearman,month_median,20,17,0,2000,lag_window_0_20,搜索窗0-20天
main_month_median_spearman,Xinjiang,信江,All,14,spearman,month_median,20,18,0,2000,lag_window_0_20,搜索窗0-20天
main_month_median_spearman,Xinjiang,信江,All,14,spearman,month_median,20,19,0,2000,lag_window_0_20,搜索窗0-20天
main_month_median_spearman,Xinjiang,信江,All,14,spearman,month_median,20,20,0,2000,lag_window_0_20,搜索窗0-20天
main_month_median_spearman,Xiushui,修水,All,14,spearman,month_median,20,0,0,2000,lag_window_0_20,搜索窗0-20天
main_month_median_spearman,Xiushui,修水,All,14,spearman,month_median,20,1,0.0005,2000,lag_window_0_20,搜索窗0-20天
main_month_median_spearman,Xiushui,修水,All,14,spearman,month_median,20,2,0.0025,2000,lag_window_0_20,搜索窗0-20天
main_month_median_spearman,Xiushui,修水,All,14,spearman,month_median,20,3,0.105,2000,lag_window_0_20,搜索窗0-20天
main_month_median_spearman,Xiushui,修水,All,14,spearman,month_median,20,4,0.061,2000,lag_window_0_20,搜索窗0-20天
main_month_median_spearman,Xiushui,修水,All,14,spearman,month_median,20,5,0.0335,2000,lag_window_0_20,搜索窗0-20天
main_month_median_spearman,Xiushui,修水,All,14,spearman,month_median,20,6,0.0055,2000,lag_window_0_20,搜索窗0-20天
main_month_median_spearman,Xiushui,修水,All,14,spearman,month_median,20,7,0.408,2000,lag_window_0_20,搜索窗0-20天
main_month_median_spearman,Xiushui,修水,All,14,spearman,month_median,20,8,0.35,2000,lag_window_0_20,搜索窗0-20天
main_month_median_spearman,Xiushui,修水,All,14,spearman,month_median,20,9,0.004,2000,lag_window_0_20,搜索窗0-20天
main_month_median_spearman,Xiushui,修水,All,14,spearman,month_median,20,10,0.026,2000,lag_window_0_20,搜索窗0-20天
main_month_median_spearman,Xiushui,修水,All,14,spearman,month_median,20,11,0,2000,lag_window_0_20,搜索窗0-20天
main_month_median_spearman,Xiushui,修水,All,14,spearman,month_median,20,12,0,2000,lag_window_0_20,搜索窗0-20天
main_month_median_spearman,Xiushui,修水,All,14,spearman,month_median,20,13,0,2000,lag_window_0_20,搜索窗0-20天
main_month_median_spearman,Xiushui,修水,All,14,spearman,month_median,20,14,0.0025,2000,lag_window_0_20,搜索窗0-20天
main_month_median_spearman,Xiushui,修水,All,14,spearman,month_median,20,15,0.0015,2000,lag_window_0_20,搜索窗0-20天
main_month_median_spearman,Xiushui,修水,All,14,spearman,month_median,20,16,0,2000,lag_window_0_20,搜索窗0-20天
main_month_median_spearman,Xiushui,修水,All,14,spearman,month_median,20,17,0,2000,lag_window_0_20,搜索窗0-20天
main_month_median_spearman,Xiushui,修水,All,14,spearman,month_median,20,18,0,2000,lag_window_0_20,搜索窗0-20天
main_month_median_spearman,Xiushui,修水,All,14,spearman,month_median,20,19,0,2000,lag_window_0_20,搜索窗0-20天
main_month_median_spearman,Xiushui,修水,All,14,spearman,month_median,20,20,0,2000,lag_window_0_20,搜索窗0-20天
main_month_median_spearman,Changjiang,昌江,All,14,spearman,month_median,15,0,0,2000,exclude_liaohe,排除潦河后的六流域
main_month_median_spearman,Changjiang,昌江,All,14,spearman,month_median,15,1,0,2000,exclude_liaohe,排除潦河后的六流域
main_month_median_spearman,Changjiang,昌江,All,14,spearman,month_median,15,2,1,2000,exclude_liaohe,排除潦河后的六流域
main_month_median_spearman,Changjiang,昌江,All,14,spearman,month_median,15,3,0,2000,exclude_liaohe,排除潦河后的六流域
main_month_median_spearman,Changjiang,昌江,All,14,spearman,month_median,15,4,0,2000,exclude_liaohe,排除潦河后的六流域
main_month_median_spearman,Changjiang,昌江,All,14,spearman,month_median,15,5,0,2000,exclude_liaohe,排除潦河后的六流域
main_month_median_spearman,Changjiang,昌江,All,14,spearman,month_median,15,6,0,2000,exclude_liaohe,排除潦河后的六流域
main_month_median_spearman,Changjiang,昌江,All,14,spearman,month_median,15,7,0,2000,exclude_liaohe,排除潦河后的六流域
main_month_median_spearman,Changjiang,昌江,All,14,spearman,month_median,15,8,0,2000,exclude_liaohe,排除潦河后的六流域
main_month_median_spearman,Changjiang,昌江,All,14,spearman,month_median,15,9,0,2000,exclude_liaohe,排除潦河后的六流域
main_month_median_spearman,Changjiang,昌江,All,14,spearman,month_median,15,10,0,2000,exclude_liaohe,排除潦河后的六流域
main_month_median_spearman,Changjiang,昌江,All,14,spearman,month_median,15,11,0,2000,exclude_liaohe,排除潦河后的六流域
main_month_median_spearman,Changjiang,昌江,All,14,spearman,month_median,15,12,0,2000,exclude_liaohe,排除潦河后的六流域
main_month_median_spearman,Changjiang,昌江,All,14,spearman,month_median,15,13,0,2000,exclude_liaohe,排除潦河后的六流域
main_month_median_spearman,Changjiang,昌江,All,14,spearman,month_median,15,14,0,2000,exclude_liaohe,排除潦河后的六流域
main_month_median_spearman,Changjiang,昌江,All,14,spearman,month_median,15,15,0,2000,exclude_liaohe,排除潦河后的六流域
main_month_median_spearman,Fuhe,抚河,All,14,spearman,month_median,15,0,0,2000,exclude_liaohe,排除潦河后的六流域
main_month_median_spearman,Fuhe,抚河,All,14,spearman,month_median,15,1,0,2000,exclude_liaohe,排除潦河后的六流域
main_month_median_spearman,Fuhe,抚河,All,14,spearman,month_median,15,2,0.9985,2000,exclude_liaohe,排除潦河后的六流域
main_month_median_spearman,Fuhe,抚河,All,14,spearman,month_median,15,3,0.0015,2000,exclude_liaohe,排除潦河后的六流域
main_month_median_spearman,Fuhe,抚河,All,14,spearman,month_median,15,4,0,2000,exclude_liaohe,排除潦河后的六流域
main_month_median_spearman,Fuhe,抚河,All,14,spearman,month_median,15,5,0,2000,exclude_liaohe,排除潦河后的六流域
main_month_median_spearman,Fuhe,抚河,All,14,spearman,month_median,15,6,0,2000,exclude_liaohe,排除潦河后的六流域
main_month_median_spearman,Fuhe,抚河,All,14,spearman,month_median,15,7,0,2000,exclude_liaohe,排除潦河后的六流域
main_month_median_spearman,Fuhe,抚河,All,14,spearman,month_median,15,8,0,2000,exclude_liaohe,排除潦河后的六流域
main_month_median_spearman,Fuhe,抚河,All,14,spearman,month_median,15,9,0,2000,exclude_liaohe,排除潦河后的六流域
main_month_median_spearman,Fuhe,抚河,All,14,spearman,month_median,15,10,0,2000,exclude_liaohe,排除潦河后的六流域
main_month_median_spearman,Fuhe,抚河,All,14,spearman,month_median,15,11,0,2000,exclude_liaohe,排除潦河后的六流域
main_month_median_spearman,Fuhe,抚河,All,14,spearman,month_median,15,12,0,2000,exclude_liaohe,排除潦河后的六流域
main_month_median_spearman,Fuhe,抚河,All,14,spearman,month_median,15,13,0,2000,exclude_liaohe,排除潦河后的六流域
main_month_median_spearman,Fuhe,抚河,All,14,spearman,month_median,15,14,0,2000,exclude_liaohe,排除潦河后的六流域
main_month_median_spearman,Fuhe,抚河,All,14,spearman,month_median,15,15,0,2000,exclude_liaohe,排除潦河后的六流域
main_month_median_spearman,Ganjiang,赣江,All,14,spearman,month_median,15,0,0,2000,exclude_liaohe,排除潦河后的六流域
main_month_median_spearman,Ganjiang,赣江,All,14,spearman,month_median,15,1,0,2000,exclude_liaohe,排除潦河后的六流域
main_month_median_spearman,Ganjiang,赣江,All,14,spearman,month_median,15,2,0,2000,exclude_liaohe,排除潦河后的六流域
main_month_median_spearman,Ganjiang,赣江,All,14,spearman,month_median,15,3,0.002,2000,exclude_liaohe,排除潦河后的六流域
main_month_median_spearman,Ganjiang,赣江,All,14,spearman,month_median,15,4,0.539,2000,exclude_liaohe,排除潦河后的六流域
main_month_median_spearman,Ganjiang,赣江,All,14,spearman,month_median,15,5,0.456,2000,exclude_liaohe,排除潦河后的六流域
main_month_median_spearman,Ganjiang,赣江,All,14,spearman,month_median,15,6,0.003,2000,exclude_liaohe,排除潦河后的六流域
main_month_median_spearman,Ganjiang,赣江,All,14,spearman,month_median,15,7,0,2000,exclude_liaohe,排除潦河后的六流域
main_month_median_spearman,Ganjiang,赣江,All,14,spearman,month_median,15,8,0,2000,exclude_liaohe,排除潦河后的六流域
main_month_median_spearman,Ganjiang,赣江,All,14,spearman,month_median,15,9,0,2000,exclude_liaohe,排除潦河后的六流域
main_month_median_spearman,Ganjiang,赣江,All,14,spearman,month_median,15,10,0,2000,exclude_liaohe,排除潦河后的六流域
main_month_median_spearman,Ganjiang,赣江,All,14,spearman,month_median,15,11,0,2000,exclude_liaohe,排除潦河后的六流域
main_month_median_spearman,Ganjiang,赣江,All,14,spearman,month_median,15,12,0,2000,exclude_liaohe,排除潦河后的六流域
main_month_median_spearman,Ganjiang,赣江,All,14,spearman,month_median,15,13,0,2000,exclude_liaohe,排除潦河后的六流域
main_month_median_spearman,Ganjiang,赣江,All,14,spearman,month_median,15,14,0,2000,exclude_liaohe,排除潦河后的六流域
main_month_median_spearman,Ganjiang,赣江,All,14,spearman,month_median,15,15,0,2000,exclude_liaohe,排除潦河后的六流域
main_month_median_spearman,Le'anhe,乐安河,All,14,spearman,month_median,15,0,0,2000,exclude_liaohe,排除潦河后的六流域
main_month_median_spearman,Le'anhe,乐安河,All,14,spearman,month_median,15,1,0,2000,exclude_liaohe,排除潦河后的六流域
main_month_median_spearman,Le'anhe,乐安河,All,14,spearman,month_median,15,2,1,2000,exclude_liaohe,排除潦河后的六流域
main_month_median_spearman,Le'anhe,乐安河,All,14,spearman,month_median,15,3,0,2000,exclude_liaohe,排除潦河后的六流域
main_month_median_spearman,Le'anhe,乐安河,All,14,spearman,month_median,15,4,0,2000,exclude_liaohe,排除潦河后的六流域
main_month_median_spearman,Le'anhe,乐安河,All,14,spearman,month_median,15,5,0,2000,exclude_liaohe,排除潦河后的六流域
main_month_median_spearman,Le'anhe,乐安河,All,14,spearman,month_median,15,6,0,2000,exclude_liaohe,排除潦河后的六流域
main_month_median_spearman,Le'anhe,乐安河,All,14,spearman,month_median,15,7,0,2000,exclude_liaohe,排除潦河后的六流域
main_month_median_spearman,Le'anhe,乐安河,All,14,spearman,month_median,15,8,0,2000,exclude_liaohe,排除潦河后的六流域
main_month_median_spearman,Le'anhe,乐安河,All,14,spearman,month_median,15,9,0,2000,exclude_liaohe,排除潦河后的六流域
main_month_median_spearman,Le'anhe,乐安河,All,14,spearman,month_median,15,10,0,2000,exclude_liaohe,排除潦河后的六流域
main_month_median_spearman,Le'anhe,乐安河,All,14,spearman,month_median,15,11,0,2000,exclude_liaohe,排除潦河后的六流域
main_month_median_spearman,Le'anhe,乐安河,All,14,spearman,month_median,15,12,0,2000,exclude_liaohe,排除潦河后的六流域
main_month_median_spearman,Le'anhe,乐安河,All,14,spearman,month_median,15,13,0,2000,exclude_liaohe,排除潦河后的六流域
main_month_median_spearman,Le'anhe,乐安河,All,14,spearman,month_median,15,14,0,2000,exclude_liaohe,排除潦河后的六流域
main_month_median_spearman,Le'anhe,乐安河,All,14,spearman,month_median,15,15,0,2000,exclude_liaohe,排除潦河后的六流域
main_month_median_spearman,Xinjiang,信江,All,14,spearman,month_median,15,0,0,2000,exclude_liaohe,排除潦河后的六流域
main_month_median_spearman,Xinjiang,信江,All,14,spearman,month_median,15,1,0,2000,exclude_liaohe,排除潦河后的六流域
main_month_median_spearman,Xinjiang,信江,All,14,spearman,month_median,15,2,1,2000,exclude_liaohe,排除潦河后的六流域
main_month_median_spearman,Xinjiang,信江,All,14,spearman,month_median,15,3,0,2000,exclude_liaohe,排除潦河后的六流域
main_month_median_spearman,Xinjiang,信江,All,14,spearman,month_median,15,4,0,2000,exclude_liaohe,排除潦河后的六流域
main_month_median_spearman,Xinjiang,信江,All,14,spearman,month_median,15,5,0,2000,exclude_liaohe,排除潦河后的六流域
main_month_median_spearman,Xinjiang,信江,All,14,spearman,month_median,15,6,0,2000,exclude_liaohe,排除潦河后的六流域
main_month_median_spearman,Xinjiang,信江,All,14,spearman,month_median,15,7,0,2000,exclude_liaohe,排除潦河后的六流域
main_month_median_spearman,Xinjiang,信江,All,14,spearman,month_median,15,8,0,2000,exclude_liaohe,排除潦河后的六流域
main_month_median_spearman,Xinjiang,信江,All,14,spearman,month_median,15,9,0,2000,exclude_liaohe,排除潦河后的六流域
main_month_median_spearman,Xinjiang,信江,All,14,spearman,month_median,15,10,0,2000,exclude_liaohe,排除潦河后的六流域
main_month_median_spearman,Xinjiang,信江,All,14,spearman,month_median,15,11,0,2000,exclude_liaohe,排除潦河后的六流域
main_month_median_spearman,Xinjiang,信江,All,14,spearman,month_median,15,12,0,2000,exclude_liaohe,排除潦河后的六流域
main_month_median_spearman,Xinjiang,信江,All,14,spearman,month_median,15,13,0,2000,exclude_liaohe,排除潦河后的六流域
main_month_median_spearman,Xinjiang,信江,All,14,spearman,month_median,15,14,0,2000,exclude_liaohe,排除潦河后的六流域
main_month_median_spearman,Xinjiang,信江,All,14,spearman,month_median,15,15,0,2000,exclude_liaohe,排除潦河后的六流域
main_month_median_spearman,Xiushui,修水,All,14,spearman,month_median,15,0,0,2000,exclude_liaohe,排除潦河后的六流域
main_month_median_spearman,Xiushui,修水,All,14,spearman,month_median,15,1,0.0005,2000,exclude_liaohe,排除潦河后的六流域
main_month_median_spearman,Xiushui,修水,All,14,spearman,month_median,15,2,0.0025,2000,exclude_liaohe,排除潦河后的六流域
main_month_median_spearman,Xiushui,修水,All,14,spearman,month_median,15,3,0.105,2000,exclude_liaohe,排除潦河后的六流域
main_month_median_spearman,Xiushui,修水,All,14,spearman,month_median,15,4,0.061,2000,exclude_liaohe,排除潦河后的六流域
main_month_median_spearman,Xiushui,修水,All,14,spearman,month_median,15,5,0.0335,2000,exclude_liaohe,排除潦河后的六流域
main_month_median_spearman,Xiushui,修水,All,14,spearman,month_median,15,6,0.0055,2000,exclude_liaohe,排除潦河后的六流域
main_month_median_spearman,Xiushui,修水,All,14,spearman,month_median,15,7,0.408,2000,exclude_liaohe,排除潦河后的六流域
main_month_median_spearman,Xiushui,修水,All,14,spearman,month_median,15,8,0.35,2000,exclude_liaohe,排除潦河后的六流域
main_month_median_spearman,Xiushui,修水,All,14,spearman,month_median,15,9,0.004,2000,exclude_liaohe,排除潦河后的六流域
main_month_median_spearman,Xiushui,修水,All,14,spearman,month_median,15,10,0.026,2000,exclude_liaohe,排除潦河后的六流域
main_month_median_spearman,Xiushui,修水,All,14,spearman,month_median,15,11,0,2000,exclude_liaohe,排除潦河后的六流域
main_month_median_spearman,Xiushui,修水,All,14,spearman,month_median,15,12,0,2000,exclude_liaohe,排除潦河后的六流域
main_month_median_spearman,Xiushui,修水,All,14,spearman,month_median,15,13,0,2000,exclude_liaohe,排除潦河后的六流域
main_month_median_spearman,Xiushui,修水,All,14,spearman,month_median,15,14,0.0025,2000,exclude_liaohe,排除潦河后的六流域
main_month_median_spearman,Xiushui,修水,All,14,spearman,month_median,15,15,0.0015,2000,exclude_liaohe,排除潦河后的六流域
