config_id,basin_en,basin_cn,season,block_count,correlation_method,deseason_method,lag_days,observed_correlation,bootstrap_correlation_median,bootstrap_correlation_ci025,bootstrap_correlation_ci975,bootstrap_reps
full2020_month_median_spearman,Changjiang,昌江,All,15,spearman,month_median,0,0.2237194969,0.2230658233,0.1957908124,0.2549765408,2000
full2020_month_median_spearman,Changjiang,昌江,All,15,spearman,month_median,1,0.3435473316,0.3438954949,0.3194570243,0.3709280491,2000
full2020_month_median_spearman,Changjiang,昌江,All,15,spearman,month_median,2,0.3727829872,0.3728625476,0.3464955986,0.4019992352,2000
full2020_month_median_spearman,Changjiang,昌江,All,15,spearman,month_median,3,0.3384578282,0.3381652832,0.3096015751,0.3699472845,2000
full2020_month_median_spearman,Changjiang,昌江,All,15,spearman,month_median,4,0.2978312948,0.2971023917,0.270776391,0.3283007145,2000
full2020_month_median_spearman,Changjiang,昌江,All,15,spearman,month_median,5,0.2524359605,0.2518329918,0.2210411727,0.2865868211,2000
full2020_month_median_spearman,Changjiang,昌江,All,15,spearman,month_median,6,0.2130186726,0.2119814456,0.1754585505,0.2523008585,2000
full2020_month_median_spearman,Changjiang,昌江,All,15,spearman,month_median,7,0.1965574598,0.1955452859,0.1562499404,0.237958461,2000
full2020_month_median_spearman,Changjiang,昌江,All,15,spearman,month_median,8,0.1893763316,0.1892238557,0.1443493068,0.2342994958,2000
full2020_month_median_spearman,Changjiang,昌江,All,15,spearman,month_median,9,0.1838998819,0.1843333542,0.1390567869,0.2233586013,2000
full2020_month_median_spearman,Changjiang,昌江,All,15,spearman,month_median,10,0.1633458984,0.1638042331,0.1199408323,0.2003161311,2000
full2020_month_median_spearman,Changjiang,昌江,All,15,spearman,month_median,11,0.1460405051,0.1463769972,0.1092457324,0.1820086241,2000
full2020_month_median_spearman,Changjiang,昌江,All,15,spearman,month_median,12,0.1233965688,0.1230199188,0.08785123378,0.1585062295,2000
full2020_month_median_spearman,Changjiang,昌江,All,15,spearman,month_median,13,0.107458718,0.106336318,0.07000107318,0.1454810053,2000
full2020_month_median_spearman,Changjiang,昌江,All,15,spearman,month_median,14,0.08851831944,0.08812134713,0.04888861999,0.1274350584,2000
full2020_month_median_spearman,Changjiang,昌江,All,15,spearman,month_median,15,0.08441864588,0.08484037966,0.0427413471,0.1224336326,2000
full2020_month_median_spearman,Changjiang,昌江,All,15,spearman,month_median,16,0.07883314075,0.07857577503,0.03725457937,0.1171690598,2000
full2020_month_median_spearman,Changjiang,昌江,All,15,spearman,month_median,17,0.0664376709,0.06553919613,0.02451524138,0.1057664976,2000
full2020_month_median_spearman,Changjiang,昌江,All,15,spearman,month_median,18,0.05369927547,0.05316613242,0.009996609762,0.09208247066,2000
full2020_month_median_spearman,Changjiang,昌江,All,15,spearman,month_median,19,0.04650719981,0.04576740041,0.004951430485,0.08309499174,2000
full2020_month_median_spearman,Changjiang,昌江,All,15,spearman,month_median,20,0.0493981007,0.04896233976,0.01258304156,0.08475670964,2000
full2020_month_median_spearman,Changjiang,昌江,Autumn,15,spearman,month_median,0,0.1498702856,0.1457991898,0.07787971199,0.2072793096,2000
full2020_month_median_spearman,Changjiang,昌江,Autumn,15,spearman,month_median,1,0.2109966998,0.2081433237,0.1532916874,0.2599385083,2000
full2020_month_median_spearman,Changjiang,昌江,Autumn,15,spearman,month_median,2,0.2457861482,0.2443509102,0.1914225668,0.2944750488,2000
full2020_month_median_spearman,Changjiang,昌江,Autumn,15,spearman,month_median,3,0.2384233495,0.2376913726,0.1752833128,0.2978981435,2000
full2020_month_median_spearman,Changjiang,昌江,Autumn,15,spearman,month_median,4,0.2189357988,0.2160563171,0.1518658102,0.283341825,2000
full2020_month_median_spearman,Changjiang,昌江,Autumn,15,spearman,month_median,5,0.2022039873,0.1980855316,0.1359375119,0.2636489868,2000
full2020_month_median_spearman,Changjiang,昌江,Autumn,15,spearman,month_median,6,0.1791557051,0.1756532192,0.1097122952,0.2390155941,2000
full2020_month_median_spearman,Changjiang,昌江,Autumn,15,spearman,month_median,7,0.1606671148,0.1576508284,0.07519485801,0.2329208404,2000
full2020_month_median_spearman,Changjiang,昌江,Autumn,15,spearman,month_median,8,0.1470669198,0.14276658,0.05975227058,0.2302415371,2000
full2020_month_median_spearman,Changjiang,昌江,Autumn,15,spearman,month_median,9,0.1291104288,0.1256368756,0.04511789605,0.2179359347,2000
full2020_month_median_spearman,Changjiang,昌江,Autumn,15,spearman,month_median,10,0.1200226185,0.115630582,0.0344912,0.2094786465,2000
full2020_month_median_spearman,Changjiang,昌江,Autumn,15,spearman,month_median,11,0.1210638069,0.1155140549,0.03166858107,0.2100341022,2000
full2020_month_median_spearman,Changjiang,昌江,Autumn,15,spearman,month_median,12,0.1355653872,0.1286524087,0.03365341946,0.2340575606,2000
full2020_month_median_spearman,Changjiang,昌江,Autumn,15,spearman,month_median,13,0.1513873327,0.1456000507,0.04529163614,0.2538246512,2000
full2020_month_median_spearman,Changjiang,昌江,Autumn,15,spearman,month_median,14,0.1466579522,0.14471367,0.04530558363,0.2331425995,2000
full2020_month_median_spearman,Changjiang,昌江,Autumn,15,spearman,month_median,15,0.1317732331,0.1293487847,0.03858879581,0.2103826851,2000
full2020_month_median_spearman,Changjiang,昌江,Autumn,15,spearman,month_median,16,0.1271929159,0.1238136068,0.03369767591,0.2088090479,2000
full2020_month_median_spearman,Changjiang,昌江,Autumn,15,spearman,month_median,17,0.1242849118,0.1192792803,0.03004991263,0.2050624192,2000
full2020_month_median_spearman,Changjiang,昌江,Autumn,15,spearman,month_median,18,0.1347373039,0.1294291019,0.04926273972,0.2117708921,2000
full2020_month_median_spearman,Changjiang,昌江,Autumn,15,spearman,month_median,19,0.1448472811,0.1400332153,0.06267949939,0.2252778262,2000
full2020_month_median_spearman,Changjiang,昌江,Autumn,15,spearman,month_median,20,0.1440099979,0.137870729,0.05933310464,0.2312214971,2000
full2020_month_median_spearman,Changjiang,昌江,Spring,15,spearman,month_median,0,0.1907716067,0.1872062981,0.1153108254,0.2543289363,2000
full2020_month_median_spearman,Changjiang,昌江,Spring,15,spearman,month_median,1,0.3325306508,0.3318333924,0.2546704412,0.4026216567,2000
full2020_month_median_spearman,Changjiang,昌江,Spring,15,spearman,month_median,2,0.3487680163,0.3482294679,0.2761794627,0.4110138416,2000
full2020_month_median_spearman,Changjiang,昌江,Spring,15,spearman,month_median,3,0.3146243414,0.3139323592,0.253685236,0.3660476804,2000
full2020_month_median_spearman,Changjiang,昌江,Spring,15,spearman,month_median,4,0.2640738475,0.2617004514,0.2054687291,0.3156259954,2000
full2020_month_median_spearman,Changjiang,昌江,Spring,15,spearman,month_median,5,0.2198051874,0.2174537778,0.1518985927,0.280570209,2000
full2020_month_median_spearman,Changjiang,昌江,Spring,15,spearman,month_median,6,0.1719937762,0.1689641476,0.09365125746,0.2330552936,2000
full2020_month_median_spearman,Changjiang,昌江,Spring,15,spearman,month_median,7,0.1525527107,0.1490210146,0.07176329195,0.2124845535,2000
full2020_month_median_spearman,Changjiang,昌江,Spring,15,spearman,month_median,8,0.1567675172,0.1523084939,0.08280186355,0.2107076198,2000
full2020_month_median_spearman,Changjiang,昌江,Spring,15,spearman,month_median,9,0.1637276061,0.1600244045,0.1000877097,0.209607169,2000
full2020_month_median_spearman,Changjiang,昌江,Spring,15,spearman,month_median,10,0.1584197574,0.1537705511,0.09702169895,0.20710361,2000
full2020_month_median_spearman,Changjiang,昌江,Spring,15,spearman,month_median,11,0.1355050115,0.1304882169,0.07511878014,0.1851627976,2000
full2020_month_median_spearman,Changjiang,昌江,Spring,15,spearman,month_median,12,0.1021417375,0.09755540639,0.03203345463,0.1629788578,2000
full2020_month_median_spearman,Changjiang,昌江,Spring,15,spearman,month_median,13,0.08824974863,0.08377942443,0.007011450827,0.1570553184,2000
full2020_month_median_spearman,Changjiang,昌江,Spring,15,spearman,month_median,14,0.07730324518,0.07259386778,-0.004507686477,0.1428340971,2000
full2020_month_median_spearman,Changjiang,昌江,Spring,15,spearman,month_median,15,0.0723514304,0.06880814582,-0.008613863029,0.1405517757,2000
full2020_month_median_spearman,Changjiang,昌江,Spring,15,spearman,month_median,16,0.06473413711,0.06062065437,-0.01998881251,0.1352124214,2000
full2020_month_median_spearman,Changjiang,昌江,Spring,15,spearman,month_median,17,0.06210092931,0.05810131505,-0.008766103536,0.1247529685,2000
full2020_month_median_spearman,Changjiang,昌江,Spring,15,spearman,month_median,18,0.04811637969,0.04268024117,-0.02125119977,0.1119149029,2000
full2020_month_median_spearman,Changjiang,昌江,Spring,15,spearman,month_median,19,0.03681358082,0.03116349503,-0.0360612534,0.09947954118,2000
full2020_month_median_spearman,Changjiang,昌江,Spring,15,spearman,month_median,20,0.06032972387,0.0559502393,-0.02058450133,0.1350983679,2000
full2020_month_median_spearman,Changjiang,昌江,Summer,15,spearman,month_median,0,0.3291184304,0.3281702995,0.2673693001,0.3848287463,2000
full2020_month_median_spearman,Changjiang,昌江,Summer,15,spearman,month_median,1,0.4921754178,0.4922599792,0.4403857291,0.5416924953,2000
full2020_month_median_spearman,Changjiang,昌江,Summer,15,spearman,month_median,2,0.5084283134,0.5083745718,0.4623087645,0.5536901951,2000
full2020_month_median_spearman,Changjiang,昌江,Summer,15,spearman,month_median,3,0.429228194,0.4294931293,0.3732658327,0.4850462079,2000
full2020_month_median_spearman,Changjiang,昌江,Summer,15,spearman,month_median,4,0.3634904817,0.3628827333,0.3097826242,0.4153763056,2000
full2020_month_median_spearman,Changjiang,昌江,Summer,15,spearman,month_median,5,0.2918003873,0.291465342,0.2327950299,0.3515145183,2000
full2020_month_median_spearman,Changjiang,昌江,Summer,15,spearman,month_median,6,0.2323990123,0.2319948375,0.1584264636,0.3052885234,2000
full2020_month_median_spearman,Changjiang,昌江,Summer,15,spearman,month_median,7,0.1928732609,0.1925764084,0.1134335846,0.2713785172,2000
full2020_month_median_spearman,Changjiang,昌江,Summer,15,spearman,month_median,8,0.1668821896,0.1652145684,0.08778070658,0.2412562668,2000
full2020_month_median_spearman,Changjiang,昌江,Summer,15,spearman,month_median,9,0.1489526725,0.1463194788,0.08492197841,0.2106226534,2000
full2020_month_median_spearman,Changjiang,昌江,Summer,15,spearman,month_median,10,0.1317688453,0.1292151064,0.07201389223,0.1955294013,2000
full2020_month_median_spearman,Changjiang,昌江,Summer,15,spearman,month_median,11,0.1126182255,0.1100496203,0.04759498686,0.1771677136,2000
full2020_month_median_spearman,Changjiang,昌江,Summer,15,spearman,month_median,12,0.09038662112,0.08800780028,0.0190347638,0.1581031978,2000
full2020_month_median_spearman,Changjiang,昌江,Summer,15,spearman,month_median,13,0.05466974194,0.05121635646,-0.02539965324,0.1287383437,2000
full2020_month_median_spearman,Changjiang,昌江,Summer,15,spearman,month_median,14,0.03224684949,0.02974272519,-0.04197828844,0.09723815322,2000
full2020_month_median_spearman,Changjiang,昌江,Summer,15,spearman,month_median,15,0.04644293917,0.04271201044,-0.03215795383,0.1147610843,2000
full2020_month_median_spearman,Changjiang,昌江,Summer,15,spearman,month_median,16,0.03765420144,0.03465828672,-0.03325916454,0.101192154,2000
full2020_month_median_spearman,Changjiang,昌江,Summer,15,spearman,month_median,17,0.01407510051,0.01068817265,-0.06100435555,0.08641220629,2000
full2020_month_median_spearman,Changjiang,昌江,Summer,15,spearman,month_median,18,-0.008158589337,-0.01014925726,-0.08357507735,0.06112970412,2000
full2020_month_median_spearman,Changjiang,昌江,Summer,15,spearman,month_median,19,-0.01616642416,-0.01794444025,-0.09336074442,0.05084727705,2000
full2020_month_median_spearman,Changjiang,昌江,Summer,15,spearman,month_median,20,-0.0187637812,-0.02128017321,-0.09799994528,0.05717974901,2000
full2020_month_median_spearman,Changjiang,昌江,Winter,14,spearman,month_median,0,0.237039646,0.2386431843,0.1565380692,0.322545886,2000
full2020_month_median_spearman,Changjiang,昌江,Winter,14,spearman,month_median,1,0.2859356075,0.2883310914,0.2113677859,0.3717346787,2000
full2020_month_median_spearman,Changjiang,昌江,Winter,14,spearman,month_median,2,0.307168291,0.3100762367,0.2322808653,0.4003333747,2000
full2020_month_median_spearman,Changjiang,昌江,Winter,14,spearman,month_median,3,0.3017255634,0.3032528162,0.2277344316,0.3913807869,2000
full2020_month_median_spearman,Changjiang,昌江,Winter,14,spearman,month_median,4,0.296415208,0.2978180945,0.2178944945,0.3839227855,2000
full2020_month_median_spearman,Changjiang,昌江,Winter,14,spearman,month_median,5,0.2854829679,0.2859346867,0.194110617,0.3786848485,2000
full2020_month_median_spearman,Changjiang,昌江,Winter,14,spearman,month_median,6,0.2832644994,0.2833716273,0.1900138557,0.3796359897,2000
full2020_month_median_spearman,Changjiang,昌江,Winter,14,spearman,month_median,7,0.283025979,0.283121407,0.1837597936,0.3837549984,2000
full2020_month_median_spearman,Changjiang,昌江,Winter,14,spearman,month_median,8,0.2698561316,0.2711610794,0.173733294,0.3658570349,2000
full2020_month_median_spearman,Changjiang,昌江,Winter,14,spearman,month_median,9,0.2558990068,0.2566248178,0.1576938182,0.3457172811,2000
full2020_month_median_spearman,Changjiang,昌江,Winter,14,spearman,month_median,10,0.230813765,0.2289636731,0.1272169054,0.3189405203,2000
full2020_month_median_spearman,Changjiang,昌江,Winter,14,spearman,month_median,11,0.1987820977,0.1970092654,0.08709081262,0.294431299,2000
full2020_month_median_spearman,Changjiang,昌江,Winter,14,spearman,month_median,12,0.1702366218,0.1679696441,0.04805896804,0.2671674788,2000
full2020_month_median_spearman,Changjiang,昌江,Winter,14,spearman,month_median,13,0.1463073415,0.1440751255,0.02330340631,0.2339173853,2000
full2020_month_median_spearman,Changjiang,昌江,Winter,14,spearman,month_median,14,0.1139345031,0.1120791435,-0.01713131741,0.2080178261,2000
full2020_month_median_spearman,Changjiang,昌江,Winter,14,spearman,month_median,15,0.0866942937,0.08719015867,-0.05711561441,0.1898994744,2000
full2020_month_median_spearman,Changjiang,昌江,Winter,14,spearman,month_median,16,0.06255242567,0.06473763287,-0.08718407899,0.1711669266,2000
full2020_month_median_spearman,Changjiang,昌江,Winter,14,spearman,month_median,17,0.05678611243,0.05853355676,-0.09254519641,0.1717964709,2000
full2020_month_median_spearman,Changjiang,昌江,Winter,14,spearman,month_median,18,0.06025894662,0.060748294,-0.08414553106,0.172047168,2000
full2020_month_median_spearman,Changjiang,昌江,Winter,14,spearman,month_median,19,0.07884602086,0.07834936678,-0.05475508422,0.1800613552,2000
full2020_month_median_spearman,Changjiang,昌江,Winter,14,spearman,month_median,20,0.09151446662,0.08935134113,-0.02712534741,0.1831919402,2000
full2020_month_median_spearman,Fuhe,抚河,All,15,spearman,month_median,0,0.172736804,0.1718996465,0.1363375187,0.2070221305,2000
full2020_month_median_spearman,Fuhe,抚河,All,15,spearman,month_median,1,0.3325234305,0.3323428035,0.2990810275,0.3699267805,2000
full2020_month_median_spearman,Fuhe,抚河,All,15,spearman,month_median,2,0.4158500218,0.4167762399,0.3851687908,0.4502427578,2000
full2020_month_median_spearman,Fuhe,抚河,All,15,spearman,month_median,3,0.3935874291,0.3949133158,0.366727829,0.4227565229,2000
full2020_month_median_spearman,Fuhe,抚河,All,15,spearman,month_median,4,0.3375955319,0.3383886814,0.310685724,0.3649588525,2000
full2020_month_median_spearman,Fuhe,抚河,All,15,spearman,month_median,5,0.2858233757,0.285356164,0.2577775419,0.3148839772,2000
full2020_month_median_spearman,Fuhe,抚河,All,15,spearman,month_median,6,0.2515858708,0.2508651316,0.227200225,0.2778075933,2000
full2020_month_median_spearman,Fuhe,抚河,All,15,spearman,month_median,7,0.220610403,0.219766289,0.1949005276,0.246540904,2000
full2020_month_median_spearman,Fuhe,抚河,All,15,spearman,month_median,8,0.2018963096,0.2008763254,0.1657159925,0.2348102331,2000
full2020_month_median_spearman,Fuhe,抚河,All,15,spearman,month_median,9,0.1916033376,0.190978542,0.1454272717,0.2325239778,2000
full2020_month_median_spearman,Fuhe,抚河,All,15,spearman,month_median,10,0.1713371499,0.1709953547,0.1214786991,0.2135500312,2000
full2020_month_median_spearman,Fuhe,抚河,All,15,spearman,month_median,11,0.1473218239,0.1473226249,0.1060701087,0.1815890819,2000
full2020_month_median_spearman,Fuhe,抚河,All,15,spearman,month_median,12,0.1278398204,0.1268825829,0.08535642922,0.1620960683,2000
full2020_month_median_spearman,Fuhe,抚河,All,15,spearman,month_median,13,0.1146542482,0.1134376228,0.07226525992,0.1471633464,2000
full2020_month_median_spearman,Fuhe,抚河,All,15,spearman,month_median,14,0.1071703928,0.1062664464,0.06812224537,0.1375389546,2000
full2020_month_median_spearman,Fuhe,抚河,All,15,spearman,month_median,15,0.1001095199,0.09907414019,0.0660738647,0.1276673526,2000
full2020_month_median_spearman,Fuhe,抚河,All,15,spearman,month_median,16,0.08976253788,0.08840282261,0.05245572701,0.1195102185,2000
full2020_month_median_spearman,Fuhe,抚河,All,15,spearman,month_median,17,0.08707585464,0.08547741175,0.05066395551,0.117670536,2000
full2020_month_median_spearman,Fuhe,抚河,All,15,spearman,month_median,18,0.08590860827,0.08465057611,0.04950824752,0.118442595,2000
full2020_month_median_spearman,Fuhe,抚河,All,15,spearman,month_median,19,0.0709981076,0.06913403422,0.03031985089,0.109785147,2000
full2020_month_median_spearman,Fuhe,抚河,All,15,spearman,month_median,20,0.05555954928,0.05385930836,0.009581704624,0.1039623544,2000
full2020_month_median_spearman,Fuhe,抚河,Autumn,15,spearman,month_median,0,0.2435685831,0.2430432439,0.1454195231,0.3295514286,2000
full2020_month_median_spearman,Fuhe,抚河,Autumn,15,spearman,month_median,1,0.3343131538,0.3344354033,0.2491462827,0.414488703,2000
full2020_month_median_spearman,Fuhe,抚河,Autumn,15,spearman,month_median,2,0.4018287586,0.4034125805,0.3299268782,0.4706724882,2000
full2020_month_median_spearman,Fuhe,抚河,Autumn,15,spearman,month_median,3,0.4154812047,0.41528368,0.3479730785,0.4830177426,2000
full2020_month_median_spearman,Fuhe,抚河,Autumn,15,spearman,month_median,4,0.397386916,0.3950630724,0.3239528835,0.471110791,2000
full2020_month_median_spearman,Fuhe,抚河,Autumn,15,spearman,month_median,5,0.3633613976,0.3606968224,0.2864049971,0.4387798011,2000
full2020_month_median_spearman,Fuhe,抚河,Autumn,15,spearman,month_median,6,0.3272289502,0.3246293664,0.2509883642,0.3989813924,2000
full2020_month_median_spearman,Fuhe,抚河,Autumn,15,spearman,month_median,7,0.2826234555,0.2785969973,0.1977602541,0.3595921397,2000
full2020_month_median_spearman,Fuhe,抚河,Autumn,15,spearman,month_median,8,0.2513828062,0.2479369938,0.1644371599,0.3335481882,2000
full2020_month_median_spearman,Fuhe,抚河,Autumn,15,spearman,month_median,9,0.2206057732,0.2144140303,0.1391264647,0.2964738905,2000
full2020_month_median_spearman,Fuhe,抚河,Autumn,15,spearman,month_median,10,0.198653343,0.1924697906,0.1206050217,0.2644863427,2000
full2020_month_median_spearman,Fuhe,抚河,Autumn,15,spearman,month_median,11,0.2018426955,0.1947543919,0.1214863434,0.2604749799,2000
full2020_month_median_spearman,Fuhe,抚河,Autumn,15,spearman,month_median,12,0.1965834936,0.1889878362,0.1138446108,0.25760746,2000
full2020_month_median_spearman,Fuhe,抚河,Autumn,15,spearman,month_median,13,0.1886163665,0.1818931848,0.1022888124,0.2515055239,2000
full2020_month_median_spearman,Fuhe,抚河,Autumn,15,spearman,month_median,14,0.1676213716,0.1616637409,0.07871352136,0.2354644984,2000
full2020_month_median_spearman,Fuhe,抚河,Autumn,15,spearman,month_median,15,0.1416696164,0.1352940202,0.05018819496,0.2098343372,2000
full2020_month_median_spearman,Fuhe,抚河,Autumn,15,spearman,month_median,16,0.1351056282,0.1287781298,0.05006138608,0.2014393508,2000
full2020_month_median_spearman,Fuhe,抚河,Autumn,15,spearman,month_median,17,0.103416033,0.09672185779,0.007494046818,0.1767155975,2000
full2020_month_median_spearman,Fuhe,抚河,Autumn,15,spearman,month_median,18,0.09523651612,0.08801175654,-0.007101716008,0.1707624644,2000
full2020_month_median_spearman,Fuhe,抚河,Autumn,15,spearman,month_median,19,0.09031300349,0.08343341947,-0.01723829471,0.1701453328,2000
full2020_month_median_spearman,Fuhe,抚河,Autumn,15,spearman,month_median,20,0.08940433491,0.08223879337,-0.01873425767,0.1692048907,2000
full2020_month_median_spearman,Fuhe,抚河,Spring,15,spearman,month_median,0,0.1691675287,0.1654874086,0.1145111099,0.2073326558,2000
full2020_month_median_spearman,Fuhe,抚河,Spring,15,spearman,month_median,1,0.3747299274,0.374432683,0.3331894279,0.4119009972,2000
full2020_month_median_spearman,Fuhe,抚河,Spring,15,spearman,month_median,2,0.4705750858,0.4711920619,0.4318324924,0.5098792911,2000
full2020_month_median_spearman,Fuhe,抚河,Spring,15,spearman,month_median,3,0.4250856965,0.4254047871,0.3877801299,0.4627023041,2000
full2020_month_median_spearman,Fuhe,抚河,Spring,15,spearman,month_median,4,0.3570545199,0.3567197919,0.3182469606,0.3966481686,2000
full2020_month_median_spearman,Fuhe,抚河,Spring,15,spearman,month_median,5,0.3035297639,0.3018769026,0.2547489703,0.344620645,2000
full2020_month_median_spearman,Fuhe,抚河,Spring,15,spearman,month_median,6,0.2673930161,0.2647843361,0.2126292884,0.3121971786,2000
full2020_month_median_spearman,Fuhe,抚河,Spring,15,spearman,month_median,7,0.2363521602,0.2320550084,0.1722722352,0.289981246,2000
full2020_month_median_spearman,Fuhe,抚河,Spring,15,spearman,month_median,8,0.2271115804,0.2213341892,0.1578367651,0.2890097201,2000
full2020_month_median_spearman,Fuhe,抚河,Spring,15,spearman,month_median,9,0.2321925361,0.2260792106,0.1569549441,0.3028325737,2000
full2020_month_median_spearman,Fuhe,抚河,Spring,15,spearman,month_median,10,0.2337620186,0.2282747477,0.1673322171,0.2933298647,2000
full2020_month_median_spearman,Fuhe,抚河,Spring,15,spearman,month_median,11,0.1964129962,0.1930418313,0.1325707287,0.2519047856,2000
full2020_month_median_spearman,Fuhe,抚河,Spring,15,spearman,month_median,12,0.1684114068,0.1664947718,0.09600572288,0.23116377,2000
full2020_month_median_spearman,Fuhe,抚河,Spring,15,spearman,month_median,13,0.1416135947,0.1392736584,0.06330884993,0.20744057,2000
full2020_month_median_spearman,Fuhe,抚河,Spring,15,spearman,month_median,14,0.115599759,0.1133250967,0.03241707012,0.1860494167,2000
full2020_month_median_spearman,Fuhe,抚河,Spring,15,spearman,month_median,15,0.1041035694,0.1015471071,0.01829079911,0.1781969368,2000
full2020_month_median_spearman,Fuhe,抚河,Spring,15,spearman,month_median,16,0.09902273224,0.09552159905,0.004867825657,0.1792757958,2000
full2020_month_median_spearman,Fuhe,抚河,Spring,15,spearman,month_median,17,0.08617042627,0.0836622715,-0.005031588022,0.1646858752,2000
full2020_month_median_spearman,Fuhe,抚河,Spring,15,spearman,month_median,18,0.0773591868,0.07411450893,-0.001264994382,0.1450230181,2000
full2020_month_median_spearman,Fuhe,抚河,Spring,15,spearman,month_median,19,0.06902301559,0.0639615804,-0.0005832996685,0.1253497154,2000
full2020_month_median_spearman,Fuhe,抚河,Spring,15,spearman,month_median,20,0.0609053009,0.05701147765,-0.02125568688,0.1289872378,2000
full2020_month_median_spearman,Fuhe,抚河,Summer,15,spearman,month_median,0,0.1553079238,0.1549762487,0.07550933957,0.2352290303,2000
full2020_month_median_spearman,Fuhe,抚河,Summer,15,spearman,month_median,1,0.3433589784,0.3451235592,0.2744933069,0.4196033776,2000
full2020_month_median_spearman,Fuhe,抚河,Summer,15,spearman,month_median,2,0.4235716357,0.4263970852,0.360886246,0.4910098314,2000
full2020_month_median_spearman,Fuhe,抚河,Summer,15,spearman,month_median,3,0.3943493516,0.3975448012,0.3297725022,0.4568715692,2000
full2020_month_median_spearman,Fuhe,抚河,Summer,15,spearman,month_median,4,0.3195985223,0.3212948442,0.2528809309,0.3842144608,2000
full2020_month_median_spearman,Fuhe,抚河,Summer,15,spearman,month_median,5,0.2421260223,0.2432933599,0.1754033864,0.3003233969,2000
full2020_month_median_spearman,Fuhe,抚河,Summer,15,spearman,month_median,6,0.1846212723,0.185499087,0.1149629503,0.2419377863,2000
full2020_month_median_spearman,Fuhe,抚河,Summer,15,spearman,month_median,7,0.1369876198,0.1366152912,0.05886874348,0.2080309242,2000
full2020_month_median_spearman,Fuhe,抚河,Summer,15,spearman,month_median,8,0.1018705976,0.1009126678,0.01398000587,0.1807967275,2000
full2020_month_median_spearman,Fuhe,抚河,Summer,15,spearman,month_median,9,0.08869531091,0.08549140394,-0.003184715519,0.1710179597,2000
full2020_month_median_spearman,Fuhe,抚河,Summer,15,spearman,month_median,10,0.06406692146,0.05946265161,-0.03346683085,0.1525125951,2000
full2020_month_median_spearman,Fuhe,抚河,Summer,15,spearman,month_median,11,0.04875559564,0.04542961717,-0.04697114974,0.1353336424,2000
full2020_month_median_spearman,Fuhe,抚河,Summer,15,spearman,month_median,12,0.0397198647,0.03607403487,-0.05610172451,0.1294221431,2000
full2020_month_median_spearman,Fuhe,抚河,Summer,15,spearman,month_median,13,0.04152103253,0.03720858693,-0.05070355162,0.1252905279,2000
full2020_month_median_spearman,Fuhe,抚河,Summer,15,spearman,month_median,14,0.05128315464,0.04900421947,-0.04120713845,0.1322406977,2000
full2020_month_median_spearman,Fuhe,抚河,Summer,15,spearman,month_median,15,0.03981797023,0.03779348731,-0.05062455311,0.1143553704,2000
full2020_month_median_spearman,Fuhe,抚河,Summer,15,spearman,month_median,16,0.009370346059,0.00654115295,-0.06968327612,0.07659913599,2000
full2020_month_median_spearman,Fuhe,抚河,Summer,15,spearman,month_median,17,-0.002218836449,-0.006143231411,-0.07460874319,0.05839028955,2000
full2020_month_median_spearman,Fuhe,抚河,Summer,15,spearman,month_median,18,0.004929580681,0.0002518252004,-0.05142119154,0.05244937539,2000
full2020_month_median_spearman,Fuhe,抚河,Summer,15,spearman,month_median,19,-0.01891468828,-0.02396489494,-0.08483857661,0.03212499619,2000
full2020_month_median_spearman,Fuhe,抚河,Summer,15,spearman,month_median,20,-0.03764844557,-0.04397013038,-0.1120251417,0.01941545494,2000
full2020_month_median_spearman,Fuhe,抚河,Winter,14,spearman,month_median,0,0.1595634151,0.1567315757,0.05087428913,0.2468469888,2000
full2020_month_median_spearman,Fuhe,抚河,Winter,14,spearman,month_median,1,0.2539162798,0.2539828122,0.1448673159,0.3470652699,2000
full2020_month_median_spearman,Fuhe,抚河,Winter,14,spearman,month_median,2,0.3276011861,0.3281182945,0.2260248065,0.4252694249,2000
full2020_month_median_spearman,Fuhe,抚河,Winter,14,spearman,month_median,3,0.3545767416,0.3533560038,0.2644343972,0.4530553818,2000
full2020_month_median_spearman,Fuhe,抚河,Winter,14,spearman,month_median,4,0.3576690435,0.3547181487,0.2680613399,0.4621269405,2000
full2020_month_median_spearman,Fuhe,抚河,Winter,14,spearman,month_median,5,0.3450267394,0.3436704278,0.2502743602,0.4471257627,2000
full2020_month_median_spearman,Fuhe,抚河,Winter,14,spearman,month_median,6,0.3215466123,0.3223801553,0.2242692262,0.4202905893,2000
full2020_month_median_spearman,Fuhe,抚河,Winter,14,spearman,month_median,7,0.2980808657,0.2988584638,0.1967018396,0.4035758972,2000
full2020_month_median_spearman,Fuhe,抚河,Winter,14,spearman,month_median,8,0.2783848752,0.2800352573,0.1750065684,0.3847598732,2000
full2020_month_median_spearman,Fuhe,抚河,Winter,14,spearman,month_median,9,0.2639275771,0.2656278014,0.1564141214,0.3711281717,2000
full2020_month_median_spearman,Fuhe,抚河,Winter,14,spearman,month_median,10,0.2469444701,0.2470727861,0.1404798925,0.348162204,2000
full2020_month_median_spearman,Fuhe,抚河,Winter,14,spearman,month_median,11,0.2249992239,0.2218058109,0.1187044904,0.3196699023,2000
full2020_month_median_spearman,Fuhe,抚河,Winter,14,spearman,month_median,12,0.2058511069,0.2039300203,0.07985281944,0.3074089289,2000
full2020_month_median_spearman,Fuhe,抚河,Winter,14,spearman,month_median,13,0.1827798046,0.1812579632,0.04705059901,0.2855510712,2000
full2020_month_median_spearman,Fuhe,抚河,Winter,14,spearman,month_median,14,0.1626625342,0.1608014405,0.02532296814,0.2678445876,2000
full2020_month_median_spearman,Fuhe,抚河,Winter,14,spearman,month_median,15,0.1445751038,0.1421016157,0.004276333377,0.2407597303,2000
full2020_month_median_spearman,Fuhe,抚河,Winter,14,spearman,month_median,16,0.1350275652,0.1341798902,-0.007161344867,0.2289528549,2000
full2020_month_median_spearman,Fuhe,抚河,Winter,14,spearman,month_median,17,0.1261159327,0.1250137389,-0.009305766784,0.2130800337,2000
full2020_month_median_spearman,Fuhe,抚河,Winter,14,spearman,month_median,18,0.1314280124,0.1304492354,-0.002286758274,0.2154915184,2000
full2020_month_median_spearman,Fuhe,抚河,Winter,14,spearman,month_median,19,0.1266170274,0.1250310689,-0.01111323107,0.2115295678,2000
full2020_month_median_spearman,Fuhe,抚河,Winter,14,spearman,month_median,20,0.09419423309,0.09072978795,-0.04486369342,0.1851402968,2000
full2020_month_median_spearman,Ganjiang,赣江,All,15,spearman,month_median,0,0.1213472552,0.1214796752,0.07675757259,0.16145657,2000
full2020_month_median_spearman,Ganjiang,赣江,All,15,spearman,month_median,1,0.1884931911,0.1888313591,0.1465155184,0.2293850034,2000
full2020_month_median_spearman,Ganjiang,赣江,All,15,spearman,month_median,2,0.2567052982,0.2570607364,0.2196581811,0.2959379256,2000
full2020_month_median_spearman,Ganjiang,赣江,All,15,spearman,month_median,3,0.3089161009,0.3095136881,0.2813936174,0.3391849995,2000
full2020_month_median_spearman,Ganjiang,赣江,All,15,spearman,month_median,4,0.3304714293,0.3314923346,0.3042067885,0.3572610021,2000
full2020_month_median_spearman,Ganjiang,赣江,All,15,spearman,month_median,5,0.3314641335,0.3322610259,0.3037665486,0.359595269,2000
full2020_month_median_spearman,Ganjiang,赣江,All,15,spearman,month_median,6,0.3210128338,0.3216404319,0.2949464619,0.3503253162,2000
full2020_month_median_spearman,Ganjiang,赣江,All,15,spearman,month_median,7,0.2968663536,0.2965200543,0.2760894597,0.320956707,2000
full2020_month_median_spearman,Ganjiang,赣江,All,15,spearman,month_median,8,0.2734198048,0.2729295194,0.2490200549,0.2994624078,2000
full2020_month_median_spearman,Ganjiang,赣江,All,15,spearman,month_median,9,0.2489367491,0.2489432245,0.2142952234,0.2836335599,2000
full2020_month_median_spearman,Ganjiang,赣江,All,15,spearman,month_median,10,0.2244849224,0.2245880812,0.1816967875,0.2642118335,2000
full2020_month_median_spearman,Ganjiang,赣江,All,15,spearman,month_median,11,0.194106789,0.1941809356,0.1482892632,0.2355945408,2000
full2020_month_median_spearman,Ganjiang,赣江,All,15,spearman,month_median,12,0.1740315976,0.1746266782,0.1235443875,0.2190262526,2000
full2020_month_median_spearman,Ganjiang,赣江,All,15,spearman,month_median,13,0.1636428191,0.164680168,0.1140749902,0.2095758915,2000
full2020_month_median_spearman,Ganjiang,赣江,All,15,spearman,month_median,14,0.1560004556,0.1566603184,0.110273093,0.1980858743,2000
full2020_month_median_spearman,Ganjiang,赣江,All,15,spearman,month_median,15,0.1518876334,0.1529811323,0.1094547063,0.1918368042,2000
full2020_month_median_spearman,Ganjiang,赣江,All,15,spearman,month_median,16,0.1480679157,0.1490875483,0.1084857509,0.1867614836,2000
full2020_month_median_spearman,Ganjiang,赣江,All,15,spearman,month_median,17,0.1389157222,0.1388210952,0.09984286129,0.1770246923,2000
full2020_month_median_spearman,Ganjiang,赣江,All,15,spearman,month_median,18,0.1291644099,0.1286462843,0.09185536206,0.1644427925,2000
full2020_month_median_spearman,Ganjiang,赣江,All,15,spearman,month_median,19,0.1096322522,0.1092310995,0.07393094152,0.1415760964,2000
full2020_month_median_spearman,Ganjiang,赣江,All,15,spearman,month_median,20,0.09127951418,0.09133467823,0.04921250418,0.1281848848,2000
full2020_month_median_spearman,Ganjiang,赣江,Autumn,15,spearman,month_median,0,0.191995484,0.1877245605,0.09427329153,0.275505662,2000
full2020_month_median_spearman,Ganjiang,赣江,Autumn,15,spearman,month_median,1,0.2336027791,0.229491964,0.1416885704,0.3160165548,2000
full2020_month_median_spearman,Ganjiang,赣江,Autumn,15,spearman,month_median,2,0.277642452,0.2746320367,0.1933272183,0.3569227457,2000
full2020_month_median_spearman,Ganjiang,赣江,Autumn,15,spearman,month_median,3,0.3144323866,0.3134309053,0.2353648841,0.3899472952,2000
full2020_month_median_spearman,Ganjiang,赣江,Autumn,15,spearman,month_median,4,0.3337498941,0.3327590823,0.2558634579,0.4075033069,2000
full2020_month_median_spearman,Ganjiang,赣江,Autumn,15,spearman,month_median,5,0.3387205167,0.3374397159,0.2604131401,0.4185099602,2000
full2020_month_median_spearman,Ganjiang,赣江,Autumn,15,spearman,month_median,6,0.3367200143,0.334995687,0.2568179667,0.4186366796,2000
full2020_month_median_spearman,Ganjiang,赣江,Autumn,15,spearman,month_median,7,0.3263739792,0.323120594,0.245050475,0.4088776112,2000
full2020_month_median_spearman,Ganjiang,赣江,Autumn,15,spearman,month_median,8,0.3197562174,0.3165361285,0.2348361313,0.4011767507,2000
full2020_month_median_spearman,Ganjiang,赣江,Autumn,15,spearman,month_median,9,0.2952914683,0.2906380594,0.2062468678,0.3782482743,2000
full2020_month_median_spearman,Ganjiang,赣江,Autumn,15,spearman,month_median,10,0.2665340634,0.2613961697,0.1756129861,0.3479380012,2000
full2020_month_median_spearman,Ganjiang,赣江,Autumn,15,spearman,month_median,11,0.2454418891,0.2416054308,0.1566256285,0.3224123716,2000
full2020_month_median_spearman,Ganjiang,赣江,Autumn,15,spearman,month_median,12,0.2405351868,0.2368279994,0.1533582062,0.3111225963,2000
full2020_month_median_spearman,Ganjiang,赣江,Autumn,15,spearman,month_median,13,0.232972408,0.2290901393,0.1531575471,0.2905284166,2000
full2020_month_median_spearman,Ganjiang,赣江,Autumn,15,spearman,month_median,14,0.227517556,0.2247328162,0.1488212794,0.2866355181,2000
full2020_month_median_spearman,Ganjiang,赣江,Autumn,15,spearman,month_median,15,0.2173777214,0.2130132616,0.1370554715,0.2825035751,2000
full2020_month_median_spearman,Ganjiang,赣江,Autumn,15,spearman,month_median,16,0.1898760115,0.1850869954,0.1113019884,0.2464442402,2000
full2020_month_median_spearman,Ganjiang,赣江,Autumn,15,spearman,month_median,17,0.1509501548,0.146587193,0.07601756603,0.2048393339,2000
full2020_month_median_spearman,Ganjiang,赣江,Autumn,15,spearman,month_median,18,0.1217915823,0.1162108481,0.04376044124,0.1795687377,2000
full2020_month_median_spearman,Ganjiang,赣江,Autumn,15,spearman,month_median,19,0.1002385039,0.09391788393,0.01483596861,0.1652321965,2000
full2020_month_median_spearman,Ganjiang,赣江,Autumn,15,spearman,month_median,20,0.09387549567,0.08779889345,0.004657496233,0.160342291,2000
full2020_month_median_spearman,Ganjiang,赣江,Spring,15,spearman,month_median,0,0.1280954647,0.1228137016,0.06575015187,0.1701888293,2000
full2020_month_median_spearman,Ganjiang,赣江,Spring,15,spearman,month_median,1,0.2096888126,0.2062595785,0.1590072364,0.2477296591,2000
full2020_month_median_spearman,Ganjiang,赣江,Spring,15,spearman,month_median,2,0.2957003542,0.2960150838,0.2526812255,0.3335145712,2000
full2020_month_median_spearman,Ganjiang,赣江,Spring,15,spearman,month_median,3,0.3440202372,0.3459264338,0.3060260415,0.3759099841,2000
full2020_month_median_spearman,Ganjiang,赣江,Spring,15,spearman,month_median,4,0.3608914036,0.3635090292,0.3239967227,0.3955900073,2000
full2020_month_median_spearman,Ganjiang,赣江,Spring,15,spearman,month_median,5,0.3716341841,0.3729884028,0.3279908299,0.4118516147,2000
full2020_month_median_spearman,Ganjiang,赣江,Spring,15,spearman,month_median,6,0.3637477709,0.36416924,0.3152292371,0.4095812738,2000
full2020_month_median_spearman,Ganjiang,赣江,Spring,15,spearman,month_median,7,0.3511234702,0.3504748344,0.2989170253,0.3976985514,2000
full2020_month_median_spearman,Ganjiang,赣江,Spring,15,spearman,month_median,8,0.3361212262,0.3348961771,0.2840269804,0.3833439648,2000
full2020_month_median_spearman,Ganjiang,赣江,Spring,15,spearman,month_median,9,0.3183272781,0.3169817328,0.2643458545,0.3641091585,2000
full2020_month_median_spearman,Ganjiang,赣江,Spring,15,spearman,month_median,10,0.3042562923,0.3041536212,0.2400636226,0.3552226424,2000
full2020_month_median_spearman,Ganjiang,赣江,Spring,15,spearman,month_median,11,0.2785921954,0.2785976529,0.2043809593,0.3380291462,2000
full2020_month_median_spearman,Ganjiang,赣江,Spring,15,spearman,month_median,12,0.2458178019,0.2462488115,0.167063728,0.3058755696,2000
full2020_month_median_spearman,Ganjiang,赣江,Spring,15,spearman,month_median,13,0.2209782921,0.2219205648,0.1402807981,0.2799321115,2000
full2020_month_median_spearman,Ganjiang,赣江,Spring,15,spearman,month_median,14,0.2024875759,0.2029461265,0.1230929345,0.259516865,2000
full2020_month_median_spearman,Ganjiang,赣江,Spring,15,spearman,month_median,15,0.1914641379,0.1907692254,0.1147438884,0.2475275248,2000
full2020_month_median_spearman,Ganjiang,赣江,Spring,15,spearman,month_median,16,0.1892579235,0.1867477745,0.1148196384,0.2457325161,2000
full2020_month_median_spearman,Ganjiang,赣江,Spring,15,spearman,month_median,17,0.1803188385,0.1772195846,0.1065308154,0.2391632348,2000
full2020_month_median_spearman,Ganjiang,赣江,Spring,15,spearman,month_median,18,0.1672685643,0.1629333347,0.09301733971,0.2255940437,2000
full2020_month_median_spearman,Ganjiang,赣江,Spring,15,spearman,month_median,19,0.1444076491,0.1394038796,0.07102361321,0.2011427581,2000
full2020_month_median_spearman,Ganjiang,赣江,Spring,15,spearman,month_median,20,0.1318920416,0.1271184087,0.05116443336,0.1952438205,2000
full2020_month_median_spearman,Ganjiang,赣江,Summer,15,spearman,month_median,0,0.08632480692,0.08753859997,0.03236124292,0.1373259574,2000
full2020_month_median_spearman,Ganjiang,赣江,Summer,15,spearman,month_median,1,0.1842825217,0.1865440607,0.1180767789,0.2496762425,2000
full2020_month_median_spearman,Ganjiang,赣江,Summer,15,spearman,month_median,2,0.2797293174,0.2828740776,0.2119034678,0.3510780036,2000
full2020_month_median_spearman,Ganjiang,赣江,Summer,15,spearman,month_median,3,0.3530606162,0.3559474349,0.2888584137,0.4195666015,2000
full2020_month_median_spearman,Ganjiang,赣江,Summer,15,spearman,month_median,4,0.3710644662,0.3742575347,0.3005898893,0.4440395832,2000
full2020_month_median_spearman,Ganjiang,赣江,Summer,15,spearman,month_median,5,0.3458637379,0.348941505,0.2776761651,0.4174457788,2000
full2020_month_median_spearman,Ganjiang,赣江,Summer,15,spearman,month_median,6,0.3102662513,0.311455965,0.2466243804,0.3775714934,2000
full2020_month_median_spearman,Ganjiang,赣江,Summer,15,spearman,month_median,7,0.2652770731,0.2643802762,0.2122787535,0.3240743577,2000
full2020_month_median_spearman,Ganjiang,赣江,Summer,15,spearman,month_median,8,0.2161636395,0.2144723535,0.15767169,0.2787471414,2000
full2020_month_median_spearman,Ganjiang,赣江,Summer,15,spearman,month_median,9,0.1720394597,0.1702906191,0.0955824554,0.2493299246,2000
full2020_month_median_spearman,Ganjiang,赣江,Summer,15,spearman,month_median,10,0.1356133535,0.1333306432,0.04585566372,0.220359534,2000
full2020_month_median_spearman,Ganjiang,赣江,Summer,15,spearman,month_median,11,0.08882572439,0.08686870337,-0.004480469506,0.1744289249,2000
full2020_month_median_spearman,Ganjiang,赣江,Summer,15,spearman,month_median,12,0.05819815033,0.05614791811,-0.03993134946,0.1439720839,2000
full2020_month_median_spearman,Ganjiang,赣江,Summer,15,spearman,month_median,13,0.04646820293,0.04390560463,-0.05376926437,0.1357157081,2000
full2020_month_median_spearman,Ganjiang,赣江,Summer,15,spearman,month_median,14,0.04219304516,0.03934797645,-0.05273777246,0.1293515563,2000
full2020_month_median_spearman,Ganjiang,赣江,Summer,15,spearman,month_median,15,0.03898695532,0.03572742641,-0.0439716503,0.1103190407,2000
full2020_month_median_spearman,Ganjiang,赣江,Summer,15,spearman,month_median,16,0.04382872927,0.04033923149,-0.0284098722,0.1019137204,2000
full2020_month_median_spearman,Ganjiang,赣江,Summer,15,spearman,month_median,17,0.04334106439,0.0384966284,-0.01996015757,0.09407624602,2000
full2020_month_median_spearman,Ganjiang,赣江,Summer,15,spearman,month_median,18,0.03616497044,0.03182143345,-0.01764869504,0.07817546278,2000
full2020_month_median_spearman,Ganjiang,赣江,Summer,15,spearman,month_median,19,0.01502836334,0.01048816741,-0.03619999066,0.05328793079,2000
full2020_month_median_spearman,Ganjiang,赣江,Summer,15,spearman,month_median,20,-0.02292266785,-0.02823409438,-0.0768404752,0.01579337567,2000
full2020_month_median_spearman,Ganjiang,赣江,Winter,14,spearman,month_median,0,0.09172181439,0.08865251392,-0.02097537741,0.183183834,2000
full2020_month_median_spearman,Ganjiang,赣江,Winter,14,spearman,month_median,1,0.1262999617,0.1245063245,0.01787623204,0.2163545787,2000
full2020_month_median_spearman,Ganjiang,赣江,Winter,14,spearman,month_median,2,0.171405815,0.1716049016,0.07171686739,0.257022202,2000
full2020_month_median_spearman,Ganjiang,赣江,Winter,14,spearman,month_median,3,0.2222464115,0.2234346569,0.1332076192,0.3027295768,2000
full2020_month_median_spearman,Ganjiang,赣江,Winter,14,spearman,month_median,4,0.2659451181,0.2673096061,0.1774333566,0.3503397107,2000
full2020_month_median_spearman,Ganjiang,赣江,Winter,14,spearman,month_median,5,0.2912456952,0.2926588058,0.1973447949,0.3787008822,2000
full2020_month_median_spearman,Ganjiang,赣江,Winter,14,spearman,month_median,6,0.3055799879,0.3077005744,0.2067917883,0.3940214515,2000
full2020_month_median_spearman,Ganjiang,赣江,Winter,14,spearman,month_median,7,0.2979019045,0.3008971512,0.1939646304,0.3887881637,2000
full2020_month_median_spearman,Ganjiang,赣江,Winter,14,spearman,month_median,8,0.2904662933,0.295226872,0.1840165257,0.3834127784,2000
full2020_month_median_spearman,Ganjiang,赣江,Winter,14,spearman,month_median,9,0.2858175198,0.2910363674,0.1745905876,0.3823772073,2000
full2020_month_median_spearman,Ganjiang,赣江,Winter,14,spearman,month_median,10,0.2786767963,0.2836044431,0.1636479795,0.3778080046,2000
full2020_month_median_spearman,Ganjiang,赣江,Winter,14,spearman,month_median,11,0.2677014923,0.2712605,0.1522238255,0.3618462682,2000
full2020_month_median_spearman,Ganjiang,赣江,Winter,14,spearman,month_median,12,0.2597624863,0.2610687613,0.1443550587,0.3445873857,2000
full2020_month_median_spearman,Ganjiang,赣江,Winter,14,spearman,month_median,13,0.2487608896,0.2494016886,0.1331266314,0.3322654963,2000
full2020_month_median_spearman,Ganjiang,赣江,Winter,14,spearman,month_median,14,0.2309994455,0.2296688408,0.1096641347,0.3194146454,2000
full2020_month_median_spearman,Ganjiang,赣江,Winter,14,spearman,month_median,15,0.2130596812,0.2077797055,0.08449228853,0.3066557944,2000
full2020_month_median_spearman,Ganjiang,赣江,Winter,14,spearman,month_median,16,0.1912005374,0.185242787,0.06107672304,0.2838549018,2000
full2020_month_median_spearman,Ganjiang,赣江,Winter,14,spearman,month_median,17,0.1775598213,0.1702838987,0.04653311893,0.2736136019,2000
full2020_month_median_spearman,Ganjiang,赣江,Winter,14,spearman,month_median,18,0.1696771686,0.162356019,0.03334194049,0.265306294,2000
full2020_month_median_spearman,Ganjiang,赣江,Winter,14,spearman,month_median,19,0.1598112134,0.1519536376,0.01234914735,0.2568075657,2000
full2020_month_median_spearman,Ganjiang,赣江,Winter,14,spearman,month_median,20,0.1481532121,0.1405069083,-0.006582541857,0.2490657121,2000
full2020_month_median_spearman,Le'anhe,乐安河,All,15,spearman,month_median,0,0.1249205733,0.1242399812,0.08018494397,0.1633285284,2000
full2020_month_median_spearman,Le'anhe,乐安河,All,15,spearman,month_median,1,0.2623562907,0.264351368,0.174645558,0.3341816366,2000
full2020_month_median_spearman,Le'anhe,乐安河,All,15,spearman,month_median,2,0.3109948709,0.3127502203,0.2107234597,0.3922904432,2000
full2020_month_median_spearman,Le'anhe,乐安河,All,15,spearman,month_median,3,0.2741707995,0.2754778862,0.1788140386,0.3510132432,2000
full2020_month_median_spearman,Le'anhe,乐安河,All,15,spearman,month_median,4,0.2368592814,0.2379156053,0.1460891962,0.3118011951,2000
full2020_month_median_spearman,Le'anhe,乐安河,All,15,spearman,month_median,5,0.2125147185,0.2124427259,0.1328769922,0.2778650224,2000
full2020_month_median_spearman,Le'anhe,乐安河,All,15,spearman,month_median,6,0.1838465721,0.1839983463,0.1200221479,0.2362894863,2000
full2020_month_median_spearman,Le'anhe,乐安河,All,15,spearman,month_median,7,0.1686698321,0.1689262688,0.1096930876,0.2193607837,2000
full2020_month_median_spearman,Le'anhe,乐安河,All,15,spearman,month_median,8,0.1616606415,0.1620940566,0.1008605883,0.2191298157,2000
full2020_month_median_spearman,Le'anhe,乐安河,All,15,spearman,month_median,9,0.155868792,0.1549850106,0.1007641852,0.211370483,2000
full2020_month_median_spearman,Le'anhe,乐安河,All,15,spearman,month_median,10,0.1425312464,0.1409542561,0.09603583813,0.1889991313,2000
full2020_month_median_spearman,Le'anhe,乐安河,All,15,spearman,month_median,11,0.1178131153,0.1165522039,0.07398150116,0.1576266587,2000
full2020_month_median_spearman,Le'anhe,乐安河,All,15,spearman,month_median,12,0.1008786853,0.09877201915,0.05415642262,0.1449608952,2000
full2020_month_median_spearman,Le'anhe,乐安河,All,15,spearman,month_median,13,0.08060167445,0.07857084274,0.03037221357,0.1270839572,2000
full2020_month_median_spearman,Le'anhe,乐安河,All,15,spearman,month_median,14,0.07284768597,0.0708759129,0.02612535469,0.1151373014,2000
full2020_month_median_spearman,Le'anhe,乐安河,All,15,spearman,month_median,15,0.05398208376,0.05216968805,-0.0006362873828,0.1040094122,2000
full2020_month_median_spearman,Le'anhe,乐安河,All,15,spearman,month_median,16,0.05286285944,0.05184243619,0.0005618248251,0.1040966436,2000
full2020_month_median_spearman,Le'anhe,乐安河,All,15,spearman,month_median,17,0.04983234441,0.0486070253,0.003661694704,0.09581896663,2000
full2020_month_median_spearman,Le'anhe,乐安河,All,15,spearman,month_median,18,0.04418326581,0.04257333279,0.0010396461,0.08655239642,2000
full2020_month_median_spearman,Le'anhe,乐安河,All,15,spearman,month_median,19,0.03443544057,0.03301605582,-0.007847139612,0.07544400543,2000
full2020_month_median_spearman,Le'anhe,乐安河,All,15,spearman,month_median,20,0.02569843009,0.02445198968,-0.02504118159,0.06950570643,2000
full2020_month_median_spearman,Le'anhe,乐安河,Autumn,15,spearman,month_median,0,0.1348882198,0.1309820861,0.07168228924,0.1903530061,2000
full2020_month_median_spearman,Le'anhe,乐安河,Autumn,15,spearman,month_median,1,0.2154043681,0.2142528892,0.1523327678,0.2764800787,2000
full2020_month_median_spearman,Le'anhe,乐安河,Autumn,15,spearman,month_median,2,0.2751052193,0.2766962051,0.2024456412,0.3531367183,2000
full2020_month_median_spearman,Le'anhe,乐安河,Autumn,15,spearman,month_median,3,0.2803463713,0.2814525366,0.2010404915,0.3674513102,2000
full2020_month_median_spearman,Le'anhe,乐安河,Autumn,15,spearman,month_median,4,0.2669191018,0.267319411,0.1854835153,0.3488193154,2000
full2020_month_median_spearman,Le'anhe,乐安河,Autumn,15,spearman,month_median,5,0.2436473868,0.2434363663,0.1640832722,0.3183321953,2000
full2020_month_median_spearman,Le'anhe,乐安河,Autumn,15,spearman,month_median,6,0.2173236167,0.2169097811,0.1422538757,0.2844251394,2000
full2020_month_median_spearman,Le'anhe,乐安河,Autumn,15,spearman,month_median,7,0.2050145308,0.203641206,0.121699281,0.2732782364,2000
full2020_month_median_spearman,Le'anhe,乐安河,Autumn,15,spearman,month_median,8,0.1959474839,0.193164736,0.1042383984,0.268256247,2000
full2020_month_median_spearman,Le'anhe,乐安河,Autumn,15,spearman,month_median,9,0.184370542,0.1811470091,0.08310734481,0.2648884356,2000
full2020_month_median_spearman,Le'anhe,乐安河,Autumn,15,spearman,month_median,10,0.1722076596,0.1683701128,0.06539955735,0.2611533105,2000
full2020_month_median_spearman,Le'anhe,乐安河,Autumn,15,spearman,month_median,11,0.1671601096,0.1629147381,0.05265625939,0.2692452967,2000
full2020_month_median_spearman,Le'anhe,乐安河,Autumn,15,spearman,month_median,12,0.1564808797,0.1527371109,0.03293095529,0.2697930336,2000
full2020_month_median_spearman,Le'anhe,乐安河,Autumn,15,spearman,month_median,13,0.1446498226,0.1404065788,0.02197359689,0.2586784065,2000
full2020_month_median_spearman,Le'anhe,乐安河,Autumn,15,spearman,month_median,14,0.1377390977,0.134469837,0.027070852,0.2407456338,2000
full2020_month_median_spearman,Le'anhe,乐安河,Autumn,15,spearman,month_median,15,0.128862869,0.128685236,0.0132868588,0.2269406617,2000
full2020_month_median_spearman,Le'anhe,乐安河,Autumn,15,spearman,month_median,16,0.1171199377,0.1195058897,0.002829002915,0.2067319155,2000
full2020_month_median_spearman,Le'anhe,乐安河,Autumn,15,spearman,month_median,17,0.1027496238,0.1041359082,-0.0080466941,0.1893518865,2000
full2020_month_median_spearman,Le'anhe,乐安河,Autumn,15,spearman,month_median,18,0.09467274526,0.09502576292,-0.02276199497,0.1834137291,2000
full2020_month_median_spearman,Le'anhe,乐安河,Autumn,15,spearman,month_median,19,0.1031538427,0.1039636061,-0.02001705766,0.1963018179,2000
full2020_month_median_spearman,Le'anhe,乐安河,Autumn,15,spearman,month_median,20,0.1182720831,0.1186549813,-0.004102625884,0.2096926868,2000
full2020_month_median_spearman,Le'anhe,乐安河,Spring,15,spearman,month_median,0,0.08382195358,0.08046068996,0.01090021152,0.1418843418,2000
full2020_month_median_spearman,Le'anhe,乐安河,Spring,15,spearman,month_median,1,0.2404707206,0.2370408475,0.1419997811,0.3370361328,2000
full2020_month_median_spearman,Le'anhe,乐安河,Spring,15,spearman,month_median,2,0.2664364293,0.2650090456,0.169693619,0.360539645,2000
full2020_month_median_spearman,Le'anhe,乐安河,Spring,15,spearman,month_median,3,0.2314253393,0.228757292,0.1527072191,0.3035943806,2000
full2020_month_median_spearman,Le'anhe,乐安河,Spring,15,spearman,month_median,4,0.2047086137,0.2016192079,0.1342651844,0.2706562579,2000
full2020_month_median_spearman,Le'anhe,乐安河,Spring,15,spearman,month_median,5,0.1899929431,0.1874346882,0.1095865145,0.2578011453,2000
full2020_month_median_spearman,Le'anhe,乐安河,Spring,15,spearman,month_median,6,0.1689734937,0.1670185775,0.09360600263,0.2292511612,2000
full2020_month_median_spearman,Le'anhe,乐安河,Spring,15,spearman,month_median,7,0.1502661364,0.1473679096,0.08992213756,0.199373275,2000
full2020_month_median_spearman,Le'anhe,乐安河,Spring,15,spearman,month_median,8,0.1373359794,0.1347692311,0.08206290752,0.1830458492,2000
full2020_month_median_spearman,Le'anhe,乐安河,Spring,15,spearman,month_median,9,0.1261878357,0.1231154203,0.07488262653,0.1660446972,2000
full2020_month_median_spearman,Le'anhe,乐安河,Spring,15,spearman,month_median,10,0.1138775068,0.1108193621,0.05592377111,0.1564216018,2000
full2020_month_median_spearman,Le'anhe,乐安河,Spring,15,spearman,month_median,11,0.09148510237,0.08851028979,0.02482877672,0.1480434537,2000
full2020_month_median_spearman,Le'anhe,乐安河,Spring,15,spearman,month_median,12,0.07007861609,0.06741264462,-0.01014859136,0.1408039778,2000
full2020_month_median_spearman,Le'anhe,乐安河,Spring,15,spearman,month_median,13,0.0619003601,0.05964028463,-0.02153547481,0.1366796643,2000
full2020_month_median_spearman,Le'anhe,乐安河,Spring,15,spearman,month_median,14,0.06280811094,0.05945914239,-0.02426692843,0.1418547034,2000
full2020_month_median_spearman,Le'anhe,乐安河,Spring,15,spearman,month_median,15,0.05551652942,0.05281078815,-0.04037009552,0.1411427706,2000
full2020_month_median_spearman,Le'anhe,乐安河,Spring,15,spearman,month_median,16,0.06090703552,0.05729681253,-0.03351062909,0.1432678103,2000
full2020_month_median_spearman,Le'anhe,乐安河,Spring,15,spearman,month_median,17,0.05957304064,0.05541533977,-0.01977961138,0.1301648468,2000
full2020_month_median_spearman,Le'anhe,乐安河,Spring,15,spearman,month_median,18,0.05994261827,0.05490177125,-0.01623521931,0.1303093731,2000
full2020_month_median_spearman,Le'anhe,乐安河,Spring,15,spearman,month_median,19,0.05245925171,0.04705511034,-0.02982452326,0.1277884692,2000
full2020_month_median_spearman,Le'anhe,乐安河,Spring,15,spearman,month_median,20,0.0403835692,0.03572776169,-0.04753997177,0.120315589,2000
full2020_month_median_spearman,Le'anhe,乐安河,Summer,15,spearman,month_median,0,0.1888558352,0.1864619702,0.1039922088,0.2644478679,2000
full2020_month_median_spearman,Le'anhe,乐安河,Summer,15,spearman,month_median,1,0.3715904085,0.3720237613,0.2601419389,0.4763058126,2000
full2020_month_median_spearman,Le'anhe,乐安河,Summer,15,spearman,month_median,2,0.4017318666,0.4013474584,0.2815576792,0.5153309107,2000
full2020_month_median_spearman,Le'anhe,乐安河,Summer,15,spearman,month_median,3,0.3138869855,0.3127641082,0.2115209699,0.4195002615,2000
full2020_month_median_spearman,Le'anhe,乐安河,Summer,15,spearman,month_median,4,0.247424653,0.2439223379,0.1485459208,0.3504399657,2000
full2020_month_median_spearman,Le'anhe,乐安河,Summer,15,spearman,month_median,5,0.2231349836,0.218006134,0.1300828308,0.3181083798,2000
full2020_month_median_spearman,Le'anhe,乐安河,Summer,15,spearman,month_median,6,0.1839044682,0.1780858338,0.1011575535,0.27086097,2000
full2020_month_median_spearman,Le'anhe,乐安河,Summer,15,spearman,month_median,7,0.1619252537,0.1573394388,0.06145708263,0.2568979263,2000
full2020_month_median_spearman,Le'anhe,乐安河,Summer,15,spearman,month_median,8,0.1408776199,0.1360640377,0.03844299167,0.2371453196,2000
full2020_month_median_spearman,Le'anhe,乐安河,Summer,15,spearman,month_median,9,0.1413840082,0.1378560066,0.04029550403,0.2310222834,2000
full2020_month_median_spearman,Le'anhe,乐安河,Summer,15,spearman,month_median,10,0.1259302142,0.1221377403,0.03489455953,0.206043601,2000
full2020_month_median_spearman,Le'anhe,乐安河,Summer,15,spearman,month_median,11,0.1180879391,0.1142904013,0.03497084975,0.1903672963,2000
full2020_month_median_spearman,Le'anhe,乐安河,Summer,15,spearman,month_median,12,0.1151935128,0.111085251,0.0286132656,0.1859997958,2000
full2020_month_median_spearman,Le'anhe,乐安河,Summer,15,spearman,month_median,13,0.07459951212,0.07202108204,-0.004029580392,0.1398930699,2000
full2020_month_median_spearman,Le'anhe,乐安河,Summer,15,spearman,month_median,14,0.06480351578,0.0607393831,-0.007271841634,0.1289801449,2000
full2020_month_median_spearman,Le'anhe,乐安河,Summer,15,spearman,month_median,15,0.03037111384,0.02535020933,-0.03628259152,0.09001016617,2000
full2020_month_median_spearman,Le'anhe,乐安河,Summer,15,spearman,month_median,16,0.01618630247,0.0100763049,-0.04846553877,0.07432591915,2000
full2020_month_median_spearman,Le'anhe,乐安河,Summer,15,spearman,month_median,17,0.009547114331,0.005385760684,-0.05364872515,0.06817129999,2000
full2020_month_median_spearman,Le'anhe,乐安河,Summer,15,spearman,month_median,18,-0.02725127033,-0.03046417981,-0.09628313035,0.0333163105,2000
full2020_month_median_spearman,Le'anhe,乐安河,Summer,15,spearman,month_median,19,-0.05568323263,-0.05881236494,-0.1197401807,0.0006754959468,2000
full2020_month_median_spearman,Le'anhe,乐安河,Summer,15,spearman,month_median,20,-0.04629134222,-0.04841511324,-0.1196626723,0.01628515124,2000
full2020_month_median_spearman,Le'anhe,乐安河,Winter,14,spearman,month_median,0,0.1356090908,0.131264776,0.05842261761,0.2094790488,2000
full2020_month_median_spearman,Le'anhe,乐安河,Winter,14,spearman,month_median,1,0.2110832063,0.2081553042,0.1243296787,0.2921974659,2000
full2020_month_median_spearman,Le'anhe,乐安河,Winter,14,spearman,month_median,2,0.2660990828,0.2634532452,0.1647624373,0.351538986,2000
full2020_month_median_spearman,Le'anhe,乐安河,Winter,14,spearman,month_median,3,0.2857707385,0.2834744155,0.1881249547,0.3750591874,2000
full2020_month_median_spearman,Le'anhe,乐安河,Winter,14,spearman,month_median,4,0.2633300705,0.2603292465,0.1718543172,0.3468719423,2000
full2020_month_median_spearman,Le'anhe,乐安河,Winter,14,spearman,month_median,5,0.2440259739,0.2412874997,0.1654677838,0.3208699822,2000
full2020_month_median_spearman,Le'anhe,乐安河,Winter,14,spearman,month_median,6,0.2142875071,0.2127299011,0.1294937432,0.2898060083,2000
full2020_month_median_spearman,Le'anhe,乐安河,Winter,14,spearman,month_median,7,0.2075653522,0.2061155289,0.1285948455,0.2794860899,2000
full2020_month_median_spearman,Le'anhe,乐安河,Winter,14,spearman,month_median,8,0.2184520085,0.2164969891,0.1529149115,0.2857836783,2000
full2020_month_median_spearman,Le'anhe,乐安河,Winter,14,spearman,month_median,9,0.2322750121,0.2302484214,0.1738270968,0.2913100719,2000
full2020_month_median_spearman,Le'anhe,乐安河,Winter,14,spearman,month_median,10,0.2262767892,0.2242752314,0.1674555689,0.2834683359,2000
full2020_month_median_spearman,Le'anhe,乐安河,Winter,14,spearman,month_median,11,0.2093281428,0.2070601732,0.1503626108,0.2609286308,2000
full2020_month_median_spearman,Le'anhe,乐安河,Winter,14,spearman,month_median,12,0.1935799332,0.19068259,0.1212745756,0.2482105345,2000
full2020_month_median_spearman,Le'anhe,乐安河,Winter,14,spearman,month_median,13,0.1848268749,0.1820373386,0.09629840404,0.2517080009,2000
full2020_month_median_spearman,Le'anhe,乐安河,Winter,14,spearman,month_median,14,0.1657427527,0.1629478037,0.05947219208,0.2413908541,2000
full2020_month_median_spearman,Le'anhe,乐安河,Winter,14,spearman,month_median,15,0.1417952447,0.1404528022,0.02489536814,0.2167145312,2000
full2020_month_median_spearman,Le'anhe,乐安河,Winter,14,spearman,month_median,16,0.1218698372,0.1205930859,-0.002554144477,0.2027783245,2000
full2020_month_median_spearman,Le'anhe,乐安河,Winter,14,spearman,month_median,17,0.1082998954,0.1053695083,-0.01858955249,0.1941974014,2000
full2020_month_median_spearman,Le'anhe,乐安河,Winter,14,spearman,month_median,18,0.1069560146,0.1048673466,-0.0295402687,0.1978043914,2000
full2020_month_median_spearman,Le'anhe,乐安河,Winter,14,spearman,month_median,19,0.1182102818,0.1145103201,-0.01680237427,0.2118095309,2000
full2020_month_median_spearman,Le'anhe,乐安河,Winter,14,spearman,month_median,20,0.1260759415,0.1220719591,-0.006938856095,0.2141235471,2000
full2020_month_median_spearman,Liaohe,潦河,All,15,spearman,month_median,0,0.2038324979,0.2050636411,0.1720034778,0.2297333479,2000
full2020_month_median_spearman,Liaohe,潦河,All,15,spearman,month_median,1,0.3736740027,0.377181828,0.3310399055,0.4176131785,2000
full2020_month_median_spearman,Liaohe,潦河,All,15,spearman,month_median,2,0.3600858107,0.3631741405,0.319077611,0.4015505016,2000
full2020_month_median_spearman,Liaohe,潦河,All,15,spearman,month_median,3,0.2886999858,0.2898664773,0.2566182911,0.322437197,2000
full2020_month_median_spearman,Liaohe,潦河,All,15,spearman,month_median,4,0.2400862556,0.241403982,0.2066039443,0.2715673149,2000
full2020_month_median_spearman,Liaohe,潦河,All,15,spearman,month_median,5,0.2110292633,0.2114037424,0.1779586971,0.2422327697,2000
full2020_month_median_spearman,Liaohe,潦河,All,15,spearman,month_median,6,0.1789018928,0.1782194525,0.1471913606,0.2070550323,2000
full2020_month_median_spearman,Liaohe,潦河,All,15,spearman,month_median,7,0.165603657,0.1648234576,0.130679965,0.1963550448,2000
full2020_month_median_spearman,Liaohe,潦河,All,15,spearman,month_median,8,0.1692193013,0.1684974581,0.1330921203,0.202683121,2000
full2020_month_median_spearman,Liaohe,潦河,All,15,spearman,month_median,9,0.1555992721,0.1548744738,0.1180603802,0.1893109232,2000
full2020_month_median_spearman,Liaohe,潦河,All,15,spearman,month_median,10,0.1357744954,0.1345196962,0.1010060236,0.1669825763,2000
full2020_month_median_spearman,Liaohe,潦河,All,15,spearman,month_median,11,0.1155415018,0.1129017919,0.07850269973,0.1498013586,2000
full2020_month_median_spearman,Liaohe,潦河,All,15,spearman,month_median,12,0.1071544178,0.104317084,0.07105405629,0.1406875998,2000
full2020_month_median_spearman,Liaohe,潦河,All,15,spearman,month_median,13,0.107194675,0.1051351726,0.06774155051,0.1407421082,2000
full2020_month_median_spearman,Liaohe,潦河,All,15,spearman,month_median,14,0.1005968468,0.09896828979,0.05596677214,0.1379107237,2000
full2020_month_median_spearman,Liaohe,潦河,All,15,spearman,month_median,15,0.09479733205,0.09404398501,0.048198957,0.1284347326,2000
full2020_month_median_spearman,Liaohe,潦河,All,15,spearman,month_median,16,0.08862590549,0.08747237176,0.04012099653,0.1279768497,2000
full2020_month_median_spearman,Liaohe,潦河,All,15,spearman,month_median,17,0.07803613611,0.0769264251,0.02585065924,0.1206163988,2000
full2020_month_median_spearman,Liaohe,潦河,All,15,spearman,month_median,18,0.06199827706,0.06044870242,0.01077824458,0.1045372561,2000
full2020_month_median_spearman,Liaohe,潦河,All,15,spearman,month_median,19,0.05234892462,0.05018007755,0.004723573104,0.09610570222,2000
full2020_month_median_spearman,Liaohe,潦河,All,15,spearman,month_median,20,0.05837512735,0.05642084777,0.01212570071,0.101040937,2000
full2020_month_median_spearman,Liaohe,潦河,Autumn,15,spearman,month_median,0,0.2054672311,0.2027004659,0.1058124304,0.3043478727,2000
full2020_month_median_spearman,Liaohe,潦河,Autumn,15,spearman,month_median,1,0.3136070765,0.3157563806,0.2003537267,0.4230141044,2000
full2020_month_median_spearman,Liaohe,潦河,Autumn,15,spearman,month_median,2,0.3529321592,0.3562018871,0.2389815748,0.4622515738,2000
full2020_month_median_spearman,Liaohe,潦河,Autumn,15,spearman,month_median,3,0.3193303324,0.3203666508,0.2162631601,0.4192899168,2000
full2020_month_median_spearman,Liaohe,潦河,Autumn,15,spearman,month_median,4,0.2564818604,0.254376024,0.1567926705,0.3494468927,2000
full2020_month_median_spearman,Liaohe,潦河,Autumn,15,spearman,month_median,5,0.2252320569,0.2222885787,0.1299799383,0.3141874969,2000
full2020_month_median_spearman,Liaohe,潦河,Autumn,15,spearman,month_median,6,0.2168252317,0.21375525,0.1169160381,0.3138191402,2000
full2020_month_median_spearman,Liaohe,潦河,Autumn,15,spearman,month_median,7,0.2301050226,0.2274085134,0.1303782165,0.3274714053,2000
full2020_month_median_spearman,Liaohe,潦河,Autumn,15,spearman,month_median,8,0.2468026043,0.244566977,0.1463092417,0.3462437093,2000
full2020_month_median_spearman,Liaohe,潦河,Autumn,15,spearman,month_median,9,0.2232137778,0.2200339735,0.1255255342,0.3181606829,2000
full2020_month_median_spearman,Liaohe,潦河,Autumn,15,spearman,month_median,10,0.2135586464,0.210414052,0.1245650202,0.2985485792,2000
full2020_month_median_spearman,Liaohe,潦河,Autumn,15,spearman,month_median,11,0.2057741317,0.2034743428,0.1163397357,0.2860205472,2000
full2020_month_median_spearman,Liaohe,潦河,Autumn,15,spearman,month_median,12,0.2259071668,0.2231082022,0.1364795417,0.307185322,2000
full2020_month_median_spearman,Liaohe,潦河,Autumn,15,spearman,month_median,13,0.2400389193,0.2371197343,0.1481233835,0.3312378824,2000
full2020_month_median_spearman,Liaohe,潦河,Autumn,15,spearman,month_median,14,0.238503394,0.2366618663,0.1456670314,0.3300129771,2000
full2020_month_median_spearman,Liaohe,潦河,Autumn,15,spearman,month_median,15,0.232234447,0.2297216654,0.1463868171,0.3117081523,2000
full2020_month_median_spearman,Liaohe,潦河,Autumn,15,spearman,month_median,16,0.2000885778,0.1962020993,0.1167375669,0.2742305398,2000
full2020_month_median_spearman,Liaohe,潦河,Autumn,15,spearman,month_median,17,0.1802181347,0.1761791706,0.09732627869,0.257019043,2000
full2020_month_median_spearman,Liaohe,潦河,Autumn,15,spearman,month_median,18,0.1729287094,0.1702217162,0.09028021991,0.2462592125,2000
full2020_month_median_spearman,Liaohe,潦河,Autumn,15,spearman,month_median,19,0.1843683476,0.1862743199,0.09156194329,0.2635140419,2000
full2020_month_median_spearman,Liaohe,潦河,Autumn,15,spearman,month_median,20,0.1918363516,0.191852808,0.09807771444,0.266816467,2000
full2020_month_median_spearman,Liaohe,潦河,Spring,15,spearman,month_median,0,0.2073846438,0.2044875622,0.137852475,0.2651078105,2000
full2020_month_median_spearman,Liaohe,潦河,Spring,15,spearman,month_median,1,0.404910966,0.4115820527,0.2886926532,0.5078507066,2000
full2020_month_median_spearman,Liaohe,潦河,Spring,15,spearman,month_median,2,0.3550262541,0.3600811362,0.2493434548,0.4330482781,2000
full2020_month_median_spearman,Liaohe,潦河,Spring,15,spearman,month_median,3,0.2815795704,0.2832000256,0.1979323775,0.3436342776,2000
full2020_month_median_spearman,Liaohe,潦河,Spring,15,spearman,month_median,4,0.2558094264,0.2564199567,0.168710649,0.3301998079,2000
full2020_month_median_spearman,Liaohe,潦河,Spring,15,spearman,month_median,5,0.2318292549,0.2316768169,0.1485501975,0.3011777401,2000
full2020_month_median_spearman,Liaohe,潦河,Spring,15,spearman,month_median,6,0.2035192569,0.2026200593,0.1209006086,0.2631734014,2000
full2020_month_median_spearman,Liaohe,潦河,Spring,15,spearman,month_median,7,0.1848764225,0.1840235591,0.1104904786,0.2398354262,2000
full2020_month_median_spearman,Liaohe,潦河,Spring,15,spearman,month_median,8,0.1787008847,0.1761986613,0.1237447038,0.2186421603,2000
full2020_month_median_spearman,Liaohe,潦河,Spring,15,spearman,month_median,9,0.1712812482,0.1665812731,0.1233148053,0.2080777884,2000
full2020_month_median_spearman,Liaohe,潦河,Spring,15,spearman,month_median,10,0.1427541711,0.1368349344,0.08356133103,0.1906509995,2000
full2020_month_median_spearman,Liaohe,潦河,Spring,15,spearman,month_median,11,0.1090182171,0.1019934714,0.03488249704,0.1676516682,2000
full2020_month_median_spearman,Liaohe,潦河,Spring,15,spearman,month_median,12,0.08399463532,0.07616151869,-0.001218921039,0.1475541145,2000
full2020_month_median_spearman,Liaohe,潦河,Spring,15,spearman,month_median,13,0.0898542436,0.08287516236,-0.003176700324,0.1554163247,2000
full2020_month_median_spearman,Liaohe,潦河,Spring,15,spearman,month_median,14,0.09175429825,0.08433863521,-0.0005345442332,0.1575348228,2000
full2020_month_median_spearman,Liaohe,潦河,Spring,15,spearman,month_median,15,0.08507052481,0.0772036314,-0.003311872715,0.143307671,2000
full2020_month_median_spearman,Liaohe,潦河,Spring,15,spearman,month_median,16,0.08238879595,0.0736432001,-0.0046263244,0.1432574093,2000
full2020_month_median_spearman,Liaohe,潦河,Spring,15,spearman,month_median,17,0.06983433002,0.06113468856,-0.0228135176,0.138770476,2000
full2020_month_median_spearman,Liaohe,潦河,Spring,15,spearman,month_median,18,0.0552178628,0.04418253899,-0.02889732644,0.1231912151,2000
full2020_month_median_spearman,Liaohe,潦河,Spring,15,spearman,month_median,19,0.05550563152,0.04633322358,-0.01748280786,0.1136038229,2000
full2020_month_median_spearman,Liaohe,潦河,Spring,15,spearman,month_median,20,0.0786187719,0.07189145684,0.00491420133,0.1347124279,2000
full2020_month_median_spearman,Liaohe,潦河,Summer,15,spearman,month_median,0,0.2454163347,0.2468397617,0.1958465576,0.2949466705,2000
full2020_month_median_spearman,Liaohe,潦河,Summer,15,spearman,month_median,1,0.4496130553,0.4550219774,0.3807190955,0.51749897,2000
full2020_month_median_spearman,Liaohe,潦河,Summer,15,spearman,month_median,2,0.4050676674,0.4085041881,0.3439470828,0.46231848,2000
full2020_month_median_spearman,Liaohe,潦河,Summer,15,spearman,month_median,3,0.2946965,0.2963347435,0.2461069226,0.3431108594,2000
full2020_month_median_spearman,Liaohe,潦河,Summer,15,spearman,month_median,4,0.234092664,0.2347038686,0.1854691803,0.2841758132,2000
full2020_month_median_spearman,Liaohe,潦河,Summer,15,spearman,month_median,5,0.2035291211,0.2035790086,0.1435607821,0.2648916543,2000
full2020_month_median_spearman,Liaohe,潦河,Summer,15,spearman,month_median,6,0.1563225566,0.1559515893,0.08046121895,0.2287584394,2000
full2020_month_median_spearman,Liaohe,潦河,Summer,15,spearman,month_median,7,0.1377166917,0.1368146241,0.04972320423,0.221300602,2000
full2020_month_median_spearman,Liaohe,潦河,Summer,15,spearman,month_median,8,0.1290511874,0.1293462515,0.03493311629,0.2117907107,2000
full2020_month_median_spearman,Liaohe,潦河,Summer,15,spearman,month_median,9,0.1097253468,0.1104928255,0.01461508218,0.1917289644,2000
full2020_month_median_spearman,Liaohe,潦河,Summer,15,spearman,month_median,10,0.1070005655,0.1073454246,0.007751666941,0.1917705685,2000
full2020_month_median_spearman,Liaohe,潦河,Summer,15,spearman,month_median,11,0.107269544,0.1056424379,-0.0002051346528,0.1982261539,2000
full2020_month_median_spearman,Liaohe,潦河,Summer,15,spearman,month_median,12,0.09334975367,0.092285119,-0.006313075311,0.1787502319,2000
full2020_month_median_spearman,Liaohe,潦河,Summer,15,spearman,month_median,13,0.07377906842,0.0732543543,-0.02815416269,0.158106178,2000
full2020_month_median_spearman,Liaohe,潦河,Summer,15,spearman,month_median,14,0.06334958185,0.06322729588,-0.03504985943,0.1418699622,2000
full2020_month_median_spearman,Liaohe,潦河,Summer,15,spearman,month_median,15,0.0713247219,0.06932577491,-0.0276363045,0.1548631042,2000
full2020_month_median_spearman,Liaohe,潦河,Summer,15,spearman,month_median,16,0.08449898632,0.0830488801,-0.007458851207,0.1649201363,2000
full2020_month_median_spearman,Liaohe,潦河,Summer,15,spearman,month_median,17,0.08462456325,0.08325943351,-0.00341990008,0.1597882807,2000
full2020_month_median_spearman,Liaohe,潦河,Summer,15,spearman,month_median,18,0.04641918732,0.04543462768,-0.04364803061,0.1207317933,2000
full2020_month_median_spearman,Liaohe,潦河,Summer,15,spearman,month_median,19,0.01156808724,0.009157015011,-0.0832278356,0.09291248024,2000
full2020_month_median_spearman,Liaohe,潦河,Summer,15,spearman,month_median,20,0.008908835641,0.007549630478,-0.08567160368,0.08944220096,2000
full2020_month_median_spearman,Liaohe,潦河,Winter,14,spearman,month_median,0,0.1312756314,0.1289574355,0.05509864911,0.200447008,2000
full2020_month_median_spearman,Liaohe,潦河,Winter,14,spearman,month_median,1,0.2233611426,0.2243441343,0.1562047601,0.2924277186,2000
full2020_month_median_spearman,Liaohe,潦河,Winter,14,spearman,month_median,2,0.2734989374,0.2759943008,0.2106014639,0.3411928117,2000
full2020_month_median_spearman,Liaohe,潦河,Winter,14,spearman,month_median,3,0.2649188435,0.2675777376,0.2036710382,0.3344220817,2000
full2020_month_median_spearman,Liaohe,潦河,Winter,14,spearman,month_median,4,0.221858243,0.2214274406,0.1502059698,0.294882834,2000
full2020_month_median_spearman,Liaohe,潦河,Winter,14,spearman,month_median,5,0.19144271,0.1885963976,0.1151397973,0.2687959075,2000
full2020_month_median_spearman,Liaohe,潦河,Winter,14,spearman,month_median,6,0.1740301752,0.1675240397,0.09618626535,0.2620928586,2000
full2020_month_median_spearman,Liaohe,潦河,Winter,14,spearman,month_median,7,0.173053364,0.1650035679,0.08965630084,0.26697281,2000
full2020_month_median_spearman,Liaohe,潦河,Winter,14,spearman,month_median,8,0.1782188704,0.1717483103,0.09715197235,0.2703531682,2000
full2020_month_median_spearman,Liaohe,潦河,Winter,14,spearman,month_median,9,0.1795644942,0.173151046,0.09849469364,0.2666015327,2000
full2020_month_median_spearman,Liaohe,潦河,Winter,14,spearman,month_median,10,0.1541391567,0.1447992325,0.06384315342,0.2554834783,2000
full2020_month_median_spearman,Liaohe,潦河,Winter,14,spearman,month_median,11,0.1071049269,0.09595159441,0.0006542297779,0.2220992893,2000
full2020_month_median_spearman,Liaohe,潦河,Winter,14,spearman,month_median,12,0.1029736016,0.09123690426,-0.01220670901,0.2268953621,2000
full2020_month_median_spearman,Liaohe,潦河,Winter,14,spearman,month_median,13,0.09785806617,0.0880279839,-0.02772436477,0.2163023055,2000
full2020_month_median_spearman,Liaohe,潦河,Winter,14,spearman,month_median,14,0.08346981698,0.07426652312,-0.05074659362,0.2056172937,2000
full2020_month_median_spearman,Liaohe,潦河,Winter,14,spearman,month_median,15,0.08415999032,0.07713885605,-0.05287602916,0.2043801099,2000
full2020_month_median_spearman,Liaohe,潦河,Winter,14,spearman,month_median,16,0.08924094763,0.08287929744,-0.04815637693,0.2093853205,2000
full2020_month_median_spearman,Liaohe,潦河,Winter,14,spearman,month_median,17,0.08068209595,0.07461196929,-0.05971410498,0.1972008198,2000
full2020_month_median_spearman,Liaohe,潦河,Winter,14,spearman,month_median,18,0.07406510791,0.06702189147,-0.07494281977,0.1936552227,2000
full2020_month_median_spearman,Liaohe,潦河,Winter,14,spearman,month_median,19,0.08117711709,0.07491910458,-0.06127754971,0.192366153,2000
full2020_month_median_spearman,Liaohe,潦河,Winter,14,spearman,month_median,20,0.0751297484,0.06843021512,-0.07601734251,0.1931049377,2000
full2020_month_median_spearman,Xinjiang,信江,All,15,spearman,month_median,0,0.1940445051,0.1940272748,0.16729635,0.213575989,2000
full2020_month_median_spearman,Xinjiang,信江,All,15,spearman,month_median,1,0.3630161132,0.3639160395,0.3393521309,0.3841520846,2000
full2020_month_median_spearman,Xinjiang,信江,All,15,spearman,month_median,2,0.4373703625,0.4384292066,0.4167253971,0.4589264393,2000
full2020_month_median_spearman,Xinjiang,信江,All,15,spearman,month_median,3,0.3932797915,0.3941295743,0.3726607263,0.417538166,2000
full2020_month_median_spearman,Xinjiang,信江,All,15,spearman,month_median,4,0.3360342548,0.3362655938,0.3152849376,0.361086905,2000
full2020_month_median_spearman,Xinjiang,信江,All,15,spearman,month_median,5,0.2905083189,0.2909085751,0.2645634115,0.3190814555,2000
full2020_month_median_spearman,Xinjiang,信江,All,15,spearman,month_median,6,0.2576531375,0.2575075924,0.229036212,0.288747251,2000
full2020_month_median_spearman,Xinjiang,信江,All,15,spearman,month_median,7,0.2328811499,0.2320742607,0.2025184929,0.2633014917,2000
full2020_month_median_spearman,Xinjiang,信江,All,15,spearman,month_median,8,0.2150292869,0.2144234776,0.1784984022,0.2469393611,2000
full2020_month_median_spearman,Xinjiang,信江,All,15,spearman,month_median,9,0.2013712117,0.2011137903,0.1596193165,0.2373519093,2000
full2020_month_median_spearman,Xinjiang,信江,All,15,spearman,month_median,10,0.1823638415,0.1826072037,0.1400970817,0.2179569453,2000
full2020_month_median_spearman,Xinjiang,信江,All,15,spearman,month_median,11,0.1606821122,0.1607010663,0.1207931042,0.1929039508,2000
full2020_month_median_spearman,Xinjiang,信江,All,15,spearman,month_median,12,0.1367378592,0.1370096803,0.09376315773,0.1686868668,2000
full2020_month_median_spearman,Xinjiang,信江,All,15,spearman,month_median,13,0.1255026202,0.1261675656,0.08679819107,0.155689761,2000
full2020_month_median_spearman,Xinjiang,信江,All,15,spearman,month_median,14,0.1149101682,0.1143370494,0.07708576322,0.1480468065,2000
full2020_month_median_spearman,Xinjiang,信江,All,15,spearman,month_median,15,0.09657685975,0.09582225978,0.05699564517,0.1329751909,2000
full2020_month_median_spearman,Xinjiang,信江,All,15,spearman,month_median,16,0.0823886771,0.08147285134,0.04186896607,0.1202894971,2000
full2020_month_median_spearman,Xinjiang,信江,All,15,spearman,month_median,17,0.0683424264,0.06647579372,0.02842058614,0.1058784127,2000
full2020_month_median_spearman,Xinjiang,信江,All,15,spearman,month_median,18,0.0618818216,0.059800677,0.01988278516,0.1013509631,2000
full2020_month_median_spearman,Xinjiang,信江,All,15,spearman,month_median,19,0.05884177346,0.05705160648,0.01456437819,0.1025730669,2000
full2020_month_median_spearman,Xinjiang,信江,All,15,spearman,month_median,20,0.06331606062,0.06156670302,0.01706431247,0.1079412401,2000
full2020_month_median_spearman,Xinjiang,信江,Autumn,15,spearman,month_median,0,0.2286482269,0.2275866717,0.1416937709,0.3148410618,2000
full2020_month_median_spearman,Xinjiang,信江,Autumn,15,spearman,month_median,1,0.3215674123,0.3209030628,0.2483050972,0.393393904,2000
full2020_month_median_spearman,Xinjiang,信江,Autumn,15,spearman,month_median,2,0.3779778062,0.3789252639,0.3060272038,0.4482072592,2000
full2020_month_median_spearman,Xinjiang,信江,Autumn,15,spearman,month_median,3,0.3914967214,0.3939743638,0.317492336,0.4638739526,2000
full2020_month_median_spearman,Xinjiang,信江,Autumn,15,spearman,month_median,4,0.3778590931,0.3795377612,0.2998384535,0.453227818,2000
full2020_month_median_spearman,Xinjiang,信江,Autumn,15,spearman,month_median,5,0.3500122858,0.350952059,0.2603740096,0.4333030581,2000
full2020_month_median_spearman,Xinjiang,信江,Autumn,15,spearman,month_median,6,0.3163221211,0.3162527084,0.2172971815,0.4084942937,2000
full2020_month_median_spearman,Xinjiang,信江,Autumn,15,spearman,month_median,7,0.2792867606,0.2784885764,0.1741660982,0.3741273284,2000
full2020_month_median_spearman,Xinjiang,信江,Autumn,15,spearman,month_median,8,0.2554866778,0.2539254725,0.1472273469,0.3532788754,2000
full2020_month_median_spearman,Xinjiang,信江,Autumn,15,spearman,month_median,9,0.2331203534,0.2312183529,0.1301808804,0.3259783089,2000
full2020_month_median_spearman,Xinjiang,信江,Autumn,15,spearman,month_median,10,0.2314213438,0.2295899689,0.1393185705,0.3141570389,2000
full2020_month_median_spearman,Xinjiang,信江,Autumn,15,spearman,month_median,11,0.2305537034,0.2276962698,0.1507072747,0.306273073,2000
full2020_month_median_spearman,Xinjiang,信江,Autumn,15,spearman,month_median,12,0.2283666507,0.2247920334,0.1575058997,0.2986837327,2000
full2020_month_median_spearman,Xinjiang,信江,Autumn,15,spearman,month_median,13,0.2203868567,0.2148211002,0.1517722011,0.288517803,2000
full2020_month_median_spearman,Xinjiang,信江,Autumn,15,spearman,month_median,14,0.1956456698,0.1893712282,0.118473731,0.2655225396,2000
full2020_month_median_spearman,Xinjiang,信江,Autumn,15,spearman,month_median,15,0.171969212,0.1659798622,0.09328304976,0.2414977103,2000
full2020_month_median_spearman,Xinjiang,信江,Autumn,15,spearman,month_median,16,0.1631529406,0.1572587341,0.08639119565,0.237218827,2000
full2020_month_median_spearman,Xinjiang,信江,Autumn,15,spearman,month_median,17,0.150042968,0.1448532343,0.06456680596,0.2276030034,2000
full2020_month_median_spearman,Xinjiang,信江,Autumn,15,spearman,month_median,18,0.1467332533,0.1406611204,0.06353598088,0.2228195816,2000
full2020_month_median_spearman,Xinjiang,信江,Autumn,15,spearman,month_median,19,0.1499763096,0.1434755623,0.06327477098,0.2242193818,2000
full2020_month_median_spearman,Xinjiang,信江,Autumn,15,spearman,month_median,20,0.1555300537,0.1503904462,0.062293455,0.2344295532,2000
full2020_month_median_spearman,Xinjiang,信江,Spring,15,spearman,month_median,0,0.1743823678,0.1706252545,0.09880069643,0.2328640968,2000
full2020_month_median_spearman,Xinjiang,信江,Spring,15,spearman,month_median,1,0.3992936519,0.3999471068,0.3337675631,0.4535216391,2000
full2020_month_median_spearman,Xinjiang,信江,Spring,15,spearman,month_median,2,0.4711429005,0.472055167,0.4195749164,0.5170627236,2000
full2020_month_median_spearman,Xinjiang,信江,Spring,15,spearman,month_median,3,0.4054638934,0.4048284292,0.3634062409,0.4447440803,2000
full2020_month_median_spearman,Xinjiang,信江,Spring,15,spearman,month_median,4,0.3407981633,0.3387747407,0.3055957854,0.3773619533,2000
full2020_month_median_spearman,Xinjiang,信江,Spring,15,spearman,month_median,5,0.2963182205,0.2946907878,0.2457008809,0.3431092203,2000
full2020_month_median_spearman,Xinjiang,信江,Spring,15,spearman,month_median,6,0.2580290995,0.2567411065,0.1880837828,0.3199356794,2000
full2020_month_median_spearman,Xinjiang,信江,Spring,15,spearman,month_median,7,0.2257353394,0.2250975072,0.1489215344,0.2860158682,2000
full2020_month_median_spearman,Xinjiang,信江,Spring,15,spearman,month_median,8,0.2077963083,0.2055187225,0.1347934604,0.2607553899,2000
full2020_month_median_spearman,Xinjiang,信江,Spring,15,spearman,month_median,9,0.2054668114,0.2017139196,0.1393549591,0.2578661442,2000
full2020_month_median_spearman,Xinjiang,信江,Spring,15,spearman,month_median,10,0.1969748143,0.1928587258,0.1357716322,0.2454542667,2000
full2020_month_median_spearman,Xinjiang,信江,Spring,15,spearman,month_median,11,0.1641005955,0.1605713665,0.09424045682,0.2183192074,2000
full2020_month_median_spearman,Xinjiang,信江,Spring,15,spearman,month_median,12,0.1326213209,0.1291506439,0.05213290825,0.1971829236,2000
full2020_month_median_spearman,Xinjiang,信江,Spring,15,spearman,month_median,13,0.1024500139,0.09910269082,0.01466981415,0.1770342886,2000
full2020_month_median_spearman,Xinjiang,信江,Spring,15,spearman,month_median,14,0.07340818806,0.07081864774,-0.0236141216,0.1634787619,2000
full2020_month_median_spearman,Xinjiang,信江,Spring,15,spearman,month_median,15,0.05399906031,0.05023522675,-0.04912304506,0.1540725231,2000
full2020_month_median_spearman,Xinjiang,信江,Spring,15,spearman,month_median,16,0.04305482376,0.0395642966,-0.06216165051,0.1437454522,2000
full2020_month_median_spearman,Xinjiang,信江,Spring,15,spearman,month_median,17,0.02386162809,0.02035529539,-0.07770889252,0.1203318164,2000
full2020_month_median_spearman,Xinjiang,信江,Spring,15,spearman,month_median,18,0.01535628002,0.01161429472,-0.08535347134,0.1096116453,2000
full2020_month_median_spearman,Xinjiang,信江,Spring,15,spearman,month_median,19,0.02009417076,0.01622300781,-0.07586465031,0.106591627,2000
full2020_month_median_spearman,Xinjiang,信江,Spring,15,spearman,month_median,20,0.04136001684,0.03700783476,-0.04424382374,0.1163445637,2000
full2020_month_median_spearman,Xinjiang,信江,Summer,15,spearman,month_median,0,0.1899424393,0.1877211332,0.1152509972,0.2662658095,2000
full2020_month_median_spearman,Xinjiang,信江,Summer,15,spearman,month_median,1,0.3837499779,0.3817508817,0.3040966094,0.4708232582,2000
full2020_month_median_spearman,Xinjiang,信江,Summer,15,spearman,month_median,2,0.451626831,0.4505233169,0.3754787743,0.53386724,2000
full2020_month_median_spearman,Xinjiang,信江,Summer,15,spearman,month_median,3,0.3869535326,0.3858152628,0.320786804,0.4603659213,2000
full2020_month_median_spearman,Xinjiang,信江,Summer,15,spearman,month_median,4,0.3195997615,0.3179252148,0.2616367638,0.3936389089,2000
full2020_month_median_spearman,Xinjiang,信江,Summer,15,spearman,month_median,5,0.2710944716,0.2673555017,0.2118833512,0.3397298157,2000
full2020_month_median_spearman,Xinjiang,信江,Summer,15,spearman,month_median,6,0.2244908493,0.2210605443,0.1549818665,0.2951632142,2000
full2020_month_median_spearman,Xinjiang,信江,Summer,15,spearman,month_median,7,0.194219743,0.1903010607,0.1169064343,0.2684962153,2000
full2020_month_median_spearman,Xinjiang,信江,Summer,15,spearman,month_median,8,0.1563040994,0.1522473842,0.06775618345,0.2338657677,2000
full2020_month_median_spearman,Xinjiang,信江,Summer,15,spearman,month_median,9,0.1325947019,0.1283463091,0.027839249,0.219747901,2000
full2020_month_median_spearman,Xinjiang,信江,Summer,15,spearman,month_median,10,0.08659121221,0.08224774897,-0.02526962571,0.1753925085,2000
full2020_month_median_spearman,Xinjiang,信江,Summer,15,spearman,month_median,11,0.07634145864,0.07114577293,-0.02517604083,0.15557307,2000
full2020_month_median_spearman,Xinjiang,信江,Summer,15,spearman,month_median,12,0.06870497403,0.0640014559,-0.02543727122,0.141063273,2000
full2020_month_median_spearman,Xinjiang,信江,Summer,15,spearman,month_median,13,0.07714744363,0.07301273942,-0.007433376275,0.1379788369,2000
full2020_month_median_spearman,Xinjiang,信江,Summer,15,spearman,month_median,14,0.08715351543,0.08302542567,0.01971862651,0.1359907985,2000
full2020_month_median_spearman,Xinjiang,信江,Summer,15,spearman,month_median,15,0.05895676365,0.05446442217,-0.001197528676,0.1034052745,2000
full2020_month_median_spearman,Xinjiang,信江,Summer,15,spearman,month_median,16,0.04032941445,0.03421952575,-0.02186563797,0.08986227959,2000
full2020_month_median_spearman,Xinjiang,信江,Summer,15,spearman,month_median,17,0.03357723161,0.02732375823,-0.03189568594,0.08571770787,2000
full2020_month_median_spearman,Xinjiang,信江,Summer,15,spearman,month_median,18,0.022518195,0.01831745729,-0.03714632988,0.06810782105,2000
full2020_month_median_spearman,Xinjiang,信江,Summer,15,spearman,month_median,19,-0.003866647529,-0.007869131863,-0.05467199907,0.03128529713,2000
full2020_month_median_spearman,Xinjiang,信江,Summer,15,spearman,month_median,20,-0.008362709481,-0.01163659431,-0.06740691513,0.04042583331,2000
full2020_month_median_spearman,Xinjiang,信江,Winter,14,spearman,month_median,0,0.2132277983,0.2094011903,0.1022836566,0.288097322,2000
full2020_month_median_spearman,Xinjiang,信江,Winter,14,spearman,month_median,1,0.2950117518,0.2925100923,0.1859925389,0.3759617209,2000
full2020_month_median_spearman,Xinjiang,信江,Winter,14,spearman,month_median,2,0.3565041521,0.3550280929,0.2593888938,0.4374963045,2000
full2020_month_median_spearman,Xinjiang,信江,Winter,14,spearman,month_median,3,0.3731269693,0.3710432649,0.2860262394,0.4477333426,2000
full2020_month_median_spearman,Xinjiang,信江,Winter,14,spearman,month_median,4,0.3699831371,0.3659816086,0.2879956365,0.4495395422,2000
full2020_month_median_spearman,Xinjiang,信江,Winter,14,spearman,month_median,5,0.3610882742,0.3547464907,0.2818606496,0.4342296124,2000
full2020_month_median_spearman,Xinjiang,信江,Winter,14,spearman,month_median,6,0.350017131,0.3436441123,0.2698321044,0.4224643111,2000
full2020_month_median_spearman,Xinjiang,信江,Winter,14,spearman,month_median,7,0.3429249191,0.3364945352,0.257701844,0.4225646555,2000
full2020_month_median_spearman,Xinjiang,信江,Winter,14,spearman,month_median,8,0.3318556201,0.3260011971,0.2374174595,0.4148117006,2000
full2020_month_median_spearman,Xinjiang,信江,Winter,14,spearman,month_median,9,0.3130641462,0.3068876266,0.2043593824,0.4039794207,2000
full2020_month_median_spearman,Xinjiang,信江,Winter,14,spearman,month_median,10,0.3010829601,0.2942626476,0.1849543452,0.3949204087,2000
full2020_month_median_spearman,Xinjiang,信江,Winter,14,spearman,month_median,11,0.28681889,0.2779314816,0.1715582609,0.3787694573,2000
full2020_month_median_spearman,Xinjiang,信江,Winter,14,spearman,month_median,12,0.2626694802,0.2545251548,0.130271405,0.3542587161,2000
full2020_month_median_spearman,Xinjiang,信江,Winter,14,spearman,month_median,13,0.2348121709,0.226839304,0.09426792711,0.3300515711,2000
full2020_month_median_spearman,Xinjiang,信江,Winter,14,spearman,month_median,14,0.2035652384,0.1948751509,0.06133105978,0.3056634367,2000
full2020_month_median_spearman,Xinjiang,信江,Winter,14,spearman,month_median,15,0.1801428161,0.1735064387,0.03488286585,0.2753818929,2000
full2020_month_median_spearman,Xinjiang,信江,Winter,14,spearman,month_median,16,0.1640616191,0.1578231603,0.01975881308,0.2524388433,2000
full2020_month_median_spearman,Xinjiang,信江,Winter,14,spearman,month_median,17,0.1464668925,0.1410694122,0.001581164659,0.2346298844,2000
full2020_month_median_spearman,Xinjiang,信江,Winter,14,spearman,month_median,18,0.1372980955,0.1341585815,-0.01319131069,0.2331327647,2000
full2020_month_median_spearman,Xinjiang,信江,Winter,14,spearman,month_median,19,0.1215133435,0.119048506,-0.02980421111,0.21786578,2000
full2020_month_median_spearman,Xinjiang,信江,Winter,14,spearman,month_median,20,0.0992532526,0.09489167482,-0.04502274096,0.1826740354,2000
full2020_month_median_spearman,Xiushui,修水,All,15,spearman,month_median,0,0.06947084815,0.07031975687,0.02216279879,0.1183052063,2000
full2020_month_median_spearman,Xiushui,修水,All,15,spearman,month_median,1,0.1052794615,0.1069597751,0.06047283858,0.1481193602,2000
full2020_month_median_spearman,Xiushui,修水,All,15,spearman,month_median,2,0.1192863604,0.12041796,0.07603767514,0.1629777253,2000
full2020_month_median_spearman,Xiushui,修水,All,15,spearman,month_median,3,0.1341656529,0.1348747611,0.08973731101,0.1800993979,2000
full2020_month_median_spearman,Xiushui,修水,All,15,spearman,month_median,4,0.1403104386,0.1413490474,0.0958115831,0.1848240346,2000
full2020_month_median_spearman,Xiushui,修水,All,15,spearman,month_median,5,0.1381193698,0.1382589936,0.0951468721,0.1802447289,2000
full2020_month_median_spearman,Xiushui,修水,All,15,spearman,month_median,6,0.1393494567,0.1391742229,0.1019387841,0.178502813,2000
full2020_month_median_spearman,Xiushui,修水,All,15,spearman,month_median,7,0.1482038475,0.1481389999,0.1136550307,0.1832117587,2000
full2020_month_median_spearman,Xiushui,修水,All,15,spearman,month_median,8,0.1472762123,0.1469555497,0.1203754321,0.1757308394,2000
full2020_month_median_spearman,Xiushui,修水,All,15,spearman,month_median,9,0.1318851878,0.1312114447,0.1082386449,0.1591113359,2000
full2020_month_median_spearman,Xiushui,修水,All,15,spearman,month_median,10,0.1254872162,0.124874562,0.09769330919,0.1538724005,2000
full2020_month_median_spearman,Xiushui,修水,All,15,spearman,month_median,11,0.1175924032,0.1175573617,0.09213293344,0.1414625645,2000
full2020_month_median_spearman,Xiushui,修水,All,15,spearman,month_median,12,0.1068931803,0.1073646769,0.08371321112,0.1296157539,2000
full2020_month_median_spearman,Xiushui,修水,All,15,spearman,month_median,13,0.1143299637,0.115065679,0.08707788587,0.1433786303,2000
full2020_month_median_spearman,Xiushui,修水,All,15,spearman,month_median,14,0.1049179218,0.1057648212,0.07063639164,0.1427020133,2000
full2020_month_median_spearman,Xiushui,修水,All,15,spearman,month_median,15,0.1001918881,0.10129264,0.06413388252,0.138690576,2000
full2020_month_median_spearman,Xiushui,修水,All,15,spearman,month_median,16,0.08084142225,0.08219250292,0.04006198794,0.1191634238,2000
full2020_month_median_spearman,Xiushui,修水,All,15,spearman,month_median,17,0.067405976,0.06892842054,0.02585755661,0.1074331179,2000
full2020_month_median_spearman,Xiushui,修水,All,15,spearman,month_median,18,0.06358502446,0.06474041194,0.02270731516,0.1038423777,2000
full2020_month_median_spearman,Xiushui,修水,All,15,spearman,month_median,19,0.05699768433,0.05811274052,0.01881597936,0.09415763617,2000
full2020_month_median_spearman,Xiushui,修水,All,15,spearman,month_median,20,0.05120505599,0.05227032304,0.01581282727,0.08532367647,2000
full2020_month_median_spearman,Xiushui,修水,Autumn,15,spearman,month_median,0,0.05361610553,0.05340927094,0.0006009446224,0.1013805345,2000
full2020_month_median_spearman,Xiushui,修水,Autumn,15,spearman,month_median,1,0.04119015822,0.04000091553,-0.01447334327,0.09312971681,2000
full2020_month_median_spearman,Xiushui,修水,Autumn,15,spearman,month_median,2,0.03594264278,0.03653272241,-0.02728412487,0.09261230379,2000
full2020_month_median_spearman,Xiushui,修水,Autumn,15,spearman,month_median,3,0.03613009249,0.03778466582,-0.04094623774,0.1028378308,2000
full2020_month_median_spearman,Xiushui,修水,Autumn,15,spearman,month_median,4,0.03131547743,0.0322028473,-0.05430239439,0.1085587293,2000
full2020_month_median_spearman,Xiushui,修水,Autumn,15,spearman,month_median,5,0.04631837833,0.04682741314,-0.04438966885,0.1307506114,2000
full2020_month_median_spearman,Xiushui,修水,Autumn,15,spearman,month_median,6,0.05362022481,0.05271036923,-0.04214283451,0.1466387659,2000
full2020_month_median_spearman,Xiushui,修水,Autumn,15,spearman,month_median,7,0.06339460889,0.06172195822,-0.04015711322,0.1657886952,2000
full2020_month_median_spearman,Xiushui,修水,Autumn,15,spearman,month_median,8,0.04751264463,0.04630488902,-0.04847375304,0.1415396184,2000
full2020_month_median_spearman,Xiushui,修水,Autumn,15,spearman,month_median,9,0.01837575091,0.01897745766,-0.07748280466,0.113056913,2000
full2020_month_median_spearman,Xiushui,修水,Autumn,15,spearman,month_median,10,0.009967912679,0.009337300435,-0.07423326373,0.0970980376,2000
full2020_month_median_spearman,Xiushui,修水,Autumn,15,spearman,month_median,11,-0.003820565778,-0.003597493283,-0.09471104294,0.08854699135,2000
full2020_month_median_spearman,Xiushui,修水,Autumn,15,spearman,month_median,12,0.00433092189,0.004022517242,-0.09767790884,0.1073370576,2000
full2020_month_median_spearman,Xiushui,修水,Autumn,15,spearman,month_median,13,0.05166914886,0.05141654983,-0.05650375783,0.1591338366,2000
full2020_month_median_spearman,Xiushui,修水,Autumn,15,spearman,month_median,14,0.05227514241,0.05007112026,-0.05387938023,0.155106619,2000
full2020_month_median_spearman,Xiushui,修水,Autumn,15,spearman,month_median,15,0.05367942806,0.05217298865,-0.04621805251,0.152567178,2000
full2020_month_median_spearman,Xiushui,修水,Autumn,15,spearman,month_median,16,0.05014211349,0.04992175475,-0.05264895782,0.1548771858,2000
full2020_month_median_spearman,Xiushui,修水,Autumn,15,spearman,month_median,17,0.04944727344,0.04985702038,-0.04562149942,0.1499166936,2000
full2020_month_median_spearman,Xiushui,修水,Autumn,15,spearman,month_median,18,0.04643821085,0.04733163863,-0.04010780156,0.1466439217,2000
full2020_month_median_spearman,Xiushui,修水,Autumn,15,spearman,month_median,19,0.06589335187,0.06631343067,-0.02735750563,0.1680516005,2000
full2020_month_median_spearman,Xiushui,修水,Autumn,15,spearman,month_median,20,0.1055319375,0.1037871093,0.01008008048,0.201210022,2000
full2020_month_median_spearman,Xiushui,修水,Spring,15,spearman,month_median,0,0.04671983765,0.04519800842,-0.06066240743,0.1427670866,2000
full2020_month_median_spearman,Xiushui,修水,Spring,15,spearman,month_median,1,0.08525009508,0.0837956816,-0.003064914607,0.169196263,2000
full2020_month_median_spearman,Xiushui,修水,Spring,15,spearman,month_median,2,0.1109760988,0.1089128181,0.02379805781,0.1952603161,2000
full2020_month_median_spearman,Xiushui,修水,Spring,15,spearman,month_median,3,0.1262641757,0.1266800463,0.03227177262,0.2090129554,2000
full2020_month_median_spearman,Xiushui,修水,Spring,15,spearman,month_median,4,0.140793779,0.1420774162,0.0359694697,0.2269373685,2000
full2020_month_median_spearman,Xiushui,修水,Spring,15,spearman,month_median,5,0.153656921,0.1538800448,0.05541096255,0.2344402671,2000
full2020_month_median_spearman,Xiushui,修水,Spring,15,spearman,month_median,6,0.1635063295,0.1627006084,0.07009096444,0.2449297011,2000
full2020_month_median_spearman,Xiushui,修水,Spring,15,spearman,month_median,7,0.1713826201,0.1716244221,0.08231439441,0.2507070005,2000
full2020_month_median_spearman,Xiushui,修水,Spring,15,spearman,month_median,8,0.176666458,0.1768238842,0.09514287114,0.2464011908,2000
full2020_month_median_spearman,Xiushui,修水,Spring,15,spearman,month_median,9,0.1638617476,0.1656829417,0.08500614017,0.2311267108,2000
full2020_month_median_spearman,Xiushui,修水,Spring,15,spearman,month_median,10,0.1419395445,0.145198673,0.06119021773,0.2127761245,2000
full2020_month_median_spearman,Xiushui,修水,Spring,15,spearman,month_median,11,0.1275999781,0.1286532581,0.04602821916,0.1961254478,2000
full2020_month_median_spearman,Xiushui,修水,Spring,15,spearman,month_median,12,0.1115592903,0.1113598198,0.03420616686,0.1790024489,2000
full2020_month_median_spearman,Xiushui,修水,Spring,15,spearman,month_median,13,0.1010104146,0.0992712155,0.02350558341,0.1741271168,2000
full2020_month_median_spearman,Xiushui,修水,Spring,15,spearman,month_median,14,0.08444247927,0.08256003261,-0.008162878454,0.1735934168,2000
full2020_month_median_spearman,Xiushui,修水,Spring,15,spearman,month_median,15,0.07716870047,0.07374154031,-0.01456526387,0.171054706,2000
full2020_month_median_spearman,Xiushui,修水,Spring,15,spearman,month_median,16,0.05054942859,0.04615651816,-0.03099458478,0.1362820268,2000
full2020_month_median_spearman,Xiushui,修水,Spring,15,spearman,month_median,17,0.02840269591,0.02561339363,-0.06207990646,0.1196204275,2000
full2020_month_median_spearman,Xiushui,修水,Spring,15,spearman,month_median,18,0.02862863991,0.02578350343,-0.05278940499,0.117880784,2000
full2020_month_median_spearman,Xiushui,修水,Spring,15,spearman,month_median,19,0.00566077936,0.002241362818,-0.07950161397,0.09825223684,2000
full2020_month_median_spearman,Xiushui,修水,Spring,15,spearman,month_median,20,-0.01427476287,-0.01853521727,-0.1010800377,0.07858223468,2000
full2020_month_median_spearman,Xiushui,修水,Summer,15,spearman,month_median,0,0.1154130387,0.1157481521,0.05384483561,0.1779238433,2000
full2020_month_median_spearman,Xiushui,修水,Summer,15,spearman,month_median,1,0.1740807071,0.1754235029,0.1001919508,0.2462564707,2000
full2020_month_median_spearman,Xiushui,修水,Summer,15,spearman,month_median,2,0.1908999248,0.1926976293,0.1318669468,0.2519229054,2000
full2020_month_median_spearman,Xiushui,修水,Summer,15,spearman,month_median,3,0.2221435251,0.2229299247,0.1645016521,0.2802497447,2000
full2020_month_median_spearman,Xiushui,修水,Summer,15,spearman,month_median,4,0.2176758185,0.2179806381,0.1633449793,0.2706582844,2000
full2020_month_median_spearman,Xiushui,修水,Summer,15,spearman,month_median,5,0.1865533203,0.1862627566,0.1271139979,0.2461367548,2000
full2020_month_median_spearman,Xiushui,修水,Summer,15,spearman,month_median,6,0.1612616741,0.1601906121,0.09999574721,0.2230383754,2000
full2020_month_median_spearman,Xiushui,修水,Summer,15,spearman,month_median,7,0.157302977,0.1563930064,0.1032764092,0.2206049114,2000
full2020_month_median_spearman,Xiushui,修水,Summer,15,spearman,month_median,8,0.1413437665,0.1396975368,0.08260433376,0.2056775987,2000
full2020_month_median_spearman,Xiushui,修水,Summer,15,spearman,month_median,9,0.1270439443,0.125931114,0.05801398307,0.1960544735,2000
full2020_month_median_spearman,Xiushui,修水,Summer,15,spearman,month_median,10,0.1386486992,0.138834551,0.06058527902,0.2066114396,2000
full2020_month_median_spearman,Xiushui,修水,Summer,15,spearman,month_median,11,0.1486357629,0.1486951709,0.06007834896,0.2319775969,2000
full2020_month_median_spearman,Xiushui,修水,Summer,15,spearman,month_median,12,0.1425997284,0.1420460492,0.04315883666,0.2326224148,2000
full2020_month_median_spearman,Xiushui,修水,Summer,15,spearman,month_median,13,0.1457470475,0.1454222798,0.04948811606,0.2329051048,2000
full2020_month_median_spearman,Xiushui,修水,Summer,15,spearman,month_median,14,0.1501016654,0.1498789042,0.06380295753,0.2327727377,2000
full2020_month_median_spearman,Xiushui,修水,Summer,15,spearman,month_median,15,0.1428888786,0.1427464485,0.05527380109,0.2270032316,2000
full2020_month_median_spearman,Xiushui,修水,Summer,15,spearman,month_median,16,0.125788945,0.123024255,0.03786846995,0.2041945159,2000
full2020_month_median_spearman,Xiushui,修水,Summer,15,spearman,month_median,17,0.1200007195,0.1181545109,0.03466546163,0.192892164,2000
full2020_month_median_spearman,Xiushui,修水,Summer,15,spearman,month_median,18,0.1119398355,0.1109111011,0.02766956761,0.1825274974,2000
full2020_month_median_spearman,Xiushui,修水,Summer,15,spearman,month_median,19,0.111710647,0.1115242839,0.03722316772,0.1746220589,2000
full2020_month_median_spearman,Xiushui,修水,Summer,15,spearman,month_median,20,0.09270251459,0.09132038057,0.02490478382,0.1462387443,2000
full2020_month_median_spearman,Xiushui,修水,Winter,14,spearman,month_median,0,0.07437390944,0.07295191288,-0.01044436544,0.1689885706,2000
full2020_month_median_spearman,Xiushui,修水,Winter,14,spearman,month_median,1,0.09672899099,0.09668640047,0.01251584664,0.1889171749,2000
full2020_month_median_spearman,Xiushui,修水,Winter,14,spearman,month_median,2,0.09030298134,0.09092056751,0.001717699924,0.1839794219,2000
full2020_month_median_spearman,Xiushui,修水,Winter,14,spearman,month_median,3,0.08966495593,0.0926566273,0.00099782506,0.1901980937,2000
full2020_month_median_spearman,Xiushui,修水,Winter,14,spearman,month_median,4,0.09505602538,0.09721106291,0.004267834593,0.1949255615,2000
full2020_month_median_spearman,Xiushui,修水,Winter,14,spearman,month_median,5,0.1113367127,0.1139395088,0.01833473146,0.2090580761,2000
full2020_month_median_spearman,Xiushui,修水,Winter,14,spearman,month_median,6,0.1136535934,0.1147905737,0.02711983211,0.2020093054,2000
full2020_month_median_spearman,Xiushui,修水,Winter,14,spearman,month_median,7,0.1102293001,0.1104494184,0.02224414982,0.199373275,2000
full2020_month_median_spearman,Xiushui,修水,Winter,14,spearman,month_median,8,0.08330738245,0.08272713423,0.0072461823,0.1632381976,2000
full2020_month_median_spearman,Xiushui,修水,Winter,14,spearman,month_median,9,0.06013827367,0.06223270297,-0.009455241263,0.1308168769,2000
full2020_month_median_spearman,Xiushui,修水,Winter,14,spearman,month_median,10,0.05181353418,0.05422020704,-0.02290903218,0.1259284317,2000
full2020_month_median_spearman,Xiushui,修水,Winter,14,spearman,month_median,11,0.04571909878,0.04795784876,-0.02697556466,0.1216978729,2000
full2020_month_median_spearman,Xiushui,修水,Winter,14,spearman,month_median,12,0.05160426541,0.0552316308,-0.03308153525,0.1451613307,2000
full2020_month_median_spearman,Xiushui,修水,Winter,14,spearman,month_median,13,0.07263868882,0.07509399951,-0.01738468185,0.1758887619,2000
full2020_month_median_spearman,Xiushui,修水,Winter,14,spearman,month_median,14,0.03898273529,0.04138749838,-0.06688114256,0.1573023349,2000
full2020_month_median_spearman,Xiushui,修水,Winter,14,spearman,month_median,15,0.009615584098,0.01115910523,-0.09662101418,0.1321998239,2000
full2020_month_median_spearman,Xiushui,修水,Winter,14,spearman,month_median,16,-0.01018099187,-0.01075397991,-0.1063809916,0.1106359586,2000
full2020_month_median_spearman,Xiushui,修水,Winter,14,spearman,month_median,17,-0.01975677735,-0.01821439341,-0.1199043319,0.1063466743,2000
full2020_month_median_spearman,Xiushui,修水,Winter,14,spearman,month_median,18,-0.01199664899,-0.01119411923,-0.1104124486,0.1172772273,2000
full2020_month_median_spearman,Xiushui,修水,Winter,14,spearman,month_median,19,-0.02289577783,-0.02297570184,-0.122250326,0.1044195071,2000
full2020_month_median_spearman,Xiushui,修水,Winter,14,spearman,month_median,20,-0.01944676257,-0.02065950818,-0.1151460782,0.09932480007,2000
main_ganjiang_extreme_missing,Ganjiang,赣江,All,14,spearman,month_median,0,0.1266343449,0.1264465451,0.0779799968,0.1694084406,2000
main_ganjiang_extreme_missing,Ganjiang,赣江,All,14,spearman,month_median,1,0.1970817282,0.1972181052,0.1504457295,0.2391237915,2000
main_ganjiang_extreme_missing,Ganjiang,赣江,All,14,spearman,month_median,2,0.2668248994,0.2680409551,0.2261051387,0.3064722121,2000
main_ganjiang_extreme_missing,Ganjiang,赣江,All,14,spearman,month_median,3,0.3175714673,0.3186423182,0.2872790694,0.3485509455,2000
main_ganjiang_extreme_missing,Ganjiang,赣江,All,14,spearman,month_median,4,0.3411432388,0.341707468,0.3166526258,0.367334038,2000
main_ganjiang_extreme_missing,Ganjiang,赣江,All,14,spearman,month_median,5,0.3408632,0.341010958,0.3146012425,0.3672493994,2000
main_ganjiang_extreme_missing,Ganjiang,赣江,All,14,spearman,month_median,6,0.3289136903,0.3287518024,0.3006379604,0.357370466,2000
main_ganjiang_extreme_missing,Ganjiang,赣江,All,14,spearman,month_median,7,0.2998159546,0.2991778851,0.2736366391,0.328025043,2000
main_ganjiang_extreme_missing,Ganjiang,赣江,All,14,spearman,month_median,8,0.2730526315,0.2724936008,0.2445203066,0.305460155,2000
main_ganjiang_extreme_missing,Ganjiang,赣江,All,14,spearman,month_median,9,0.2490393483,0.2477762401,0.2105088532,0.2900968194,2000
main_ganjiang_extreme_missing,Ganjiang,赣江,All,14,spearman,month_median,10,0.2223280497,0.2209141552,0.1740343273,0.2708175182,2000
main_ganjiang_extreme_missing,Ganjiang,赣江,All,14,spearman,month_median,11,0.1925882992,0.1912151873,0.1405108273,0.2408305854,2000
main_ganjiang_extreme_missing,Ganjiang,赣江,All,14,spearman,month_median,12,0.173028123,0.1723906696,0.1149931028,0.2250309587,2000
main_ganjiang_extreme_missing,Ganjiang,赣江,All,14,spearman,month_median,13,0.1633592085,0.1629733592,0.1043855622,0.2155136317,2000
main_ganjiang_extreme_missing,Ganjiang,赣江,All,14,spearman,month_median,14,0.1564276202,0.1561300159,0.1034568027,0.2026649863,2000
main_ganjiang_extreme_missing,Ganjiang,赣江,All,14,spearman,month_median,15,0.1528450201,0.1527291238,0.1022194549,0.1963833719,2000
main_ganjiang_extreme_missing,Ganjiang,赣江,All,14,spearman,month_median,16,0.149931607,0.1495280862,0.1030295119,0.1895192415,2000
main_ganjiang_extreme_missing,Ganjiang,赣江,All,14,spearman,month_median,17,0.1439781806,0.1431975663,0.1014539301,0.1805097163,2000
main_ganjiang_extreme_missing,Ganjiang,赣江,All,14,spearman,month_median,18,0.1333566415,0.1322915852,0.09142050147,0.1677415371,2000
main_ganjiang_extreme_missing,Ganjiang,赣江,All,14,spearman,month_median,19,0.1139434817,0.1132455841,0.07224010676,0.1462890506,2000
main_ganjiang_extreme_missing,Ganjiang,赣江,All,14,spearman,month_median,20,0.0958360338,0.09504631162,0.04956443608,0.1317610741,2000
main_ganjiang_extreme_missing,Ganjiang,赣江,Autumn,14,spearman,month_median,0,0.1910167517,0.1871688068,0.08479276299,0.2896698415,2000
main_ganjiang_extreme_missing,Ganjiang,赣江,Autumn,14,spearman,month_median,1,0.2317888329,0.2272180617,0.137274906,0.3236902952,2000
main_ganjiang_extreme_missing,Ganjiang,赣江,Autumn,14,spearman,month_median,2,0.2796644304,0.2765274644,0.1914447695,0.3660460711,2000
main_ganjiang_extreme_missing,Ganjiang,赣江,Autumn,14,spearman,month_median,3,0.3167085541,0.3142592013,0.2319723964,0.3996682465,2000
main_ganjiang_extreme_missing,Ganjiang,赣江,Autumn,14,spearman,month_median,4,0.3362987581,0.3356126547,0.2467232496,0.4180169106,2000
main_ganjiang_extreme_missing,Ganjiang,赣江,Autumn,14,spearman,month_median,5,0.3421853337,0.3400928974,0.2553803325,0.4275682569,2000
main_ganjiang_extreme_missing,Ganjiang,赣江,Autumn,14,spearman,month_median,6,0.3377671469,0.3349808753,0.2477600127,0.424302429,2000
main_ganjiang_extreme_missing,Ganjiang,赣江,Autumn,14,spearman,month_median,7,0.3269492414,0.3213627934,0.2365218997,0.4132329822,2000
main_ganjiang_extreme_missing,Ganjiang,赣江,Autumn,14,spearman,month_median,8,0.3146803757,0.3085844517,0.2207366228,0.4001657665,2000
main_ganjiang_extreme_missing,Ganjiang,赣江,Autumn,14,spearman,month_median,9,0.2859230125,0.2792911232,0.1882812381,0.3706581593,2000
main_ganjiang_extreme_missing,Ganjiang,赣江,Autumn,14,spearman,month_median,10,0.2571153782,0.2500641346,0.1564079523,0.341229111,2000
main_ganjiang_extreme_missing,Ganjiang,赣江,Autumn,14,spearman,month_median,11,0.2286302684,0.2222591043,0.1308916509,0.3053454757,2000
main_ganjiang_extreme_missing,Ganjiang,赣江,Autumn,14,spearman,month_median,12,0.2230476782,0.2168382704,0.1315378845,0.2899858057,2000
main_ganjiang_extreme_missing,Ganjiang,赣江,Autumn,14,spearman,month_median,13,0.2197595198,0.2144180685,0.1343193799,0.2790483534,2000
main_ganjiang_extreme_missing,Ganjiang,赣江,Autumn,14,spearman,month_median,14,0.2115135902,0.2067309767,0.1284080893,0.2668480575,2000
main_ganjiang_extreme_missing,Ganjiang,赣江,Autumn,14,spearman,month_median,15,0.1950453158,0.1911325157,0.1151561514,0.2493960857,2000
main_ganjiang_extreme_missing,Ganjiang,赣江,Autumn,14,spearman,month_median,16,0.1704943063,0.1671183407,0.08676344901,0.2242625654,2000
main_ganjiang_extreme_missing,Ganjiang,赣江,Autumn,14,spearman,month_median,17,0.1320940028,0.1281150579,0.04941442981,0.1848625094,2000
main_ganjiang_extreme_missing,Ganjiang,赣江,Autumn,14,spearman,month_median,18,0.105776665,0.1010956615,0.01763425767,0.1644385904,2000
main_ganjiang_extreme_missing,Ganjiang,赣江,Autumn,14,spearman,month_median,19,0.08694556075,0.08221693337,-0.005192207173,0.1542287916,2000
main_ganjiang_extreme_missing,Ganjiang,赣江,Autumn,14,spearman,month_median,20,0.07777927299,0.07270933688,-0.01589376107,0.147867471,2000
main_ganjiang_extreme_missing,Ganjiang,赣江,Spring,14,spearman,month_median,0,0.1385210948,0.1332977563,0.06536028534,0.1880813688,2000
main_ganjiang_extreme_missing,Ganjiang,赣江,Spring,14,spearman,month_median,1,0.2193085079,0.2159229219,0.1639949232,0.2600484192,2000
main_ganjiang_extreme_missing,Ganjiang,赣江,Spring,14,spearman,month_median,2,0.3061791759,0.3056308329,0.2624705136,0.3429956734,2000
main_ganjiang_extreme_missing,Ganjiang,赣江,Spring,14,spearman,month_median,3,0.3585560595,0.3598461747,0.3209937215,0.3888725638,2000
main_ganjiang_extreme_missing,Ganjiang,赣江,Spring,14,spearman,month_median,4,0.3798864322,0.381185323,0.3434131444,0.4125367999,2000
main_ganjiang_extreme_missing,Ganjiang,赣江,Spring,14,spearman,month_median,5,0.3874574022,0.3880840242,0.3438904881,0.4268612564,2000
main_ganjiang_extreme_missing,Ganjiang,赣江,Spring,14,spearman,month_median,6,0.3766387405,0.3765352964,0.3267001212,0.4231803715,2000
main_ganjiang_extreme_missing,Ganjiang,赣江,Spring,14,spearman,month_median,7,0.362677103,0.3617763519,0.3100943267,0.4126007557,2000
main_ganjiang_extreme_missing,Ganjiang,赣江,Spring,14,spearman,month_median,8,0.3450849755,0.3446244597,0.288358748,0.3945679069,2000
main_ganjiang_extreme_missing,Ganjiang,赣江,Spring,14,spearman,month_median,9,0.3243955429,0.3243102431,0.2620963454,0.374665916,2000
main_ganjiang_extreme_missing,Ganjiang,赣江,Spring,14,spearman,month_median,10,0.3028201888,0.3035231233,0.2268682867,0.3625221252,2000
main_ganjiang_extreme_missing,Ganjiang,赣江,Spring,14,spearman,month_median,11,0.2702029473,0.2705910802,0.1838819832,0.3399268985,2000
main_ganjiang_extreme_missing,Ganjiang,赣江,Spring,14,spearman,month_median,12,0.2389020095,0.2393420041,0.1474010944,0.309707135,2000
main_ganjiang_extreme_missing,Ganjiang,赣江,Spring,14,spearman,month_median,13,0.221394766,0.2225160897,0.1299842,0.2907340229,2000
main_ganjiang_extreme_missing,Ganjiang,赣江,Spring,14,spearman,month_median,14,0.2089155423,0.2087455392,0.118588075,0.2756053209,2000
main_ganjiang_extreme_missing,Ganjiang,赣江,Spring,14,spearman,month_median,15,0.2002721247,0.199246332,0.1187097579,0.263353467,2000
main_ganjiang_extreme_missing,Ganjiang,赣江,Spring,14,spearman,month_median,16,0.1994624502,0.1965450346,0.1229909882,0.2644436955,2000
main_ganjiang_extreme_missing,Ganjiang,赣江,Spring,14,spearman,month_median,17,0.1918959986,0.188481003,0.1148118526,0.264107883,2000
main_ganjiang_extreme_missing,Ganjiang,赣江,Spring,14,spearman,month_median,18,0.1776299175,0.1729628742,0.09828944504,0.2462212592,2000
main_ganjiang_extreme_missing,Ganjiang,赣江,Spring,14,spearman,month_median,19,0.1543529004,0.1485004127,0.07194342464,0.2244190276,2000
main_ganjiang_extreme_missing,Ganjiang,赣江,Spring,14,spearman,month_median,20,0.140446916,0.1341862381,0.04749729112,0.2160483897,2000
main_ganjiang_extreme_missing,Ganjiang,赣江,Summer,14,spearman,month_median,0,0.09959469922,0.09910829365,0.04716119915,0.1489119679,2000
main_ganjiang_extreme_missing,Ganjiang,赣江,Summer,14,spearman,month_median,1,0.2008240531,0.2005544752,0.1402734071,0.2605790198,2000
main_ganjiang_extreme_missing,Ganjiang,赣江,Summer,14,spearman,month_median,2,0.297278114,0.2973962426,0.2347323298,0.3629400432,2000
main_ganjiang_extreme_missing,Ganjiang,赣江,Summer,14,spearman,month_median,3,0.3637438643,0.3663775921,0.3023851812,0.4302923679,2000
main_ganjiang_extreme_missing,Ganjiang,赣江,Summer,14,spearman,month_median,4,0.3860171178,0.3877111673,0.3222612143,0.4578282833,2000
main_ganjiang_extreme_missing,Ganjiang,赣江,Summer,14,spearman,month_median,5,0.363387889,0.365380764,0.3030637801,0.4318678379,2000
main_ganjiang_extreme_missing,Ganjiang,赣江,Summer,14,spearman,month_median,6,0.3238827037,0.3252696395,0.2651226819,0.3897517622,2000
main_ganjiang_extreme_missing,Ganjiang,赣江,Summer,14,spearman,month_median,7,0.2657430992,0.2663911581,0.211481899,0.3266758919,2000
main_ganjiang_extreme_missing,Ganjiang,赣江,Summer,14,spearman,month_median,8,0.2094316603,0.2088209987,0.1475118995,0.2761537731,2000
main_ganjiang_extreme_missing,Ganjiang,赣江,Summer,14,spearman,month_median,9,0.1671205126,0.1649462283,0.08225212991,0.2511579096,2000
main_ganjiang_extreme_missing,Ganjiang,赣江,Summer,14,spearman,month_median,10,0.1270188035,0.1254714131,0.0271912422,0.2181723267,2000
main_ganjiang_extreme_missing,Ganjiang,赣江,Summer,14,spearman,month_median,11,0.08525399511,0.08400008082,-0.02031954378,0.1768292934,2000
main_ganjiang_extreme_missing,Ganjiang,赣江,Summer,14,spearman,month_median,12,0.05457497779,0.05411088467,-0.05318363383,0.1498852074,2000
main_ganjiang_extreme_missing,Ganjiang,赣江,Summer,14,spearman,month_median,13,0.04181183142,0.04032542557,-0.06636700034,0.136195153,2000
main_ganjiang_extreme_missing,Ganjiang,赣江,Summer,14,spearman,month_median,14,0.04162654288,0.03879608959,-0.06427084655,0.1368182749,2000
main_ganjiang_extreme_missing,Ganjiang,赣江,Summer,14,spearman,month_median,15,0.03878240991,0.03580485284,-0.05242881924,0.1187334359,2000
main_ganjiang_extreme_missing,Ganjiang,赣江,Summer,14,spearman,month_median,16,0.04035237391,0.03751160204,-0.03625081852,0.1056612134,2000
main_ganjiang_extreme_missing,Ganjiang,赣江,Summer,14,spearman,month_median,17,0.04007312775,0.03637425229,-0.02716600709,0.0961464718,2000
main_ganjiang_extreme_missing,Ganjiang,赣江,Summer,14,spearman,month_median,18,0.03510824049,0.03204426169,-0.02132788859,0.08022293448,2000
main_ganjiang_extreme_missing,Ganjiang,赣江,Summer,14,spearman,month_median,19,0.01213864454,0.008551616222,-0.03892257065,0.05164867267,2000
main_ganjiang_extreme_missing,Ganjiang,赣江,Summer,14,spearman,month_median,20,-0.02093119865,-0.02425739542,-0.08133488148,0.02303012088,2000
main_ganjiang_extreme_missing,Ganjiang,赣江,Winter,13,spearman,month_median,0,0.1091498675,0.105634138,0.005371596664,0.1944856495,2000
main_ganjiang_extreme_missing,Ganjiang,赣江,Winter,13,spearman,month_median,1,0.1432169132,0.13926512,0.04721273854,0.2257403582,2000
main_ganjiang_extreme_missing,Ganjiang,赣江,Winter,13,spearman,month_median,2,0.1856213781,0.1840994656,0.1003297791,0.2675638497,2000
main_ganjiang_extreme_missing,Ganjiang,赣江,Winter,13,spearman,month_median,3,0.2334331985,0.2329161763,0.1537414044,0.3155079186,2000
main_ganjiang_extreme_missing,Ganjiang,赣江,Winter,13,spearman,month_median,4,0.2748468737,0.2740266025,0.1950788945,0.3600600958,2000
main_ganjiang_extreme_missing,Ganjiang,赣江,Winter,13,spearman,month_median,5,0.3014517229,0.3016619682,0.2226378322,0.3880764842,2000
main_ganjiang_extreme_missing,Ganjiang,赣江,Winter,13,spearman,month_median,6,0.3203040031,0.3208343387,0.2453412563,0.4072043002,2000
main_ganjiang_extreme_missing,Ganjiang,赣江,Winter,13,spearman,month_median,7,0.3171392843,0.3173087239,0.2412653863,0.4033793509,2000
main_ganjiang_extreme_missing,Ganjiang,赣江,Winter,13,spearman,month_median,8,0.3118012439,0.3132508099,0.2345187515,0.3944982886,2000
main_ganjiang_extreme_missing,Ganjiang,赣江,Winter,13,spearman,month_median,9,0.3075032877,0.310213387,0.2277546376,0.3896138668,2000
main_ganjiang_extreme_missing,Ganjiang,赣江,Winter,13,spearman,month_median,10,0.3031346159,0.3054334521,0.2238659263,0.3845920265,2000
main_ganjiang_extreme_missing,Ganjiang,赣江,Winter,13,spearman,month_median,11,0.2938242262,0.2955178022,0.2156695276,0.3701237738,2000
main_ganjiang_extreme_missing,Ganjiang,赣江,Winter,13,spearman,month_median,12,0.2861038494,0.2863203287,0.2155815214,0.3534046412,2000
main_ganjiang_extreme_missing,Ganjiang,赣江,Winter,13,spearman,month_median,13,0.2735980423,0.2712657452,0.2030930221,0.3357664347,2000
main_ganjiang_extreme_missing,Ganjiang,赣江,Winter,13,spearman,month_median,14,0.254637749,0.2512429953,0.1704376042,0.3213383853,2000
main_ganjiang_extreme_missing,Ganjiang,赣江,Winter,13,spearman,month_median,15,0.234324039,0.2279993296,0.1325995773,0.3091758192,2000
main_ganjiang_extreme_missing,Ganjiang,赣江,Winter,13,spearman,month_median,16,0.2098898775,0.2028904408,0.09488500655,0.2880218029,2000
main_ganjiang_extreme_missing,Ganjiang,赣江,Winter,13,spearman,month_median,17,0.1931152986,0.1867515296,0.07130821049,0.2761551142,2000
main_ganjiang_extreme_missing,Ganjiang,赣江,Winter,13,spearman,month_median,18,0.1854078048,0.1789457053,0.05968686566,0.2674289346,2000
main_ganjiang_extreme_missing,Ganjiang,赣江,Winter,13,spearman,month_median,19,0.1797844611,0.1738919616,0.04382494465,0.2623166442,2000
main_ganjiang_extreme_missing,Ganjiang,赣江,Winter,13,spearman,month_median,20,0.1700259148,0.16458112,0.02422765084,0.259252727,2000
main_month_median_pearson,Changjiang,昌江,All,14,pearson,month_median,0,0.4124129498,0.4129441381,0.3500520885,0.4647667706,2000
main_month_median_pearson,Changjiang,昌江,All,14,pearson,month_median,1,0.7012171781,0.7028966546,0.6556686759,0.7385272384,2000
main_month_median_pearson,Changjiang,昌江,All,14,pearson,month_median,2,0.4025454074,0.4032969773,0.359662503,0.4434711933,2000
main_month_median_pearson,Changjiang,昌江,All,14,pearson,month_median,3,0.2154978499,0.214605853,0.1823338866,0.258993119,2000
main_month_median_pearson,Changjiang,昌江,All,14,pearson,month_median,4,0.1866816623,0.186134845,0.1364189982,0.2462016642,2000
main_month_median_pearson,Changjiang,昌江,All,14,pearson,month_median,5,0.1904992627,0.1889906526,0.138974309,0.2490601689,2000
main_month_median_pearson,Changjiang,昌江,All,14,pearson,month_median,6,0.1407249113,0.1394821554,0.09419354051,0.1901084036,2000
main_month_median_pearson,Changjiang,昌江,All,14,pearson,month_median,7,0.09374796431,0.09182955325,0.05498180538,0.1367999464,2000
main_month_median_pearson,Changjiang,昌江,All,14,pearson,month_median,8,0.09568278732,0.09559704363,0.06414090842,0.1218125671,2000
main_month_median_pearson,Changjiang,昌江,All,14,pearson,month_median,9,0.09836317315,0.09765640646,0.07145981491,0.1290515363,2000
main_month_median_pearson,Changjiang,昌江,All,14,pearson,month_median,10,0.08494354152,0.08479098976,0.05488172546,0.1168132797,2000
main_month_median_pearson,Changjiang,昌江,All,14,pearson,month_median,11,0.08158107828,0.07981546223,0.04466088861,0.1284004748,2000
main_month_median_pearson,Changjiang,昌江,All,14,pearson,month_median,12,0.07863004524,0.07667311281,0.03995304555,0.1329715997,2000
main_month_median_pearson,Changjiang,昌江,All,14,pearson,month_median,13,0.0550147589,0.05429007486,0.02999768592,0.08399535716,2000
main_month_median_pearson,Changjiang,昌江,All,14,pearson,month_median,14,0.0660183048,0.0646141246,0.01959509961,0.1168353036,2000
main_month_median_pearson,Changjiang,昌江,All,14,pearson,month_median,15,0.05611882527,0.05271057412,0.004163620993,0.1173684895,2000
main_month_median_pearson,Changjiang,昌江,All,14,pearson,month_median,16,0.04474004575,0.04259718955,0.002148814267,0.09636001289,2000
main_month_median_pearson,Changjiang,昌江,All,14,pearson,month_median,17,0.03957524572,0.03688968346,-0.0004305503971,0.09179446101,2000
main_month_median_pearson,Changjiang,昌江,All,14,pearson,month_median,18,0.033733437,0.03086388111,-0.009438432753,0.08976281434,2000
main_month_median_pearson,Changjiang,昌江,All,14,pearson,month_median,19,0.02611032413,0.02334856614,-0.009989229962,0.07407062501,2000
main_month_median_pearson,Changjiang,昌江,All,14,pearson,month_median,20,0.01656526429,0.01500150748,-0.009522533044,0.04791280627,2000
main_month_median_pearson,Changjiang,昌江,Autumn,14,pearson,month_median,0,0.1831853119,0.1813304126,0.09849305451,0.2268163413,2000
main_month_median_pearson,Changjiang,昌江,Autumn,14,pearson,month_median,1,0.4032368747,0.3989411294,0.2524639666,0.4980590641,2000
main_month_median_pearson,Changjiang,昌江,Autumn,14,pearson,month_median,2,0.4319319976,0.4295575917,0.3021333218,0.5117897987,2000
main_month_median_pearson,Changjiang,昌江,Autumn,14,pearson,month_median,3,0.3278693738,0.3258781433,0.2462195158,0.382247448,2000
main_month_median_pearson,Changjiang,昌江,Autumn,14,pearson,month_median,4,0.2547791542,0.2524380684,0.194587484,0.2961862385,2000
main_month_median_pearson,Changjiang,昌江,Autumn,14,pearson,month_median,5,0.2061444788,0.2071344554,0.1538651884,0.2478587627,2000
main_month_median_pearson,Changjiang,昌江,Autumn,14,pearson,month_median,6,0.1908364195,0.1939794719,0.08121635765,0.2847792208,2000
main_month_median_pearson,Changjiang,昌江,Autumn,14,pearson,month_median,7,0.1642032236,0.1665080488,0.04111432284,0.2720709741,2000
main_month_median_pearson,Changjiang,昌江,Autumn,14,pearson,month_median,8,0.1410055715,0.1409714669,0.02903146297,0.2396123558,2000
main_month_median_pearson,Changjiang,昌江,Autumn,14,pearson,month_median,9,0.1230873526,0.122432664,0.02624684758,0.2090177089,2000
main_month_median_pearson,Changjiang,昌江,Autumn,14,pearson,month_median,10,0.1704605092,0.1651824117,0.02620527707,0.3236431181,2000
main_month_median_pearson,Changjiang,昌江,Autumn,14,pearson,month_median,11,0.1926872317,0.1865833998,0.02759721503,0.3757788241,2000
main_month_median_pearson,Changjiang,昌江,Autumn,14,pearson,month_median,12,0.1576494538,0.15250507,0.03745117411,0.2783986628,2000
main_month_median_pearson,Changjiang,昌江,Autumn,14,pearson,month_median,13,0.1194375987,0.1162426472,0.0279211849,0.2044218928,2000
main_month_median_pearson,Changjiang,昌江,Autumn,14,pearson,month_median,14,0.08144168688,0.07907992601,0.01262614224,0.1486955285,2000
main_month_median_pearson,Changjiang,昌江,Autumn,14,pearson,month_median,15,0.07299804496,0.07031831145,0.02552425116,0.1171199307,2000
main_month_median_pearson,Changjiang,昌江,Autumn,14,pearson,month_median,16,0.09359635627,0.09176230431,0.05016606674,0.1198234782,2000
main_month_median_pearson,Changjiang,昌江,Autumn,14,pearson,month_median,17,0.1014732915,0.1000576019,0.04927535355,0.1416134089,2000
main_month_median_pearson,Changjiang,昌江,Autumn,14,pearson,month_median,18,0.0828505113,0.08053342253,0.05082022026,0.1054799631,2000
main_month_median_pearson,Changjiang,昌江,Autumn,14,pearson,month_median,19,0.0756397642,0.07409828156,0.03811758757,0.1106849983,2000
main_month_median_pearson,Changjiang,昌江,Autumn,14,pearson,month_median,20,0.06721560351,0.06518106908,0.01963429898,0.1205599159,2000
main_month_median_pearson,Changjiang,昌江,Spring,14,pearson,month_median,0,0.2998718361,0.299895972,0.2382453084,0.347176522,2000
main_month_median_pearson,Changjiang,昌江,Spring,14,pearson,month_median,1,0.6219682503,0.6208539009,0.5479382277,0.6753630638,2000
main_month_median_pearson,Changjiang,昌江,Spring,14,pearson,month_median,2,0.3194920352,0.3167204261,0.25751248,0.3878716826,2000
main_month_median_pearson,Changjiang,昌江,Spring,14,pearson,month_median,3,0.1994885663,0.1963971555,0.1394462585,0.2671243846,2000
main_month_median_pearson,Changjiang,昌江,Spring,14,pearson,month_median,4,0.1990268364,0.1965621114,0.1007825211,0.3098416626,2000
main_month_median_pearson,Changjiang,昌江,Spring,14,pearson,month_median,5,0.1895871616,0.1874571443,0.09450831264,0.2747976184,2000
main_month_median_pearson,Changjiang,昌江,Spring,14,pearson,month_median,6,0.0905432273,0.08898195624,0.0337417759,0.1443872452,2000
main_month_median_pearson,Changjiang,昌江,Spring,14,pearson,month_median,7,0.04097424299,0.03941313922,-0.002998108743,0.08756720275,2000
main_month_median_pearson,Changjiang,昌江,Spring,14,pearson,month_median,8,0.0935693818,0.09285592288,0.03751020133,0.1543877721,2000
main_month_median_pearson,Changjiang,昌江,Spring,14,pearson,month_median,9,0.09186950036,0.09110607207,0.04332527518,0.1495006382,2000
main_month_median_pearson,Changjiang,昌江,Spring,14,pearson,month_median,10,0.1020346818,0.10048908,0.02906652912,0.1881167442,2000
main_month_median_pearson,Changjiang,昌江,Spring,14,pearson,month_median,11,0.07441448016,0.0703952387,-0.003321702825,0.1729499847,2000
main_month_median_pearson,Changjiang,昌江,Spring,14,pearson,month_median,12,0.07086446734,0.06583678722,-0.01110348105,0.1725360304,2000
main_month_median_pearson,Changjiang,昌江,Spring,14,pearson,month_median,13,0.01955700116,0.01618745737,-0.03386202827,0.07445532084,2000
main_month_median_pearson,Changjiang,昌江,Spring,14,pearson,month_median,14,0.05708705299,0.0531809032,-0.02001443878,0.1221833751,2000
main_month_median_pearson,Changjiang,昌江,Spring,14,pearson,month_median,15,0.03307494104,0.02782576159,-0.04215621948,0.1074499935,2000
main_month_median_pearson,Changjiang,昌江,Spring,14,pearson,month_median,16,-0.01987048278,-0.02302161604,-0.06776420027,0.02904853038,2000
main_month_median_pearson,Changjiang,昌江,Spring,14,pearson,month_median,17,0.002243740386,0.0009882531594,-0.04786682129,0.04598166794,2000
main_month_median_pearson,Changjiang,昌江,Spring,14,pearson,month_median,18,0.0352233111,0.02909835428,-0.03892588615,0.1211133376,2000
main_month_median_pearson,Changjiang,昌江,Spring,14,pearson,month_median,19,0.0170220036,0.01327402052,-0.03378571197,0.0719756633,2000
main_month_median_pearson,Changjiang,昌江,Spring,14,pearson,month_median,20,-0.000823387278,-0.003487017006,-0.04134698212,0.04150369018,2000
main_month_median_pearson,Changjiang,昌江,Summer,14,pearson,month_median,0,0.4610053647,0.4616271853,0.3803551495,0.5332047343,2000
main_month_median_pearson,Changjiang,昌江,Summer,14,pearson,month_median,1,0.769738078,0.7723485827,0.7063761353,0.8200294375,2000
main_month_median_pearson,Changjiang,昌江,Summer,14,pearson,month_median,2,0.422757524,0.4256010652,0.3639041781,0.4667695463,2000
main_month_median_pearson,Changjiang,昌江,Summer,14,pearson,month_median,3,0.1809066156,0.1791255176,0.1449934095,0.2282946706,2000
main_month_median_pearson,Changjiang,昌江,Summer,14,pearson,month_median,4,0.1413245971,0.1401047111,0.08626338094,0.2081736028,2000
main_month_median_pearson,Changjiang,昌江,Summer,14,pearson,month_median,5,0.1554521571,0.1558509022,0.08655039221,0.2361710966,2000
main_month_median_pearson,Changjiang,昌江,Summer,14,pearson,month_median,6,0.1222196789,0.1226555854,0.0455991514,0.2063790411,2000
main_month_median_pearson,Changjiang,昌江,Summer,14,pearson,month_median,7,0.06825681235,0.0643927902,0.002103446284,0.1513967514,2000
main_month_median_pearson,Changjiang,昌江,Summer,14,pearson,month_median,8,0.05304491806,0.05162642151,0.01754811034,0.08822033554,2000
main_month_median_pearson,Changjiang,昌江,Summer,14,pearson,month_median,9,0.05410577369,0.05264517665,0.01971082203,0.0897019282,2000
main_month_median_pearson,Changjiang,昌江,Summer,14,pearson,month_median,10,0.03415024495,0.03285647184,-0.002338835038,0.0755359903,2000
main_month_median_pearson,Changjiang,昌江,Summer,14,pearson,month_median,11,0.04312436776,0.04054446891,-0.007723422255,0.1006010398,2000
main_month_median_pearson,Changjiang,昌江,Summer,14,pearson,month_median,12,0.03887955661,0.03558377922,-0.01667007245,0.1043809578,2000
main_month_median_pearson,Changjiang,昌江,Summer,14,pearson,month_median,13,0.007232315978,0.004858021624,-0.03489873558,0.04860677943,2000
main_month_median_pearson,Changjiang,昌江,Summer,14,pearson,month_median,14,0.01663229827,0.01425561402,-0.03785672784,0.0746563822,2000
main_month_median_pearson,Changjiang,昌江,Summer,14,pearson,month_median,15,0.03512562015,0.03015286848,-0.0378504172,0.1259974688,2000
main_month_median_pearson,Changjiang,昌江,Summer,14,pearson,month_median,16,0.04142210761,0.0369814299,-0.0288804248,0.1276686788,2000
main_month_median_pearson,Changjiang,昌江,Summer,14,pearson,month_median,17,0.01356984185,0.007709749974,-0.05031399801,0.09008084983,2000
main_month_median_pearson,Changjiang,昌江,Summer,14,pearson,month_median,18,-0.008559661356,-0.01272456814,-0.05648965016,0.04475027695,2000
main_month_median_pearson,Changjiang,昌江,Summer,14,pearson,month_median,19,-0.003937604545,-0.007633384317,-0.05616183206,0.05951985717,2000
main_month_median_pearson,Changjiang,昌江,Summer,14,pearson,month_median,20,-0.01188676123,-0.01591188088,-0.0558675155,0.05285702273,2000
main_month_median_pearson,Changjiang,昌江,Winter,13,pearson,month_median,0,0.3516932069,0.3442237377,0.1716342568,0.4826700389,2000
main_month_median_pearson,Changjiang,昌江,Winter,13,pearson,month_median,1,0.4765196129,0.4724376202,0.3315729797,0.5895303488,2000
main_month_median_pearson,Changjiang,昌江,Winter,13,pearson,month_median,2,0.4349660097,0.430183053,0.3250925243,0.5494301915,2000
main_month_median_pearson,Changjiang,昌江,Winter,13,pearson,month_median,3,0.4237834912,0.416962713,0.3309272528,0.5256282687,2000
main_month_median_pearson,Changjiang,昌江,Winter,13,pearson,month_median,4,0.3045248161,0.3006167412,0.1915564686,0.4127545059,2000
main_month_median_pearson,Changjiang,昌江,Winter,13,pearson,month_median,5,0.2922428677,0.2855901122,0.1850958019,0.3874174654,2000
main_month_median_pearson,Changjiang,昌江,Winter,13,pearson,month_median,6,0.2395987365,0.2345583737,0.1188193858,0.334520787,2000
main_month_median_pearson,Changjiang,昌江,Winter,13,pearson,month_median,7,0.2410329353,0.234396413,0.1071742103,0.3591846526,2000
main_month_median_pearson,Changjiang,昌江,Winter,13,pearson,month_median,8,0.2253975822,0.2192687094,0.09663052857,0.3488854766,2000
main_month_median_pearson,Changjiang,昌江,Winter,13,pearson,month_median,9,0.1573497543,0.1552366018,0.06683135033,0.2238247544,2000
main_month_median_pearson,Changjiang,昌江,Winter,13,pearson,month_median,10,0.1563924124,0.1557899415,0.06934415549,0.2155898064,2000
main_month_median_pearson,Changjiang,昌江,Winter,13,pearson,month_median,11,0.1291999404,0.1287229955,0.04443218559,0.1881259233,2000
main_month_median_pearson,Changjiang,昌江,Winter,13,pearson,month_median,12,0.126945039,0.1280712187,0.03490740433,0.1986236423,2000
main_month_median_pearson,Changjiang,昌江,Winter,13,pearson,month_median,13,0.1010194951,0.102744244,0.01872078143,0.1668782681,2000
main_month_median_pearson,Changjiang,昌江,Winter,13,pearson,month_median,14,0.0622977874,0.06293949485,-0.003749128431,0.1296378076,2000
main_month_median_pearson,Changjiang,昌江,Winter,13,pearson,month_median,15,0.0634576095,0.06284762174,-0.005844790954,0.1541860104,2000
main_month_median_pearson,Changjiang,昌江,Winter,13,pearson,month_median,16,0.06943373097,0.06629747897,-0.00560158724,0.1893339753,2000
main_month_median_pearson,Changjiang,昌江,Winter,13,pearson,month_median,17,0.06204716509,0.0599819608,-0.001959900605,0.1700011492,2000
main_month_median_pearson,Changjiang,昌江,Winter,13,pearson,month_median,18,0.0472492786,0.04514061287,-0.01236024033,0.1559214443,2000
main_month_median_pearson,Changjiang,昌江,Winter,13,pearson,month_median,19,0.03654357576,0.03465680405,-0.01291080751,0.1295306087,2000
main_month_median_pearson,Changjiang,昌江,Winter,13,pearson,month_median,20,0.0325834883,0.03158267587,-0.01887407899,0.1220321059,2000
main_month_median_pearson,Fuhe,抚河,All,14,pearson,month_median,0,0.2457527347,0.2430291623,0.180573687,0.2909504473,2000
main_month_median_pearson,Fuhe,抚河,All,14,pearson,month_median,1,0.5620295013,0.5624448657,0.5122414827,0.5974308848,2000
main_month_median_pearson,Fuhe,抚河,All,14,pearson,month_median,2,0.6043107735,0.6044752002,0.552752912,0.6458316445,2000
main_month_median_pearson,Fuhe,抚河,All,14,pearson,month_median,3,0.4828209308,0.4819959998,0.416800648,0.5322807431,2000
main_month_median_pearson,Fuhe,抚河,All,14,pearson,month_median,4,0.3620529474,0.3598743975,0.2939020991,0.4098261297,2000
main_month_median_pearson,Fuhe,抚河,All,14,pearson,month_median,5,0.2705882353,0.2674460411,0.2005329579,0.3229446709,2000
main_month_median_pearson,Fuhe,抚河,All,14,pearson,month_median,6,0.2276719581,0.2249525487,0.1603255421,0.2783652544,2000
main_month_median_pearson,Fuhe,抚河,All,14,pearson,month_median,7,0.1959259416,0.1933039874,0.1438358575,0.235319078,2000
main_month_median_pearson,Fuhe,抚河,All,14,pearson,month_median,8,0.1565879854,0.1542512923,0.1081589982,0.1934187263,2000
main_month_median_pearson,Fuhe,抚河,All,14,pearson,month_median,9,0.1199982653,0.1173951849,0.07749079913,0.1555141658,2000
main_month_median_pearson,Fuhe,抚河,All,14,pearson,month_median,10,0.09934301869,0.09690176696,0.05789802223,0.1328400522,2000
main_month_median_pearson,Fuhe,抚河,All,14,pearson,month_median,11,0.08586769066,0.08363050222,0.0552377142,0.1126645803,2000
main_month_median_pearson,Fuhe,抚河,All,14,pearson,month_median,12,0.08729247848,0.0859991163,0.05892250314,0.1142541617,2000
main_month_median_pearson,Fuhe,抚河,All,14,pearson,month_median,13,0.09280861157,0.09037461877,0.05699173734,0.1370384246,2000
main_month_median_pearson,Fuhe,抚河,All,14,pearson,month_median,14,0.1026209996,0.1004604101,0.05894388631,0.1483693272,2000
main_month_median_pearson,Fuhe,抚河,All,14,pearson,month_median,15,0.09260929615,0.09122787416,0.05459105968,0.1282346398,2000
main_month_median_pearson,Fuhe,抚河,All,14,pearson,month_median,16,0.08634288604,0.08451977372,0.04634037614,0.1218106374,2000
main_month_median_pearson,Fuhe,抚河,All,14,pearson,month_median,17,0.08299744122,0.08012875915,0.04705096781,0.1168152988,2000
main_month_median_pearson,Fuhe,抚河,All,14,pearson,month_median,18,0.08189989555,0.07978017628,0.04889549315,0.1106492355,2000
main_month_median_pearson,Fuhe,抚河,All,14,pearson,month_median,19,0.06822569889,0.06629966199,0.03258639574,0.09501366317,2000
main_month_median_pearson,Fuhe,抚河,All,14,pearson,month_median,20,0.05010409919,0.04778650403,0.01667247526,0.08591615409,2000
main_month_median_pearson,Fuhe,抚河,Autumn,14,pearson,month_median,0,0.2070042685,0.1988476813,0.1190263852,0.25651595,2000
main_month_median_pearson,Fuhe,抚河,Autumn,14,pearson,month_median,1,0.4737670608,0.4721342325,0.3595420122,0.5388374329,2000
main_month_median_pearson,Fuhe,抚河,Autumn,14,pearson,month_median,2,0.5724394183,0.5726025105,0.4942792356,0.6457485557,2000
main_month_median_pearson,Fuhe,抚河,Autumn,14,pearson,month_median,3,0.4327787395,0.4352267981,0.3852190673,0.5128296614,2000
main_month_median_pearson,Fuhe,抚河,Autumn,14,pearson,month_median,4,0.3304539419,0.3325573802,0.3035645187,0.3760605156,2000
main_month_median_pearson,Fuhe,抚河,Autumn,14,pearson,month_median,5,0.3087717945,0.303805232,0.243031323,0.3663161397,2000
main_month_median_pearson,Fuhe,抚河,Autumn,14,pearson,month_median,6,0.3185270018,0.3116089106,0.2122520953,0.4037069678,2000
main_month_median_pearson,Fuhe,抚河,Autumn,14,pearson,month_median,7,0.3143990204,0.3074170947,0.2133076638,0.3919694126,2000
main_month_median_pearson,Fuhe,抚河,Autumn,14,pearson,month_median,8,0.2406982554,0.2396837771,0.1706597358,0.2885321975,2000
main_month_median_pearson,Fuhe,抚河,Autumn,14,pearson,month_median,9,0.1898928797,0.1882352233,0.1194197014,0.2574182451,2000
main_month_median_pearson,Fuhe,抚河,Autumn,14,pearson,month_median,10,0.1606750783,0.1583596468,0.08709697425,0.2249618918,2000
main_month_median_pearson,Fuhe,抚河,Autumn,14,pearson,month_median,11,0.143337848,0.1393030882,0.06387165934,0.2218763679,2000
main_month_median_pearson,Fuhe,抚河,Autumn,14,pearson,month_median,12,0.1431011167,0.1343566328,0.06221241876,0.2359787375,2000
main_month_median_pearson,Fuhe,抚河,Autumn,14,pearson,month_median,13,0.1515930904,0.1434701681,0.05744631216,0.2414966524,2000
main_month_median_pearson,Fuhe,抚河,Autumn,14,pearson,month_median,14,0.1509878755,0.1438944936,0.03559281677,0.2301473171,2000
main_month_median_pearson,Fuhe,抚河,Autumn,14,pearson,month_median,15,0.1358824111,0.1322526783,0.04290131107,0.1846811473,2000
main_month_median_pearson,Fuhe,抚河,Autumn,14,pearson,month_median,16,0.1103277864,0.1056880355,0.03113158979,0.1439363509,2000
main_month_median_pearson,Fuhe,抚河,Autumn,14,pearson,month_median,17,0.1184134496,0.1121605486,0.02079393715,0.1558848768,2000
main_month_median_pearson,Fuhe,抚河,Autumn,14,pearson,month_median,18,0.1575072383,0.1532825232,0.02294492908,0.2048223466,2000
main_month_median_pearson,Fuhe,抚河,Autumn,14,pearson,month_median,19,0.1946367878,0.1909091175,0.02577057108,0.253595382,2000
main_month_median_pearson,Fuhe,抚河,Autumn,14,pearson,month_median,20,0.1670078539,0.1636615992,0.0535201095,0.2301043272,2000
main_month_median_pearson,Fuhe,抚河,Spring,14,pearson,month_median,0,0.1973056686,0.1943617463,0.1240360811,0.2449511588,2000
main_month_median_pearson,Fuhe,抚河,Spring,14,pearson,month_median,1,0.5535876594,0.5552375317,0.5040305257,0.5971714854,2000
main_month_median_pearson,Fuhe,抚河,Spring,14,pearson,month_median,2,0.5849372261,0.5868458748,0.5263511539,0.6343340278,2000
main_month_median_pearson,Fuhe,抚河,Spring,14,pearson,month_median,3,0.4384750531,0.4385335743,0.3878302574,0.4854369462,2000
main_month_median_pearson,Fuhe,抚河,Spring,14,pearson,month_median,4,0.3324039437,0.3315446973,0.2939184606,0.371789217,2000
main_month_median_pearson,Fuhe,抚河,Spring,14,pearson,month_median,5,0.2533464873,0.2501472831,0.19972004,0.3104034662,2000
main_month_median_pearson,Fuhe,抚河,Spring,14,pearson,month_median,6,0.2139729461,0.2101530731,0.1628287286,0.2633076012,2000
main_month_median_pearson,Fuhe,抚河,Spring,14,pearson,month_median,7,0.2032889203,0.1998743117,0.1587593704,0.2455354631,2000
main_month_median_pearson,Fuhe,抚河,Spring,14,pearson,month_median,8,0.1752019456,0.1717120707,0.1176487505,0.2296046615,2000
main_month_median_pearson,Fuhe,抚河,Spring,14,pearson,month_median,9,0.1642762251,0.1593280733,0.08058944345,0.2538229227,2000
main_month_median_pearson,Fuhe,抚河,Spring,14,pearson,month_median,10,0.1740420643,0.1690085232,0.07458061725,0.2868245542,2000
main_month_median_pearson,Fuhe,抚河,Spring,14,pearson,month_median,11,0.1457035231,0.13960132,0.06977364421,0.2286878079,2000
main_month_median_pearson,Fuhe,抚河,Spring,14,pearson,month_median,12,0.137940467,0.1341620684,0.07588324696,0.1812778264,2000
main_month_median_pearson,Fuhe,抚河,Spring,14,pearson,month_median,13,0.1544414985,0.1478123665,0.06013168022,0.2421860844,2000
main_month_median_pearson,Fuhe,抚河,Spring,14,pearson,month_median,14,0.15099401,0.1439167857,0.04557726905,0.2505376935,2000
main_month_median_pearson,Fuhe,抚河,Spring,14,pearson,month_median,15,0.1406686512,0.1360715628,0.05826158077,0.2044343948,2000
main_month_median_pearson,Fuhe,抚河,Spring,14,pearson,month_median,16,0.1013386964,0.0971571058,0.01769429445,0.1595142931,2000
main_month_median_pearson,Fuhe,抚河,Spring,14,pearson,month_median,17,0.08847659685,0.08542107046,0.01435168739,0.1380504519,2000
main_month_median_pearson,Fuhe,抚河,Spring,14,pearson,month_median,18,0.08292499836,0.07945281267,0.01622920856,0.1276772469,2000
main_month_median_pearson,Fuhe,抚河,Spring,14,pearson,month_median,19,0.07591557463,0.07183537632,0.00465071667,0.1285012662,2000
main_month_median_pearson,Fuhe,抚河,Spring,14,pearson,month_median,20,0.07818098402,0.07406167686,0.007145661861,0.1427029818,2000
main_month_median_pearson,Fuhe,抚河,Summer,14,pearson,month_median,0,0.2851872467,0.2803801894,0.1876443774,0.3558229804,2000
main_month_median_pearson,Fuhe,抚河,Summer,14,pearson,month_median,1,0.6222782621,0.6231426597,0.5670512319,0.6662310958,2000
main_month_median_pearson,Fuhe,抚河,Summer,14,pearson,month_median,2,0.6594630907,0.6613770723,0.60158813,0.7125768661,2000
main_month_median_pearson,Fuhe,抚河,Summer,14,pearson,month_median,3,0.5409630424,0.5423574448,0.4549085498,0.5998519063,2000
main_month_median_pearson,Fuhe,抚河,Summer,14,pearson,month_median,4,0.3906002298,0.3875898123,0.2964348495,0.4580033422,2000
main_month_median_pearson,Fuhe,抚河,Summer,14,pearson,month_median,5,0.2709874326,0.2661350965,0.1585206389,0.3552826941,2000
main_month_median_pearson,Fuhe,抚河,Summer,14,pearson,month_median,6,0.2157130435,0.2102498412,0.08513647318,0.3112871945,2000
main_month_median_pearson,Fuhe,抚河,Summer,14,pearson,month_median,7,0.1606578629,0.1544967145,0.04668772221,0.2417675555,2000
main_month_median_pearson,Fuhe,抚河,Summer,14,pearson,month_median,8,0.1175376458,0.1139924526,0.0312823616,0.17030707,2000
main_month_median_pearson,Fuhe,抚河,Summer,14,pearson,month_median,9,0.06565392238,0.06399555504,0.001425241702,0.1055601537,2000
main_month_median_pearson,Fuhe,抚河,Summer,14,pearson,month_median,10,0.03283494423,0.03140616044,-0.03477996215,0.08255338669,2000
main_month_median_pearson,Fuhe,抚河,Summer,14,pearson,month_median,11,0.01514545818,0.01355983224,-0.04761172459,0.06188504398,2000
main_month_median_pearson,Fuhe,抚河,Summer,14,pearson,month_median,12,0.01567721125,0.01334272977,-0.04837214574,0.08749936521,2000
main_month_median_pearson,Fuhe,抚河,Summer,14,pearson,month_median,13,0.01266806205,0.009565915912,-0.0380843468,0.07814003527,2000
main_month_median_pearson,Fuhe,抚河,Summer,14,pearson,month_median,14,0.03461652201,0.0330000259,-0.0142556522,0.08166293055,2000
main_month_median_pearson,Fuhe,抚河,Summer,14,pearson,month_median,15,0.03135643525,0.02998981811,-0.01270256098,0.07212622464,2000
main_month_median_pearson,Fuhe,抚河,Summer,14,pearson,month_median,16,0.04132004225,0.03566525877,-0.02980182134,0.111204952,2000
main_month_median_pearson,Fuhe,抚河,Summer,14,pearson,month_median,17,0.05332621529,0.04770198837,-0.03478792682,0.1395197809,2000
main_month_median_pearson,Fuhe,抚河,Summer,14,pearson,month_median,18,0.05308831303,0.04846034199,-0.0284576714,0.1241772547,2000
main_month_median_pearson,Fuhe,抚河,Summer,14,pearson,month_median,19,0.0340813559,0.03091682494,-0.03527877107,0.07933177054,2000
main_month_median_pearson,Fuhe,抚河,Summer,14,pearson,month_median,20,-0.008813479092,-0.01274887472,-0.05959378555,0.03571494296,2000
main_month_median_pearson,Fuhe,抚河,Winter,13,pearson,month_median,0,0.1730911386,0.1681653559,0.09573007375,0.2209698707,2000
main_month_median_pearson,Fuhe,抚河,Winter,13,pearson,month_median,1,0.3891416896,0.3898071051,0.318454206,0.4475947022,2000
main_month_median_pearson,Fuhe,抚河,Winter,13,pearson,month_median,2,0.5114791813,0.5169850588,0.4518913925,0.5941978097,2000
main_month_median_pearson,Fuhe,抚河,Winter,13,pearson,month_median,3,0.4634297066,0.4674232304,0.4080608189,0.5503180623,2000
main_month_median_pearson,Fuhe,抚河,Winter,13,pearson,month_median,4,0.4200994729,0.4220857024,0.3503043354,0.512770474,2000
main_month_median_pearson,Fuhe,抚河,Winter,13,pearson,month_median,5,0.364590167,0.3642083704,0.2913630307,0.4471937716,2000
main_month_median_pearson,Fuhe,抚河,Winter,13,pearson,month_median,6,0.292866695,0.2908609807,0.2312085629,0.3560564518,2000
main_month_median_pearson,Fuhe,抚河,Winter,13,pearson,month_median,7,0.2572097092,0.2511944175,0.1716069132,0.3413051963,2000
main_month_median_pearson,Fuhe,抚河,Winter,13,pearson,month_median,8,0.2171075754,0.2110153139,0.1391046941,0.2832972705,2000
main_month_median_pearson,Fuhe,抚河,Winter,13,pearson,month_median,9,0.189980455,0.1845955253,0.1151912287,0.2500573397,2000
main_month_median_pearson,Fuhe,抚河,Winter,13,pearson,month_median,10,0.1830163018,0.1774181724,0.09887301177,0.2448982745,2000
main_month_median_pearson,Fuhe,抚河,Winter,13,pearson,month_median,11,0.168164553,0.1609995216,0.0682630837,0.2399309725,2000
main_month_median_pearson,Fuhe,抚河,Winter,13,pearson,month_median,12,0.1634988334,0.1539448053,0.04620407894,0.2479860038,2000
main_month_median_pearson,Fuhe,抚河,Winter,13,pearson,month_median,13,0.1481540332,0.1383269429,0.03319639713,0.2275710255,2000
main_month_median_pearson,Fuhe,抚河,Winter,13,pearson,month_median,14,0.1485588229,0.1383065432,0.02953508869,0.2262955606,2000
main_month_median_pearson,Fuhe,抚河,Winter,13,pearson,month_median,15,0.1296211505,0.1186857671,0.01447720826,0.2051564008,2000
main_month_median_pearson,Fuhe,抚河,Winter,13,pearson,month_median,16,0.1381902842,0.129339233,0.01978372969,0.2151065022,2000
main_month_median_pearson,Fuhe,抚河,Winter,13,pearson,month_median,17,0.1353379157,0.1267355382,0.03077655099,0.2027362585,2000
main_month_median_pearson,Fuhe,抚河,Winter,13,pearson,month_median,18,0.1488067053,0.1395307183,0.03901940584,0.2215834558,2000
main_month_median_pearson,Fuhe,抚河,Winter,13,pearson,month_median,19,0.1574082249,0.1479042619,0.03437852487,0.2473166138,2000
main_month_median_pearson,Fuhe,抚河,Winter,13,pearson,month_median,20,0.1570071037,0.1451242417,0.01824986562,0.2623007894,2000
main_month_median_pearson,Ganjiang,赣江,All,14,pearson,month_median,0,0.09161768828,0.09198157489,0.07315780967,0.1408025175,2000
main_month_median_pearson,Ganjiang,赣江,All,14,pearson,month_median,1,0.1716192481,0.1738893688,0.1420356035,0.2586177289,2000
main_month_median_pearson,Ganjiang,赣江,All,14,pearson,month_median,2,0.2791637923,0.2826553583,0.2446826845,0.3879605234,2000
main_month_median_pearson,Ganjiang,赣江,All,14,pearson,month_median,3,0.3126738588,0.3166589141,0.2592267692,0.4459902346,2000
main_month_median_pearson,Ganjiang,赣江,All,14,pearson,month_median,4,0.3046386923,0.3082762361,0.2409758866,0.4499862492,2000
main_month_median_pearson,Ganjiang,赣江,All,14,pearson,month_median,5,0.2759439641,0.2792873979,0.2122464478,0.4204026461,2000
main_month_median_pearson,Ganjiang,赣江,All,14,pearson,month_median,6,0.231134774,0.2335724682,0.1638839394,0.3766016066,2000
main_month_median_pearson,Ganjiang,赣江,All,14,pearson,month_median,7,0.2037791591,0.2062350512,0.1460986882,0.3373568952,2000
main_month_median_pearson,Ganjiang,赣江,All,14,pearson,month_median,8,0.1811845832,0.1836884916,0.1318343431,0.3041436076,2000
main_month_median_pearson,Ganjiang,赣江,All,14,pearson,month_median,9,0.1620650252,0.1646342874,0.1176129952,0.2769717276,2000
main_month_median_pearson,Ganjiang,赣江,All,14,pearson,month_median,10,0.1397629037,0.1427744031,0.09941567481,0.2451082915,2000
main_month_median_pearson,Ganjiang,赣江,All,14,pearson,month_median,11,0.1161215236,0.1190618575,0.08074130863,0.2086157352,2000
main_month_median_pearson,Ganjiang,赣江,All,14,pearson,month_median,12,0.0980472436,0.09987033904,0.06673819572,0.1762400568,2000
main_month_median_pearson,Ganjiang,赣江,All,14,pearson,month_median,13,0.08440198958,0.08560293168,0.05469269305,0.1532119662,2000
main_month_median_pearson,Ganjiang,赣江,All,14,pearson,month_median,14,0.08029595198,0.08061176538,0.05351502076,0.1380378902,2000
main_month_median_pearson,Ganjiang,赣江,All,14,pearson,month_median,15,0.07892805985,0.07954847813,0.05401575938,0.1342417002,2000
main_month_median_pearson,Ganjiang,赣江,All,14,pearson,month_median,16,0.07330704993,0.07403992116,0.05023276433,0.1288100779,2000
main_month_median_pearson,Ganjiang,赣江,All,14,pearson,month_median,17,0.06655245243,0.06660135835,0.04616731778,0.1183073297,2000
main_month_median_pearson,Ganjiang,赣江,All,14,pearson,month_median,18,0.06199422657,0.06217994541,0.04203055799,0.1111718565,2000
main_month_median_pearson,Ganjiang,赣江,All,14,pearson,month_median,19,0.05119545685,0.05108238012,0.03169579804,0.09644578397,2000
main_month_median_pearson,Ganjiang,赣江,All,14,pearson,month_median,20,0.04209536844,0.04097305238,0.01960519329,0.08902789652,2000
main_month_median_pearson,Ganjiang,赣江,Autumn,14,pearson,month_median,0,0.1432564416,0.139377892,0.08004800975,0.1934740096,2000
main_month_median_pearson,Ganjiang,赣江,Autumn,14,pearson,month_median,1,0.2194094999,0.2173728347,0.1492201835,0.2674826682,2000
main_month_median_pearson,Ganjiang,赣江,Autumn,14,pearson,month_median,2,0.3384066225,0.3396749198,0.2466557622,0.3978672028,2000
main_month_median_pearson,Ganjiang,赣江,Autumn,14,pearson,month_median,3,0.4077652821,0.4109604657,0.328618288,0.4670661688,2000
main_month_median_pearson,Ganjiang,赣江,Autumn,14,pearson,month_median,4,0.4329669564,0.4374476373,0.3759623766,0.4935714304,2000
main_month_median_pearson,Ganjiang,赣江,Autumn,14,pearson,month_median,5,0.4082829882,0.4118030667,0.3605467975,0.4718278348,2000
main_month_median_pearson,Ganjiang,赣江,Autumn,14,pearson,month_median,6,0.3914818885,0.3945818245,0.317807883,0.4668481648,2000
main_month_median_pearson,Ganjiang,赣江,Autumn,14,pearson,month_median,7,0.385334084,0.3892169595,0.2847342193,0.4716067612,2000
main_month_median_pearson,Ganjiang,赣江,Autumn,14,pearson,month_median,8,0.3583806946,0.3630821705,0.2639141679,0.4396866858,2000
main_month_median_pearson,Ganjiang,赣江,Autumn,14,pearson,month_median,9,0.3050954884,0.3094215393,0.2204707414,0.3815131187,2000
main_month_median_pearson,Ganjiang,赣江,Autumn,14,pearson,month_median,10,0.2532137158,0.2558672726,0.1767807603,0.323499918,2000
main_month_median_pearson,Ganjiang,赣江,Autumn,14,pearson,month_median,11,0.2195458457,0.2224715054,0.1254580766,0.2966322601,2000
main_month_median_pearson,Ganjiang,赣江,Autumn,14,pearson,month_median,12,0.1915455664,0.1929362118,0.1017070264,0.2700131834,2000
main_month_median_pearson,Ganjiang,赣江,Autumn,14,pearson,month_median,13,0.1650504483,0.1642882973,0.08944025636,0.2420958132,2000
main_month_median_pearson,Ganjiang,赣江,Autumn,14,pearson,month_median,14,0.154352811,0.1508363783,0.08455105871,0.2333378345,2000
main_month_median_pearson,Ganjiang,赣江,Autumn,14,pearson,month_median,15,0.1442184473,0.1406380534,0.07907093316,0.2091885656,2000
main_month_median_pearson,Ganjiang,赣江,Autumn,14,pearson,month_median,16,0.1350656342,0.1319890916,0.05850334093,0.1965097338,2000
main_month_median_pearson,Ganjiang,赣江,Autumn,14,pearson,month_median,17,0.1217259029,0.1176267639,0.03029858507,0.1893164814,2000
main_month_median_pearson,Ganjiang,赣江,Autumn,14,pearson,month_median,18,0.1189636878,0.1144738346,0.008819314651,0.1962821037,2000
main_month_median_pearson,Ganjiang,赣江,Autumn,14,pearson,month_median,19,0.1387361209,0.1338147819,-0.006163740065,0.2329742163,2000
main_month_median_pearson,Ganjiang,赣江,Autumn,14,pearson,month_median,20,0.1634234817,0.160264641,-0.005429476034,0.2649868429,2000
main_month_median_pearson,Ganjiang,赣江,Spring,14,pearson,month_median,0,0.06616427913,0.06779927015,0.03819675744,0.1582044214,2000
main_month_median_pearson,Ganjiang,赣江,Spring,14,pearson,month_median,1,0.1319629081,0.1332380176,0.1032785773,0.275876224,2000
main_month_median_pearson,Ganjiang,赣江,Spring,14,pearson,month_median,2,0.2337791963,0.2378121912,0.2205974907,0.3981277943,2000
main_month_median_pearson,Ganjiang,赣江,Spring,14,pearson,month_median,3,0.2395909826,0.2422619462,0.2120040208,0.4475410283,2000
main_month_median_pearson,Ganjiang,赣江,Spring,14,pearson,month_median,4,0.2235167255,0.2260174006,0.1829142123,0.4572861791,2000
main_month_median_pearson,Ganjiang,赣江,Spring,14,pearson,month_median,5,0.2020062251,0.2042579353,0.1541514844,0.4385659695,2000
main_month_median_pearson,Ganjiang,赣江,Spring,14,pearson,month_median,6,0.1541874733,0.1556695998,0.08658376336,0.3895791173,2000
main_month_median_pearson,Ganjiang,赣江,Spring,14,pearson,month_median,7,0.1377169317,0.1389390826,0.07592790574,0.3497589827,2000
main_month_median_pearson,Ganjiang,赣江,Spring,14,pearson,month_median,8,0.126263948,0.1281000078,0.07075310498,0.3244622946,2000
main_month_median_pearson,Ganjiang,赣江,Spring,14,pearson,month_median,9,0.1216528463,0.1243120953,0.06726776063,0.3258465827,2000
main_month_median_pearson,Ganjiang,赣江,Spring,14,pearson,month_median,10,0.1181948195,0.1221653521,0.06483980268,0.3311251998,2000
main_month_median_pearson,Ganjiang,赣江,Spring,14,pearson,month_median,11,0.1065334599,0.1104676127,0.05895129964,0.2942745686,2000
main_month_median_pearson,Ganjiang,赣江,Spring,14,pearson,month_median,12,0.09436281306,0.09700542688,0.05282017216,0.2571154833,2000
main_month_median_pearson,Ganjiang,赣江,Spring,14,pearson,month_median,13,0.1981631873,0.1958090067,0.1266973764,0.2436255068,2000
main_month_median_pearson,Ganjiang,赣江,Spring,14,pearson,month_median,14,0.1927121221,0.1903269589,0.1219456643,0.2390943617,2000
main_month_median_pearson,Ganjiang,赣江,Spring,14,pearson,month_median,15,0.190352239,0.1868660152,0.1255124807,0.2348099202,2000
main_month_median_pearson,Ganjiang,赣江,Spring,14,pearson,month_median,16,0.1732567834,0.1691835374,0.1193799227,0.2130267918,2000
main_month_median_pearson,Ganjiang,赣江,Spring,14,pearson,month_median,17,0.1538506714,0.1483777463,0.1054267213,0.1925260872,2000
main_month_median_pearson,Ganjiang,赣江,Spring,14,pearson,month_median,18,0.1395023819,0.1336445808,0.09186158329,0.181008026,2000
main_month_median_pearson,Ganjiang,赣江,Spring,14,pearson,month_median,19,0.1161163002,0.1101023555,0.05548563227,0.1713162363,2000
main_month_median_pearson,Ganjiang,赣江,Spring,14,pearson,month_median,20,0.1009317773,0.09579765052,0.03301077336,0.1665434241,2000
main_month_median_pearson,Ganjiang,赣江,Summer,14,pearson,month_median,0,0.1403507025,0.1365891248,0.06059071794,0.1928061992,2000
main_month_median_pearson,Ganjiang,赣江,Summer,14,pearson,month_median,1,0.2846810518,0.2822859883,0.1964934766,0.3486013412,2000
main_month_median_pearson,Ganjiang,赣江,Summer,14,pearson,month_median,2,0.446221201,0.4453626573,0.3696933091,0.5109576583,2000
main_month_median_pearson,Ganjiang,赣江,Summer,14,pearson,month_median,3,0.5239492035,0.5247641802,0.4676929414,0.5812276006,2000
main_month_median_pearson,Ganjiang,赣江,Summer,14,pearson,month_median,4,0.504643503,0.5054439306,0.4490154982,0.5576737523,2000
main_month_median_pearson,Ganjiang,赣江,Summer,14,pearson,month_median,5,0.4401906202,0.4398183227,0.3766649961,0.4995947778,2000
main_month_median_pearson,Ganjiang,赣江,Summer,14,pearson,month_median,6,0.3719890669,0.3706386089,0.294742167,0.4452836215,2000
main_month_median_pearson,Ganjiang,赣江,Summer,14,pearson,month_median,7,0.3162981597,0.3134849072,0.218155697,0.4003655016,2000
main_month_median_pearson,Ganjiang,赣江,Summer,14,pearson,month_median,8,0.2691937809,0.2667533457,0.1529603451,0.35805884,2000
main_month_median_pearson,Ganjiang,赣江,Summer,14,pearson,month_median,9,0.2158773438,0.2122858763,0.09807284921,0.2986307442,2000
main_month_median_pearson,Ganjiang,赣江,Summer,14,pearson,month_median,10,0.1515516648,0.147658065,0.03827406839,0.2284674346,2000
main_month_median_pearson,Ganjiang,赣江,Summer,14,pearson,month_median,11,0.09363662155,0.08938263357,-0.02239477634,0.174192816,2000
main_month_median_pearson,Ganjiang,赣江,Summer,14,pearson,month_median,12,0.05660877501,0.05214173347,-0.0576733686,0.1360069662,2000
main_month_median_pearson,Ganjiang,赣江,Summer,14,pearson,month_median,13,0.03598678879,0.03269387409,-0.06957013905,0.1029058695,2000
main_month_median_pearson,Ganjiang,赣江,Summer,14,pearson,month_median,14,0.02443654541,0.02070007473,-0.05741228163,0.07664557546,2000
main_month_median_pearson,Ganjiang,赣江,Summer,14,pearson,month_median,15,0.0243190808,0.02025304921,-0.03976881504,0.06987313926,2000
main_month_median_pearson,Ganjiang,赣江,Summer,14,pearson,month_median,16,0.02954233268,0.02439963073,-0.02780072205,0.0751183629,2000
main_month_median_pearson,Ganjiang,赣江,Summer,14,pearson,month_median,17,0.03416709633,0.0271638222,-0.03226134926,0.09249147028,2000
main_month_median_pearson,Ganjiang,赣江,Summer,14,pearson,month_median,18,0.04011997528,0.03188139945,-0.03325233981,0.1103965566,2000
main_month_median_pearson,Ganjiang,赣江,Summer,14,pearson,month_median,19,0.01810838761,0.009310198948,-0.06027277559,0.09197413921,2000
main_month_median_pearson,Ganjiang,赣江,Summer,14,pearson,month_median,20,-0.01437788142,-0.02237793244,-0.07942554355,0.03918415681,2000
main_month_median_pearson,Ganjiang,赣江,Winter,13,pearson,month_median,0,0.1189478232,0.1132379025,-0.02590999193,0.1963214427,2000
main_month_median_pearson,Ganjiang,赣江,Winter,13,pearson,month_median,1,0.1596477013,0.1532807648,0.01733130217,0.2400238216,2000
main_month_median_pearson,Ganjiang,赣江,Winter,13,pearson,month_median,2,0.2275299848,0.222997129,0.0954548046,0.3085328341,2000
main_month_median_pearson,Ganjiang,赣江,Winter,13,pearson,month_median,3,0.3125957865,0.3129545152,0.195070684,0.3884072304,2000
main_month_median_pearson,Ganjiang,赣江,Winter,13,pearson,month_median,4,0.3772997306,0.3828167319,0.290281713,0.4822732508,2000
main_month_median_pearson,Ganjiang,赣江,Winter,13,pearson,month_median,5,0.3941193389,0.4007298946,0.3272664249,0.5036978126,2000
main_month_median_pearson,Ganjiang,赣江,Winter,13,pearson,month_median,6,0.3766510306,0.3840939999,0.3331790566,0.4528647065,2000
main_month_median_pearson,Ganjiang,赣江,Winter,13,pearson,month_median,7,0.3517300455,0.3576467633,0.3068751097,0.4287169576,2000
main_month_median_pearson,Ganjiang,赣江,Winter,13,pearson,month_median,8,0.3004273806,0.3067305088,0.2528651357,0.3601860702,2000
main_month_median_pearson,Ganjiang,赣江,Winter,13,pearson,month_median,9,0.2692449126,0.272585988,0.2057420015,0.326495558,2000
main_month_median_pearson,Ganjiang,赣江,Winter,13,pearson,month_median,10,0.2526276707,0.2542263865,0.1758399606,0.3124882877,2000
main_month_median_pearson,Ganjiang,赣江,Winter,13,pearson,month_median,11,0.2164802008,0.2138591409,0.1060171872,0.2895978391,2000
main_month_median_pearson,Ganjiang,赣江,Winter,13,pearson,month_median,12,0.1985291152,0.1942211986,0.0778676495,0.2765835524,2000
main_month_median_pearson,Ganjiang,赣江,Winter,13,pearson,month_median,13,0.1884858183,0.1819602251,0.06137711927,0.2711844742,2000
main_month_median_pearson,Ganjiang,赣江,Winter,13,pearson,month_median,14,0.1755511834,0.1674366891,0.05045632273,0.2568904459,2000
main_month_median_pearson,Ganjiang,赣江,Winter,13,pearson,month_median,15,0.1598542166,0.1504193842,0.03516639397,0.2419016957,2000
main_month_median_pearson,Ganjiang,赣江,Winter,13,pearson,month_median,16,0.1530887907,0.1433492303,0.02343585342,0.2381192744,2000
main_month_median_pearson,Ganjiang,赣江,Winter,13,pearson,month_median,17,0.1482123623,0.1374959201,0.02064583078,0.2348330468,2000
main_month_median_pearson,Ganjiang,赣江,Winter,13,pearson,month_median,18,0.1385747509,0.1272781193,0.01372382697,0.2211628705,2000
main_month_median_pearson,Ganjiang,赣江,Winter,13,pearson,month_median,19,0.1347455152,0.1238519698,0.01026071515,0.2172657549,2000
main_month_median_pearson,Ganjiang,赣江,Winter,13,pearson,month_median,20,0.1380408889,0.126822263,0.001055765431,0.2267419994,2000
main_month_median_pearson,Le'anhe,乐安河,All,14,pearson,month_median,0,0.2382636205,0.2348323166,0.1726835072,0.2962990701,2000
main_month_median_pearson,Le'anhe,乐安河,All,14,pearson,month_median,1,0.5802645398,0.5845890641,0.4324745238,0.6869710088,2000
main_month_median_pearson,Le'anhe,乐安河,All,14,pearson,month_median,2,0.4340045907,0.4371627569,0.3314509392,0.5080285072,2000
main_month_median_pearson,Le'anhe,乐安河,All,14,pearson,month_median,3,0.2522665257,0.2528577745,0.1960372776,0.2935075164,2000
main_month_median_pearson,Le'anhe,乐安河,All,14,pearson,month_median,4,0.1857655913,0.1855824888,0.1340470463,0.2282843292,2000
main_month_median_pearson,Le'anhe,乐安河,All,14,pearson,month_median,5,0.2057576882,0.2035537362,0.1483830363,0.2575746179,2000
main_month_median_pearson,Le'anhe,乐安河,All,14,pearson,month_median,6,0.198325894,0.1973106861,0.146235913,0.2467299849,2000
main_month_median_pearson,Le'anhe,乐安河,All,14,pearson,month_median,7,0.1407318362,0.1393672973,0.09039119631,0.1960218847,2000
main_month_median_pearson,Le'anhe,乐安河,All,14,pearson,month_median,8,0.110418062,0.1077584326,0.06399892271,0.1646413356,2000
main_month_median_pearson,Le'anhe,乐安河,All,14,pearson,month_median,9,0.101665882,0.1007143185,0.07199201733,0.1291359365,2000
main_month_median_pearson,Le'anhe,乐安河,All,14,pearson,month_median,10,0.1104291994,0.108755365,0.07470491529,0.1451424062,2000
main_month_median_pearson,Le'anhe,乐安河,All,14,pearson,month_median,11,0.09806694111,0.09688679874,0.05972483382,0.1338009238,2000
main_month_median_pearson,Le'anhe,乐安河,All,14,pearson,month_median,12,0.07285045263,0.07138528675,0.0343349874,0.1139957458,2000
main_month_median_pearson,Le'anhe,乐安河,All,14,pearson,month_median,13,0.0827659128,0.08214069903,0.03677991405,0.1282611191,2000
main_month_median_pearson,Le'anhe,乐安河,All,14,pearson,month_median,14,0.09173547593,0.08898241073,0.04016155377,0.154183045,2000
main_month_median_pearson,Le'anhe,乐安河,All,14,pearson,month_median,15,0.07436300425,0.07386299968,0.03065848351,0.1122645438,2000
main_month_median_pearson,Le'anhe,乐安河,All,14,pearson,month_median,16,0.04084664635,0.03920235485,0.006292670034,0.07697654516,2000
main_month_median_pearson,Le'anhe,乐安河,All,14,pearson,month_median,17,0.03645970501,0.03534348309,0.003331273561,0.06916246563,2000
main_month_median_pearson,Le'anhe,乐安河,All,14,pearson,month_median,18,0.03619060582,0.03509035707,0.00132184953,0.07601904869,2000
main_month_median_pearson,Le'anhe,乐安河,All,14,pearson,month_median,19,0.03349755525,0.03198087215,0.004053512122,0.06757860631,2000
main_month_median_pearson,Le'anhe,乐安河,All,14,pearson,month_median,20,0.0373520966,0.03524447232,0.004678814206,0.07519003749,2000
main_month_median_pearson,Le'anhe,乐安河,Autumn,14,pearson,month_median,0,0.1231185791,0.1216736734,0.08096349984,0.1464600116,2000
main_month_median_pearson,Le'anhe,乐安河,Autumn,14,pearson,month_median,1,0.4209858325,0.4233834147,0.2517166436,0.5005273223,2000
main_month_median_pearson,Le'anhe,乐安河,Autumn,14,pearson,month_median,2,0.4566482725,0.4607565999,0.3232196569,0.5210937262,2000
main_month_median_pearson,Le'anhe,乐安河,Autumn,14,pearson,month_median,3,0.3270458061,0.3320484459,0.2731792331,0.3750780225,2000
main_month_median_pearson,Le'anhe,乐安河,Autumn,14,pearson,month_median,4,0.2296242935,0.230926767,0.1947489828,0.2771180272,2000
main_month_median_pearson,Le'anhe,乐安河,Autumn,14,pearson,month_median,5,0.211779255,0.2092967629,0.1582923681,0.2464122921,2000
main_month_median_pearson,Le'anhe,乐安河,Autumn,14,pearson,month_median,6,0.2374750128,0.2358300686,0.1332082748,0.293792516,2000
main_month_median_pearson,Le'anhe,乐安河,Autumn,14,pearson,month_median,7,0.2324234071,0.2324391305,0.132648021,0.2996081114,2000
main_month_median_pearson,Le'anhe,乐安河,Autumn,14,pearson,month_median,8,0.1923303837,0.1912069172,0.1007544324,0.2404243797,2000
main_month_median_pearson,Le'anhe,乐安河,Autumn,14,pearson,month_median,9,0.173310677,0.1708706021,0.09358756244,0.2133437842,2000
main_month_median_pearson,Le'anhe,乐安河,Autumn,14,pearson,month_median,10,0.2091017865,0.2050172091,0.07774593681,0.2963672876,2000
main_month_median_pearson,Le'anhe,乐安河,Autumn,14,pearson,month_median,11,0.2066864859,0.2023794353,0.06276959926,0.3017292321,2000
main_month_median_pearson,Le'anhe,乐安河,Autumn,14,pearson,month_median,12,0.157829113,0.1568562537,0.06785302609,0.2056824267,2000
main_month_median_pearson,Le'anhe,乐安河,Autumn,14,pearson,month_median,13,0.1421172011,0.1419748068,0.05854355544,0.1891390234,2000
main_month_median_pearson,Le'anhe,乐安河,Autumn,14,pearson,month_median,14,0.1103249751,0.1087413356,0.04381339997,0.1565605998,2000
main_month_median_pearson,Le'anhe,乐安河,Autumn,14,pearson,month_median,15,0.09220505969,0.09051011503,0.04219708964,0.1279363036,2000
main_month_median_pearson,Le'anhe,乐安河,Autumn,14,pearson,month_median,16,0.08359495321,0.0821108371,0.0525919199,0.1085653529,2000
main_month_median_pearson,Le'anhe,乐安河,Autumn,14,pearson,month_median,17,0.1143040668,0.1128290892,0.05745087937,0.1979119778,2000
main_month_median_pearson,Le'anhe,乐安河,Autumn,14,pearson,month_median,18,0.1071261829,0.1071203798,0.0592020601,0.171016857,2000
main_month_median_pearson,Le'anhe,乐安河,Autumn,14,pearson,month_median,19,0.1049241972,0.1048922166,0.05833646283,0.1915958822,2000
main_month_median_pearson,Le'anhe,乐安河,Autumn,14,pearson,month_median,20,0.09443373238,0.09308418632,0.04019749165,0.1623918563,2000
main_month_median_pearson,Le'anhe,乐安河,Spring,14,pearson,month_median,0,0.1672519719,0.1642910242,0.1036854312,0.2179508209,2000
main_month_median_pearson,Le'anhe,乐安河,Spring,14,pearson,month_median,1,0.5275815641,0.530226469,0.3456614912,0.6522995234,2000
main_month_median_pearson,Le'anhe,乐安河,Spring,14,pearson,month_median,2,0.3684860572,0.3659849167,0.2380504161,0.4767875373,2000
main_month_median_pearson,Le'anhe,乐安河,Spring,14,pearson,month_median,3,0.2279980852,0.2266774774,0.1465578526,0.2971163988,2000
main_month_median_pearson,Le'anhe,乐安河,Spring,14,pearson,month_median,4,0.2147879538,0.2128274143,0.1219350845,0.3058009148,2000
main_month_median_pearson,Le'anhe,乐安河,Spring,14,pearson,month_median,5,0.2164498632,0.2139498293,0.1193554923,0.2913611531,2000
main_month_median_pearson,Le'anhe,乐安河,Spring,14,pearson,month_median,6,0.2005749386,0.1984746158,0.09469868988,0.2848930955,2000
main_month_median_pearson,Le'anhe,乐安河,Spring,14,pearson,month_median,7,0.1201258498,0.1190913022,0.05112176389,0.1742152125,2000
main_month_median_pearson,Le'anhe,乐安河,Spring,14,pearson,month_median,8,0.09217823449,0.08999934793,0.02412149496,0.1546139717,2000
main_month_median_pearson,Le'anhe,乐安河,Spring,14,pearson,month_median,9,0.06390093612,0.06188007444,0.004515938461,0.1229194924,2000
main_month_median_pearson,Le'anhe,乐安河,Spring,14,pearson,month_median,10,0.05974223741,0.05697887391,-0.002486852929,0.1175709441,2000
main_month_median_pearson,Le'anhe,乐安河,Spring,14,pearson,month_median,11,0.07314944141,0.06907366961,-0.01090015005,0.1639001369,2000
main_month_median_pearson,Le'anhe,乐安河,Spring,14,pearson,month_median,12,0.06369625859,0.05853106081,-0.01800163463,0.1570452899,2000
main_month_median_pearson,Le'anhe,乐安河,Spring,14,pearson,month_median,13,0.06322185582,0.06026477367,-0.01463001035,0.1395362318,2000
main_month_median_pearson,Le'anhe,乐安河,Spring,14,pearson,month_median,14,0.08872378615,0.08415009081,0.02789277211,0.1463539153,2000
main_month_median_pearson,Le'anhe,乐安河,Spring,14,pearson,month_median,15,0.07977017214,0.07626581192,0.01093899924,0.1362408996,2000
main_month_median_pearson,Le'anhe,乐安河,Spring,14,pearson,month_median,16,0.03739601827,0.03382962197,-0.02754817531,0.09213902056,2000
main_month_median_pearson,Le'anhe,乐安河,Spring,14,pearson,month_median,17,0.01466972887,0.01089883782,-0.04052445292,0.06742057204,2000
main_month_median_pearson,Le'anhe,乐安河,Spring,14,pearson,month_median,18,0.02677353257,0.02177744173,-0.0281448178,0.08152794093,2000
main_month_median_pearson,Le'anhe,乐安河,Spring,14,pearson,month_median,19,0.04731964168,0.04220600426,-0.01443852205,0.1080626249,2000
main_month_median_pearson,Le'anhe,乐安河,Spring,14,pearson,month_median,20,0.03632318753,0.02996432036,-0.03698976338,0.1192504093,2000
main_month_median_pearson,Le'anhe,乐安河,Summer,14,pearson,month_median,0,0.2688781047,0.2657030523,0.1745277196,0.3445627689,2000
main_month_median_pearson,Le'anhe,乐安河,Summer,14,pearson,month_median,1,0.6379198745,0.6438031197,0.4616247118,0.7611410022,2000
main_month_median_pearson,Le'anhe,乐安河,Summer,14,pearson,month_median,2,0.4629254887,0.4666848481,0.3416980803,0.5547079444,2000
main_month_median_pearson,Le'anhe,乐安河,Summer,14,pearson,month_median,3,0.237185735,0.2386739552,0.1674534976,0.287679702,2000
main_month_median_pearson,Le'anhe,乐安河,Summer,14,pearson,month_median,4,0.1496660731,0.1490104795,0.09757949412,0.1910763681,2000
main_month_median_pearson,Le'anhe,乐安河,Summer,14,pearson,month_median,5,0.1811425032,0.1779925674,0.09618093073,0.2523933351,2000
main_month_median_pearson,Le'anhe,乐安河,Summer,14,pearson,month_median,6,0.1776569966,0.1765230596,0.09676826745,0.2496097684,2000
main_month_median_pearson,Le'anhe,乐安河,Summer,14,pearson,month_median,7,0.1268454458,0.1249760017,0.05128576234,0.2100113481,2000
main_month_median_pearson,Le'anhe,乐安河,Summer,14,pearson,month_median,8,0.09464844299,0.09300623089,0.03061768785,0.1719877422,2000
main_month_median_pearson,Le'anhe,乐安河,Summer,14,pearson,month_median,9,0.09909328914,0.09749211371,0.05133732036,0.1509823203,2000
main_month_median_pearson,Le'anhe,乐安河,Summer,14,pearson,month_median,10,0.1164118752,0.1155990064,0.04955075309,0.1688959002,2000
main_month_median_pearson,Le'anhe,乐安河,Summer,14,pearson,month_median,11,0.08933939882,0.08889204264,0.03231899813,0.1383714378,2000
main_month_median_pearson,Le'anhe,乐安河,Summer,14,pearson,month_median,12,0.05137539191,0.04721607268,0.002593451878,0.118264325,2000
main_month_median_pearson,Le'anhe,乐安河,Summer,14,pearson,month_median,13,0.02705001863,0.02398850769,-0.01814894937,0.08237345517,2000
main_month_median_pearson,Le'anhe,乐安河,Summer,14,pearson,month_median,14,0.01605923862,0.01505209878,-0.03008633852,0.05685053393,2000
main_month_median_pearson,Le'anhe,乐安河,Summer,14,pearson,month_median,15,0.0244126825,0.02265417762,-0.03213248774,0.08521187305,2000
main_month_median_pearson,Le'anhe,乐安河,Summer,14,pearson,month_median,16,0.005523533301,0.002232122701,-0.04368782789,0.06709822267,2000
main_month_median_pearson,Le'anhe,乐安河,Summer,14,pearson,month_median,17,-0.01114704473,-0.01271374896,-0.05627331883,0.04331583157,2000
main_month_median_pearson,Le'anhe,乐安河,Summer,14,pearson,month_median,18,-0.01089897802,-0.01211404987,-0.06456073374,0.0545367673,2000
main_month_median_pearson,Le'anhe,乐安河,Summer,14,pearson,month_median,19,-0.02471029441,-0.02570756525,-0.06568716466,0.02415175363,2000
main_month_median_pearson,Le'anhe,乐安河,Summer,14,pearson,month_median,20,-0.005007606736,-0.005176848732,-0.04416842759,0.0395014137,2000
main_month_median_pearson,Le'anhe,乐安河,Winter,13,pearson,month_median,0,0.1348945875,0.1302955151,0.02073035203,0.2483644336,2000
main_month_median_pearson,Le'anhe,乐安河,Winter,13,pearson,month_median,1,0.2892189631,0.2931795716,0.1325140744,0.4291569293,2000
main_month_median_pearson,Le'anhe,乐安河,Winter,13,pearson,month_median,2,0.3252450098,0.3336538374,0.1714438647,0.4524515867,2000
main_month_median_pearson,Le'anhe,乐安河,Winter,13,pearson,month_median,3,0.2778153316,0.2838682532,0.1500685364,0.3839118183,2000
main_month_median_pearson,Le'anhe,乐安河,Winter,13,pearson,month_median,4,0.2229649465,0.2263303995,0.1132921949,0.3111569285,2000
main_month_median_pearson,Le'anhe,乐安河,Winter,13,pearson,month_median,5,0.2265353766,0.2265283316,0.1041204929,0.3372688591,2000
main_month_median_pearson,Le'anhe,乐安河,Winter,13,pearson,month_median,6,0.1647573402,0.1641180366,0.06442178041,0.2527833879,2000
main_month_median_pearson,Le'anhe,乐安河,Winter,13,pearson,month_median,7,0.1599378157,0.1573639214,0.05070658028,0.2650105059,2000
main_month_median_pearson,Le'anhe,乐安河,Winter,13,pearson,month_median,8,0.1369433463,0.1334115565,0.04795442522,0.2189363092,2000
main_month_median_pearson,Le'anhe,乐安河,Winter,13,pearson,month_median,9,0.1320850668,0.1299612969,0.05211157724,0.1998686045,2000
main_month_median_pearson,Le'anhe,乐安河,Winter,13,pearson,month_median,10,0.1207516443,0.1194092333,0.04294645786,0.1838216186,2000
main_month_median_pearson,Le'anhe,乐安河,Winter,13,pearson,month_median,11,0.129518279,0.1253273785,0.05000148341,0.1983457953,2000
main_month_median_pearson,Le'anhe,乐安河,Winter,13,pearson,month_median,12,0.127652502,0.1237213165,0.04361133277,0.2000377327,2000
main_month_median_pearson,Le'anhe,乐安河,Winter,13,pearson,month_median,13,0.1409457489,0.1351802945,0.04974969849,0.2240495682,2000
main_month_median_pearson,Le'anhe,乐安河,Winter,13,pearson,month_median,14,0.13348123,0.1271123886,0.03175311536,0.2218469232,2000
main_month_median_pearson,Le'anhe,乐安河,Winter,13,pearson,month_median,15,0.1154034652,0.1095983535,0.01544012688,0.1986206472,2000
main_month_median_pearson,Le'anhe,乐安河,Winter,13,pearson,month_median,16,0.09371761243,0.0895127207,0.005786811002,0.1538784951,2000
main_month_median_pearson,Le'anhe,乐安河,Winter,13,pearson,month_median,17,0.09589081472,0.09168839455,0.01764882356,0.1568743885,2000
main_month_median_pearson,Le'anhe,乐安河,Winter,13,pearson,month_median,18,0.1109764642,0.107407555,0.04392612353,0.1563159972,2000
main_month_median_pearson,Le'anhe,乐安河,Winter,13,pearson,month_median,19,0.1052749302,0.1023568511,0.05138089135,0.1432550699,2000
main_month_median_pearson,Le'anhe,乐安河,Winter,13,pearson,month_median,20,0.1051295316,0.1023153365,0.04720294848,0.1488644928,2000
main_month_median_pearson,Liaohe,潦河,All,14,pearson,month_median,0,0.3708363404,0.3723717034,0.2874795794,0.4398266971,2000
main_month_median_pearson,Liaohe,潦河,All,14,pearson,month_median,1,0.5817253314,0.5868890285,0.4860962927,0.6654906869,2000
main_month_median_pearson,Liaohe,潦河,All,14,pearson,month_median,2,0.3210043771,0.3232350945,0.2674233615,0.3707518876,2000
main_month_median_pearson,Liaohe,潦河,All,14,pearson,month_median,3,0.2011628011,0.2015090734,0.1573897004,0.242584765,2000
main_month_median_pearson,Liaohe,潦河,All,14,pearson,month_median,4,0.1778284859,0.1776452065,0.1439192891,0.2057853937,2000
main_month_median_pearson,Liaohe,潦河,All,14,pearson,month_median,5,0.1789540506,0.1771192849,0.1324760169,0.2269548923,2000
main_month_median_pearson,Liaohe,潦河,All,14,pearson,month_median,6,0.1530442566,0.1509845853,0.1060868949,0.1921257973,2000
main_month_median_pearson,Liaohe,潦河,All,14,pearson,month_median,7,0.1368689888,0.1343844235,0.0852534622,0.1878376603,2000
main_month_median_pearson,Liaohe,潦河,All,14,pearson,month_median,8,0.1087040045,0.106727466,0.06875102222,0.1425632834,2000
main_month_median_pearson,Liaohe,潦河,All,14,pearson,month_median,9,0.1112597361,0.1097820476,0.06935445219,0.1555119753,2000
main_month_median_pearson,Liaohe,潦河,All,14,pearson,month_median,10,0.09536146525,0.0941984579,0.05745600164,0.1281773597,2000
main_month_median_pearson,Liaohe,潦河,All,14,pearson,month_median,11,0.08435046486,0.08362258971,0.04203440621,0.1200642139,2000
main_month_median_pearson,Liaohe,潦河,All,14,pearson,month_median,12,0.08186289891,0.08071781695,0.0453728959,0.111597538,2000
main_month_median_pearson,Liaohe,潦河,All,14,pearson,month_median,13,0.08320670131,0.0802000761,0.04310723022,0.1255127639,2000
main_month_median_pearson,Liaohe,潦河,All,14,pearson,month_median,14,0.09098463802,0.08971621096,0.04404161498,0.1391130388,2000
main_month_median_pearson,Liaohe,潦河,All,14,pearson,month_median,15,0.08780705347,0.08509511501,0.035346549,0.1439157426,2000
main_month_median_pearson,Liaohe,潦河,All,14,pearson,month_median,16,0.1143719948,0.1117195934,0.0360818468,0.2102991939,2000
main_month_median_pearson,Liaohe,潦河,All,14,pearson,month_median,17,0.0665643724,0.06486281753,0.01661724597,0.1167130023,2000
main_month_median_pearson,Liaohe,潦河,All,14,pearson,month_median,18,0.04578140995,0.04441902041,0.003023353172,0.0857879594,2000
main_month_median_pearson,Liaohe,潦河,All,14,pearson,month_median,19,0.07032599905,0.06869009137,0.009247231297,0.1273328215,2000
main_month_median_pearson,Liaohe,潦河,All,14,pearson,month_median,20,0.07333679661,0.07075324655,0.01929644123,0.1165161133,2000
main_month_median_pearson,Liaohe,潦河,Autumn,14,pearson,month_median,0,0.1901366238,0.1867480874,0.1193710789,0.2313103229,2000
main_month_median_pearson,Liaohe,潦河,Autumn,14,pearson,month_median,1,0.5216235197,0.5220397711,0.3248298466,0.6422405243,2000
main_month_median_pearson,Liaohe,潦河,Autumn,14,pearson,month_median,2,0.4077041332,0.4114235044,0.2659651935,0.5131680369,2000
main_month_median_pearson,Liaohe,潦河,Autumn,14,pearson,month_median,3,0.2490954142,0.248743251,0.158407703,0.3374052942,2000
main_month_median_pearson,Liaohe,潦河,Autumn,14,pearson,month_median,4,0.2010907959,0.200142324,0.1252645701,0.2705754042,2000
main_month_median_pearson,Liaohe,潦河,Autumn,14,pearson,month_median,5,0.2082523402,0.2056586593,0.1299247891,0.2897906601,2000
main_month_median_pearson,Liaohe,潦河,Autumn,14,pearson,month_median,6,0.2342141038,0.22985515,0.1138352007,0.3336034715,2000
main_month_median_pearson,Liaohe,潦河,Autumn,14,pearson,month_median,7,0.2374714869,0.2347770631,0.0943453908,0.3367623985,2000
main_month_median_pearson,Liaohe,潦河,Autumn,14,pearson,month_median,8,0.2246938899,0.2217230201,0.1036722437,0.3063309491,2000
main_month_median_pearson,Liaohe,潦河,Autumn,14,pearson,month_median,9,0.1884695298,0.1859538555,0.08465766162,0.253062129,2000
main_month_median_pearson,Liaohe,潦河,Autumn,14,pearson,month_median,10,0.1701035504,0.1654803753,0.07094320655,0.2366657108,2000
main_month_median_pearson,Liaohe,潦河,Autumn,14,pearson,month_median,11,0.1449197015,0.1387628019,0.05452798679,0.2010165602,2000
main_month_median_pearson,Liaohe,潦河,Autumn,14,pearson,month_median,12,0.1440946617,0.13964957,0.06878457963,0.1917093694,2000
main_month_median_pearson,Liaohe,潦河,Autumn,14,pearson,month_median,13,0.174761394,0.1700617969,0.09850219637,0.2186279744,2000
main_month_median_pearson,Liaohe,潦河,Autumn,14,pearson,month_median,14,0.1498654494,0.1454498172,0.08531280607,0.1915262192,2000
main_month_median_pearson,Liaohe,潦河,Autumn,14,pearson,month_median,15,0.1235801056,0.1202648059,0.07811008394,0.1617616564,2000
main_month_median_pearson,Liaohe,潦河,Autumn,14,pearson,month_median,16,0.08755386395,0.08430638909,0.04340296239,0.1288623661,2000
main_month_median_pearson,Liaohe,潦河,Autumn,14,pearson,month_median,17,0.06642027622,0.06225327402,0.02135671489,0.1029562056,2000
main_month_median_pearson,Liaohe,潦河,Autumn,14,pearson,month_median,18,0.1082817606,0.1020185053,0.02897286043,0.1628866643,2000
main_month_median_pearson,Liaohe,潦河,Autumn,14,pearson,month_median,19,0.1381142972,0.131767571,0.01865100674,0.2309980989,2000
main_month_median_pearson,Liaohe,潦河,Autumn,14,pearson,month_median,20,0.1182138184,0.1104964316,0.02221133374,0.2149546146,2000
main_month_median_pearson,Liaohe,潦河,Spring,14,pearson,month_median,0,0.2734616479,0.2712863088,0.1941816807,0.3396155536,2000
main_month_median_pearson,Liaohe,潦河,Spring,14,pearson,month_median,1,0.6135355216,0.6168011427,0.4923810363,0.6991450191,2000
main_month_median_pearson,Liaohe,潦河,Spring,14,pearson,month_median,2,0.3171848978,0.3162436187,0.2454888523,0.3860942423,2000
main_month_median_pearson,Liaohe,潦河,Spring,14,pearson,month_median,3,0.1910489904,0.1886857599,0.137211591,0.2459126264,2000
main_month_median_pearson,Liaohe,潦河,Spring,14,pearson,month_median,4,0.1934241987,0.1899664402,0.137295723,0.2444801927,2000
main_month_median_pearson,Liaohe,潦河,Spring,14,pearson,month_median,5,0.1953118609,0.1931199431,0.1158563569,0.2578716278,2000
main_month_median_pearson,Liaohe,潦河,Spring,14,pearson,month_median,6,0.1787535131,0.1746120751,0.1095480695,0.2487442791,2000
main_month_median_pearson,Liaohe,潦河,Spring,14,pearson,month_median,7,0.1944424597,0.1897393465,0.1159270778,0.2645252645,2000
main_month_median_pearson,Liaohe,潦河,Spring,14,pearson,month_median,8,0.1275581933,0.1250885427,0.08751317114,0.1675453186,2000
main_month_median_pearson,Liaohe,潦河,Spring,14,pearson,month_median,9,0.1046355664,0.1018427461,0.0572094433,0.1504885703,2000
main_month_median_pearson,Liaohe,潦河,Spring,14,pearson,month_median,10,0.09863984504,0.09540575743,0.02861274965,0.15221183,2000
main_month_median_pearson,Liaohe,潦河,Spring,14,pearson,month_median,11,0.113070425,0.1084082499,0.02944216691,0.1826116592,2000
main_month_median_pearson,Liaohe,潦河,Spring,14,pearson,month_median,12,0.05955671642,0.05410975963,-0.0002089251211,0.1101215556,2000
main_month_median_pearson,Liaohe,潦河,Spring,14,pearson,month_median,13,0.06310752875,0.05871663243,0.00560868578,0.1136403009,2000
main_month_median_pearson,Liaohe,潦河,Spring,14,pearson,month_median,14,0.08183217456,0.0794345811,0.0153873181,0.1380408853,2000
main_month_median_pearson,Liaohe,潦河,Spring,14,pearson,month_median,15,0.08375174312,0.07993227243,0.03937343508,0.1261796653,2000
main_month_median_pearson,Liaohe,潦河,Spring,14,pearson,month_median,16,0.1138174265,0.1103157923,0.03738070279,0.1722640246,2000
main_month_median_pearson,Liaohe,潦河,Spring,14,pearson,month_median,17,0.07434217809,0.07204596698,0.01296915673,0.1326223761,2000
main_month_median_pearson,Liaohe,潦河,Spring,14,pearson,month_median,18,0.02698554763,0.02168585733,-0.0464355424,0.09648499638,2000
main_month_median_pearson,Liaohe,潦河,Spring,14,pearson,month_median,19,0.05966454467,0.0493398793,-0.05508751422,0.1791622341,2000
main_month_median_pearson,Liaohe,潦河,Spring,14,pearson,month_median,20,0.04549247332,0.04120042548,-0.02711446956,0.1139302999,2000
main_month_median_pearson,Liaohe,潦河,Summer,14,pearson,month_median,0,0.4263618536,0.4277014136,0.3294335902,0.4988374412,2000
main_month_median_pearson,Liaohe,潦河,Summer,14,pearson,month_median,1,0.5747657642,0.5804905891,0.4888014495,0.6695971489,2000
main_month_median_pearson,Liaohe,潦河,Summer,14,pearson,month_median,2,0.2918331956,0.2918561995,0.2400418818,0.3568767607,2000
main_month_median_pearson,Liaohe,潦河,Summer,14,pearson,month_median,3,0.1739450349,0.1731792986,0.127439484,0.2376706451,2000
main_month_median_pearson,Liaohe,潦河,Summer,14,pearson,month_median,4,0.1401356735,0.1397766173,0.1108273044,0.1754064411,2000
main_month_median_pearson,Liaohe,潦河,Summer,14,pearson,month_median,5,0.1335951643,0.1318209618,0.08716365695,0.1906051338,2000
main_month_median_pearson,Liaohe,潦河,Summer,14,pearson,month_median,6,0.0971047286,0.09718891233,0.04851276055,0.145198077,2000
main_month_median_pearson,Liaohe,潦河,Summer,14,pearson,month_median,7,0.07497732443,0.07214610279,0.006252495572,0.1572194248,2000
main_month_median_pearson,Liaohe,潦河,Summer,14,pearson,month_median,8,0.05688387285,0.05385100842,-0.0003343244898,0.1132652387,2000
main_month_median_pearson,Liaohe,潦河,Summer,14,pearson,month_median,9,0.07967049346,0.07817016542,0.002470550826,0.1522794366,2000
main_month_median_pearson,Liaohe,潦河,Summer,14,pearson,month_median,10,0.06302537766,0.06135450676,0.0009863656014,0.1230776533,2000
main_month_median_pearson,Liaohe,潦河,Summer,14,pearson,month_median,11,0.04660688454,0.04557523131,-0.01661819406,0.1026953459,2000
main_month_median_pearson,Liaohe,潦河,Summer,14,pearson,month_median,12,0.06549092195,0.06464008987,0.004170691594,0.1197051555,2000
main_month_median_pearson,Liaohe,潦河,Summer,14,pearson,month_median,13,0.05847291102,0.05690116435,-0.004177632276,0.1180860549,2000
main_month_median_pearson,Liaohe,潦河,Summer,14,pearson,month_median,14,0.06810243494,0.06595408916,-0.009357329458,0.123578988,2000
main_month_median_pearson,Liaohe,潦河,Summer,14,pearson,month_median,15,0.07195924777,0.06522752345,-0.02727514692,0.1602936983,2000
main_month_median_pearson,Liaohe,潦河,Summer,14,pearson,month_median,16,0.1080798323,0.09736424685,-0.02785974182,0.2683434784,2000
main_month_median_pearson,Liaohe,潦河,Summer,14,pearson,month_median,17,0.03615671658,0.02811161801,-0.03128138557,0.1085424274,2000
main_month_median_pearson,Liaohe,潦河,Summer,14,pearson,month_median,18,0.01423387891,0.01076755486,-0.03661859035,0.05606133863,2000
main_month_median_pearson,Liaohe,潦河,Summer,14,pearson,month_median,19,0.0394265999,0.03534843028,-0.02713261917,0.1132376865,2000
main_month_median_pearson,Liaohe,潦河,Summer,14,pearson,month_median,20,0.04725411143,0.04515340179,-0.01367857866,0.09515853971,2000
main_month_median_pearson,Liaohe,潦河,Winter,13,pearson,month_median,0,0.2406719895,0.2403683662,0.1083193421,0.3325555027,2000
main_month_median_pearson,Liaohe,潦河,Winter,13,pearson,month_median,1,0.5335373606,0.5373710394,0.3949793279,0.6755239964,2000
main_month_median_pearson,Liaohe,潦河,Winter,13,pearson,month_median,2,0.4224476549,0.4256283045,0.3192079961,0.5254615545,2000
main_month_median_pearson,Liaohe,潦河,Winter,13,pearson,month_median,3,0.308645883,0.3067310452,0.2246807665,0.3843145967,2000
main_month_median_pearson,Liaohe,潦河,Winter,13,pearson,month_median,4,0.2397241282,0.2354061306,0.145574674,0.3305476308,2000
main_month_median_pearson,Liaohe,潦河,Winter,13,pearson,month_median,5,0.1959079813,0.1892849058,0.1080797017,0.276232779,2000
main_month_median_pearson,Liaohe,潦河,Winter,13,pearson,month_median,6,0.1842131741,0.1775173694,0.08512341976,0.275321275,2000
main_month_median_pearson,Liaohe,潦河,Winter,13,pearson,month_median,7,0.222603812,0.2184622586,0.08915729821,0.3118548989,2000
main_month_median_pearson,Liaohe,潦河,Winter,13,pearson,month_median,8,0.2099529238,0.2070878148,0.09069420397,0.3027207255,2000
main_month_median_pearson,Liaohe,潦河,Winter,13,pearson,month_median,9,0.1418776636,0.138356775,0.07008336484,0.1995984316,2000
main_month_median_pearson,Liaohe,潦河,Winter,13,pearson,month_median,10,0.1110456139,0.1058050245,0.02630672604,0.1738979071,2000
main_month_median_pearson,Liaohe,潦河,Winter,13,pearson,month_median,11,0.08640053471,0.08238235116,0.009134604596,0.1427874714,2000
main_month_median_pearson,Liaohe,潦河,Winter,13,pearson,month_median,12,0.09076864886,0.08599357307,-0.006852936931,0.1636196822,2000
main_month_median_pearson,Liaohe,潦河,Winter,13,pearson,month_median,13,0.07746564284,0.07348936051,-0.0160233248,0.1512280852,2000
main_month_median_pearson,Liaohe,潦河,Winter,13,pearson,month_median,14,0.07287666178,0.06932041049,-0.0253691636,0.1428732425,2000
main_month_median_pearson,Liaohe,潦河,Winter,13,pearson,month_median,15,0.06425067205,0.06023781747,-0.0277336482,0.1317340434,2000
main_month_median_pearson,Liaohe,潦河,Winter,13,pearson,month_median,16,0.05911520306,0.05512827635,-0.01639757864,0.1164826378,2000
main_month_median_pearson,Liaohe,潦河,Winter,13,pearson,month_median,17,0.07438114508,0.07226018608,0.0002765992249,0.129020527,2000
main_month_median_pearson,Liaohe,潦河,Winter,13,pearson,month_median,18,0.04829325714,0.04447580874,-0.006902787834,0.09704510123,2000
main_month_median_pearson,Liaohe,潦河,Winter,13,pearson,month_median,19,0.07066496604,0.06901334971,0.01666300744,0.1348218471,2000
main_month_median_pearson,Liaohe,潦河,Winter,13,pearson,month_median,20,0.068379588,0.06591888517,0.005817878526,0.1421466321,2000
main_month_median_pearson,Xinjiang,信江,All,14,pearson,month_median,0,0.2847848169,0.2842187881,0.2376476675,0.3150470555,2000
main_month_median_pearson,Xinjiang,信江,All,14,pearson,month_median,1,0.6375593469,0.6371762156,0.5963917375,0.6704580188,2000
main_month_median_pearson,Xinjiang,信江,All,14,pearson,month_median,2,0.6143922607,0.6130763292,0.5654736757,0.6583449244,2000
main_month_median_pearson,Xinjiang,信江,All,14,pearson,month_median,3,0.4344178316,0.4342871308,0.3776713908,0.480576992,2000
main_month_median_pearson,Xinjiang,信江,All,14,pearson,month_median,4,0.3170272056,0.3165590763,0.2683231235,0.3538980484,2000
main_month_median_pearson,Xinjiang,信江,All,14,pearson,month_median,5,0.2523994137,0.2532172799,0.2000190765,0.2973722816,2000
main_month_median_pearson,Xinjiang,信江,All,14,pearson,month_median,6,0.2133818889,0.2137674093,0.1552116871,0.2654554844,2000
main_month_median_pearson,Xinjiang,信江,All,14,pearson,month_median,7,0.1713936328,0.1703860164,0.1230055168,0.2226629853,2000
main_month_median_pearson,Xinjiang,信江,All,14,pearson,month_median,8,0.1383190513,0.1373926997,0.09356825054,0.1894065887,2000
main_month_median_pearson,Xinjiang,信江,All,14,pearson,month_median,9,0.1188369114,0.1173693687,0.08023488522,0.1625997424,2000
main_month_median_pearson,Xinjiang,信江,All,14,pearson,month_median,10,0.1085945211,0.108472243,0.06646189839,0.1451561749,2000
main_month_median_pearson,Xinjiang,信江,All,14,pearson,month_median,11,0.1149527736,0.1151800826,0.06414115429,0.1589619517,2000
main_month_median_pearson,Xinjiang,信江,All,14,pearson,month_median,12,0.1011866057,0.1006281301,0.05525763705,0.1454717517,2000
main_month_median_pearson,Xinjiang,信江,All,14,pearson,month_median,13,0.08630847329,0.08512218297,0.04850773513,0.1227873191,2000
main_month_median_pearson,Xinjiang,信江,All,14,pearson,month_median,14,0.09393710357,0.09221746773,0.04360871017,0.1479724795,2000
main_month_median_pearson,Xinjiang,信江,All,14,pearson,month_median,15,0.08562261704,0.08404417336,0.03484882414,0.138208434,2000
main_month_median_pearson,Xinjiang,信江,All,14,pearson,month_median,16,0.07121065194,0.06990505755,0.03050785139,0.1112227961,2000
main_month_median_pearson,Xinjiang,信江,All,14,pearson,month_median,17,0.07253785694,0.07141901553,0.03564253077,0.1056982428,2000
main_month_median_pearson,Xinjiang,信江,All,14,pearson,month_median,18,0.06215810178,0.06036797911,0.0242332872,0.09464155883,2000
main_month_median_pearson,Xinjiang,信江,All,14,pearson,month_median,19,0.05231240971,0.05002768338,0.01809150912,0.08395762742,2000
main_month_median_pearson,Xinjiang,信江,All,14,pearson,month_median,20,0.06132857549,0.06075634807,0.01826101542,0.1003501937,2000
main_month_median_pearson,Xinjiang,信江,Autumn,14,pearson,month_median,0,0.1800992402,0.1759620905,0.1021547392,0.2324849069,2000
main_month_median_pearson,Xinjiang,信江,Autumn,14,pearson,month_median,1,0.4539316116,0.4533278048,0.3466171622,0.5381949544,2000
main_month_median_pearson,Xinjiang,信江,Autumn,14,pearson,month_median,2,0.5058417523,0.5049547553,0.4234585166,0.575504005,2000
main_month_median_pearson,Xinjiang,信江,Autumn,14,pearson,month_median,3,0.3913704085,0.3923751116,0.3478011191,0.4343479872,2000
main_month_median_pearson,Xinjiang,信江,Autumn,14,pearson,month_median,4,0.3038163379,0.3066804409,0.2676847279,0.3534165323,2000
main_month_median_pearson,Xinjiang,信江,Autumn,14,pearson,month_median,5,0.2825689089,0.2852428555,0.2107855827,0.3627874851,2000
main_month_median_pearson,Xinjiang,信江,Autumn,14,pearson,month_median,6,0.2759692488,0.2719603777,0.1946665645,0.3770636022,2000
main_month_median_pearson,Xinjiang,信江,Autumn,14,pearson,month_median,7,0.264306912,0.259604007,0.2025306672,0.3326497078,2000
main_month_median_pearson,Xinjiang,信江,Autumn,14,pearson,month_median,8,0.234470553,0.2321991622,0.176970914,0.28167665,2000
main_month_median_pearson,Xinjiang,信江,Autumn,14,pearson,month_median,9,0.2060038569,0.2028938681,0.1371683478,0.2554627955,2000
main_month_median_pearson,Xinjiang,信江,Autumn,14,pearson,month_median,10,0.2018610977,0.1988209784,0.1222511977,0.2521173954,2000
main_month_median_pearson,Xinjiang,信江,Autumn,14,pearson,month_median,11,0.1890664155,0.1856999695,0.112610288,0.2339877039,2000
main_month_median_pearson,Xinjiang,信江,Autumn,14,pearson,month_median,12,0.1882282482,0.1824906766,0.1092884392,0.2504829466,2000
main_month_median_pearson,Xinjiang,信江,Autumn,14,pearson,month_median,13,0.1929754154,0.1875837743,0.09484425187,0.2777575552,2000
main_month_median_pearson,Xinjiang,信江,Autumn,14,pearson,month_median,14,0.1766553703,0.1701793969,0.06854842603,0.2532797754,2000
main_month_median_pearson,Xinjiang,信江,Autumn,14,pearson,month_median,15,0.1558544977,0.1531759053,0.06454825401,0.2058845609,2000
main_month_median_pearson,Xinjiang,信江,Autumn,14,pearson,month_median,16,0.1454955659,0.1425733268,0.07766202837,0.1880712062,2000
main_month_median_pearson,Xinjiang,信江,Autumn,14,pearson,month_median,17,0.1306283557,0.1278257072,0.06129798293,0.1718211025,2000
main_month_median_pearson,Xinjiang,信江,Autumn,14,pearson,month_median,18,0.1248801936,0.122485213,0.04246671498,0.1697973311,2000
main_month_median_pearson,Xinjiang,信江,Autumn,14,pearson,month_median,19,0.1456951281,0.1430134177,0.04327354953,0.2000965923,2000
main_month_median_pearson,Xinjiang,信江,Autumn,14,pearson,month_median,20,0.1468808901,0.1453357339,0.04650460556,0.2038856298,2000
main_month_median_pearson,Xinjiang,信江,Spring,14,pearson,month_median,0,0.2307656505,0.2265444398,0.1665104479,0.2902256846,2000
main_month_median_pearson,Xinjiang,信江,Spring,14,pearson,month_median,1,0.6174604737,0.6178734303,0.570186913,0.6573671699,2000
main_month_median_pearson,Xinjiang,信江,Spring,14,pearson,month_median,2,0.5623128129,0.5614316463,0.526265502,0.6013556719,2000
main_month_median_pearson,Xinjiang,信江,Spring,14,pearson,month_median,3,0.3678680821,0.3665109575,0.3116375208,0.4216534495,2000
main_month_median_pearson,Xinjiang,信江,Spring,14,pearson,month_median,4,0.2785787077,0.277823925,0.2243177593,0.3398701251,2000
main_month_median_pearson,Xinjiang,信江,Spring,14,pearson,month_median,5,0.2288843412,0.2262929827,0.1737528443,0.2817511559,2000
main_month_median_pearson,Xinjiang,信江,Spring,14,pearson,month_median,6,0.2111597242,0.2089785039,0.136029765,0.2610081434,2000
main_month_median_pearson,Xinjiang,信江,Spring,14,pearson,month_median,7,0.1685985623,0.1656417847,0.1061379388,0.2158331126,2000
main_month_median_pearson,Xinjiang,信江,Spring,14,pearson,month_median,8,0.1236303025,0.1203445196,0.06467618793,0.1709058732,2000
main_month_median_pearson,Xinjiang,信江,Spring,14,pearson,month_median,9,0.1145867193,0.1113062203,0.05616752803,0.1596323103,2000
main_month_median_pearson,Xinjiang,信江,Spring,14,pearson,month_median,10,0.1174929084,0.1109616309,0.03872534633,0.1901713908,2000
main_month_median_pearson,Xinjiang,信江,Spring,14,pearson,month_median,11,0.09881637949,0.09292592108,0.02455097623,0.1628143489,2000
main_month_median_pearson,Xinjiang,信江,Spring,14,pearson,month_median,12,0.06800116341,0.06490395963,0.01106823515,0.109859556,2000
main_month_median_pearson,Xinjiang,信江,Spring,14,pearson,month_median,13,0.04599149191,0.04031325504,-0.01315053273,0.1025825739,2000
main_month_median_pearson,Xinjiang,信江,Spring,14,pearson,month_median,14,0.08205059565,0.07364246249,0.001507078181,0.1552645564,2000
main_month_median_pearson,Xinjiang,信江,Spring,14,pearson,month_median,15,0.08366002891,0.07818412781,-0.00649585668,0.1496106982,2000
main_month_median_pearson,Xinjiang,信江,Spring,14,pearson,month_median,16,0.04809479078,0.04248711094,-0.02905659378,0.1152130663,2000
main_month_median_pearson,Xinjiang,信江,Spring,14,pearson,month_median,17,0.04864467765,0.04343512654,-0.02531875484,0.1238560751,2000
main_month_median_pearson,Xinjiang,信江,Spring,14,pearson,month_median,18,0.04980337501,0.04399749637,-0.03882324696,0.1289453208,2000
main_month_median_pearson,Xinjiang,信江,Spring,14,pearson,month_median,19,0.04342712407,0.03719799966,-0.04011385143,0.1201143563,2000
main_month_median_pearson,Xinjiang,信江,Spring,14,pearson,month_median,20,0.05526948096,0.05046285689,-0.02173616923,0.1288856715,2000
main_month_median_pearson,Xinjiang,信江,Summer,14,pearson,month_median,0,0.3177466267,0.3150427341,0.258933723,0.3581984639,2000
main_month_median_pearson,Xinjiang,信江,Summer,14,pearson,month_median,1,0.6991461692,0.6984641552,0.6606911421,0.7276905775,2000
main_month_median_pearson,Xinjiang,信江,Summer,14,pearson,month_median,2,0.6781226264,0.6772789955,0.6172645688,0.7291529775,2000
main_month_median_pearson,Xinjiang,信江,Summer,14,pearson,month_median,3,0.4796724567,0.4777255356,0.4099125266,0.5367833972,2000
main_month_median_pearson,Xinjiang,信江,Summer,14,pearson,month_median,4,0.3321930276,0.3321246803,0.2653586566,0.3793022335,2000
main_month_median_pearson,Xinjiang,信江,Summer,14,pearson,month_median,5,0.244674072,0.2452387512,0.1629499197,0.3069975376,2000
main_month_median_pearson,Xinjiang,信江,Summer,14,pearson,month_median,6,0.1915216258,0.1909020245,0.1000469998,0.2716818154,2000
main_month_median_pearson,Xinjiang,信江,Summer,14,pearson,month_median,7,0.1473775742,0.1459421515,0.0680706352,0.2221151292,2000
main_month_median_pearson,Xinjiang,信江,Summer,14,pearson,month_median,8,0.1188702432,0.1168777198,0.05034503713,0.1868711263,2000
main_month_median_pearson,Xinjiang,信江,Summer,14,pearson,month_median,9,0.0941941032,0.09330505133,0.02202782035,0.1662027836,2000
main_month_median_pearson,Xinjiang,信江,Summer,14,pearson,month_median,10,0.06505933938,0.06493672729,-0.007370185107,0.1400297582,2000
main_month_median_pearson,Xinjiang,信江,Summer,14,pearson,month_median,11,0.06815423143,0.06801317632,-0.00746485265,0.1483584493,2000
main_month_median_pearson,Xinjiang,信江,Summer,14,pearson,month_median,12,0.04937640369,0.04851300269,-0.0169758033,0.1179004237,2000
main_month_median_pearson,Xinjiang,信江,Summer,14,pearson,month_median,13,0.03767302603,0.03692754358,-0.008676651865,0.0859785229,2000
main_month_median_pearson,Xinjiang,信江,Summer,14,pearson,month_median,14,0.05191256775,0.0505008474,0.001381148584,0.1168870553,2000
main_month_median_pearson,Xinjiang,信江,Summer,14,pearson,month_median,15,0.04617908711,0.04368047044,-0.01810563356,0.1320334971,2000
main_month_median_pearson,Xinjiang,信江,Summer,14,pearson,month_median,16,0.04671477885,0.04445576668,-0.01116770972,0.1059639454,2000
main_month_median_pearson,Xinjiang,信江,Summer,14,pearson,month_median,17,0.0660578999,0.06290905178,-0.0001397064188,0.1277502179,2000
main_month_median_pearson,Xinjiang,信江,Summer,14,pearson,month_median,18,0.04997771116,0.04739091545,-0.01994065754,0.1067286581,2000
main_month_median_pearson,Xinjiang,信江,Summer,14,pearson,month_median,19,0.02718692929,0.02497016266,-0.03514536843,0.06858033687,2000
main_month_median_pearson,Xinjiang,信江,Summer,14,pearson,month_median,20,0.02826262479,0.02525047958,-0.0345861353,0.07717692852,2000
main_month_median_pearson,Xinjiang,信江,Winter,13,pearson,month_median,0,0.2003676586,0.1969262958,0.1317752898,0.2540583313,2000
main_month_median_pearson,Xinjiang,信江,Winter,13,pearson,month_median,1,0.4379987354,0.43737185,0.3674497604,0.4927568138,2000
main_month_median_pearson,Xinjiang,信江,Winter,13,pearson,month_median,2,0.5660382095,0.5676105618,0.5010364652,0.6236093044,2000
main_month_median_pearson,Xinjiang,信江,Winter,13,pearson,month_median,3,0.476979959,0.4775176346,0.4185215533,0.5375759602,2000
main_month_median_pearson,Xinjiang,信江,Winter,13,pearson,month_median,4,0.4085386733,0.405692637,0.3385656774,0.4758968651,2000
main_month_median_pearson,Xinjiang,信江,Winter,13,pearson,month_median,5,0.3618991151,0.3597721756,0.2891693711,0.4226132631,2000
main_month_median_pearson,Xinjiang,信江,Winter,13,pearson,month_median,6,0.3002536219,0.2960968316,0.2282551527,0.3634726703,2000
main_month_median_pearson,Xinjiang,信江,Winter,13,pearson,month_median,7,0.2803828771,0.2763683498,0.1847922206,0.3610315025,2000
main_month_median_pearson,Xinjiang,信江,Winter,13,pearson,month_median,8,0.2604225203,0.25684762,0.1693976671,0.3436730504,2000
main_month_median_pearson,Xinjiang,信江,Winter,13,pearson,month_median,9,0.2179628937,0.2150781751,0.1573982686,0.2699224353,2000
main_month_median_pearson,Xinjiang,信江,Winter,13,pearson,month_median,10,0.2075679658,0.2031822801,0.1361405551,0.2686752379,2000
main_month_median_pearson,Xinjiang,信江,Winter,13,pearson,month_median,11,0.1907464025,0.1853191555,0.1136545837,0.2575284839,2000
main_month_median_pearson,Xinjiang,信江,Winter,13,pearson,month_median,12,0.1726792391,0.1669080257,0.09704957157,0.2374300361,2000
main_month_median_pearson,Xinjiang,信江,Winter,13,pearson,month_median,13,0.158798507,0.1528768092,0.09197416902,0.2157593518,2000
main_month_median_pearson,Xinjiang,信江,Winter,13,pearson,month_median,14,0.1485553838,0.1426879466,0.08127404004,0.2036832273,2000
main_month_median_pearson,Xinjiang,信江,Winter,13,pearson,month_median,15,0.1380688232,0.1320067346,0.06484524906,0.2038442343,2000
main_month_median_pearson,Xinjiang,信江,Winter,13,pearson,month_median,16,0.1422317158,0.1356718391,0.06238748878,0.2132917643,2000
main_month_median_pearson,Xinjiang,信江,Winter,13,pearson,month_median,17,0.1428944665,0.1343085319,0.05226802826,0.2206265777,2000
main_month_median_pearson,Xinjiang,信江,Winter,13,pearson,month_median,18,0.1290688218,0.1235121936,0.049791269,0.1927886754,2000
main_month_median_pearson,Xinjiang,信江,Winter,13,pearson,month_median,19,0.107307843,0.1016470492,0.03420494869,0.1830810457,2000
main_month_median_pearson,Xinjiang,信江,Winter,13,pearson,month_median,20,0.09051175668,0.08529703319,0.01426018495,0.1758406758,2000
main_month_median_pearson,Xiushui,修水,All,14,pearson,month_median,0,0.176288358,0.1733287722,0.1064241678,0.2287603617,2000
main_month_median_pearson,Xiushui,修水,All,14,pearson,month_median,1,0.3084470521,0.3057032824,0.2026822418,0.3898097277,2000
main_month_median_pearson,Xiushui,修水,All,14,pearson,month_median,2,0.338839136,0.3354274631,0.2181987762,0.4303551912,2000
main_month_median_pearson,Xiushui,修水,All,14,pearson,month_median,3,0.3118456982,0.3091522455,0.2076430023,0.3861866891,2000
main_month_median_pearson,Xiushui,修水,All,14,pearson,month_median,4,0.2793339798,0.2794806063,0.2060072422,0.3235667646,2000
main_month_median_pearson,Xiushui,修水,All,14,pearson,month_median,5,0.2514398843,0.2506884933,0.1996565759,0.2902490795,2000
main_month_median_pearson,Xiushui,修水,All,14,pearson,month_median,6,0.2336777826,0.2325288206,0.1830592006,0.274283886,2000
main_month_median_pearson,Xiushui,修水,All,14,pearson,month_median,7,0.2369201758,0.2358267605,0.1887107939,0.2689881921,2000
main_month_median_pearson,Xiushui,修水,All,14,pearson,month_median,8,0.2466910949,0.24463588,0.188905403,0.2937082052,2000
main_month_median_pearson,Xiushui,修水,All,14,pearson,month_median,9,0.2409772895,0.2385688722,0.1778011471,0.2953090966,2000
main_month_median_pearson,Xiushui,修水,All,14,pearson,month_median,10,0.2327440807,0.2299052626,0.1689023376,0.2891826034,2000
main_month_median_pearson,Xiushui,修水,All,14,pearson,month_median,11,0.2024644658,0.2009297013,0.1496750265,0.2395374477,2000
main_month_median_pearson,Xiushui,修水,All,14,pearson,month_median,12,0.1777965668,0.1761628985,0.1282492131,0.2099279314,2000
main_month_median_pearson,Xiushui,修水,All,14,pearson,month_median,13,0.1701036341,0.1682488769,0.117080994,0.2066994756,2000
main_month_median_pearson,Xiushui,修水,All,14,pearson,month_median,14,0.1555239303,0.1540485919,0.1090929732,0.1839752793,2000
main_month_median_pearson,Xiushui,修水,All,14,pearson,month_median,15,0.1362919569,0.1336052865,0.09441232681,0.1763184667,2000
main_month_median_pearson,Xiushui,修水,All,14,pearson,month_median,16,0.1101549716,0.1080874056,0.07139235735,0.1483589262,2000
main_month_median_pearson,Xiushui,修水,All,14,pearson,month_median,17,0.09226339548,0.08993520588,0.05503460392,0.1287786365,2000
main_month_median_pearson,Xiushui,修水,All,14,pearson,month_median,18,0.08547248389,0.08299277723,0.04799023643,0.1192594394,2000
main_month_median_pearson,Xiushui,修水,All,14,pearson,month_median,19,0.08731027101,0.08569584787,0.04235870391,0.1174789742,2000
main_month_median_pearson,Xiushui,修水,All,14,pearson,month_median,20,0.09483553785,0.0933008194,0.04199991003,0.1281982064,2000
main_month_median_pearson,Xiushui,修水,Autumn,14,pearson,month_median,0,0.02680010825,0.02620519139,-0.01300993562,0.07220607251,2000
main_month_median_pearson,Xiushui,修水,Autumn,14,pearson,month_median,1,0.1089313151,0.1084315926,0.03602136299,0.159440279,2000
main_month_median_pearson,Xiushui,修水,Autumn,14,pearson,month_median,2,0.1722750079,0.1679213196,0.06127556041,0.2589458525,2000
main_month_median_pearson,Xiushui,修水,Autumn,14,pearson,month_median,3,0.1771581558,0.1703004092,0.03650578484,0.310109973,2000
main_month_median_pearson,Xiushui,修水,Autumn,14,pearson,month_median,4,0.1468142326,0.1394107342,-0.007743629161,0.2808112502,2000
main_month_median_pearson,Xiushui,修水,Autumn,14,pearson,month_median,5,0.1489213732,0.1468346119,0.03660738841,0.2340652347,2000
main_month_median_pearson,Xiushui,修水,Autumn,14,pearson,month_median,6,0.1404531856,0.1429150999,0.04095070437,0.2204259634,2000
main_month_median_pearson,Xiushui,修水,Autumn,14,pearson,month_median,7,0.1219223416,0.1211489737,0.01322095282,0.2318227291,2000
main_month_median_pearson,Xiushui,修水,Autumn,14,pearson,month_median,8,0.09056892658,0.08950702846,-0.01831766777,0.2143636048,2000
main_month_median_pearson,Xiushui,修水,Autumn,14,pearson,month_median,9,0.08115495957,0.08046860993,-0.02213359252,0.1970866919,2000
main_month_median_pearson,Xiushui,修水,Autumn,14,pearson,month_median,10,0.09132605525,0.09240997583,-0.01646614634,0.2085376084,2000
main_month_median_pearson,Xiushui,修水,Autumn,14,pearson,month_median,11,0.07559583767,0.07592210174,-0.03409911692,0.1892431676,2000
main_month_median_pearson,Xiushui,修水,Autumn,14,pearson,month_median,12,0.05694172102,0.05821757019,-0.03771673515,0.1514113694,2000
main_month_median_pearson,Xiushui,修水,Autumn,14,pearson,month_median,13,0.0870282177,0.08940973133,0.0002177382121,0.1879523695,2000
main_month_median_pearson,Xiushui,修水,Autumn,14,pearson,month_median,14,0.09369933238,0.09637150913,0.01412127819,0.1815381944,2000
main_month_median_pearson,Xiushui,修水,Autumn,14,pearson,month_median,15,0.07447245568,0.07525038719,0.007319550961,0.1390108615,2000
main_month_median_pearson,Xiushui,修水,Autumn,14,pearson,month_median,16,0.08043980265,0.08111967146,-0.004588950891,0.1446246654,2000
main_month_median_pearson,Xiushui,修水,Autumn,14,pearson,month_median,17,0.0921026608,0.0897398144,-0.02377509326,0.1728787571,2000
main_month_median_pearson,Xiushui,修水,Autumn,14,pearson,month_median,18,0.09766471755,0.09270054102,-0.02745035104,0.2064854801,2000
main_month_median_pearson,Xiushui,修水,Autumn,14,pearson,month_median,19,0.10892201,0.103292428,-0.01270462573,0.2190084606,2000
main_month_median_pearson,Xiushui,修水,Autumn,14,pearson,month_median,20,0.114558671,0.1097434536,0.02358356304,0.2021642327,2000
main_month_median_pearson,Xiushui,修水,Spring,14,pearson,month_median,0,0.0978990807,0.08941715956,0.01259584166,0.170771271,2000
main_month_median_pearson,Xiushui,修水,Spring,14,pearson,month_median,1,0.1945431826,0.1894039661,0.1116335094,0.2580579519,2000
main_month_median_pearson,Xiushui,修水,Spring,14,pearson,month_median,2,0.2265987431,0.221423775,0.1549289525,0.2818723321,2000
main_month_median_pearson,Xiushui,修水,Spring,14,pearson,month_median,3,0.233496911,0.2297525704,0.1458504498,0.2947956324,2000
main_month_median_pearson,Xiushui,修水,Spring,14,pearson,month_median,4,0.2393767583,0.2363285124,0.1570603251,0.2959863245,2000
main_month_median_pearson,Xiushui,修水,Spring,14,pearson,month_median,5,0.2552739224,0.2525160611,0.1732346416,0.3088170886,2000
main_month_median_pearson,Xiushui,修水,Spring,14,pearson,month_median,6,0.2665631834,0.2634921968,0.1760009229,0.3267837167,2000
main_month_median_pearson,Xiushui,修水,Spring,14,pearson,month_median,7,0.2696627728,0.2681602538,0.1941615492,0.3199476898,2000
main_month_median_pearson,Xiushui,修水,Spring,14,pearson,month_median,8,0.2751648083,0.2734444141,0.2202905864,0.3130261898,2000
main_month_median_pearson,Xiushui,修水,Spring,14,pearson,month_median,9,0.2541425783,0.25197649,0.2018447816,0.2887220681,2000
main_month_median_pearson,Xiushui,修水,Spring,14,pearson,month_median,10,0.2380002203,0.2351882756,0.1855757535,0.2724859416,2000
main_month_median_pearson,Xiushui,修水,Spring,14,pearson,month_median,11,0.226153887,0.2218319476,0.1686668694,0.2632846534,2000
main_month_median_pearson,Xiushui,修水,Spring,14,pearson,month_median,12,0.1815104126,0.1748673022,0.1127409339,0.2281332612,2000
main_month_median_pearson,Xiushui,修水,Spring,14,pearson,month_median,13,0.1628807972,0.1556117088,0.07527656108,0.2286917865,2000
main_month_median_pearson,Xiushui,修水,Spring,14,pearson,month_median,14,0.1528652534,0.1439359784,0.05786940828,0.2271237969,2000
main_month_median_pearson,Xiushui,修水,Spring,14,pearson,month_median,15,0.1317815373,0.1222671643,0.04933227599,0.2047861964,2000
main_month_median_pearson,Xiushui,修水,Spring,14,pearson,month_median,16,0.103952553,0.09302926064,0.02444419451,0.1806404591,2000
main_month_median_pearson,Xiushui,修水,Spring,14,pearson,month_median,17,0.08221105833,0.07237738371,-0.00687305769,0.1657487303,2000
main_month_median_pearson,Xiushui,修水,Spring,14,pearson,month_median,18,0.07097567262,0.06028359011,-0.01645141281,0.1588515341,2000
main_month_median_pearson,Xiushui,修水,Spring,14,pearson,month_median,19,0.03931049822,0.02916680276,-0.04993623495,0.1268242449,2000
main_month_median_pearson,Xiushui,修水,Spring,14,pearson,month_median,20,0.03325940266,0.02286748961,-0.06034351885,0.1282857358,2000
main_month_median_pearson,Xiushui,修水,Summer,14,pearson,month_median,0,0.2113808437,0.2057614326,0.09935496747,0.2744080424,2000
main_month_median_pearson,Xiushui,修水,Summer,14,pearson,month_median,1,0.3947248162,0.3860136569,0.2213148475,0.49063465,2000
main_month_median_pearson,Xiushui,修水,Summer,14,pearson,month_median,2,0.4290649211,0.4183263183,0.2323964238,0.5297105312,2000
main_month_median_pearson,Xiushui,修水,Summer,14,pearson,month_median,3,0.3728954956,0.3658742905,0.2039029002,0.4475966394,2000
main_month_median_pearson,Xiushui,修水,Summer,14,pearson,month_median,4,0.312104772,0.3108985424,0.2139971703,0.3553344607,2000
main_month_median_pearson,Xiushui,修水,Summer,14,pearson,month_median,5,0.2450820911,0.2424718142,0.182041049,0.3089319766,2000
main_month_median_pearson,Xiushui,修水,Summer,14,pearson,month_median,6,0.2057764236,0.2023625374,0.1332745999,0.2777462602,2000
main_month_median_pearson,Xiushui,修水,Summer,14,pearson,month_median,7,0.211981951,0.2102030516,0.1371929497,0.2492401004,2000
main_month_median_pearson,Xiushui,修水,Summer,14,pearson,month_median,8,0.2237711336,0.2190124393,0.1147985011,0.2753220201,2000
main_month_median_pearson,Xiushui,修水,Summer,14,pearson,month_median,9,0.2300308894,0.2223163247,0.08756923676,0.2967441082,2000
main_month_median_pearson,Xiushui,修水,Summer,14,pearson,month_median,10,0.2291411884,0.2221373916,0.1094066203,0.2932750285,2000
main_month_median_pearson,Xiushui,修水,Summer,14,pearson,month_median,11,0.1858493625,0.1826620251,0.08016193658,0.2256201059,2000
main_month_median_pearson,Xiushui,修水,Summer,14,pearson,month_median,12,0.1693552197,0.1660358012,0.08519645035,0.2073713541,2000
main_month_median_pearson,Xiushui,修水,Summer,14,pearson,month_median,13,0.1643582955,0.1593874395,0.09121233225,0.2011303753,2000
main_month_median_pearson,Xiushui,修水,Summer,14,pearson,month_median,14,0.1515105765,0.1478700638,0.09169449657,0.1962952614,2000
main_month_median_pearson,Xiushui,修水,Summer,14,pearson,month_median,15,0.1303788647,0.1255719066,0.0704241246,0.2184605598,2000
main_month_median_pearson,Xiushui,修水,Summer,14,pearson,month_median,16,0.09249106294,0.08846133947,0.03103310056,0.1567825526,2000
main_month_median_pearson,Xiushui,修水,Summer,14,pearson,month_median,17,0.07199249043,0.06751319766,0.01449189242,0.1282259673,2000
main_month_median_pearson,Xiushui,修水,Summer,14,pearson,month_median,18,0.05925181775,0.05569500476,0.008034443483,0.1053620875,2000
main_month_median_pearson,Xiushui,修水,Summer,14,pearson,month_median,19,0.0756507725,0.07237926126,0.01143995859,0.1090149134,2000
main_month_median_pearson,Xiushui,修水,Summer,14,pearson,month_median,20,0.0944808344,0.08997420967,0.00731926132,0.129498601,2000
main_month_median_pearson,Xiushui,修水,Winter,13,pearson,month_median,0,0.07997608504,0.08025193959,0.01281971484,0.1528740376,2000
main_month_median_pearson,Xiushui,修水,Winter,13,pearson,month_median,1,0.1195569314,0.1207929701,0.06209579483,0.1796168834,2000
main_month_median_pearson,Xiushui,修水,Winter,13,pearson,month_median,2,0.09439795782,0.09651151299,0.03759852797,0.1497208029,2000
main_month_median_pearson,Xiushui,修水,Winter,13,pearson,month_median,3,0.1001896185,0.1009592637,0.03800233826,0.1691506654,2000
main_month_median_pearson,Xiushui,修水,Winter,13,pearson,month_median,4,0.1015028654,0.103146486,0.03591295332,0.1637638807,2000
main_month_median_pearson,Xiushui,修水,Winter,13,pearson,month_median,5,0.1264983001,0.1257934272,0.04590078071,0.2018251717,2000
main_month_median_pearson,Xiushui,修水,Winter,13,pearson,month_median,6,0.1305788181,0.1299007982,0.04939823598,0.2068243325,2000
main_month_median_pearson,Xiushui,修水,Winter,13,pearson,month_median,7,0.1643379226,0.1617185473,0.07297229767,0.2448884696,2000
main_month_median_pearson,Xiushui,修水,Winter,13,pearson,month_median,8,0.1826405943,0.1780766249,0.06346196681,0.3057841063,2000
main_month_median_pearson,Xiushui,修水,Winter,13,pearson,month_median,9,0.1260220135,0.1202489063,0.03706741333,0.2165662497,2000
main_month_median_pearson,Xiushui,修水,Winter,13,pearson,month_median,10,0.1390800794,0.1336955726,0.06683275104,0.2242298424,2000
main_month_median_pearson,Xiushui,修水,Winter,13,pearson,month_median,11,0.1067031743,0.1024518758,0.05523144826,0.167417407,2000
main_month_median_pearson,Xiushui,修水,Winter,13,pearson,month_median,12,0.09359870169,0.09471584857,0.04481522366,0.1333638728,2000
main_month_median_pearson,Xiushui,修水,Winter,13,pearson,month_median,13,0.08616139814,0.08863425255,0.02504918352,0.1373081803,2000
main_month_median_pearson,Xiushui,修水,Winter,13,pearson,month_median,14,0.04828266296,0.04899085313,-0.01721441559,0.1165194213,2000
main_month_median_pearson,Xiushui,修水,Winter,13,pearson,month_median,15,0.02749392135,0.02759609371,-0.0345251523,0.09382104874,2000
main_month_median_pearson,Xiushui,修水,Winter,13,pearson,month_median,16,0.008297971079,0.006049549207,-0.0507104136,0.08422229439,2000
main_month_median_pearson,Xiushui,修水,Winter,13,pearson,month_median,17,-0.001121954882,-0.002996801864,-0.06073828787,0.05842464417,2000
main_month_median_pearson,Xiushui,修水,Winter,13,pearson,month_median,18,0.02309975487,0.01980727911,-0.04379061237,0.09522264451,2000
main_month_median_pearson,Xiushui,修水,Winter,13,pearson,month_median,19,0.02530743968,0.02088442631,-0.04477254301,0.1027586162,2000
main_month_median_pearson,Xiushui,修水,Winter,13,pearson,month_median,20,0.03472721226,0.03237506002,-0.03986226022,0.111492157,2000
main_month_median_spearman,Changjiang,昌江,All,14,spearman,month_median,0,0.2313658001,0.2305284142,0.1984742284,0.2671914101,2000
main_month_median_spearman,Changjiang,昌江,All,14,spearman,month_median,1,0.3540256081,0.3540233374,0.3273054361,0.3822681606,2000
main_month_median_spearman,Changjiang,昌江,All,14,spearman,month_median,2,0.3856155712,0.3853254914,0.3578171432,0.4153502584,2000
main_month_median_spearman,Changjiang,昌江,All,14,spearman,month_median,3,0.3535790915,0.3532144129,0.3237884939,0.386135757,2000
main_month_median_spearman,Changjiang,昌江,All,14,spearman,month_median,4,0.3130158419,0.312469542,0.2829549015,0.3438523412,2000
main_month_median_spearman,Changjiang,昌江,All,14,spearman,month_median,5,0.2709216259,0.2698742151,0.2403176129,0.3040295541,2000
main_month_median_spearman,Changjiang,昌江,All,14,spearman,month_median,6,0.2287369342,0.2280554175,0.1917350739,0.2737599611,2000
main_month_median_spearman,Changjiang,昌江,All,14,spearman,month_median,7,0.2111327405,0.2107362002,0.1691558808,0.2585849762,2000
main_month_median_spearman,Changjiang,昌江,All,14,spearman,month_median,8,0.2011358694,0.2013323903,0.1542794704,0.2494367659,2000
main_month_median_spearman,Changjiang,昌江,All,14,spearman,month_median,9,0.1899315909,0.1902705878,0.1422709674,0.2356265187,2000
main_month_median_spearman,Changjiang,昌江,All,14,spearman,month_median,10,0.1695147441,0.1702100039,0.1241196617,0.2135837823,2000
main_month_median_spearman,Changjiang,昌江,All,14,spearman,month_median,11,0.1544517043,0.154055655,0.1131724343,0.19539617,2000
main_month_median_spearman,Changjiang,昌江,All,14,spearman,month_median,12,0.1289965262,0.1279689968,0.08840017021,0.1710387915,2000
main_month_median_spearman,Changjiang,昌江,All,14,spearman,month_median,13,0.1120721605,0.1106106564,0.06613050401,0.1589632928,2000
main_month_median_spearman,Changjiang,昌江,All,14,spearman,month_median,14,0.094571923,0.09342299402,0.04646802321,0.1435839236,2000
main_month_median_spearman,Changjiang,昌江,All,14,spearman,month_median,15,0.08521951523,0.08494849503,0.03731924668,0.133129999,2000
main_month_median_spearman,Changjiang,昌江,All,14,spearman,month_median,16,0.08319428437,0.08349589258,0.03774532303,0.1263933629,2000
main_month_median_spearman,Changjiang,昌江,All,14,spearman,month_median,17,0.06952079316,0.06981322169,0.02409007959,0.1126583517,2000
main_month_median_spearman,Changjiang,昌江,All,14,spearman,month_median,18,0.05786749862,0.0581484735,0.01272484288,0.09956686199,2000
main_month_median_spearman,Changjiang,昌江,All,14,spearman,month_median,19,0.0479432767,0.04837591946,0.005699293688,0.08828060329,2000
main_month_median_spearman,Changjiang,昌江,All,14,spearman,month_median,20,0.05479717983,0.05421572551,0.01396865305,0.0982812345,2000
main_month_median_spearman,Changjiang,昌江,Autumn,14,spearman,month_median,0,0.1384344826,0.136216417,0.05876839533,0.201035738,2000
main_month_median_spearman,Changjiang,昌江,Autumn,14,spearman,month_median,1,0.2054014153,0.2045783103,0.1439916342,0.2615735233,2000
main_month_median_spearman,Changjiang,昌江,Autumn,14,spearman,month_median,2,0.2406606996,0.2416560501,0.1815550178,0.2974478304,2000
main_month_median_spearman,Changjiang,昌江,Autumn,14,spearman,month_median,3,0.2329729755,0.2343466729,0.163094312,0.2993570864,2000
main_month_median_spearman,Changjiang,昌江,Autumn,14,spearman,month_median,4,0.2140556826,0.2134193182,0.1431910545,0.2846424878,2000
main_month_median_spearman,Changjiang,昌江,Autumn,14,spearman,month_median,5,0.1971960778,0.1958310306,0.1302243769,0.2635629475,2000
main_month_median_spearman,Changjiang,昌江,Autumn,14,spearman,month_median,6,0.1746058867,0.1712528467,0.108853586,0.2403064668,2000
main_month_median_spearman,Changjiang,昌江,Autumn,14,spearman,month_median,7,0.1506471917,0.1470784247,0.07006732374,0.2226867676,2000
main_month_median_spearman,Changjiang,昌江,Autumn,14,spearman,month_median,8,0.1336127698,0.1293132901,0.05102636293,0.2141958922,2000
main_month_median_spearman,Changjiang,昌江,Autumn,14,spearman,month_median,9,0.1126837288,0.1083406955,0.03302392736,0.1912506223,2000
main_month_median_spearman,Changjiang,昌江,Autumn,14,spearman,month_median,10,0.1023301985,0.09948809445,0.0205559656,0.1815024167,2000
main_month_median_spearman,Changjiang,昌江,Autumn,14,spearman,month_median,11,0.1052020138,0.1012372822,0.01344312355,0.1882352531,2000
main_month_median_spearman,Changjiang,昌江,Autumn,14,spearman,month_median,12,0.1195858694,0.114652954,0.009704566561,0.2192145288,2000
main_month_median_spearman,Changjiang,昌江,Autumn,14,spearman,month_median,13,0.1335706687,0.1286564171,0.02183867805,0.23758623,2000
main_month_median_spearman,Changjiang,昌江,Autumn,14,spearman,month_median,14,0.1302150579,0.1275133342,0.03144814819,0.2212674171,2000
main_month_median_spearman,Changjiang,昌江,Autumn,14,spearman,month_median,15,0.1154929698,0.1129354089,0.02958198078,0.1926291883,2000
main_month_median_spearman,Changjiang,昌江,Autumn,14,spearman,month_median,16,0.1099828995,0.1055447608,0.02160694823,0.1936807632,2000
main_month_median_spearman,Changjiang,昌江,Autumn,14,spearman,month_median,17,0.106577851,0.1025025994,0.01906920597,0.1901042908,2000
main_month_median_spearman,Changjiang,昌江,Autumn,14,spearman,month_median,18,0.1169617018,0.1126222908,0.04077804089,0.189510271,2000
main_month_median_spearman,Changjiang,昌江,Autumn,14,spearman,month_median,19,0.1253140146,0.1207534522,0.05298224837,0.1945499182,2000
main_month_median_spearman,Changjiang,昌江,Autumn,14,spearman,month_median,20,0.1226966383,0.1181192398,0.04749657214,0.1954018474,2000
main_month_median_spearman,Changjiang,昌江,Spring,14,spearman,month_median,0,0.1934843574,0.1887978017,0.1123760566,0.255437851,2000
main_month_median_spearman,Changjiang,昌江,Spring,14,spearman,month_median,1,0.3395351396,0.338306129,0.2517407537,0.4089425802,2000
main_month_median_spearman,Changjiang,昌江,Spring,14,spearman,month_median,2,0.3575709978,0.3575673997,0.279807806,0.4177708924,2000
main_month_median_spearman,Changjiang,昌江,Spring,14,spearman,month_median,3,0.3195346567,0.3189503849,0.2537342906,0.3724673986,2000
main_month_median_spearman,Changjiang,昌江,Spring,14,spearman,month_median,4,0.2719522407,0.2699507177,0.2102666497,0.3203077912,2000
main_month_median_spearman,Changjiang,昌江,Spring,14,spearman,month_median,5,0.2244122454,0.2212405205,0.1509835124,0.2842212021,2000
main_month_median_spearman,Changjiang,昌江,Spring,14,spearman,month_median,6,0.1699495162,0.1652926803,0.08796774596,0.2328097671,2000
main_month_median_spearman,Changjiang,昌江,Spring,14,spearman,month_median,7,0.1513216509,0.1480762959,0.06399199367,0.2139828354,2000
main_month_median_spearman,Changjiang,昌江,Spring,14,spearman,month_median,8,0.1618769006,0.1582638174,0.07895488292,0.2195341587,2000
main_month_median_spearman,Changjiang,昌江,Spring,14,spearman,month_median,9,0.1673450399,0.1633151621,0.09357946366,0.2198203653,2000
main_month_median_spearman,Changjiang,昌江,Spring,14,spearman,month_median,10,0.1619799619,0.1581031829,0.09235886484,0.2189720869,2000
main_month_median_spearman,Changjiang,昌江,Spring,14,spearman,month_median,11,0.1396326542,0.1363707185,0.07334003597,0.1906369925,2000
main_month_median_spearman,Changjiang,昌江,Spring,14,spearman,month_median,12,0.1053173761,0.1022457778,0.02830266021,0.1665274501,2000
main_month_median_spearman,Changjiang,昌江,Spring,14,spearman,month_median,13,0.09528484036,0.09164173901,0.01102225296,0.1592647135,2000
main_month_median_spearman,Changjiang,昌江,Spring,14,spearman,month_median,14,0.0889354514,0.0843135938,0.004480870441,0.1495537013,2000
main_month_median_spearman,Changjiang,昌江,Spring,14,spearman,month_median,15,0.07989625218,0.07622185349,-0.009341934696,0.1475223601,2000
main_month_median_spearman,Changjiang,昌江,Spring,14,spearman,month_median,16,0.07202022181,0.06775285304,-0.02265107445,0.1426171809,2000
main_month_median_spearman,Changjiang,昌江,Spring,14,spearman,month_median,17,0.06650689645,0.0608824566,-0.0134656718,0.1308336854,2000
main_month_median_spearman,Changjiang,昌江,Spring,14,spearman,month_median,18,0.05339697981,0.04668948054,-0.02226595022,0.1166298091,2000
main_month_median_spearman,Changjiang,昌江,Spring,14,spearman,month_median,19,0.03700193469,0.03115030378,-0.0415572226,0.09938357025,2000
main_month_median_spearman,Changjiang,昌江,Spring,14,spearman,month_median,20,0.06091052657,0.05545658991,-0.02790222503,0.1330631077,2000
main_month_median_spearman,Changjiang,昌江,Summer,14,spearman,month_median,0,0.3395631222,0.3387932181,0.2756997645,0.3991674483,2000
main_month_median_spearman,Changjiang,昌江,Summer,14,spearman,month_median,1,0.4996554626,0.5000100136,0.4437756538,0.5530853868,2000
main_month_median_spearman,Changjiang,昌江,Summer,14,spearman,month_median,2,0.5111301206,0.5105871558,0.457759589,0.5596159101,2000
main_month_median_spearman,Changjiang,昌江,Summer,14,spearman,month_median,3,0.4384259001,0.4374210835,0.3749357462,0.4958209991,2000
main_month_median_spearman,Changjiang,昌江,Summer,14,spearman,month_median,4,0.36715507,0.3656826615,0.3055521846,0.4233979881,2000
main_month_median_spearman,Changjiang,昌江,Summer,14,spearman,month_median,5,0.3144707843,0.3113213778,0.2577345669,0.3636276126,2000
main_month_median_spearman,Changjiang,昌江,Summer,14,spearman,month_median,6,0.2585357248,0.2549231648,0.1905237585,0.3207622468,2000
main_month_median_spearman,Changjiang,昌江,Summer,14,spearman,month_median,7,0.2188041889,0.2156237662,0.1405408531,0.2872465849,2000
main_month_median_spearman,Changjiang,昌江,Summer,14,spearman,month_median,8,0.1891821877,0.1862399578,0.1073801592,0.2584840655,2000
main_month_median_spearman,Changjiang,昌江,Summer,14,spearman,month_median,9,0.1663881197,0.1632146537,0.09598335624,0.2244148105,2000
main_month_median_spearman,Changjiang,昌江,Summer,14,spearman,month_median,10,0.1430792434,0.1381304115,0.07580097765,0.204358086,2000
main_month_median_spearman,Changjiang,昌江,Summer,14,spearman,month_median,11,0.1184442799,0.1147656143,0.04530901834,0.1853107214,2000
main_month_median_spearman,Changjiang,昌江,Summer,14,spearman,month_median,12,0.09322580604,0.08944642544,0.009594485164,0.1631811112,2000
main_month_median_spearman,Changjiang,昌江,Summer,14,spearman,month_median,13,0.05783853983,0.05291009694,-0.0352695249,0.1362167895,2000
main_month_median_spearman,Changjiang,昌江,Summer,14,spearman,month_median,14,0.03178429335,0.02628977597,-0.05599495396,0.1038750187,2000
main_month_median_spearman,Changjiang,昌江,Summer,14,spearman,month_median,15,0.0285188374,0.02441554889,-0.04632556066,0.09552238137,2000
main_month_median_spearman,Changjiang,昌江,Summer,14,spearman,month_median,16,0.03324415218,0.02720034495,-0.04240685329,0.1075825393,2000
main_month_median_spearman,Changjiang,昌江,Summer,14,spearman,month_median,17,0.008990960173,0.00135672919,-0.06869155169,0.08814206719,2000
main_month_median_spearman,Changjiang,昌江,Summer,14,spearman,month_median,18,-0.009736927284,-0.0149565367,-0.08631315827,0.06590941548,2000
main_month_median_spearman,Changjiang,昌江,Summer,14,spearman,month_median,19,-0.01876168195,-0.02373454347,-0.0993706584,0.05387875065,2000
main_month_median_spearman,Changjiang,昌江,Summer,14,spearman,month_median,20,-0.01856315215,-0.02429183386,-0.1042085215,0.06073971838,2000
main_month_median_spearman,Changjiang,昌江,Winter,13,spearman,month_median,0,0.263853139,0.2598421872,0.1721687615,0.3564494252,2000
main_month_median_spearman,Changjiang,昌江,Winter,13,spearman,month_median,1,0.3134420648,0.3114513457,0.2312447429,0.403606683,2000
main_month_median_spearman,Changjiang,昌江,Winter,13,spearman,month_median,2,0.3398558138,0.3378549218,0.2633584738,0.4307508767,2000
main_month_median_spearman,Changjiang,昌江,Winter,13,spearman,month_median,3,0.3391296626,0.3370827138,0.2666854262,0.4202940464,2000
main_month_median_spearman,Changjiang,昌江,Winter,13,spearman,month_median,4,0.3362423648,0.3342936039,0.2587197125,0.4144578278,2000
main_month_median_spearman,Changjiang,昌江,Winter,13,spearman,month_median,5,0.3261047073,0.3237319589,0.230349049,0.4156101942,2000
main_month_median_spearman,Changjiang,昌江,Winter,13,spearman,month_median,6,0.3266074036,0.3225428164,0.2311721146,0.4171717763,2000
main_month_median_spearman,Changjiang,昌江,Winter,13,spearman,month_median,7,0.3320456699,0.3261376619,0.2416584939,0.4199366271,2000
main_month_median_spearman,Changjiang,昌江,Winter,13,spearman,month_median,8,0.3189618343,0.3144282997,0.2310567051,0.398991555,2000
main_month_median_spearman,Changjiang,昌江,Winter,13,spearman,month_median,9,0.3035457281,0.2993192077,0.2213496268,0.3752200007,2000
main_month_median_spearman,Changjiang,昌江,Winter,13,spearman,month_median,10,0.2759413289,0.2708931565,0.1915554106,0.3471855223,2000
main_month_median_spearman,Changjiang,昌江,Winter,13,spearman,month_median,11,0.2403222702,0.2347381413,0.1351440549,0.320879519,2000
main_month_median_spearman,Changjiang,昌江,Winter,13,spearman,month_median,12,0.2094286382,0.2029594481,0.08914557099,0.2950455248,2000
main_month_median_spearman,Changjiang,昌江,Winter,13,spearman,month_median,13,0.1838226623,0.1784134805,0.06316874176,0.2598637342,2000
main_month_median_spearman,Changjiang,昌江,Winter,13,spearman,month_median,14,0.1462658956,0.1407921463,0.003830852453,0.230460152,2000
main_month_median_spearman,Changjiang,昌江,Winter,13,spearman,month_median,15,0.1092198582,0.1048801392,-0.05403795093,0.2130523324,2000
main_month_median_spearman,Changjiang,昌江,Winter,13,spearman,month_median,16,0.08403390111,0.08034522086,-0.08785624802,0.1912564635,2000
main_month_median_spearman,Changjiang,昌江,Winter,13,spearman,month_median,17,0.07399560305,0.07070536166,-0.1033487841,0.1902872324,2000
main_month_median_spearman,Changjiang,昌江,Winter,13,spearman,month_median,18,0.07469600348,0.07189069688,-0.0902576074,0.1915035844,2000
main_month_median_spearman,Changjiang,昌江,Winter,13,spearman,month_median,19,0.09160916329,0.0876467824,-0.05716646835,0.192356348,2000
main_month_median_spearman,Changjiang,昌江,Winter,13,spearman,month_median,20,0.1036032251,0.09656685591,-0.03077953868,0.1900279522,2000
main_month_median_spearman,Fuhe,抚河,All,14,spearman,month_median,0,0.1782632447,0.1770531386,0.1375609785,0.2138946056,2000
main_month_median_spearman,Fuhe,抚河,All,14,spearman,month_median,1,0.3409428499,0.3414703012,0.3064593673,0.3785105944,2000
main_month_median_spearman,Fuhe,抚河,All,14,spearman,month_median,2,0.422212631,0.4239289165,0.3932849765,0.4555467665,2000
main_month_median_spearman,Fuhe,抚河,All,14,spearman,month_median,3,0.3974247893,0.3988926709,0.3696335852,0.4251686931,2000
main_month_median_spearman,Fuhe,抚河,All,14,spearman,month_median,4,0.3385984647,0.3396350741,0.3102426827,0.3665082157,2000
main_month_median_spearman,Fuhe,抚河,All,14,spearman,month_median,5,0.2830597248,0.2831828296,0.2539096475,0.3113844097,2000
main_month_median_spearman,Fuhe,抚河,All,14,spearman,month_median,6,0.2472629679,0.2469380498,0.2216656059,0.2736423314,2000
main_month_median_spearman,Fuhe,抚河,All,14,spearman,month_median,7,0.2136122201,0.212731421,0.1884305477,0.2371035516,2000
main_month_median_spearman,Fuhe,抚河,All,14,spearman,month_median,8,0.1936276836,0.1932432353,0.1582390666,0.2246426642,2000
main_month_median_spearman,Fuhe,抚河,All,14,spearman,month_median,9,0.1836485933,0.1836856306,0.1355578601,0.225382328,2000
main_month_median_spearman,Fuhe,抚河,All,14,spearman,month_median,10,0.1641743555,0.1638068706,0.1113687083,0.2081620097,2000
main_month_median_spearman,Fuhe,抚河,All,14,spearman,month_median,11,0.1447439212,0.1446397305,0.09826000035,0.1818772405,2000
main_month_median_spearman,Fuhe,抚河,All,14,spearman,month_median,12,0.1269757778,0.1270583272,0.07931064814,0.1640533656,2000
main_month_median_spearman,Fuhe,抚河,All,14,spearman,month_median,13,0.1140022517,0.1137143523,0.06575593352,0.150916636,2000
main_month_median_spearman,Fuhe,抚河,All,14,spearman,month_median,14,0.1066429467,0.1056088507,0.06588663161,0.1411808431,2000
main_month_median_spearman,Fuhe,抚河,All,14,spearman,month_median,15,0.102896607,0.1017361954,0.0670652017,0.1325178444,2000
main_month_median_spearman,Fuhe,抚河,All,14,spearman,month_median,16,0.09348191987,0.09212005138,0.05332285911,0.1251191944,2000
main_month_median_spearman,Fuhe,抚河,All,14,spearman,month_median,17,0.09092402666,0.08975034952,0.05087115243,0.1229001656,2000
main_month_median_spearman,Fuhe,抚河,All,14,spearman,month_median,18,0.09391194941,0.09264729172,0.0559291169,0.1258671284,2000
main_month_median_spearman,Fuhe,抚河,All,14,spearman,month_median,19,0.08316047457,0.08030717075,0.04124637693,0.1208706424,2000
main_month_median_spearman,Fuhe,抚河,All,14,spearman,month_median,20,0.06912599677,0.06492501497,0.02425761521,0.1171481758,2000
main_month_median_spearman,Fuhe,抚河,Autumn,14,spearman,month_median,0,0.2342055524,0.2330247164,0.1152027696,0.3259444237,2000
main_month_median_spearman,Fuhe,抚河,Autumn,14,spearman,month_median,1,0.3228277048,0.3247214556,0.2276068479,0.3993700445,2000
main_month_median_spearman,Fuhe,抚河,Autumn,14,spearman,month_median,2,0.3936999436,0.3971391618,0.3154754043,0.4622650743,2000
main_month_median_spearman,Fuhe,抚河,Autumn,14,spearman,month_median,3,0.4119280332,0.4133813083,0.3377707303,0.4826131761,2000
main_month_median_spearman,Fuhe,抚河,Autumn,14,spearman,month_median,4,0.3953581,0.3947939575,0.3164575696,0.4716013074,2000
main_month_median_spearman,Fuhe,抚河,Autumn,14,spearman,month_median,5,0.3620683702,0.3600118756,0.2757947147,0.4443031549,2000
main_month_median_spearman,Fuhe,抚河,Autumn,14,spearman,month_median,6,0.3270731249,0.3242955208,0.2383983731,0.4111312032,2000
main_month_median_spearman,Fuhe,抚河,Autumn,14,spearman,month_median,7,0.2812793623,0.2768950164,0.1864504665,0.3679736257,2000
main_month_median_spearman,Fuhe,抚河,Autumn,14,spearman,month_median,8,0.2449862168,0.239472121,0.1472342014,0.33598575,2000
main_month_median_spearman,Fuhe,抚河,Autumn,14,spearman,month_median,9,0.2135648059,0.2064274848,0.1212570667,0.2939421237,2000
main_month_median_spearman,Fuhe,抚河,Autumn,14,spearman,month_median,10,0.1944179082,0.1858844012,0.1072509065,0.2687385082,2000
main_month_median_spearman,Fuhe,抚河,Autumn,14,spearman,month_median,11,0.193957564,0.1840269864,0.1114025041,0.2621100247,2000
main_month_median_spearman,Fuhe,抚河,Autumn,14,spearman,month_median,12,0.1879997943,0.1788272262,0.09731189162,0.2629155815,2000
main_month_median_spearman,Fuhe,抚河,Autumn,14,spearman,month_median,13,0.1854717065,0.1767661572,0.09095934778,0.2607406676,2000
main_month_median_spearman,Fuhe,抚河,Autumn,14,spearman,month_median,14,0.1653465065,0.1579945982,0.06192614138,0.2485111505,2000
main_month_median_spearman,Fuhe,抚河,Autumn,14,spearman,month_median,15,0.1357331109,0.1295014918,0.03089883924,0.2211913019,2000
main_month_median_spearman,Fuhe,抚河,Autumn,14,spearman,month_median,16,0.1306754069,0.1251395941,0.02604530565,0.2164026499,2000
main_month_median_spearman,Fuhe,抚河,Autumn,14,spearman,month_median,17,0.09894965181,0.09218524396,-0.01807672717,0.1881953627,2000
main_month_median_spearman,Fuhe,抚河,Autumn,14,spearman,month_median,18,0.08877679478,0.08271799982,-0.0331380181,0.1807779968,2000
main_month_median_spearman,Fuhe,抚河,Autumn,14,spearman,month_median,19,0.08403377809,0.07861559093,-0.04551216215,0.1800213903,2000
main_month_median_spearman,Fuhe,抚河,Autumn,14,spearman,month_median,20,0.08694916172,0.08123676479,-0.04401640594,0.181000188,2000
main_month_median_spearman,Fuhe,抚河,Spring,14,spearman,month_median,0,0.1817541192,0.1782116294,0.1215494275,0.2261093855,2000
main_month_median_spearman,Fuhe,抚河,Spring,14,spearman,month_median,1,0.3926949312,0.3921212554,0.3512405157,0.4323542416,2000
main_month_median_spearman,Fuhe,抚河,Spring,14,spearman,month_median,2,0.4821810961,0.4843637347,0.4441559613,0.5223670602,2000
main_month_median_spearman,Fuhe,抚河,Spring,14,spearman,month_median,3,0.4368780728,0.4379023314,0.4045013189,0.4753606617,2000
main_month_median_spearman,Fuhe,抚河,Spring,14,spearman,month_median,4,0.3701974262,0.3711242676,0.3261704743,0.4152954221,2000
main_month_median_spearman,Fuhe,抚河,Spring,14,spearman,month_median,5,0.3122124123,0.3128364086,0.2585317791,0.3584175706,2000
main_month_median_spearman,Fuhe,抚河,Spring,14,spearman,month_median,6,0.2806245487,0.27995646,0.2275298238,0.3264432847,2000
main_month_median_spearman,Fuhe,抚河,Spring,14,spearman,month_median,7,0.2500531901,0.2471078336,0.1863345206,0.3100444973,2000
main_month_median_spearman,Fuhe,抚河,Spring,14,spearman,month_median,8,0.232047119,0.227036342,0.1581420898,0.2991885841,2000
main_month_median_spearman,Fuhe,抚河,Spring,14,spearman,month_median,9,0.2370842073,0.2326931953,0.147161141,0.3191514611,2000
main_month_median_spearman,Fuhe,抚河,Spring,14,spearman,month_median,10,0.2387783693,0.2361839414,0.1491836756,0.30999735,2000
main_month_median_spearman,Fuhe,抚河,Spring,14,spearman,month_median,11,0.2035314763,0.2022119164,0.1171279997,0.2630412281,2000
main_month_median_spearman,Fuhe,抚河,Spring,14,spearman,month_median,12,0.1742902575,0.1739606559,0.08539059013,0.2405224442,2000
main_month_median_spearman,Fuhe,抚河,Spring,14,spearman,month_median,13,0.1556553259,0.155010879,0.0640335232,0.2248070836,2000
main_month_median_spearman,Fuhe,抚河,Spring,14,spearman,month_median,14,0.134871546,0.1332228035,0.05198859423,0.201590389,2000
main_month_median_spearman,Fuhe,抚河,Spring,14,spearman,month_median,15,0.1317481499,0.1280006468,0.04963802174,0.1924867332,2000
main_month_median_spearman,Fuhe,抚河,Spring,14,spearman,month_median,16,0.1291085852,0.1232692823,0.03783630207,0.1957077831,2000
main_month_median_spearman,Fuhe,抚河,Spring,14,spearman,month_median,17,0.1188830499,0.1132436097,0.02297923528,0.1879170835,2000
main_month_median_spearman,Fuhe,抚河,Spring,14,spearman,month_median,18,0.1168826263,0.1118100956,0.03333264962,0.1758163124,2000
main_month_median_spearman,Fuhe,抚河,Spring,14,spearman,month_median,19,0.1071935463,0.1024688184,0.03289464861,0.1602294147,2000
main_month_median_spearman,Fuhe,抚河,Spring,14,spearman,month_median,20,0.09903485873,0.0935170874,0.01436731126,0.1675042063,2000
main_month_median_spearman,Fuhe,抚河,Summer,14,spearman,month_median,0,0.1613661614,0.1600875407,0.07675883174,0.2421261519,2000
main_month_median_spearman,Fuhe,抚河,Summer,14,spearman,month_median,1,0.348562336,0.3495411873,0.2758934498,0.4234377742,2000
main_month_median_spearman,Fuhe,抚河,Summer,14,spearman,month_median,2,0.4284541545,0.4308809638,0.3612090647,0.49740839,2000
main_month_median_spearman,Fuhe,抚河,Summer,14,spearman,month_median,3,0.3990786295,0.4013434052,0.3266345263,0.4644988775,2000
main_month_median_spearman,Fuhe,抚河,Summer,14,spearman,month_median,4,0.3218387397,0.3234608769,0.2461836636,0.391892463,2000
main_month_median_spearman,Fuhe,抚河,Summer,14,spearman,month_median,5,0.2435504943,0.245302245,0.1704599857,0.3074527979,2000
main_month_median_spearman,Fuhe,抚河,Summer,14,spearman,month_median,6,0.1786861364,0.1792342067,0.1072157025,0.2367965132,2000
main_month_median_spearman,Fuhe,抚河,Summer,14,spearman,month_median,7,0.1206696817,0.1203446016,0.04650366679,0.1843798757,2000
main_month_median_spearman,Fuhe,抚河,Summer,14,spearman,month_median,8,0.08324884626,0.08083684742,-0.0001104684852,0.1501824409,2000
main_month_median_spearman,Fuhe,抚河,Summer,14,spearman,month_median,9,0.06997985617,0.06693994999,-0.02157157101,0.1418308318,2000
main_month_median_spearman,Fuhe,抚河,Summer,14,spearman,month_median,10,0.04892764965,0.04463993013,-0.04773143306,0.1339186728,2000
main_month_median_spearman,Fuhe,抚河,Summer,14,spearman,month_median,11,0.04372822702,0.03990430757,-0.05678134784,0.1322646737,2000
main_month_median_spearman,Fuhe,抚河,Summer,14,spearman,month_median,12,0.0409476651,0.03619333357,-0.06112202257,0.1318668872,2000
main_month_median_spearman,Fuhe,抚河,Summer,14,spearman,month_median,13,0.03849157104,0.03444313258,-0.05990485102,0.1283882111,2000
main_month_median_spearman,Fuhe,抚河,Summer,14,spearman,month_median,14,0.04317923122,0.04070137441,-0.05058674514,0.1349466145,2000
main_month_median_spearman,Fuhe,抚河,Summer,14,spearman,month_median,15,0.02616341735,0.02380035818,-0.06204776093,0.1105896086,2000
main_month_median_spearman,Fuhe,抚河,Summer,14,spearman,month_median,16,-0.007101446628,-0.01171832718,-0.08365447074,0.06211300567,2000
main_month_median_spearman,Fuhe,抚河,Summer,14,spearman,month_median,17,-0.0178719572,-0.02249614522,-0.08897787333,0.04102506116,2000
main_month_median_spearman,Fuhe,抚河,Summer,14,spearman,month_median,18,0.0006210870541,-0.003846177366,-0.05983747914,0.0492769517,2000
main_month_median_spearman,Fuhe,抚河,Summer,14,spearman,month_median,19,-0.008377897498,-0.01410553604,-0.07416701317,0.03976602107,2000
main_month_median_spearman,Fuhe,抚河,Summer,14,spearman,month_median,20,-0.02131527457,-0.02813920006,-0.08855765313,0.03201206774,2000
main_month_median_spearman,Fuhe,抚河,Winter,13,spearman,month_median,0,0.1815933378,0.1762040257,0.1041121036,0.2588590384,2000
main_month_median_spearman,Fuhe,抚河,Winter,13,spearman,month_median,1,0.2734030808,0.2715979815,0.193633154,0.3612412214,2000
main_month_median_spearman,Fuhe,抚河,Winter,13,spearman,month_median,2,0.344528433,0.3450673521,0.2688406706,0.438962996,2000
main_month_median_spearman,Fuhe,抚河,Winter,13,spearman,month_median,3,0.3643552251,0.3635655642,0.2861857712,0.4620819688,2000
main_month_median_spearman,Fuhe,抚河,Winter,13,spearman,month_median,4,0.3644420475,0.3624081016,0.281098932,0.4735601246,2000
main_month_median_spearman,Fuhe,抚河,Winter,13,spearman,month_median,5,0.3534504084,0.3520192504,0.2682924271,0.4565104246,2000
main_month_median_spearman,Fuhe,抚河,Winter,13,spearman,month_median,6,0.333235809,0.3317699432,0.2402328998,0.430570364,2000
main_month_median_spearman,Fuhe,抚河,Winter,13,spearman,month_median,7,0.3091730833,0.3077130914,0.2082407027,0.410921067,2000
main_month_median_spearman,Fuhe,抚河,Winter,13,spearman,month_median,8,0.2934469245,0.2917410135,0.2014768273,0.3872067332,2000
main_month_median_spearman,Fuhe,抚河,Winter,13,spearman,month_median,9,0.2849014879,0.2816999555,0.1995194554,0.3716484904,2000
main_month_median_spearman,Fuhe,抚河,Winter,13,spearman,month_median,10,0.2651174726,0.2610886693,0.1784971654,0.3519317508,2000
main_month_median_spearman,Fuhe,抚河,Winter,13,spearman,month_median,11,0.2415426031,0.2359890193,0.1523611248,0.3250693083,2000
main_month_median_spearman,Fuhe,抚河,Winter,13,spearman,month_median,12,0.2257933527,0.2207975239,0.1210989356,0.3112037182,2000
main_month_median_spearman,Fuhe,抚河,Winter,13,spearman,month_median,13,0.2051282964,0.1998582035,0.08859894425,0.2896877527,2000
main_month_median_spearman,Fuhe,抚河,Winter,13,spearman,month_median,14,0.1827953907,0.1765720546,0.05109299347,0.2750028968,2000
main_month_median_spearman,Fuhe,抚河,Winter,13,spearman,month_median,15,0.1625957626,0.156637609,0.01923677139,0.2536620498,2000
main_month_median_spearman,Fuhe,抚河,Winter,13,spearman,month_median,16,0.1520708795,0.1481781304,0.005145844072,0.2382660806,2000
main_month_median_spearman,Fuhe,抚河,Winter,13,spearman,month_median,17,0.1412724739,0.1381090283,-0.0001768954244,0.218885377,2000
main_month_median_spearman,Fuhe,抚河,Winter,13,spearman,month_median,18,0.147601865,0.1442781687,0.009781606495,0.2259727269,2000
main_month_median_spearman,Fuhe,抚河,Winter,13,spearman,month_median,19,0.1438152109,0.1402599216,0.002682877937,0.2243843079,2000
main_month_median_spearman,Fuhe,抚河,Winter,13,spearman,month_median,20,0.1122784789,0.1059304923,-0.03400922194,0.1967688203,2000
main_month_median_spearman,Ganjiang,赣江,All,14,spearman,month_median,0,0.1272655496,0.1250659823,0.07724749297,0.1697702706,2000
main_month_median_spearman,Ganjiang,赣江,All,14,spearman,month_median,1,0.1977284978,0.1969129741,0.1504467577,0.2387377322,2000
main_month_median_spearman,Ganjiang,赣江,All,14,spearman,month_median,2,0.2673972475,0.2669175267,0.2276218832,0.3050301075,2000
main_month_median_spearman,Ganjiang,赣江,All,14,spearman,month_median,3,0.3180368161,0.3181873262,0.2889025807,0.3468536139,2000
main_month_median_spearman,Ganjiang,赣江,All,14,spearman,month_median,4,0.3415416306,0.3419151306,0.3172252476,0.3678005636,2000
main_month_median_spearman,Ganjiang,赣江,All,14,spearman,month_median,5,0.341247842,0.3411408067,0.3143415749,0.3668388724,2000
main_month_median_spearman,Ganjiang,赣江,All,14,spearman,month_median,6,0.3291467251,0.328946054,0.2999997437,0.3577629924,2000
main_month_median_spearman,Ganjiang,赣江,All,14,spearman,month_median,7,0.3000421844,0.2997223139,0.2738592029,0.3280439675,2000
main_month_median_spearman,Ganjiang,赣江,All,14,spearman,month_median,8,0.2732700329,0.2730234265,0.2435545027,0.3045046926,2000
main_month_median_spearman,Ganjiang,赣江,All,14,spearman,month_median,9,0.2493068326,0.2486261725,0.209592253,0.2900014818,2000
main_month_median_spearman,Ganjiang,赣江,All,14,spearman,month_median,10,0.222635185,0.2217876315,0.1721925884,0.2709676921,2000
main_month_median_spearman,Ganjiang,赣江,All,14,spearman,month_median,11,0.1928619946,0.1919825375,0.138575688,0.2412011474,2000
main_month_median_spearman,Ganjiang,赣江,All,14,spearman,month_median,12,0.1732526309,0.1727902889,0.1137073562,0.225722596,2000
main_month_median_spearman,Ganjiang,赣江,All,14,spearman,month_median,13,0.1634319321,0.1626849025,0.1048981547,0.2155879736,2000
main_month_median_spearman,Ganjiang,赣江,All,14,spearman,month_median,14,0.1564605513,0.1560944915,0.1030471846,0.2038452774,2000
main_month_median_spearman,Ganjiang,赣江,All,14,spearman,month_median,15,0.1528336717,0.1518109292,0.1040221974,0.196043998,2000
main_month_median_spearman,Ganjiang,赣江,All,14,spearman,month_median,16,0.14980348,0.1482397765,0.1052171588,0.1886817515,2000
main_month_median_spearman,Ganjiang,赣江,All,14,spearman,month_median,17,0.1439169685,0.1421852112,0.101744622,0.1795229912,2000
main_month_median_spearman,Ganjiang,赣江,All,14,spearman,month_median,18,0.1333099794,0.1308578253,0.09187929332,0.167309016,2000
main_month_median_spearman,Ganjiang,赣江,All,14,spearman,month_median,19,0.1138431909,0.1114362031,0.0744009763,0.1471607834,2000
main_month_median_spearman,Ganjiang,赣江,All,14,spearman,month_median,20,0.09597206372,0.09393887222,0.05095263571,0.1334528476,2000
main_month_median_spearman,Ganjiang,赣江,Autumn,14,spearman,month_median,0,0.1910167517,0.1871911883,0.08023137599,0.2854037285,2000
main_month_median_spearman,Ganjiang,赣江,Autumn,14,spearman,month_median,1,0.2317888329,0.2296658754,0.1304190308,0.321645081,2000
main_month_median_spearman,Ganjiang,赣江,Autumn,14,spearman,month_median,2,0.2796644304,0.2784794569,0.1871782988,0.3629053831,2000
main_month_median_spearman,Ganjiang,赣江,Autumn,14,spearman,month_median,3,0.3167085541,0.3162871599,0.2283232212,0.3958729208,2000
main_month_median_spearman,Ganjiang,赣江,Autumn,14,spearman,month_median,4,0.3362987581,0.3362219334,0.2509428263,0.4141584635,2000
main_month_median_spearman,Ganjiang,赣江,Autumn,14,spearman,month_median,5,0.3421853337,0.3420991302,0.2545847893,0.4254008234,2000
main_month_median_spearman,Ganjiang,赣江,Autumn,14,spearman,month_median,6,0.3377671469,0.3361751437,0.2479856461,0.4229037762,2000
main_month_median_spearman,Ganjiang,赣江,Autumn,14,spearman,month_median,7,0.3269492414,0.3248807192,0.2368835211,0.4091434777,2000
main_month_median_spearman,Ganjiang,赣江,Autumn,14,spearman,month_median,8,0.3146803757,0.3116069436,0.2200095057,0.4005279243,2000
main_month_median_spearman,Ganjiang,赣江,Autumn,14,spearman,month_median,9,0.2859230125,0.2832369208,0.1861466914,0.3763519824,2000
main_month_median_spearman,Ganjiang,赣江,Autumn,14,spearman,month_median,10,0.2571153782,0.2536239624,0.1562892348,0.3469577134,2000
main_month_median_spearman,Ganjiang,赣江,Autumn,14,spearman,month_median,11,0.2286302684,0.2252829075,0.1292658746,0.3120624423,2000
main_month_median_spearman,Ganjiang,赣江,Autumn,14,spearman,month_median,12,0.2230476782,0.2191672772,0.130828023,0.2936922014,2000
main_month_median_spearman,Ganjiang,赣江,Autumn,14,spearman,month_median,13,0.2197595198,0.2152762115,0.1353074014,0.2800520062,2000
main_month_median_spearman,Ganjiang,赣江,Autumn,14,spearman,month_median,14,0.2115135902,0.2085050642,0.1306717545,0.2697355151,2000
main_month_median_spearman,Ganjiang,赣江,Autumn,14,spearman,month_median,15,0.1950453158,0.1918332279,0.1166699454,0.2538789809,2000
main_month_median_spearman,Ganjiang,赣江,Autumn,14,spearman,month_median,16,0.1704943063,0.1672257483,0.0890531987,0.2262256444,2000
main_month_median_spearman,Ganjiang,赣江,Autumn,14,spearman,month_median,17,0.1320940028,0.1279952526,0.05041109025,0.1853901446,2000
main_month_median_spearman,Ganjiang,赣江,Autumn,14,spearman,month_median,18,0.105776665,0.1007038951,0.02026533149,0.1637029499,2000
main_month_median_spearman,Ganjiang,赣江,Autumn,14,spearman,month_median,19,0.08694556075,0.08142791688,-0.006303531118,0.154299587,2000
main_month_median_spearman,Ganjiang,赣江,Autumn,14,spearman,month_median,20,0.07777927299,0.07342466712,-0.01854862086,0.1530873924,2000
main_month_median_spearman,Ganjiang,赣江,Spring,14,spearman,month_median,0,0.1396505879,0.1326523721,0.06465830654,0.1883125305,2000
main_month_median_spearman,Ganjiang,赣江,Spring,14,spearman,month_median,1,0.2207508196,0.2171209157,0.1631646752,0.261610955,2000
main_month_median_spearman,Ganjiang,赣江,Spring,14,spearman,month_median,2,0.3077888836,0.3076651692,0.2636447549,0.3430901468,2000
main_month_median_spearman,Ganjiang,赣江,Spring,14,spearman,month_median,3,0.3599935926,0.3613142967,0.3244650662,0.3903880417,2000
main_month_median_spearman,Ganjiang,赣江,Spring,14,spearman,month_median,4,0.3811586547,0.3818297684,0.3476400077,0.4132755697,2000
main_month_median_spearman,Ganjiang,赣江,Spring,14,spearman,month_median,5,0.3885328647,0.3888680935,0.3481847942,0.4282744229,2000
main_month_median_spearman,Ganjiang,赣江,Spring,14,spearman,month_median,6,0.3767902458,0.3763901591,0.3285945058,0.4215524495,2000
main_month_median_spearman,Ganjiang,赣江,Spring,14,spearman,month_median,7,0.3628688191,0.3608762026,0.3090199232,0.4089412391,2000
main_month_median_spearman,Ganjiang,赣江,Spring,14,spearman,month_median,8,0.3453925648,0.3430039883,0.2863316238,0.3939514458,2000
main_month_median_spearman,Ganjiang,赣江,Spring,14,spearman,month_median,9,0.3249184064,0.3234666586,0.2596865594,0.37503618,2000
main_month_median_spearman,Ganjiang,赣江,Spring,14,spearman,month_median,10,0.3036230609,0.3020977676,0.2238737047,0.361507684,2000
main_month_median_spearman,Ganjiang,赣江,Spring,14,spearman,month_median,11,0.2712644873,0.2694233358,0.1826494038,0.3367934525,2000
main_month_median_spearman,Ganjiang,赣江,Spring,14,spearman,month_median,12,0.2398683953,0.2386112362,0.1437237114,0.3105817735,2000
main_month_median_spearman,Ganjiang,赣江,Spring,14,spearman,month_median,13,0.2213877486,0.2214313745,0.1256324202,0.2905469239,2000
main_month_median_spearman,Ganjiang,赣江,Spring,14,spearman,month_median,14,0.2088789177,0.2073456943,0.114432022,0.2748296261,2000
main_month_median_spearman,Ganjiang,赣江,Spring,14,spearman,month_median,15,0.200252862,0.1980596781,0.1116536334,0.2624814212,2000
main_month_median_spearman,Ganjiang,赣江,Spring,14,spearman,month_median,16,0.1995047486,0.196030885,0.1190825552,0.2595624924,2000
main_month_median_spearman,Ganjiang,赣江,Spring,14,spearman,month_median,17,0.1918546708,0.186860919,0.1115296334,0.2577610314,2000
main_month_median_spearman,Ganjiang,赣江,Spring,14,spearman,month_median,18,0.177414457,0.1729953289,0.09730247408,0.2426910996,2000
main_month_median_spearman,Ganjiang,赣江,Spring,14,spearman,month_median,19,0.1539752891,0.1474464238,0.06992744654,0.2178960443,2000
main_month_median_spearman,Ganjiang,赣江,Spring,14,spearman,month_median,20,0.1400146868,0.132725805,0.04382242262,0.2100380957,2000
main_month_median_spearman,Ganjiang,赣江,Summer,14,spearman,month_median,0,0.09959469922,0.0994008854,0.04671150818,0.1477713436,2000
main_month_median_spearman,Ganjiang,赣江,Summer,14,spearman,month_median,1,0.2008240531,0.2007125765,0.1403168589,0.2595519722,2000
main_month_median_spearman,Ganjiang,赣江,Summer,14,spearman,month_median,2,0.297278114,0.2973338962,0.2360026836,0.361481607,2000
main_month_median_spearman,Ganjiang,赣江,Summer,14,spearman,month_median,3,0.3637438643,0.3648364544,0.3045003116,0.4301890731,2000
main_month_median_spearman,Ganjiang,赣江,Summer,14,spearman,month_median,4,0.3860171178,0.3867923617,0.323520422,0.4605124593,2000
main_month_median_spearman,Ganjiang,赣江,Summer,14,spearman,month_median,5,0.363387889,0.365455687,0.3004443645,0.4340064526,2000
main_month_median_spearman,Ganjiang,赣江,Summer,14,spearman,month_median,6,0.3238827037,0.3250940144,0.2612276077,0.3928034604,2000
main_month_median_spearman,Ganjiang,赣江,Summer,14,spearman,month_median,7,0.2657430992,0.2664609551,0.2116445899,0.3308326304,2000
main_month_median_spearman,Ganjiang,赣江,Summer,14,spearman,month_median,8,0.2094316603,0.208250165,0.1468958855,0.2781992853,2000
main_month_median_spearman,Ganjiang,赣江,Summer,14,spearman,month_median,9,0.1671205126,0.1662296057,0.08540646732,0.2495802492,2000
main_month_median_spearman,Ganjiang,赣江,Summer,14,spearman,month_median,10,0.1270188035,0.127271533,0.0284340363,0.2161977142,2000
main_month_median_spearman,Ganjiang,赣江,Summer,14,spearman,month_median,11,0.08525399511,0.08621905744,-0.01698073,0.1752967536,2000
main_month_median_spearman,Ganjiang,赣江,Summer,14,spearman,month_median,12,0.05457497779,0.05443825945,-0.0527882129,0.1444005817,2000
main_month_median_spearman,Ganjiang,赣江,Summer,14,spearman,month_median,13,0.04181183142,0.0407313779,-0.06362444907,0.1364568621,2000
main_month_median_spearman,Ganjiang,赣江,Summer,14,spearman,month_median,14,0.04162654288,0.03939801082,-0.06157770008,0.1331611723,2000
main_month_median_spearman,Ganjiang,赣江,Summer,14,spearman,month_median,15,0.03878240991,0.03616892546,-0.05186159536,0.1185552403,2000
main_month_median_spearman,Ganjiang,赣江,Summer,14,spearman,month_median,16,0.04035237391,0.03699357063,-0.03717014194,0.1070918515,2000
main_month_median_spearman,Ganjiang,赣江,Summer,14,spearman,month_median,17,0.04007312775,0.03580292687,-0.02668663487,0.09383903444,2000
main_month_median_spearman,Ganjiang,赣江,Summer,14,spearman,month_median,18,0.03510824049,0.03111473657,-0.02292099968,0.0791061148,2000
main_month_median_spearman,Ganjiang,赣江,Summer,14,spearman,month_median,19,0.01213864454,0.007515590172,-0.04104777053,0.05011845753,2000
main_month_median_spearman,Ganjiang,赣江,Summer,14,spearman,month_median,20,-0.02093119865,-0.02579310164,-0.07889379561,0.01887200214,2000
main_month_median_spearman,Ganjiang,赣江,Winter,13,spearman,month_median,0,0.1091498675,0.1052432433,-0.0002001015237,0.1943738312,2000
main_month_median_spearman,Ganjiang,赣江,Winter,13,spearman,month_median,1,0.1432169132,0.1399832964,0.04371625185,0.2277626693,2000
main_month_median_spearman,Ganjiang,赣江,Winter,13,spearman,month_median,2,0.1856213781,0.1835983843,0.1003063768,0.2685199082,2000
main_month_median_spearman,Ganjiang,赣江,Winter,13,spearman,month_median,3,0.2334331985,0.232817784,0.1573389322,0.3163965344,2000
main_month_median_spearman,Ganjiang,赣江,Winter,13,spearman,month_median,4,0.2748468737,0.2751900554,0.1992605925,0.3647946119,2000
main_month_median_spearman,Ganjiang,赣江,Winter,13,spearman,month_median,5,0.3014517229,0.3025867343,0.2268762738,0.3936248422,2000
main_month_median_spearman,Ganjiang,赣江,Winter,13,spearman,month_median,6,0.3203040031,0.3215982914,0.2496497333,0.4100037813,2000
main_month_median_spearman,Ganjiang,赣江,Winter,13,spearman,month_median,7,0.3171392843,0.3189362288,0.2441584021,0.4061354399,2000
main_month_median_spearman,Ganjiang,赣江,Winter,13,spearman,month_median,8,0.3118012439,0.3145157099,0.240483135,0.4011849463,2000
main_month_median_spearman,Ganjiang,赣江,Winter,13,spearman,month_median,9,0.3075032877,0.3121622205,0.2307013273,0.3987859488,2000
main_month_median_spearman,Ganjiang,赣江,Winter,13,spearman,month_median,10,0.3031346159,0.3081613779,0.2266685367,0.3909519911,2000
main_month_median_spearman,Ganjiang,赣江,Winter,13,spearman,month_median,11,0.2938242262,0.2970108092,0.2206767797,0.3732996583,2000
main_month_median_spearman,Ganjiang,赣江,Winter,13,spearman,month_median,12,0.2861038494,0.287432462,0.2161050588,0.3538603485,2000
main_month_median_spearman,Ganjiang,赣江,Winter,13,spearman,month_median,13,0.2735980423,0.2728319764,0.2004991323,0.3393078744,2000
main_month_median_spearman,Ganjiang,赣江,Winter,13,spearman,month_median,14,0.254637749,0.2521412969,0.1673336029,0.3250834942,2000
main_month_median_spearman,Ganjiang,赣江,Winter,13,spearman,month_median,15,0.234324039,0.2292905748,0.1245269701,0.3149337173,2000
main_month_median_spearman,Ganjiang,赣江,Winter,13,spearman,month_median,16,0.2098898775,0.2045874894,0.08682694286,0.2934004962,2000
main_month_median_spearman,Ganjiang,赣江,Winter,13,spearman,month_median,17,0.1931152986,0.1874768436,0.06094308943,0.2798604667,2000
main_month_median_spearman,Ganjiang,赣江,Winter,13,spearman,month_median,18,0.1854078048,0.1803880036,0.04980324581,0.2718493044,2000
main_month_median_spearman,Ganjiang,赣江,Winter,13,spearman,month_median,19,0.1797844611,0.1732376665,0.03818010911,0.2664802372,2000
main_month_median_spearman,Ganjiang,赣江,Winter,13,spearman,month_median,20,0.1700259148,0.162871629,0.01966522448,0.2593445778,2000
main_month_median_spearman,Le'anhe,乐安河,All,14,spearman,month_median,0,0.1411757676,0.1400879323,0.1048863977,0.1755423844,2000
main_month_median_spearman,Le'anhe,乐安河,All,14,spearman,month_median,1,0.2858630567,0.2870820761,0.2113815844,0.3479831815,2000
main_month_median_spearman,Le'anhe,乐安河,All,14,spearman,month_median,2,0.3327987219,0.3344149292,0.2426914275,0.4109877944,2000
main_month_median_spearman,Le'anhe,乐安河,All,14,spearman,month_median,3,0.2960952495,0.2975731492,0.2076737434,0.3748503923,2000
main_month_median_spearman,Le'anhe,乐安河,All,14,spearman,month_median,4,0.2583756518,0.2591314614,0.175276041,0.3335106373,2000
main_month_median_spearman,Le'anhe,乐安河,All,14,spearman,month_median,5,0.2310456128,0.2312165797,0.1608507782,0.2976088524,2000
main_month_median_spearman,Le'anhe,乐安河,All,14,spearman,month_median,6,0.2000175339,0.1999022663,0.1438114047,0.2533453405,2000
main_month_median_spearman,Le'anhe,乐安河,All,14,spearman,month_median,7,0.1790013043,0.1788267791,0.120301351,0.2291990668,2000
main_month_median_spearman,Le'anhe,乐安河,All,14,spearman,month_median,8,0.1698074578,0.1687286198,0.1127549186,0.2225083411,2000
main_month_median_spearman,Le'anhe,乐安河,All,14,spearman,month_median,9,0.1615333181,0.1595454216,0.1127072349,0.2126921713,2000
main_month_median_spearman,Le'anhe,乐安河,All,14,spearman,month_median,10,0.1495926286,0.1479282975,0.1073850244,0.1942614019,2000
main_month_median_spearman,Le'anhe,乐安河,All,14,spearman,month_median,11,0.1258600423,0.1238928586,0.08892807364,0.1643010378,2000
main_month_median_spearman,Le'anhe,乐安河,All,14,spearman,month_median,12,0.107812857,0.1062159389,0.06824803352,0.1517191082,2000
main_month_median_spearman,Le'anhe,乐安河,All,14,spearman,month_median,13,0.08660097456,0.08535893261,0.04260169342,0.1319436729,2000
main_month_median_spearman,Le'anhe,乐安河,All,14,spearman,month_median,14,0.07839983669,0.07720916718,0.0359534733,0.1195720807,2000
main_month_median_spearman,Le'anhe,乐安河,All,14,spearman,month_median,15,0.0596479285,0.05789293721,0.008247977123,0.1066406816,2000
main_month_median_spearman,Le'anhe,乐安河,All,14,spearman,month_median,16,0.06249943982,0.06105574965,0.01083679404,0.1091391817,2000
main_month_median_spearman,Le'anhe,乐安河,All,14,spearman,month_median,17,0.05952635985,0.05762793869,0.01436181832,0.09935902804,2000
main_month_median_spearman,Le'anhe,乐安河,All,14,spearman,month_median,18,0.05038695462,0.04889319837,0.007228672039,0.08891340345,2000
main_month_median_spearman,Le'anhe,乐安河,All,14,spearman,month_median,19,0.03872526356,0.03746686876,-0.003822333412,0.0783970952,2000
main_month_median_spearman,Le'anhe,乐安河,All,14,spearman,month_median,20,0.03129535778,0.02986715734,-0.01497476827,0.07238024473,2000
main_month_median_spearman,Le'anhe,乐安河,Autumn,14,spearman,month_median,0,0.1337836781,0.1292414665,0.06567244232,0.1911803335,2000
main_month_median_spearman,Le'anhe,乐安河,Autumn,14,spearman,month_median,1,0.2217711716,0.2215483785,0.1556886286,0.2832991481,2000
main_month_median_spearman,Le'anhe,乐安河,Autumn,14,spearman,month_median,2,0.2877315991,0.2911520004,0.2116460353,0.3621614277,2000
main_month_median_spearman,Le'anhe,乐安河,Autumn,14,spearman,month_median,3,0.2987625385,0.301199615,0.2232553661,0.3772063255,2000
main_month_median_spearman,Le'anhe,乐安河,Autumn,14,spearman,month_median,4,0.2836970709,0.2846277356,0.2033516616,0.3587875366,2000
main_month_median_spearman,Le'anhe,乐安河,Autumn,14,spearman,month_median,5,0.2575201379,0.2584144473,0.1829435825,0.3259426951,2000
main_month_median_spearman,Le'anhe,乐安河,Autumn,14,spearman,month_median,6,0.2270681102,0.2283107042,0.1534378529,0.2930310071,2000
main_month_median_spearman,Le'anhe,乐安河,Autumn,14,spearman,month_median,7,0.2105309232,0.2105671912,0.1226966232,0.2838012278,2000
main_month_median_spearman,Le'anhe,乐安河,Autumn,14,spearman,month_median,8,0.198741506,0.1973013431,0.1044995859,0.2775450349,2000
main_month_median_spearman,Le'anhe,乐安河,Autumn,14,spearman,month_median,9,0.1893565655,0.18683514,0.08783753961,0.2726870179,2000
main_month_median_spearman,Le'anhe,乐安河,Autumn,14,spearman,month_median,10,0.1810293938,0.1777977198,0.0734225139,0.2701064646,2000
main_month_median_spearman,Le'anhe,乐安河,Autumn,14,spearman,month_median,11,0.1810480331,0.1791606247,0.0621795021,0.2801821828,2000
main_month_median_spearman,Le'anhe,乐安河,Autumn,14,spearman,month_median,12,0.1750597282,0.1714817286,0.04742881656,0.284507066,2000
main_month_median_spearman,Le'anhe,乐安河,Autumn,14,spearman,month_median,13,0.1638910689,0.1609344631,0.03231558949,0.2741291523,2000
main_month_median_spearman,Le'anhe,乐安河,Autumn,14,spearman,month_median,14,0.1622692445,0.1588782072,0.05214785784,0.2574445903,2000
main_month_median_spearman,Le'anhe,乐安河,Autumn,14,spearman,month_median,15,0.1621661899,0.1588338166,0.0792613253,0.2364509106,2000
main_month_median_spearman,Le'anhe,乐安河,Autumn,14,spearman,month_median,16,0.1536788996,0.1496823579,0.0765062198,0.2191723585,2000
main_month_median_spearman,Le'anhe,乐安河,Autumn,14,spearman,month_median,17,0.1357134443,0.1319152415,0.05324112624,0.2034509778,2000
main_month_median_spearman,Le'anhe,乐安河,Autumn,14,spearman,month_median,18,0.1273247282,0.1243225336,0.0327911973,0.2015422583,2000
main_month_median_spearman,Le'anhe,乐安河,Autumn,14,spearman,month_median,19,0.136815516,0.1350468099,0.03213321418,0.2134263963,2000
main_month_median_spearman,Le'anhe,乐安河,Autumn,14,spearman,month_median,20,0.1497712897,0.1471630633,0.04805811122,0.2221905142,2000
main_month_median_spearman,Le'anhe,乐安河,Spring,14,spearman,month_median,0,0.1177984753,0.1129105687,0.05232387781,0.1670004129,2000
main_month_median_spearman,Le'anhe,乐安河,Spring,14,spearman,month_median,1,0.2810462097,0.2802068591,0.1784697175,0.3828327358,2000
main_month_median_spearman,Le'anhe,乐安河,Spring,14,spearman,month_median,2,0.3020036027,0.3019936681,0.1841772646,0.4144880176,2000
main_month_median_spearman,Le'anhe,乐安河,Spring,14,spearman,month_median,3,0.2598899224,0.2594764829,0.1548778415,0.3530028462,2000
main_month_median_spearman,Le'anhe,乐安河,Spring,14,spearman,month_median,4,0.230003207,0.2283405662,0.13298738,0.3153061271,2000
main_month_median_spearman,Le'anhe,乐安河,Spring,14,spearman,month_median,5,0.2106775538,0.2095126063,0.1165125743,0.2945914567,2000
main_month_median_spearman,Le'anhe,乐安河,Spring,14,spearman,month_median,6,0.1877928056,0.1865364909,0.1059395522,0.2614086866,2000
main_month_median_spearman,Le'anhe,乐安河,Spring,14,spearman,month_median,7,0.1636437752,0.1627010703,0.08694481105,0.2310385555,2000
main_month_median_spearman,Le'anhe,乐安河,Spring,14,spearman,month_median,8,0.1499988817,0.1486182064,0.06776314229,0.2137959898,2000
main_month_median_spearman,Le'anhe,乐安河,Spring,14,spearman,month_median,9,0.1378365928,0.1366147697,0.05587927625,0.1986353695,2000
main_month_median_spearman,Le'anhe,乐安河,Spring,14,spearman,month_median,10,0.1275501055,0.1261800081,0.04449758306,0.1906684786,2000
main_month_median_spearman,Le'anhe,乐安河,Spring,14,spearman,month_median,11,0.1047968461,0.1033872813,0.01809504628,0.1749329865,2000
main_month_median_spearman,Le'anhe,乐安河,Spring,14,spearman,month_median,12,0.07937975672,0.07730941474,-0.01262675319,0.1609269381,2000
main_month_median_spearman,Le'anhe,乐安河,Spring,14,spearman,month_median,13,0.06933911869,0.06861855835,-0.03225404397,0.1559568048,2000
main_month_median_spearman,Le'anhe,乐安河,Spring,14,spearman,month_median,14,0.07106023929,0.07028276473,-0.03297204152,0.1612036526,2000
main_month_median_spearman,Le'anhe,乐安河,Spring,14,spearman,month_median,15,0.05814049889,0.05872329697,-0.05547200516,0.1546367407,2000
main_month_median_spearman,Le'anhe,乐安河,Spring,14,spearman,month_median,16,0.05954780626,0.05899401754,-0.05022670701,0.155894652,2000
main_month_median_spearman,Le'anhe,乐安河,Spring,14,spearman,month_median,17,0.05777331229,0.05536045134,-0.03117804788,0.1397241056,2000
main_month_median_spearman,Le'anhe,乐安河,Spring,14,spearman,month_median,18,0.05345295429,0.05018312484,-0.03404662013,0.1350563914,2000
main_month_median_spearman,Le'anhe,乐安河,Spring,14,spearman,month_median,19,0.03252877447,0.02951140888,-0.06457749754,0.1281745434,2000
main_month_median_spearman,Le'anhe,乐安河,Spring,14,spearman,month_median,20,0.0205031768,0.01744033024,-0.08478511125,0.125878945,2000
main_month_median_spearman,Le'anhe,乐安河,Summer,14,spearman,month_median,0,0.1807558796,0.17856884,0.09192416072,0.2655206621,2000
main_month_median_spearman,Le'anhe,乐安河,Summer,14,spearman,month_median,1,0.375175655,0.3732608259,0.2754505277,0.4710748792,2000
main_month_median_spearman,Le'anhe,乐安河,Summer,14,spearman,month_median,2,0.4062024531,0.4041935802,0.3039298952,0.507153213,2000
main_month_median_spearman,Le'anhe,乐安河,Summer,14,spearman,month_median,3,0.314327851,0.3101496696,0.2209008634,0.4114712477,2000
main_month_median_spearman,Le'anhe,乐安河,Summer,14,spearman,month_median,4,0.247278297,0.245213449,0.1513115615,0.3499394357,2000
main_month_median_spearman,Le'anhe,乐安河,Summer,14,spearman,month_median,5,0.223562776,0.2178599834,0.1348152608,0.3241767585,2000
main_month_median_spearman,Le'anhe,乐安河,Summer,14,spearman,month_median,6,0.1762839979,0.1682653427,0.08983141929,0.2668726146,2000
main_month_median_spearman,Le'anhe,乐安河,Summer,14,spearman,month_median,7,0.1516829316,0.1464972049,0.05364855006,0.2458017468,2000
main_month_median_spearman,Le'anhe,乐安河,Summer,14,spearman,month_median,8,0.1315397665,0.1258787215,0.0290066395,0.2280286252,2000
main_month_median_spearman,Le'anhe,乐安河,Summer,14,spearman,month_median,9,0.1239603048,0.1186692342,0.0259687826,0.2156748772,2000
main_month_median_spearman,Le'anhe,乐安河,Summer,14,spearman,month_median,10,0.1092052442,0.1053541079,0.02308865264,0.1864388585,2000
main_month_median_spearman,Le'anhe,乐安河,Summer,14,spearman,month_median,11,0.1039145648,0.1000737697,0.02381899022,0.1792757064,2000
main_month_median_spearman,Le'anhe,乐安河,Summer,14,spearman,month_median,12,0.1050274453,0.10224282,0.02351326123,0.1805141866,2000
main_month_median_spearman,Le'anhe,乐安河,Summer,14,spearman,month_median,13,0.06957101722,0.06628729403,-0.003413454397,0.1384349614,2000
main_month_median_spearman,Le'anhe,乐安河,Summer,14,spearman,month_median,14,0.05775110813,0.05468860269,-0.01116867736,0.1227727905,2000
main_month_median_spearman,Le'anhe,乐安河,Summer,14,spearman,month_median,15,0.0302341904,0.02728616819,-0.03543225303,0.09242860228,2000
main_month_median_spearman,Le'anhe,乐安河,Summer,14,spearman,month_median,16,0.03016525167,0.02686370723,-0.0340847075,0.09149771929,2000
main_month_median_spearman,Le'anhe,乐安河,Summer,14,spearman,month_median,17,0.0205350787,0.01761907525,-0.0430906266,0.08062975854,2000
main_month_median_spearman,Le'anhe,乐安河,Summer,14,spearman,month_median,18,-0.02322364075,-0.02707292885,-0.08874223381,0.03597255796,2000
main_month_median_spearman,Le'anhe,乐安河,Summer,14,spearman,month_median,19,-0.05043741862,-0.05375639349,-0.1181819737,0.008298178203,2000
main_month_median_spearman,Le'anhe,乐安河,Summer,14,spearman,month_median,20,-0.04055617481,-0.04239849374,-0.1136559024,0.02246782929,2000
main_month_median_spearman,Le'anhe,乐安河,Winter,13,spearman,month_median,0,0.1571165799,0.1567311287,0.07643079758,0.2330717146,2000
main_month_median_spearman,Le'anhe,乐安河,Winter,13,spearman,month_median,1,0.2369172501,0.2402953207,0.1505917162,0.3187911212,2000
main_month_median_spearman,Le'anhe,乐安河,Winter,13,spearman,month_median,2,0.2954330999,0.3006337881,0.1964958608,0.3801004291,2000
main_month_median_spearman,Le'anhe,乐安河,Winter,13,spearman,month_median,3,0.3104011598,0.3145046234,0.2073612809,0.4015966356,2000
main_month_median_spearman,Le'anhe,乐安河,Winter,13,spearman,month_median,4,0.2833157071,0.2854796648,0.1866140366,0.3675131798,2000
main_month_median_spearman,Le'anhe,乐安河,Winter,13,spearman,month_median,5,0.2608534274,0.2607417703,0.1726810783,0.3417639732,2000
main_month_median_spearman,Le'anhe,乐安河,Winter,13,spearman,month_median,6,0.2342045126,0.2345994115,0.1422646344,0.3129067719,2000
main_month_median_spearman,Le'anhe,乐安河,Winter,13,spearman,month_median,7,0.2255383169,0.2253267616,0.1398809403,0.3004993498,2000
main_month_median_spearman,Le'anhe,乐安河,Winter,13,spearman,month_median,8,0.2300405969,0.2291569114,0.1572040915,0.2984354496,2000
main_month_median_spearman,Le'anhe,乐安河,Winter,13,spearman,month_median,9,0.2393911309,0.2376323938,0.1708782464,0.3055741489,2000
main_month_median_spearman,Le'anhe,乐安河,Winter,13,spearman,month_median,10,0.2356671091,0.2325096577,0.1682478786,0.2975149453,2000
main_month_median_spearman,Le'anhe,乐安河,Winter,13,spearman,month_median,11,0.2198202202,0.2169207931,0.1567160189,0.2738673389,2000
main_month_median_spearman,Le'anhe,乐安河,Winter,13,spearman,month_median,12,0.2003438668,0.1966441572,0.122054182,0.2575320899,2000
main_month_median_spearman,Le'anhe,乐安河,Winter,13,spearman,month_median,13,0.1889562488,0.1857573986,0.09741853923,0.2591819167,2000
main_month_median_spearman,Le'anhe,乐安河,Winter,13,spearman,month_median,14,0.1676286881,0.1644251049,0.05327470973,0.2505244017,2000
main_month_median_spearman,Le'anhe,乐安河,Winter,13,spearman,month_median,15,0.1392101433,0.1383372545,0.008498298936,0.2214396447,2000
main_month_median_spearman,Le'anhe,乐安河,Winter,13,spearman,month_median,16,0.1189551025,0.1174387336,-0.01558825467,0.2097900361,2000
main_month_median_spearman,Le'anhe,乐安河,Winter,13,spearman,month_median,17,0.1035576671,0.1011954695,-0.0425879471,0.2009024173,2000
main_month_median_spearman,Le'anhe,乐安河,Winter,13,spearman,month_median,18,0.100733007,0.09858963639,-0.05320098624,0.2044887096,2000
main_month_median_spearman,Le'anhe,乐安河,Winter,13,spearman,month_median,19,0.1099169147,0.1061293632,-0.04196278378,0.2180372179,2000
main_month_median_spearman,Le'anhe,乐安河,Winter,13,spearman,month_median,20,0.1192349845,0.1155644953,-0.02654284611,0.2207547575,2000
main_month_median_spearman,Liaohe,潦河,All,14,spearman,month_median,0,0.2012745166,0.2014520168,0.1708111316,0.2276335508,2000
main_month_median_spearman,Liaohe,潦河,All,14,spearman,month_median,1,0.3709386941,0.3735787868,0.3236188293,0.4175112844,2000
main_month_median_spearman,Liaohe,潦河,All,14,spearman,month_median,2,0.3528938347,0.3557843864,0.3092676997,0.3932049274,2000
main_month_median_spearman,Liaohe,潦河,All,14,spearman,month_median,3,0.2829718531,0.2839975357,0.2513407171,0.3165579438,2000
main_month_median_spearman,Liaohe,潦河,All,14,spearman,month_median,4,0.2349247318,0.2350226045,0.2043155432,0.2688310742,2000
main_month_median_spearman,Liaohe,潦河,All,14,spearman,month_median,5,0.2056842737,0.2061096728,0.1750163138,0.2353588641,2000
main_month_median_spearman,Liaohe,潦河,All,14,spearman,month_median,6,0.1764214468,0.175994128,0.1455331296,0.2055104822,2000
main_month_median_spearman,Liaohe,潦河,All,14,spearman,month_median,7,0.1669080307,0.1662240028,0.1324288696,0.1995529234,2000
main_month_median_spearman,Liaohe,潦河,All,14,spearman,month_median,8,0.1686216371,0.1680802107,0.132327199,0.2023253292,2000
main_month_median_spearman,Liaohe,潦河,All,14,spearman,month_median,9,0.151808328,0.1508984119,0.1160177216,0.1845659614,2000
main_month_median_spearman,Liaohe,潦河,All,14,spearman,month_median,10,0.1344510183,0.1335423589,0.09898345917,0.1673639864,2000
main_month_median_spearman,Liaohe,潦河,All,14,spearman,month_median,11,0.1198078101,0.1185845137,0.08424554765,0.1544281542,2000
main_month_median_spearman,Liaohe,潦河,All,14,spearman,month_median,12,0.1114261848,0.1096277088,0.07595466077,0.1460353136,2000
main_month_median_spearman,Liaohe,潦河,All,14,spearman,month_median,13,0.1133144607,0.1123310924,0.07508664578,0.1485473216,2000
main_month_median_spearman,Liaohe,潦河,All,14,spearman,month_median,14,0.1092383173,0.1085093319,0.06583761424,0.1456249505,2000
main_month_median_spearman,Liaohe,潦河,All,14,spearman,month_median,15,0.09931058698,0.09848703444,0.05016460642,0.1356418282,2000
main_month_median_spearman,Liaohe,潦河,All,14,spearman,month_median,16,0.08958019337,0.08869662881,0.03899130225,0.131869331,2000
main_month_median_spearman,Liaohe,潦河,All,14,spearman,month_median,17,0.07923839648,0.07859928906,0.02466548793,0.1235963851,2000
main_month_median_spearman,Liaohe,潦河,All,14,spearman,month_median,18,0.06444799753,0.06407465041,0.009629373439,0.1110161245,2000
main_month_median_spearman,Liaohe,潦河,All,14,spearman,month_median,19,0.05295438552,0.05201178044,0.0009003917221,0.09982254356,2000
main_month_median_spearman,Liaohe,潦河,All,14,spearman,month_median,20,0.05424226876,0.05372098833,0.004776142538,0.1012033522,2000
main_month_median_spearman,Liaohe,潦河,Autumn,14,spearman,month_median,0,0.1774298872,0.1737728417,0.08630825579,0.2649996281,2000
main_month_median_spearman,Liaohe,潦河,Autumn,14,spearman,month_median,1,0.2854027662,0.2849529982,0.1794504076,0.3930446208,2000
main_month_median_spearman,Liaohe,潦河,Autumn,14,spearman,month_median,2,0.3280369682,0.328570962,0.2172578275,0.4423188269,2000
main_month_median_spearman,Liaohe,潦河,Autumn,14,spearman,month_median,3,0.2929159991,0.2920555174,0.1930562258,0.3877131045,2000
main_month_median_spearman,Liaohe,潦河,Autumn,14,spearman,month_median,4,0.2278277129,0.2239587903,0.1387958527,0.3116907179,2000
main_month_median_spearman,Liaohe,潦河,Autumn,14,spearman,month_median,5,0.1974269176,0.1931619197,0.1117218509,0.2763792276,2000
main_month_median_spearman,Liaohe,潦河,Autumn,14,spearman,month_median,6,0.1904499501,0.1858565956,0.1009707823,0.2796858847,2000
main_month_median_spearman,Liaohe,潦河,Autumn,14,spearman,month_median,7,0.204097323,0.1980164349,0.1106333435,0.2978557348,2000
main_month_median_spearman,Liaohe,潦河,Autumn,14,spearman,month_median,8,0.2243903279,0.2192569673,0.1248590648,0.3202875257,2000
main_month_median_spearman,Liaohe,潦河,Autumn,14,spearman,month_median,9,0.2023963797,0.195689261,0.1111292243,0.294562757,2000
main_month_median_spearman,Liaohe,潦河,Autumn,14,spearman,month_median,10,0.194263284,0.1886802465,0.1108265668,0.275174588,2000
main_month_median_spearman,Liaohe,潦河,Autumn,14,spearman,month_median,11,0.1884556406,0.1829821169,0.09915804863,0.2664843798,2000
main_month_median_spearman,Liaohe,潦河,Autumn,14,spearman,month_median,12,0.2091909159,0.20445171,0.119547151,0.287879318,2000
main_month_median_spearman,Liaohe,潦河,Autumn,14,spearman,month_median,13,0.2216132635,0.2157022357,0.1313164383,0.3132812381,2000
main_month_median_spearman,Liaohe,潦河,Autumn,14,spearman,month_median,14,0.2211652996,0.2138540596,0.1247958839,0.3158071041,2000
main_month_median_spearman,Liaohe,潦河,Autumn,14,spearman,month_median,15,0.2158595517,0.208996132,0.1270124316,0.2976329327,2000
main_month_median_spearman,Liaohe,潦河,Autumn,14,spearman,month_median,16,0.1828423771,0.1760838926,0.09676539898,0.261326462,2000
main_month_median_spearman,Liaohe,潦河,Autumn,14,spearman,month_median,17,0.163127214,0.155546993,0.08399948478,0.2400180995,2000
main_month_median_spearman,Liaohe,潦河,Autumn,14,spearman,month_median,18,0.1546815437,0.1495284289,0.07272328436,0.2299244404,2000
main_month_median_spearman,Liaohe,潦河,Autumn,14,spearman,month_median,19,0.167385981,0.1640941203,0.06915469468,0.2489537001,2000
main_month_median_spearman,Liaohe,潦河,Autumn,14,spearman,month_median,20,0.1771739929,0.1751792729,0.07880750299,0.2618614137,2000
main_month_median_spearman,Liaohe,潦河,Spring,14,spearman,month_median,0,0.2064280253,0.2046796381,0.1265451312,0.2681214511,2000
main_month_median_spearman,Liaohe,潦河,Spring,14,spearman,month_median,1,0.4009239228,0.4050476551,0.2707074285,0.5119170547,2000
main_month_median_spearman,Liaohe,潦河,Spring,14,spearman,month_median,2,0.3440312849,0.3479295075,0.2259671241,0.4288716316,2000
main_month_median_spearman,Liaohe,潦河,Spring,14,spearman,month_median,3,0.2679034561,0.2684268951,0.1812763661,0.3324026167,2000
main_month_median_spearman,Liaohe,潦河,Spring,14,spearman,month_median,4,0.2441017643,0.2415113151,0.1502033621,0.3210809231,2000
main_month_median_spearman,Liaohe,潦河,Spring,14,spearman,month_median,5,0.2248441572,0.2212994993,0.1321381927,0.3050119281,2000
main_month_median_spearman,Liaohe,潦河,Spring,14,spearman,month_median,6,0.2017243247,0.1988221109,0.112779811,0.2672551572,2000
main_month_median_spearman,Liaohe,潦河,Spring,14,spearman,month_median,7,0.1887924557,0.1871725172,0.1068350673,0.2473162562,2000
main_month_median_spearman,Liaohe,潦河,Spring,14,spearman,month_median,8,0.1832733203,0.1813503355,0.1176319718,0.2257160097,2000
main_month_median_spearman,Liaohe,潦河,Spring,14,spearman,month_median,9,0.1712766756,0.1666179895,0.1142977551,0.2131941915,2000
main_month_median_spearman,Liaohe,潦河,Spring,14,spearman,month_median,10,0.144902053,0.1395189166,0.080044128,0.197647959,2000
main_month_median_spearman,Liaohe,潦河,Spring,14,spearman,month_median,11,0.1194970853,0.1141266972,0.04654920474,0.1825298369,2000
main_month_median_spearman,Liaohe,潦河,Spring,14,spearman,month_median,12,0.09606405051,0.09026346356,0.01397729758,0.1570857167,2000
main_month_median_spearman,Liaohe,潦河,Spring,14,spearman,month_median,13,0.1056344088,0.1015577465,0.02229905315,0.16592969,2000
main_month_median_spearman,Liaohe,潦河,Spring,14,spearman,month_median,14,0.1114139343,0.1056308001,0.03809167445,0.1674118489,2000
main_month_median_spearman,Liaohe,潦河,Spring,14,spearman,month_median,15,0.1033581513,0.09673777223,0.0350789316,0.1542344242,2000
main_month_median_spearman,Liaohe,潦河,Spring,14,spearman,month_median,16,0.09789010899,0.08986266702,0.02529284917,0.1546339691,2000
main_month_median_spearman,Liaohe,潦河,Spring,14,spearman,month_median,17,0.08463695531,0.0752357319,0.003445940092,0.1507343799,2000
main_month_median_spearman,Liaohe,潦河,Spring,14,spearman,month_median,18,0.06499559001,0.0546005629,-0.01854969934,0.1289332211,2000
main_month_median_spearman,Liaohe,潦河,Spring,14,spearman,month_median,19,0.06042457417,0.05101306736,-0.01228076965,0.1174869835,2000
main_month_median_spearman,Liaohe,潦河,Spring,14,spearman,month_median,20,0.07941085122,0.07346047461,0.004061092623,0.1375009716,2000
main_month_median_spearman,Liaohe,潦河,Summer,14,spearman,month_median,0,0.2473046279,0.2475210279,0.1979309916,0.2989066541,2000
main_month_median_spearman,Liaohe,潦河,Summer,14,spearman,month_median,1,0.4495839004,0.4542049766,0.3723979592,0.5280598402,2000
main_month_median_spearman,Liaohe,潦河,Summer,14,spearman,month_median,2,0.4012616022,0.4050879478,0.3365402818,0.4652783275,2000
main_month_median_spearman,Liaohe,潦河,Summer,14,spearman,month_median,3,0.2933510218,0.2944743633,0.2405839562,0.350389868,2000
main_month_median_spearman,Liaohe,潦河,Summer,14,spearman,month_median,4,0.2333646668,0.2338807434,0.1824766546,0.2888625562,2000
main_month_median_spearman,Liaohe,潦河,Summer,14,spearman,month_median,5,0.2048026391,0.203379333,0.1407750249,0.2676322758,2000
main_month_median_spearman,Liaohe,潦河,Summer,14,spearman,month_median,6,0.1555646797,0.1545904875,0.07539007068,0.2345280796,2000
main_month_median_spearman,Liaohe,潦河,Summer,14,spearman,month_median,7,0.1329033854,0.1318366826,0.04379948229,0.2189841419,2000
main_month_median_spearman,Liaohe,潦河,Summer,14,spearman,month_median,8,0.1199545922,0.118335709,0.03498708457,0.2057038695,2000
main_month_median_spearman,Liaohe,潦河,Summer,14,spearman,month_median,9,0.1006639589,0.1007701904,0.01060183067,0.1844571829,2000
main_month_median_spearman,Liaohe,潦河,Summer,14,spearman,month_median,10,0.100118047,0.1007168069,-6.922830835e-06,0.1893977672,2000
main_month_median_spearman,Liaohe,潦河,Summer,14,spearman,month_median,11,0.1078371926,0.1097599417,-0.00555002084,0.2067640573,2000
main_month_median_spearman,Liaohe,潦河,Summer,14,spearman,month_median,12,0.09181579674,0.09325698018,-0.01520136651,0.184725225,2000
main_month_median_spearman,Liaohe,潦河,Summer,14,spearman,month_median,13,0.0696217889,0.06906558573,-0.02933447063,0.1625595689,2000
main_month_median_spearman,Liaohe,潦河,Summer,14,spearman,month_median,14,0.05962082888,0.05860853195,-0.03473431617,0.1471437216,2000
main_month_median_spearman,Liaohe,潦河,Summer,14,spearman,month_median,15,0.05731482457,0.05601749569,-0.03348749131,0.14206402,2000
main_month_median_spearman,Liaohe,潦河,Summer,14,spearman,month_median,16,0.06768513367,0.06785589457,-0.0185906738,0.1487185955,2000
main_month_median_spearman,Liaohe,潦河,Summer,14,spearman,month_median,17,0.06270602929,0.06200027466,-0.01437223703,0.1323665082,2000
main_month_median_spearman,Liaohe,潦河,Summer,14,spearman,month_median,18,0.03313633831,0.03097320348,-0.04947054386,0.1053842008,2000
main_month_median_spearman,Liaohe,潦河,Summer,14,spearman,month_median,19,-0.001101924863,-0.005477474071,-0.08929108828,0.08508789539,2000
main_month_median_spearman,Liaohe,潦河,Summer,14,spearman,month_median,20,-0.001355420948,-0.00334951072,-0.08997856826,0.07958169281,2000
main_month_median_spearman,Liaohe,潦河,Winter,13,spearman,month_median,0,0.1396999935,0.1390021443,0.05533276126,0.2130855769,2000
main_month_median_spearman,Liaohe,潦河,Winter,13,spearman,month_median,1,0.2321186105,0.2350325286,0.1621795297,0.3097288609,2000
main_month_median_spearman,Liaohe,潦河,Winter,13,spearman,month_median,2,0.2801835984,0.2826233506,0.2141814381,0.3622296453,2000
main_month_median_spearman,Liaohe,潦河,Winter,13,spearman,month_median,3,0.265706892,0.2680415511,0.2004090995,0.3477375805,2000
main_month_median_spearman,Liaohe,潦河,Winter,13,spearman,month_median,4,0.2167007779,0.2180965841,0.1466598809,0.2944368124,2000
main_month_median_spearman,Liaohe,潦河,Winter,13,spearman,month_median,5,0.1882427725,0.1860986352,0.1121846512,0.2709940672,2000
main_month_median_spearman,Liaohe,潦河,Winter,13,spearman,month_median,6,0.1709416638,0.166777119,0.08537165821,0.2651425004,2000
main_month_median_spearman,Liaohe,潦河,Winter,13,spearman,month_median,7,0.1733239329,0.1685182452,0.08142285794,0.2729162574,2000
main_month_median_spearman,Liaohe,潦河,Winter,13,spearman,month_median,8,0.1867582388,0.183411032,0.1032134071,0.2834516168,2000
main_month_median_spearman,Liaohe,潦河,Winter,13,spearman,month_median,9,0.1883430932,0.1853557229,0.1052881032,0.2756084204,2000
main_month_median_spearman,Liaohe,潦河,Winter,13,spearman,month_median,10,0.1623319191,0.1576739252,0.06509371847,0.2629400194,2000
main_month_median_spearman,Liaohe,潦河,Winter,13,spearman,month_median,11,0.1193003067,0.1128619462,0.004663591739,0.2337156236,2000
main_month_median_spearman,Liaohe,潦河,Winter,13,spearman,month_median,12,0.1107707833,0.1055128723,-0.01609172672,0.2328877151,2000
main_month_median_spearman,Liaohe,潦河,Winter,13,spearman,month_median,13,0.09759931823,0.09304763377,-0.04503479972,0.2198902369,2000
main_month_median_spearman,Liaohe,潦河,Winter,13,spearman,month_median,14,0.079271825,0.07493746281,-0.07310504466,0.2093847841,2000
main_month_median_spearman,Liaohe,潦河,Winter,13,spearman,month_median,15,0.07698076977,0.07433976233,-0.0721795857,0.2070384473,2000
main_month_median_spearman,Liaohe,潦河,Winter,13,spearman,month_median,16,0.08079117259,0.07973210514,-0.06561028957,0.2075611055,2000
main_month_median_spearman,Liaohe,潦河,Winter,13,spearman,month_median,17,0.07473779464,0.07479993999,-0.07171170413,0.2007102966,2000
main_month_median_spearman,Liaohe,潦河,Winter,13,spearman,month_median,18,0.06801894539,0.06445490569,-0.09095009416,0.2044672668,2000
main_month_median_spearman,Liaohe,潦河,Winter,13,spearman,month_median,19,0.07981615489,0.07742379606,-0.07841156423,0.2076989263,2000
main_month_median_spearman,Liaohe,潦河,Winter,13,spearman,month_median,20,0.0723891941,0.06989069283,-0.08719173074,0.2055822909,2000
main_month_median_spearman,Xinjiang,信江,All,14,spearman,month_median,0,0.194202456,0.1940371096,0.1651573777,0.2152645588,2000
main_month_median_spearman,Xinjiang,信江,All,14,spearman,month_median,1,0.3693401137,0.3694911599,0.3518378139,0.3889789879,2000
main_month_median_spearman,Xinjiang,信江,All,14,spearman,month_median,2,0.442719948,0.4437475204,0.4254003465,0.4632804394,2000
main_month_median_spearman,Xinjiang,信江,All,14,spearman,month_median,3,0.3927632916,0.393586576,0.371258378,0.4177910984,2000
main_month_median_spearman,Xinjiang,信江,All,14,spearman,month_median,4,0.3298311229,0.3292299509,0.3078803718,0.3555994034,2000
main_month_median_spearman,Xinjiang,信江,All,14,spearman,month_median,5,0.2832403893,0.2821528316,0.2569821477,0.3109921813,2000
main_month_median_spearman,Xinjiang,信江,All,14,spearman,month_median,6,0.2514730351,0.2500896454,0.2235964984,0.2789026201,2000
main_month_median_spearman,Xinjiang,信江,All,14,spearman,month_median,7,0.22599548,0.2254773974,0.1984878331,0.2509881854,2000
main_month_median_spearman,Xinjiang,信江,All,14,spearman,month_median,8,0.2066105117,0.2061047554,0.1717060655,0.2353671491,2000
main_month_median_spearman,Xinjiang,信江,All,14,spearman,month_median,9,0.1950959147,0.1946474612,0.1519114822,0.2295186073,2000
main_month_median_spearman,Xinjiang,信江,All,14,spearman,month_median,10,0.1762158325,0.1756761074,0.1314395368,0.2121792138,2000
main_month_median_spearman,Xinjiang,信江,All,14,spearman,month_median,11,0.1570964381,0.1572764218,0.1135608256,0.1911774278,2000
main_month_median_spearman,Xinjiang,信江,All,14,spearman,month_median,12,0.1322583268,0.1332782805,0.08461613953,0.1671410501,2000
main_month_median_spearman,Xinjiang,信江,All,14,spearman,month_median,13,0.1237330887,0.124434948,0.07918532938,0.1570683271,2000
main_month_median_spearman,Xinjiang,信江,All,14,spearman,month_median,14,0.1150625074,0.1140394509,0.07159613073,0.1502267718,2000
main_month_median_spearman,Xinjiang,信江,All,14,spearman,month_median,15,0.09773279656,0.09612586349,0.0529525578,0.1350455433,2000
main_month_median_spearman,Xinjiang,信江,All,14,spearman,month_median,16,0.08426603833,0.08286905289,0.0397602208,0.1225631982,2000
main_month_median_spearman,Xinjiang,信江,All,14,spearman,month_median,17,0.0705410787,0.06920443475,0.02763559856,0.1082814336,2000
main_month_median_spearman,Xinjiang,信江,All,14,spearman,month_median,18,0.06631981743,0.06463882327,0.02330655046,0.106081076,2000
main_month_median_spearman,Xinjiang,信江,All,14,spearman,month_median,19,0.06616611065,0.0648752898,0.02159937471,0.1086807325,2000
main_month_median_spearman,Xinjiang,信江,All,14,spearman,month_median,20,0.06986847142,0.06979909539,0.02338872664,0.112888515,2000
main_month_median_spearman,Xinjiang,信江,Autumn,14,spearman,month_median,0,0.2101634702,0.2044392675,0.1148180589,0.3036030829,2000
main_month_median_spearman,Xinjiang,信江,Autumn,14,spearman,month_median,1,0.3054979549,0.3038581908,0.226156354,0.3806898296,2000
main_month_median_spearman,Xinjiang,信江,Autumn,14,spearman,month_median,2,0.3655331559,0.3638371825,0.2927482426,0.4416685104,2000
main_month_median_spearman,Xinjiang,信江,Autumn,14,spearman,month_median,3,0.3826996203,0.3829492331,0.3046301901,0.4630773067,2000
main_month_median_spearman,Xinjiang,信江,Autumn,14,spearman,month_median,4,0.3657499101,0.3647459745,0.2765187025,0.4457195401,2000
main_month_median_spearman,Xinjiang,信江,Autumn,14,spearman,month_median,5,0.3418438569,0.3406897187,0.2425958067,0.4312098324,2000
main_month_median_spearman,Xinjiang,信江,Autumn,14,spearman,month_median,6,0.3088599429,0.3059804142,0.200469777,0.4080384672,2000
main_month_median_spearman,Xinjiang,信江,Autumn,14,spearman,month_median,7,0.2683685381,0.2647727132,0.1528435051,0.3688821197,2000
main_month_median_spearman,Xinjiang,信江,Autumn,14,spearman,month_median,8,0.2427004011,0.2383120954,0.1263167709,0.3464100361,2000
main_month_median_spearman,Xinjiang,信江,Autumn,14,spearman,month_median,9,0.2216020374,0.2155901492,0.1127013713,0.3198232055,2000
main_month_median_spearman,Xinjiang,信江,Autumn,14,spearman,month_median,10,0.2217899191,0.2154379487,0.1215679869,0.3117389977,2000
main_month_median_spearman,Xinjiang,信江,Autumn,14,spearman,month_median,11,0.2223008911,0.215962559,0.1354319453,0.30273664,2000
main_month_median_spearman,Xinjiang,信江,Autumn,14,spearman,month_median,12,0.2197899762,0.2128789872,0.140911445,0.2947846949,2000
main_month_median_spearman,Xinjiang,信江,Autumn,14,spearman,month_median,13,0.2113558025,0.2031873763,0.1344055235,0.2824982107,2000
main_month_median_spearman,Xinjiang,信江,Autumn,14,spearman,month_median,14,0.1856823491,0.1772744358,0.106511347,0.2565641105,2000
main_month_median_spearman,Xinjiang,信江,Autumn,14,spearman,month_median,15,0.158442259,0.1503415704,0.07820349932,0.2278001308,2000
main_month_median_spearman,Xinjiang,信江,Autumn,14,spearman,month_median,16,0.1500244999,0.1410454363,0.06932219118,0.2205779552,2000
main_month_median_spearman,Xinjiang,信江,Autumn,14,spearman,month_median,17,0.1367914117,0.1285613924,0.0489163436,0.2118332386,2000
main_month_median_spearman,Xinjiang,信江,Autumn,14,spearman,month_median,18,0.1322417179,0.1233421415,0.0464771837,0.2050879598,2000
main_month_median_spearman,Xinjiang,信江,Autumn,14,spearman,month_median,19,0.1364934376,0.1279971898,0.04903085902,0.208690688,2000
main_month_median_spearman,Xinjiang,信江,Autumn,14,spearman,month_median,20,0.1431633926,0.1352351606,0.04543655738,0.2196275443,2000
main_month_median_spearman,Xinjiang,信江,Spring,14,spearman,month_median,0,0.1845156668,0.1794746369,0.110522598,0.2478411794,2000
main_month_median_spearman,Xinjiang,信江,Spring,14,spearman,month_median,1,0.4154900224,0.4153612256,0.3575588763,0.4645180106,2000
main_month_median_spearman,Xinjiang,信江,Spring,14,spearman,month_median,2,0.4810475017,0.4833698869,0.4310221374,0.5250367522,2000
main_month_median_spearman,Xinjiang,信江,Spring,14,spearman,month_median,3,0.4110024892,0.4115116,0.3694396019,0.4488773942,2000
main_month_median_spearman,Xinjiang,信江,Spring,14,spearman,month_median,4,0.3394937599,0.3376918733,0.3024070561,0.3781456053,2000
main_month_median_spearman,Xinjiang,信江,Spring,14,spearman,month_median,5,0.2919217382,0.2893767953,0.2393238991,0.3422926664,2000
main_month_median_spearman,Xinjiang,信江,Spring,14,spearman,month_median,6,0.2580715223,0.2536296844,0.1831664741,0.3253309429,2000
main_month_median_spearman,Xinjiang,信江,Spring,14,spearman,month_median,7,0.2291134659,0.2260400653,0.1477033645,0.2959628105,2000
main_month_median_spearman,Xinjiang,信江,Spring,14,spearman,month_median,8,0.2073879606,0.2038946748,0.1290167868,0.2648555636,2000
main_month_median_spearman,Xinjiang,信江,Spring,14,spearman,month_median,9,0.2063840672,0.2008098364,0.133911863,0.2605693936,2000
main_month_median_spearman,Xinjiang,信江,Spring,14,spearman,month_median,10,0.1997817085,0.1955721676,0.1352676451,0.2469196022,2000
main_month_median_spearman,Xinjiang,信江,Spring,14,spearman,month_median,11,0.1699401951,0.1655699611,0.092029728,0.2226731777,2000
main_month_median_spearman,Xinjiang,信江,Spring,14,spearman,month_median,12,0.1366899526,0.1324239075,0.04661821947,0.2039149404,2000
main_month_median_spearman,Xinjiang,信江,Spring,14,spearman,month_median,13,0.1104592666,0.1048548073,0.02002537623,0.1887491345,2000
main_month_median_spearman,Xinjiang,信江,Spring,14,spearman,month_median,14,0.08603612254,0.08028200269,-0.008358979598,0.1792850494,2000
main_month_median_spearman,Xinjiang,信江,Spring,14,spearman,month_median,15,0.06845654232,0.06241083518,-0.0371555686,0.1723467708,2000
main_month_median_spearman,Xinjiang,信江,Spring,14,spearman,month_median,16,0.053399585,0.04721657187,-0.05594410375,0.1605664939,2000
main_month_median_spearman,Xinjiang,信江,Spring,14,spearman,month_median,17,0.03603902347,0.03010820039,-0.06431289017,0.1362590939,2000
main_month_median_spearman,Xinjiang,信江,Spring,14,spearman,month_median,18,0.02833938744,0.02273787186,-0.07242308557,0.1282322854,2000
main_month_median_spearman,Xinjiang,信江,Spring,14,spearman,month_median,19,0.0332217965,0.02726415917,-0.05727757141,0.1194280982,2000
main_month_median_spearman,Xinjiang,信江,Spring,14,spearman,month_median,20,0.05032191998,0.04622622579,-0.03081855737,0.1279497147,2000
main_month_median_spearman,Xinjiang,信江,Summer,14,spearman,month_median,0,0.1888966969,0.185041815,0.1103750691,0.2691487968,2000
main_month_median_spearman,Xinjiang,信江,Summer,14,spearman,month_median,1,0.3890221514,0.3876391351,0.3079347908,0.4779951572,2000
main_month_median_spearman,Xinjiang,信江,Summer,14,spearman,month_median,2,0.4568244338,0.4568243325,0.3755976856,0.5420364738,2000
main_month_median_spearman,Xinjiang,信江,Summer,14,spearman,month_median,3,0.3850529646,0.3834798932,0.3125690818,0.4639919102,2000
main_month_median_spearman,Xinjiang,信江,Summer,14,spearman,month_median,4,0.311014583,0.3080748618,0.250996083,0.3928572536,2000
main_month_median_spearman,Xinjiang,信江,Summer,14,spearman,month_median,5,0.2642388936,0.2593671679,0.2007101774,0.3439053297,2000
main_month_median_spearman,Xinjiang,信江,Summer,14,spearman,month_median,6,0.2174568889,0.2125291526,0.1469842196,0.2968840599,2000
main_month_median_spearman,Xinjiang,信江,Summer,14,spearman,month_median,7,0.1790483479,0.1749237031,0.1043014154,0.2590749562,2000
main_month_median_spearman,Xinjiang,信江,Summer,14,spearman,month_median,8,0.1375098875,0.1322465241,0.05285265297,0.2222567797,2000
main_month_median_spearman,Xinjiang,信江,Summer,14,spearman,month_median,9,0.1138570138,0.1078424752,0.01396528352,0.2053630203,2000
main_month_median_spearman,Xinjiang,信江,Summer,14,spearman,month_median,10,0.06778856029,0.06111843139,-0.04294775054,0.1613139361,2000
main_month_median_spearman,Xinjiang,信江,Summer,14,spearman,month_median,11,0.06628518573,0.06046712399,-0.04448002577,0.1529807895,2000
main_month_median_spearman,Xinjiang,信江,Summer,14,spearman,month_median,12,0.06083536564,0.0549072884,-0.04128335789,0.140576601,2000
main_month_median_spearman,Xinjiang,信江,Summer,14,spearman,month_median,13,0.07060221469,0.06366166472,-0.01569058932,0.1381784379,2000
main_month_median_spearman,Xinjiang,信江,Summer,14,spearman,month_median,14,0.0812627314,0.07474677265,0.01522161812,0.1323755533,2000
main_month_median_spearman,Xinjiang,信江,Summer,14,spearman,month_median,15,0.05056374952,0.04437802732,-0.01196912117,0.09352113307,2000
main_month_median_spearman,Xinjiang,信江,Summer,14,spearman,month_median,16,0.03034884851,0.02305785567,-0.03242556006,0.08026028425,2000
main_month_median_spearman,Xinjiang,信江,Summer,14,spearman,month_median,17,0.02346457885,0.01715232432,-0.04359927028,0.07358933985,2000
main_month_median_spearman,Xinjiang,信江,Summer,14,spearman,month_median,18,0.01874399255,0.01321872324,-0.04422472045,0.06618113816,2000
main_month_median_spearman,Xinjiang,信江,Summer,14,spearman,month_median,19,-0.001054468629,-0.006256841123,-0.05972322822,0.03688451648,2000
main_month_median_spearman,Xinjiang,信江,Summer,14,spearman,month_median,20,-0.001586406398,-0.006723692641,-0.06916148216,0.04748205841,2000
main_month_median_spearman,Xinjiang,信江,Winter,13,spearman,month_median,0,0.2454044992,0.2409822792,0.161404714,0.3117121756,2000
main_month_median_spearman,Xinjiang,信江,Winter,13,spearman,month_median,1,0.3255322994,0.3257570267,0.2360423356,0.3973420262,2000
main_month_median_spearman,Xinjiang,信江,Winter,13,spearman,month_median,2,0.3834864241,0.3853012323,0.2960183322,0.4632670283,2000
main_month_median_spearman,Xinjiang,信江,Winter,13,spearman,month_median,3,0.3953715383,0.3948595524,0.3177228868,0.4713205397,2000
main_month_median_spearman,Xinjiang,信江,Winter,13,spearman,month_median,4,0.3900103315,0.3867539167,0.3182087243,0.4708768427,2000
main_month_median_spearman,Xinjiang,信江,Winter,13,spearman,month_median,5,0.3774841011,0.372736752,0.3072884977,0.4558129907,2000
main_month_median_spearman,Xinjiang,信江,Winter,13,spearman,month_median,6,0.3648126428,0.3588460684,0.2889334559,0.443859458,2000
main_month_median_spearman,Xinjiang,信江,Winter,13,spearman,month_median,7,0.3615671919,0.3542161584,0.281085223,0.4443309307,2000
main_month_median_spearman,Xinjiang,信江,Winter,13,spearman,month_median,8,0.3573404277,0.3522046208,0.2758475244,0.439212054,2000
main_month_median_spearman,Xinjiang,信江,Winter,13,spearman,month_median,9,0.3432683445,0.3369972408,0.2533656359,0.4289564192,2000
main_month_median_spearman,Xinjiang,信江,Winter,13,spearman,month_median,10,0.3339106118,0.3261773586,0.2409065366,0.4241117239,2000
main_month_median_spearman,Xinjiang,信江,Winter,13,spearman,month_median,11,0.318616467,0.3095544577,0.2244358808,0.4073249996,2000
main_month_median_spearman,Xinjiang,信江,Winter,13,spearman,month_median,12,0.2982766876,0.2896466553,0.2008312941,0.3852319121,2000
main_month_median_spearman,Xinjiang,信江,Winter,13,spearman,month_median,13,0.2720848095,0.2627674341,0.1654314101,0.3614767492,2000
main_month_median_spearman,Xinjiang,信江,Winter,13,spearman,month_median,14,0.2375976976,0.2288015932,0.1155114919,0.3306507468,2000
main_month_median_spearman,Xinjiang,信江,Winter,13,spearman,month_median,15,0.2063799871,0.2003061473,0.07413901389,0.2951517701,2000
main_month_median_spearman,Xinjiang,信江,Winter,13,spearman,month_median,16,0.1900914062,0.1859807372,0.05706232786,0.2715174854,2000
main_month_median_spearman,Xinjiang,信江,Winter,13,spearman,month_median,17,0.1734293654,0.1700006425,0.03693978488,0.252921015,2000
main_month_median_spearman,Xinjiang,信江,Winter,13,spearman,month_median,18,0.1649864152,0.1638678908,0.01641125605,0.2513802052,2000
main_month_median_spearman,Xinjiang,信江,Winter,13,spearman,month_median,19,0.1479922056,0.1472363472,0.001275794464,0.2346391976,2000
main_month_median_spearman,Xinjiang,信江,Winter,13,spearman,month_median,20,0.1204827859,0.1166085452,-0.01716428064,0.198156178,2000
main_month_median_spearman,Xiushui,修水,All,14,spearman,month_median,0,0.07015381564,0.06955116987,0.02201815136,0.1158977523,2000
main_month_median_spearman,Xiushui,修水,All,14,spearman,month_median,1,0.1107766557,0.1111734062,0.06678336114,0.1516342908,2000
main_month_median_spearman,Xiushui,修水,All,14,spearman,month_median,2,0.1261648525,0.1267762035,0.08405821025,0.1658467799,2000
main_month_median_spearman,Xiushui,修水,All,14,spearman,month_median,3,0.1367326525,0.1381200254,0.09287214279,0.1794941574,2000
main_month_median_spearman,Xiushui,修水,All,14,spearman,month_median,4,0.1394676992,0.14057374,0.09534723312,0.1824487299,2000
main_month_median_spearman,Xiushui,修水,All,14,spearman,month_median,5,0.1410777028,0.1414255798,0.09869792312,0.1823746562,2000
main_month_median_spearman,Xiushui,修水,All,14,spearman,month_median,6,0.1433949952,0.1433974057,0.1049115658,0.1835032701,2000
main_month_median_spearman,Xiushui,修水,All,14,spearman,month_median,7,0.1525153825,0.1522681117,0.1182000265,0.1880456954,2000
main_month_median_spearman,Xiushui,修水,All,14,spearman,month_median,8,0.1508325966,0.1498048902,0.1234027073,0.1821783185,2000
main_month_median_spearman,Xiushui,修水,All,14,spearman,month_median,9,0.1351416424,0.1336781979,0.1102365479,0.1620339155,2000
main_month_median_spearman,Xiushui,修水,All,14,spearman,month_median,10,0.1308434376,0.1295417845,0.1021629721,0.1600746214,2000
main_month_median_spearman,Xiushui,修水,All,14,spearman,month_median,11,0.12066435,0.1204230487,0.09503481537,0.1449585557,2000
main_month_median_spearman,Xiushui,修水,All,14,spearman,month_median,12,0.1058160855,0.1063765883,0.08268215507,0.1272687912,2000
main_month_median_spearman,Xiushui,修水,All,14,spearman,month_median,13,0.1108818332,0.1114818156,0.08335783333,0.1372891068,2000
main_month_median_spearman,Xiushui,修水,All,14,spearman,month_median,14,0.1068032635,0.1075469106,0.06874708831,0.1433381736,2000
main_month_median_spearman,Xiushui,修水,All,14,spearman,month_median,15,0.1028476118,0.1032369658,0.06368402392,0.1420014501,2000
main_month_median_spearman,Xiushui,修水,All,14,spearman,month_median,16,0.08029216658,0.0802744925,0.03776601702,0.120447062,2000
main_month_median_spearman,Xiushui,修水,All,14,spearman,month_median,17,0.06772511279,0.0681450069,0.02439048328,0.1094054952,2000
main_month_median_spearman,Xiushui,修水,All,14,spearman,month_median,18,0.06973163069,0.0702033937,0.02616252564,0.1113736853,2000
main_month_median_spearman,Xiushui,修水,All,14,spearman,month_median,19,0.06116369827,0.06099603325,0.01979271322,0.09961337596,2000
main_month_median_spearman,Xiushui,修水,All,14,spearman,month_median,20,0.05356902018,0.05352956802,0.01242335513,0.09094829112,2000
main_month_median_spearman,Xiushui,修水,Autumn,14,spearman,month_median,0,0.04739678159,0.04884728789,-0.00222394825,0.1021000072,2000
main_month_median_spearman,Xiushui,修水,Autumn,14,spearman,month_median,1,0.03256869664,0.03380243853,-0.02095797285,0.09560642391,2000
main_month_median_spearman,Xiushui,修水,Autumn,14,spearman,month_median,2,0.02573467009,0.02867280506,-0.0344863385,0.09404157847,2000
main_month_median_spearman,Xiushui,修水,Autumn,14,spearman,month_median,3,0.02289227053,0.02719021589,-0.04721464589,0.1003302038,2000
main_month_median_spearman,Xiushui,修水,Autumn,14,spearman,month_median,4,0.01491636774,0.02032101899,-0.066124551,0.09981413186,2000
main_month_median_spearman,Xiushui,修水,Autumn,14,spearman,month_median,5,0.0275801304,0.03213114291,-0.05749176443,0.1182019413,2000
main_month_median_spearman,Xiushui,修水,Autumn,14,spearman,month_median,6,0.0365333965,0.0398295708,-0.05550696328,0.1332275569,2000
main_month_median_spearman,Xiushui,修水,Autumn,14,spearman,month_median,7,0.04885380929,0.05210581049,-0.05474258214,0.1541259736,2000
main_month_median_spearman,Xiushui,修水,Autumn,14,spearman,month_median,8,0.03592719177,0.0381612815,-0.06379585713,0.1316076219,2000
main_month_median_spearman,Xiushui,修水,Autumn,14,spearman,month_median,9,0.01332382232,0.01656265557,-0.0870282501,0.1103504375,2000
main_month_median_spearman,Xiushui,修水,Autumn,14,spearman,month_median,10,0.007150333467,0.009702173993,-0.07846800983,0.1007284299,2000
main_month_median_spearman,Xiushui,修水,Autumn,14,spearman,month_median,11,-0.004893012643,-0.001737048151,-0.09803404659,0.09617426991,2000
main_month_median_spearman,Xiushui,修水,Autumn,14,spearman,month_median,12,0.007864581557,0.01056689955,-0.09601617604,0.1163452417,2000
main_month_median_spearman,Xiushui,修水,Autumn,14,spearman,month_median,13,0.05815650532,0.06086534262,-0.0575950779,0.1706570983,2000
main_month_median_spearman,Xiushui,修水,Autumn,14,spearman,month_median,14,0.06201588415,0.06583224237,-0.04695929214,0.1685165018,2000
main_month_median_spearman,Xiushui,修水,Autumn,14,spearman,month_median,15,0.06323023641,0.06698869169,-0.03736275062,0.167101115,2000
main_month_median_spearman,Xiushui,修水,Autumn,14,spearman,month_median,16,0.05621132175,0.05759643018,-0.04846175388,0.1650132984,2000
main_month_median_spearman,Xiushui,修水,Autumn,14,spearman,month_median,17,0.05431219964,0.054671444,-0.04244509712,0.1582925916,2000
main_month_median_spearman,Xiushui,修水,Autumn,14,spearman,month_median,18,0.05006971433,0.05084757507,-0.03903846815,0.1577531546,2000
main_month_median_spearman,Xiushui,修水,Autumn,14,spearman,month_median,19,0.07237401226,0.07358697802,-0.0234477371,0.179258287,2000
main_month_median_spearman,Xiushui,修水,Autumn,14,spearman,month_median,20,0.1146676119,0.1165522859,0.01392304432,0.2138469964,2000
main_month_median_spearman,Xiushui,修水,Spring,14,spearman,month_median,0,0.0422977796,0.04168387875,-0.06110557541,0.1431634575,2000
main_month_median_spearman,Xiushui,修水,Spring,14,spearman,month_median,1,0.08987140094,0.08745379746,0.005450011697,0.1757775396,2000
main_month_median_spearman,Xiushui,修水,Spring,14,spearman,month_median,2,0.1204247086,0.1171480715,0.03640739992,0.2046581209,2000
main_month_median_spearman,Xiushui,修水,Spring,14,spearman,month_median,3,0.1303089393,0.1292240024,0.03882745653,0.212916404,2000
main_month_median_spearman,Xiushui,修水,Spring,14,spearman,month_median,4,0.1416342278,0.1406869888,0.04127816111,0.2262946069,2000
main_month_median_spearman,Xiushui,修水,Spring,14,spearman,month_median,5,0.1587029145,0.1575651765,0.06269410253,0.2387080342,2000
main_month_median_spearman,Xiushui,修水,Spring,14,spearman,month_median,6,0.1742016964,0.172906369,0.07310981303,0.2593944967,2000
main_month_median_spearman,Xiushui,修水,Spring,14,spearman,month_median,7,0.1862714879,0.1863392293,0.09044993669,0.2636701465,2000
main_month_median_spearman,Xiushui,修水,Spring,14,spearman,month_median,8,0.1952279651,0.1941281259,0.114089027,0.2617233992,2000
main_month_median_spearman,Xiushui,修水,Spring,14,spearman,month_median,9,0.1817713425,0.1815947592,0.1032655388,0.2441339791,2000
main_month_median_spearman,Xiushui,修水,Spring,14,spearman,month_median,10,0.1577624413,0.1568521261,0.07516047359,0.2246089131,2000
main_month_median_spearman,Xiushui,修水,Spring,14,spearman,month_median,11,0.1444121066,0.1439443827,0.0666860044,0.2082791328,2000
main_month_median_spearman,Xiushui,修水,Spring,14,spearman,month_median,12,0.1216432504,0.1215863973,0.05505444854,0.177776143,2000
main_month_median_spearman,Xiushui,修水,Spring,14,spearman,month_median,13,0.1060297013,0.1055487916,0.0347806029,0.1687282771,2000
main_month_median_spearman,Xiushui,修水,Spring,14,spearman,month_median,14,0.08805521694,0.08635097742,0.00372747099,0.1680652946,2000
main_month_median_spearman,Xiushui,修水,Spring,14,spearman,month_median,15,0.08128990286,0.07895284146,-0.0002944844891,0.161514461,2000
main_month_median_spearman,Xiushui,修水,Spring,14,spearman,month_median,16,0.05706835837,0.05438279361,-0.01906528324,0.1298412979,2000
main_month_median_spearman,Xiushui,修水,Spring,14,spearman,month_median,17,0.03719103109,0.03574798256,-0.04839544743,0.1146227866,2000
main_month_median_spearman,Xiushui,修水,Spring,14,spearman,month_median,18,0.03727365465,0.03471942246,-0.03748418018,0.1075058877,2000
main_month_median_spearman,Xiushui,修水,Spring,14,spearman,month_median,19,0.01529443817,0.01227357704,-0.06128378958,0.08966243267,2000
main_month_median_spearman,Xiushui,修水,Spring,14,spearman,month_median,20,-0.004742557366,-0.008347887546,-0.08025018871,0.07200677693,2000
main_month_median_spearman,Xiushui,修水,Summer,14,spearman,month_median,0,0.1060733944,0.1056639031,0.02818810567,0.1795552671,2000
main_month_median_spearman,Xiushui,修水,Summer,14,spearman,month_median,1,0.1549788958,0.1556441784,0.06893166155,0.2423977554,2000
main_month_median_spearman,Xiushui,修水,Summer,14,spearman,month_median,2,0.1748525863,0.1738408208,0.1066283584,0.247013092,2000
main_month_median_spearman,Xiushui,修水,Summer,14,spearman,month_median,3,0.2003344668,0.198530823,0.141310975,0.266707778,2000
main_month_median_spearman,Xiushui,修水,Summer,14,spearman,month_median,4,0.1931007871,0.1905790269,0.134166792,0.2552593052,2000
main_month_median_spearman,Xiushui,修水,Summer,14,spearman,month_median,5,0.1663503153,0.1638987362,0.1004806533,0.2380292863,2000
main_month_median_spearman,Xiushui,修水,Summer,14,spearman,month_median,6,0.1383771858,0.1356092095,0.07323790342,0.2088892609,2000
main_month_median_spearman,Xiushui,修水,Summer,14,spearman,month_median,7,0.1381123133,0.1351290047,0.07664209604,0.2110613137,2000
main_month_median_spearman,Xiushui,修水,Summer,14,spearman,month_median,8,0.1212078327,0.116394639,0.05053462088,0.1977250427,2000
main_month_median_spearman,Xiushui,修水,Summer,14,spearman,month_median,9,0.1064117899,0.1025652438,0.02349749207,0.1882022172,2000
main_month_median_spearman,Xiushui,修水,Summer,14,spearman,month_median,10,0.1242075589,0.1201825291,0.034722846,0.2086760402,2000
main_month_median_spearman,Xiushui,修水,Summer,14,spearman,month_median,11,0.1344569205,0.1312918961,0.03019556403,0.2288591117,2000
main_month_median_spearman,Xiushui,修水,Summer,14,spearman,month_median,12,0.1266950453,0.1241724789,0.01056929212,0.2330187559,2000
main_month_median_spearman,Xiushui,修水,Summer,14,spearman,month_median,13,0.1297008208,0.1263162494,0.020524133,0.2273244709,2000
main_month_median_spearman,Xiushui,修水,Summer,14,spearman,month_median,14,0.139686989,0.1363362223,0.04271457344,0.2302378416,2000
main_month_median_spearman,Xiushui,修水,Summer,14,spearman,month_median,15,0.1331088424,0.1292323321,0.03529940173,0.228634119,2000
main_month_median_spearman,Xiushui,修水,Summer,14,spearman,month_median,16,0.1132539559,0.1060948968,0.02195394784,0.1994788498,2000
main_month_median_spearman,Xiushui,修水,Summer,14,spearman,month_median,17,0.1127689274,0.1066898108,0.02236361243,0.1905353367,2000
main_month_median_spearman,Xiushui,修水,Summer,14,spearman,month_median,18,0.1190173075,0.1148499101,0.03484205157,0.1924413443,2000
main_month_median_spearman,Xiushui,修水,Summer,14,spearman,month_median,19,0.1175437172,0.1144403592,0.03955268115,0.1794565767,2000
main_month_median_spearman,Xiushui,修水,Summer,14,spearman,month_median,20,0.09495381374,0.09166713059,0.02447874472,0.1531123221,2000
main_month_median_spearman,Xiushui,修水,Winter,13,spearman,month_median,0,0.07824682064,0.07963705808,-0.01116480306,0.1778668761,2000
main_month_median_spearman,Xiushui,修水,Winter,13,spearman,month_median,1,0.1121357291,0.1151593104,0.02786165476,0.2063234746,2000
main_month_median_spearman,Xiushui,修水,Winter,13,spearman,month_median,2,0.1057641052,0.1090620756,0.01335478295,0.2110491693,2000
main_month_median_spearman,Xiushui,修水,Winter,13,spearman,month_median,3,0.1052741792,0.1075611562,0.008824310265,0.2106294781,2000
main_month_median_spearman,Xiushui,修水,Winter,13,spearman,month_median,4,0.1120037338,0.1136628017,0.02024403214,0.2123749107,2000
main_month_median_spearman,Xiushui,修水,Winter,13,spearman,month_median,5,0.1325040679,0.1345181763,0.04845070094,0.2232979983,2000
main_month_median_spearman,Xiushui,修水,Winter,13,spearman,month_median,6,0.1325000098,0.1333614588,0.05152682215,0.2138915658,2000
main_month_median_spearman,Xiushui,修水,Winter,13,spearman,month_median,7,0.1280434661,0.1288802028,0.04361627251,0.2121690065,2000
main_month_median_spearman,Xiushui,修水,Winter,13,spearman,month_median,8,0.09582387134,0.09727554023,0.01413018629,0.1776777208,2000
main_month_median_spearman,Xiushui,修水,Winter,13,spearman,month_median,9,0.07154621496,0.0726627335,0.001276536263,0.1453088969,2000
main_month_median_spearman,Xiushui,修水,Winter,13,spearman,month_median,10,0.07275059922,0.07391389459,0.008492180146,0.1397257596,2000
main_month_median_spearman,Xiushui,修水,Winter,13,spearman,month_median,11,0.06854804699,0.06727474183,0.01456604712,0.1360458881,2000
main_month_median_spearman,Xiushui,修水,Winter,13,spearman,month_median,12,0.0739552645,0.07542033494,0.001133166719,0.1578297764,2000
main_month_median_spearman,Xiushui,修水,Winter,13,spearman,month_median,13,0.09519792988,0.09623707831,0.0108200172,0.191908747,2000
main_month_median_spearman,Xiushui,修水,Winter,13,spearman,month_median,14,0.06853057563,0.06783331186,-0.02429820783,0.1753981262,2000
main_month_median_spearman,Xiushui,修水,Winter,13,spearman,month_median,15,0.03692920402,0.03639593348,-0.06101857871,0.148566246,2000
main_month_median_spearman,Xiushui,修水,Winter,13,spearman,month_median,16,0.01119878953,0.008257843554,-0.08678442985,0.1234371141,2000
main_month_median_spearman,Xiushui,修水,Winter,13,spearman,month_median,17,-0.00379542888,-0.004048531875,-0.1070654839,0.1152971983,2000
main_month_median_spearman,Xiushui,修水,Winter,13,spearman,month_median,18,0.005373059487,0.004628357477,-0.09571754932,0.1266026348,2000
main_month_median_spearman,Xiushui,修水,Winter,13,spearman,month_median,19,-0.008455683631,-0.009232320823,-0.1102966219,0.1154407337,2000
main_month_median_spearman,Xiushui,修水,Winter,13,spearman,month_median,20,-0.004391409422,-0.004408294801,-0.1073565707,0.1190087944,2000
main_raw_spearman,Changjiang,昌江,All,14,spearman,raw,0,0.2897896892,0.2895186841,0.2561691999,0.3172988892,2000
main_raw_spearman,Changjiang,昌江,All,14,spearman,raw,1,0.3648327661,0.3650254607,0.3318165243,0.3951593935,2000
main_raw_spearman,Changjiang,昌江,All,14,spearman,raw,2,0.3891039782,0.3892142773,0.3568228781,0.4194755554,2000
main_raw_spearman,Changjiang,昌江,All,14,spearman,raw,3,0.3824148698,0.3819311857,0.3529710174,0.4101746976,2000
main_raw_spearman,Changjiang,昌江,All,14,spearman,raw,4,0.3647509071,0.3641924262,0.3371635377,0.3898792863,2000
main_raw_spearman,Changjiang,昌江,All,14,spearman,raw,5,0.3432702767,0.3423194289,0.3151180446,0.3677804172,2000
main_raw_spearman,Changjiang,昌江,All,14,spearman,raw,6,0.3222618582,0.3210321069,0.2927698791,0.347294569,2000
main_raw_spearman,Changjiang,昌江,All,14,spearman,raw,7,0.3076108663,0.3065420985,0.2736776471,0.3377848268,2000
main_raw_spearman,Changjiang,昌江,All,14,spearman,raw,8,0.3023463336,0.3007318974,0.2652558982,0.3368916512,2000
main_raw_spearman,Changjiang,昌江,All,14,spearman,raw,9,0.2932660044,0.2918511629,0.2555022538,0.3295561671,2000
main_raw_spearman,Changjiang,昌江,All,14,spearman,raw,10,0.2828293193,0.2815184891,0.2427070439,0.3226977289,2000
main_raw_spearman,Changjiang,昌江,All,14,spearman,raw,11,0.2702505302,0.2689746618,0.2319606394,0.3096411526,2000
main_raw_spearman,Changjiang,昌江,All,14,spearman,raw,12,0.2573907382,0.2565078437,0.2207838446,0.294647336,2000
main_raw_spearman,Changjiang,昌江,All,14,spearman,raw,13,0.2473734925,0.2464777529,0.2127572596,0.2803848982,2000
main_raw_spearman,Changjiang,昌江,All,14,spearman,raw,14,0.2352034778,0.233718425,0.2040867507,0.264800787,2000
main_raw_spearman,Changjiang,昌江,All,14,spearman,raw,15,0.2278857401,0.2262692451,0.1961534917,0.2594721615,2000
main_raw_spearman,Changjiang,昌江,All,14,spearman,raw,16,0.2234104765,0.2217842191,0.1891869307,0.2562398612,2000
main_raw_spearman,Changjiang,昌江,All,14,spearman,raw,17,0.2185698625,0.2175952494,0.1872801036,0.2490946651,2000
main_raw_spearman,Changjiang,昌江,All,14,spearman,raw,18,0.2170060628,0.2158768773,0.1872691214,0.2481438816,2000
main_raw_spearman,Changjiang,昌江,All,14,spearman,raw,19,0.2148236097,0.2137648463,0.185059309,0.2446614653,2000
main_raw_spearman,Changjiang,昌江,All,14,spearman,raw,20,0.2183506644,0.2175340056,0.185887143,0.2507812977,2000
main_raw_spearman,Changjiang,昌江,Autumn,14,spearman,raw,0,0.1265416378,0.1227199733,0.03994429484,0.2034449726,2000
main_raw_spearman,Changjiang,昌江,Autumn,14,spearman,raw,1,0.1879795549,0.1849564314,0.1135409251,0.2610397935,2000
main_raw_spearman,Changjiang,昌江,Autumn,14,spearman,raw,2,0.2187837472,0.2176969349,0.1432600319,0.2936790884,2000
main_raw_spearman,Changjiang,昌江,Autumn,14,spearman,raw,3,0.2143263807,0.2144488096,0.1365097612,0.2985085547,2000
main_raw_spearman,Changjiang,昌江,Autumn,14,spearman,raw,4,0.2070350123,0.2055327594,0.1269234419,0.292591244,2000
main_raw_spearman,Changjiang,昌江,Autumn,14,spearman,raw,5,0.1941206471,0.1915048361,0.119043611,0.2758981586,2000
main_raw_spearman,Changjiang,昌江,Autumn,14,spearman,raw,6,0.1774368985,0.1737883091,0.1061295271,0.2507417798,2000
main_raw_spearman,Changjiang,昌江,Autumn,14,spearman,raw,7,0.1589703782,0.1547828764,0.07289584726,0.2424152046,2000
main_raw_spearman,Changjiang,昌江,Autumn,14,spearman,raw,8,0.142444151,0.1376569271,0.04972939566,0.2328262776,2000
main_raw_spearman,Changjiang,昌江,Autumn,14,spearman,raw,9,0.1214418478,0.1173424646,0.03299891949,0.2179202735,2000
main_raw_spearman,Changjiang,昌江,Autumn,14,spearman,raw,10,0.1099169092,0.1066638231,0.01240478363,0.2082440257,2000
main_raw_spearman,Changjiang,昌江,Autumn,14,spearman,raw,11,0.1062347607,0.1025696695,0.002103133127,0.2045947313,2000
main_raw_spearman,Changjiang,昌江,Autumn,14,spearman,raw,12,0.1134572043,0.1096971929,0.002144600265,0.2216947228,2000
main_raw_spearman,Changjiang,昌江,Autumn,14,spearman,raw,13,0.1266558709,0.1219837591,0.01842715591,0.2362966686,2000
main_raw_spearman,Changjiang,昌江,Autumn,14,spearman,raw,14,0.1321347802,0.1293872297,0.03559914976,0.2264681756,2000
main_raw_spearman,Changjiang,昌江,Autumn,14,spearman,raw,15,0.1240163128,0.1229612976,0.04006497934,0.2081730217,2000
main_raw_spearman,Changjiang,昌江,Autumn,14,spearman,raw,16,0.1216253597,0.1193765253,0.04335677624,0.2030782551,2000
main_raw_spearman,Changjiang,昌江,Autumn,14,spearman,raw,17,0.1205261952,0.1179641634,0.04126084223,0.2014441788,2000
main_raw_spearman,Changjiang,昌江,Autumn,14,spearman,raw,18,0.1342102739,0.1312674284,0.06006196141,0.2082780451,2000
main_raw_spearman,Changjiang,昌江,Autumn,14,spearman,raw,19,0.1400688186,0.1373165846,0.06496423483,0.2166588604,2000
main_raw_spearman,Changjiang,昌江,Autumn,14,spearman,raw,20,0.1307693832,0.1270239055,0.04458163306,0.2172960788,2000
main_raw_spearman,Changjiang,昌江,Spring,14,spearman,raw,0,0.2208863766,0.2167444974,0.1510484517,0.2765133083,2000
main_raw_spearman,Changjiang,昌江,Spring,14,spearman,raw,1,0.3727812889,0.3737749755,0.3108850121,0.4294551909,2000
main_raw_spearman,Changjiang,昌江,Spring,14,spearman,raw,2,0.3888982768,0.388781637,0.3349960744,0.4374034107,2000
main_raw_spearman,Changjiang,昌江,Spring,14,spearman,raw,3,0.3434776566,0.3435729146,0.2994379103,0.382791996,2000
main_raw_spearman,Changjiang,昌江,Spring,14,spearman,raw,4,0.2969866147,0.2961768508,0.2539934516,0.3315783143,2000
main_raw_spearman,Changjiang,昌江,Spring,14,spearman,raw,5,0.2493160418,0.2475277036,0.1890420765,0.2987602949,2000
main_raw_spearman,Changjiang,昌江,Spring,14,spearman,raw,6,0.1873760309,0.1841335893,0.1070737243,0.2534553707,2000
main_raw_spearman,Changjiang,昌江,Spring,14,spearman,raw,7,0.1638623324,0.160168469,0.08304668963,0.2253752649,2000
main_raw_spearman,Changjiang,昌江,Spring,14,spearman,raw,8,0.1694887321,0.1658888757,0.0924904272,0.2199010849,2000
main_raw_spearman,Changjiang,昌江,Spring,14,spearman,raw,9,0.1736514002,0.1698548794,0.1011481509,0.2205768079,2000
main_raw_spearman,Changjiang,昌江,Spring,14,spearman,raw,10,0.1713411575,0.1671306938,0.1016288698,0.2240505368,2000
main_raw_spearman,Changjiang,昌江,Spring,14,spearman,raw,11,0.1544367771,0.1498898417,0.08474703878,0.2115071118,2000
main_raw_spearman,Changjiang,昌江,Spring,14,spearman,raw,12,0.1285491181,0.124206461,0.04502908513,0.1995505095,2000
main_raw_spearman,Changjiang,昌江,Spring,14,spearman,raw,13,0.1130271136,0.1087447777,0.02145167626,0.1835455149,2000
main_raw_spearman,Changjiang,昌江,Spring,14,spearman,raw,14,0.09781065067,0.09555965662,0.001333265798,0.1727039963,2000
main_raw_spearman,Changjiang,昌江,Spring,14,spearman,raw,15,0.08561793782,0.08352009952,-0.01693432592,0.1675453931,2000
main_raw_spearman,Changjiang,昌江,Spring,14,spearman,raw,16,0.08133107021,0.07932494581,-0.02502661571,0.1660574526,2000
main_raw_spearman,Changjiang,昌江,Spring,14,spearman,raw,17,0.07909819614,0.07730995864,-0.01666444167,0.1549720168,2000
main_raw_spearman,Changjiang,昌江,Spring,14,spearman,raw,18,0.06582619914,0.06152641028,-0.02245777473,0.141446799,2000
main_raw_spearman,Changjiang,昌江,Spring,14,spearman,raw,19,0.05577861774,0.04972396046,-0.02893315628,0.1251120269,2000
main_raw_spearman,Changjiang,昌江,Spring,14,spearman,raw,20,0.08368015334,0.07760286331,0.005249675829,0.1545708627,2000
main_raw_spearman,Changjiang,昌江,Summer,14,spearman,raw,0,0.3395557311,0.3374431729,0.2876836658,0.383020103,2000
main_raw_spearman,Changjiang,昌江,Summer,14,spearman,raw,1,0.474049291,0.4736525118,0.4241309762,0.517085731,2000
main_raw_spearman,Changjiang,昌江,Summer,14,spearman,raw,2,0.4940021734,0.493761301,0.4491250515,0.5349202752,2000
main_raw_spearman,Changjiang,昌江,Summer,14,spearman,raw,3,0.4636739331,0.4624512792,0.4170444608,0.5072730184,2000
main_raw_spearman,Changjiang,昌江,Summer,14,spearman,raw,4,0.4077066783,0.4064024389,0.3623332083,0.4501826167,2000
main_raw_spearman,Changjiang,昌江,Summer,14,spearman,raw,5,0.3659783334,0.3633797765,0.3182256818,0.4132839739,2000
main_raw_spearman,Changjiang,昌江,Summer,14,spearman,raw,6,0.335740949,0.3332197666,0.2802343071,0.3855071664,2000
main_raw_spearman,Changjiang,昌江,Summer,14,spearman,raw,7,0.3031309627,0.3017594218,0.2402682155,0.3553369939,2000
main_raw_spearman,Changjiang,昌江,Summer,14,spearman,raw,8,0.2777827735,0.2755019069,0.2191927582,0.3269497454,2000
main_raw_spearman,Changjiang,昌江,Summer,14,spearman,raw,9,0.2610148555,0.2578279376,0.2103831321,0.3018443286,2000
main_raw_spearman,Changjiang,昌江,Summer,14,spearman,raw,10,0.2442243883,0.2413908243,0.195213154,0.2827598453,2000
main_raw_spearman,Changjiang,昌江,Summer,14,spearman,raw,11,0.2122025637,0.2100303471,0.1526257843,0.2597694993,2000
main_raw_spearman,Changjiang,昌江,Summer,14,spearman,raw,12,0.1849596496,0.1837256849,0.1090263277,0.2474547923,2000
main_raw_spearman,Changjiang,昌江,Summer,14,spearman,raw,13,0.1603013892,0.1583959162,0.06916414201,0.2372814268,2000
main_raw_spearman,Changjiang,昌江,Summer,14,spearman,raw,14,0.1344314015,0.1328878105,0.03682382405,0.213065967,2000
main_raw_spearman,Changjiang,昌江,Summer,14,spearman,raw,15,0.1272059218,0.1261864901,0.02738682739,0.2060329914,2000
main_raw_spearman,Changjiang,昌江,Summer,14,spearman,raw,16,0.1231488662,0.1230222657,0.01729629561,0.2053960413,2000
main_raw_spearman,Changjiang,昌江,Summer,14,spearman,raw,17,0.1025012154,0.1038634777,-0.003512905678,0.1878270954,2000
main_raw_spearman,Changjiang,昌江,Summer,14,spearman,raw,18,0.09395590401,0.09432658553,-0.00757999951,0.1766876429,2000
main_raw_spearman,Changjiang,昌江,Summer,14,spearman,raw,19,0.09057995318,0.08957543969,0.00281198998,0.1643859446,2000
main_raw_spearman,Changjiang,昌江,Summer,14,spearman,raw,20,0.08807994868,0.08709636331,0.005506723654,0.1586518586,2000
main_raw_spearman,Changjiang,昌江,Winter,13,spearman,raw,0,0.2575696086,0.2535123527,0.1588788182,0.340634346,2000
main_raw_spearman,Changjiang,昌江,Winter,13,spearman,raw,1,0.3094709393,0.307525754,0.2095945925,0.398285836,2000
main_raw_spearman,Changjiang,昌江,Winter,13,spearman,raw,2,0.335139969,0.3326320648,0.2318603992,0.4297353625,2000
main_raw_spearman,Changjiang,昌江,Winter,13,spearman,raw,3,0.3347634961,0.3314266801,0.2391195744,0.4178017378,2000
main_raw_spearman,Changjiang,昌江,Winter,13,spearman,raw,4,0.3297132497,0.3253388405,0.24113819,0.4054712057,2000
main_raw_spearman,Changjiang,昌江,Winter,13,spearman,raw,5,0.3232134591,0.3182424605,0.2361330539,0.3989385366,2000
main_raw_spearman,Changjiang,昌江,Winter,13,spearman,raw,6,0.3171489072,0.3106971681,0.2235989571,0.3999323249,2000
main_raw_spearman,Changjiang,昌江,Winter,13,spearman,raw,7,0.3149727951,0.3071087599,0.2155280411,0.402282536,2000
main_raw_spearman,Changjiang,昌江,Winter,13,spearman,raw,8,0.3029672172,0.2954586744,0.2049201727,0.3867335021,2000
main_raw_spearman,Changjiang,昌江,Winter,13,spearman,raw,9,0.2868380372,0.2783542871,0.1943786144,0.3618741333,2000
main_raw_spearman,Changjiang,昌江,Winter,13,spearman,raw,10,0.2691868009,0.2607499659,0.1737765074,0.347456485,2000
main_raw_spearman,Changjiang,昌江,Winter,13,spearman,raw,11,0.246509667,0.2396622002,0.1430022866,0.33433038,2000
main_raw_spearman,Changjiang,昌江,Winter,13,spearman,raw,12,0.2238234113,0.2160480618,0.1138669923,0.3110936284,2000
main_raw_spearman,Changjiang,昌江,Winter,13,spearman,raw,13,0.2022643162,0.1954143047,0.07813534141,0.2795357108,2000
main_raw_spearman,Changjiang,昌江,Winter,13,spearman,raw,14,0.1740361188,0.1683417708,0.03781697154,0.2566197515,2000
main_raw_spearman,Changjiang,昌江,Winter,13,spearman,raw,15,0.1492243494,0.1441234946,0.00544416951,0.2423144132,2000
main_raw_spearman,Changjiang,昌江,Winter,13,spearman,raw,16,0.1384112918,0.1337929964,0.0007380346651,0.2300609797,2000
main_raw_spearman,Changjiang,昌江,Winter,13,spearman,raw,17,0.1417034097,0.1386174709,0.004987524822,0.2386267036,2000
main_raw_spearman,Changjiang,昌江,Winter,13,spearman,raw,18,0.1475560823,0.1448022127,0.01054144837,0.2452935576,2000
main_raw_spearman,Changjiang,昌江,Winter,13,spearman,raw,19,0.1587457593,0.1539717913,0.0254016798,0.2564682364,2000
main_raw_spearman,Changjiang,昌江,Winter,13,spearman,raw,20,0.1689975868,0.1618537605,0.0412099883,0.2701199055,2000
main_raw_spearman,Fuhe,抚河,All,14,spearman,raw,0,0.3117526553,0.3111543059,0.2441633642,0.3722655177,2000
main_raw_spearman,Fuhe,抚河,All,14,spearman,raw,1,0.4194137604,0.4194875956,0.3628999293,0.4726672769,2000
main_raw_spearman,Fuhe,抚河,All,14,spearman,raw,2,0.4838739265,0.4847553372,0.4349476397,0.5291358829,2000
main_raw_spearman,Fuhe,抚河,All,14,spearman,raw,3,0.4763733349,0.4779743552,0.4290163219,0.5185250044,2000
main_raw_spearman,Fuhe,抚河,All,14,spearman,raw,4,0.4457468869,0.4471139908,0.398733288,0.4875982702,2000
main_raw_spearman,Fuhe,抚河,All,14,spearman,raw,5,0.4126389227,0.4134759903,0.3586182892,0.4619340003,2000
main_raw_spearman,Fuhe,抚河,All,14,spearman,raw,6,0.3827427656,0.3827376366,0.3241304755,0.4376651347,2000
main_raw_spearman,Fuhe,抚河,All,14,spearman,raw,7,0.3550154681,0.3545179367,0.2906862199,0.4157020152,2000
main_raw_spearman,Fuhe,抚河,All,14,spearman,raw,8,0.334998587,0.3339374065,0.2659064531,0.3991918266,2000
main_raw_spearman,Fuhe,抚河,All,14,spearman,raw,9,0.3234468768,0.3222872019,0.2533324957,0.3897531331,2000
main_raw_spearman,Fuhe,抚河,All,14,spearman,raw,10,0.3096484343,0.3074386716,0.2393385768,0.3767949045,2000
main_raw_spearman,Fuhe,抚河,All,14,spearman,raw,11,0.2986416304,0.2967126369,0.2322874963,0.3639000952,2000
main_raw_spearman,Fuhe,抚河,All,14,spearman,raw,12,0.2900176592,0.2876458764,0.2239259034,0.3560807109,2000
main_raw_spearman,Fuhe,抚河,All,14,spearman,raw,13,0.2822931481,0.2794607282,0.2168203443,0.3510761559,2000
main_raw_spearman,Fuhe,抚河,All,14,spearman,raw,14,0.272464951,0.2702285945,0.2009610981,0.3438439369,2000
main_raw_spearman,Fuhe,抚河,All,14,spearman,raw,15,0.2633486117,0.2613061666,0.1925279647,0.3329481781,2000
main_raw_spearman,Fuhe,抚河,All,14,spearman,raw,16,0.2542676146,0.2525347471,0.1807165593,0.3227273822,2000
main_raw_spearman,Fuhe,抚河,All,14,spearman,raw,17,0.2433275151,0.2414998859,0.1680997014,0.3141499162,2000
main_raw_spearman,Fuhe,抚河,All,14,spearman,raw,18,0.235180142,0.234141171,0.1578491777,0.3069550097,2000
main_raw_spearman,Fuhe,抚河,All,14,spearman,raw,19,0.2243513229,0.2232819796,0.148253262,0.2975334525,2000
main_raw_spearman,Fuhe,抚河,All,14,spearman,raw,20,0.2158825564,0.2141671628,0.140205875,0.2888014317,2000
main_raw_spearman,Fuhe,抚河,Autumn,14,spearman,raw,0,0.2391211038,0.2358492166,0.1274701059,0.3278669119,2000
main_raw_spearman,Fuhe,抚河,Autumn,14,spearman,raw,1,0.3335859847,0.3335523903,0.240572989,0.4106378555,2000
main_raw_spearman,Fuhe,抚河,Autumn,14,spearman,raw,2,0.4024718844,0.4032242298,0.3226249516,0.4725407064,2000
main_raw_spearman,Fuhe,抚河,Autumn,14,spearman,raw,3,0.4165297719,0.4163790345,0.3421337306,0.4832927585,2000
main_raw_spearman,Fuhe,抚河,Autumn,14,spearman,raw,4,0.40918497,0.4082145095,0.3280701935,0.4815042615,2000
main_raw_spearman,Fuhe,抚河,Autumn,14,spearman,raw,5,0.3863048581,0.383226335,0.298037529,0.4655115306,2000
main_raw_spearman,Fuhe,抚河,Autumn,14,spearman,raw,6,0.3571064893,0.3534018993,0.2639051378,0.4385189116,2000
main_raw_spearman,Fuhe,抚河,Autumn,14,spearman,raw,7,0.3208516058,0.3172202706,0.2234566957,0.4062449932,2000
main_raw_spearman,Fuhe,抚河,Autumn,14,spearman,raw,8,0.2900440323,0.2846523523,0.1863749027,0.3792596757,2000
main_raw_spearman,Fuhe,抚河,Autumn,14,spearman,raw,9,0.2663172021,0.2607816458,0.1668699533,0.3526482284,2000
main_raw_spearman,Fuhe,抚河,Autumn,14,spearman,raw,10,0.2565242742,0.2514362037,0.1620727777,0.3381437957,2000
main_raw_spearman,Fuhe,抚河,Autumn,14,spearman,raw,11,0.2593474211,0.2537227273,0.1635638326,0.333565563,2000
main_raw_spearman,Fuhe,抚河,Autumn,14,spearman,raw,12,0.2621872351,0.2560482919,0.1686646044,0.3360157609,2000
main_raw_spearman,Fuhe,抚河,Autumn,14,spearman,raw,13,0.2542049286,0.2481749058,0.1564840674,0.333268255,2000
main_raw_spearman,Fuhe,抚河,Autumn,14,spearman,raw,14,0.2300710367,0.2243646979,0.1276231706,0.3191483915,2000
main_raw_spearman,Fuhe,抚河,Autumn,14,spearman,raw,15,0.2006773033,0.1964817047,0.0956440568,0.290376842,2000
main_raw_spearman,Fuhe,抚河,Autumn,14,spearman,raw,16,0.187292472,0.1830980629,0.08869362622,0.2708377838,2000
main_raw_spearman,Fuhe,抚河,Autumn,14,spearman,raw,17,0.1603695674,0.1575477421,0.05143161863,0.2501591444,2000
main_raw_spearman,Fuhe,抚河,Autumn,14,spearman,raw,18,0.1518890936,0.149820745,0.04108702764,0.2487549782,2000
main_raw_spearman,Fuhe,抚河,Autumn,14,spearman,raw,19,0.1445457456,0.1439342797,0.02951781452,0.2430207431,2000
main_raw_spearman,Fuhe,抚河,Autumn,14,spearman,raw,20,0.1410068411,0.1398023367,0.01853602752,0.2378783524,2000
main_raw_spearman,Fuhe,抚河,Spring,14,spearman,raw,0,0.1860645659,0.1821903586,0.1323279142,0.2251295447,2000
main_raw_spearman,Fuhe,抚河,Spring,14,spearman,raw,1,0.3942847132,0.3952703476,0.345464319,0.4351963997,2000
main_raw_spearman,Fuhe,抚河,Spring,14,spearman,raw,2,0.4843715979,0.4873558283,0.4443475902,0.5228761435,2000
main_raw_spearman,Fuhe,抚河,Spring,14,spearman,raw,3,0.439466612,0.4407343566,0.4072869122,0.4710637331,2000
main_raw_spearman,Fuhe,抚河,Spring,14,spearman,raw,4,0.3692367643,0.3700076044,0.3313001394,0.4032724202,2000
main_raw_spearman,Fuhe,抚河,Spring,14,spearman,raw,5,0.3141420826,0.313436687,0.2694520056,0.35081622,2000
main_raw_spearman,Fuhe,抚河,Spring,14,spearman,raw,6,0.2824955952,0.2805719972,0.2290993035,0.3222948313,2000
main_raw_spearman,Fuhe,抚河,Spring,14,spearman,raw,7,0.2492968086,0.245399043,0.1817178726,0.2964477539,2000
main_raw_spearman,Fuhe,抚河,Spring,14,spearman,raw,8,0.230065489,0.2251700014,0.1593225151,0.2813029587,2000
main_raw_spearman,Fuhe,抚河,Spring,14,spearman,raw,9,0.2344847108,0.2301869392,0.1635532975,0.2932748497,2000
main_raw_spearman,Fuhe,抚河,Spring,14,spearman,raw,10,0.2328861154,0.2287691832,0.1687812954,0.2854094803,2000
main_raw_spearman,Fuhe,抚河,Spring,14,spearman,raw,11,0.1989112064,0.1944523305,0.1349079013,0.2467507869,2000
main_raw_spearman,Fuhe,抚河,Spring,14,spearman,raw,12,0.1688896577,0.165055573,0.09053964913,0.2282453626,2000
main_raw_spearman,Fuhe,抚河,Spring,14,spearman,raw,13,0.148884827,0.1444844753,0.06817320734,0.2120070755,2000
main_raw_spearman,Fuhe,抚河,Spring,14,spearman,raw,14,0.1310678965,0.1263312995,0.0492965579,0.1968274117,2000
main_raw_spearman,Fuhe,抚河,Spring,14,spearman,raw,15,0.1281639354,0.1221797764,0.04951860011,0.1912479401,2000
main_raw_spearman,Fuhe,抚河,Spring,14,spearman,raw,16,0.1192163882,0.112528041,0.03547592461,0.1845010072,2000
main_raw_spearman,Fuhe,抚河,Spring,14,spearman,raw,17,0.1062273852,0.0992782861,0.02942333184,0.1645941734,2000
main_raw_spearman,Fuhe,抚河,Spring,14,spearman,raw,18,0.1005933088,0.0945405513,0.03273361549,0.1503530145,2000
main_raw_spearman,Fuhe,抚河,Spring,14,spearman,raw,19,0.08621598894,0.08024000376,0.02279919945,0.1319127828,2000
main_raw_spearman,Fuhe,抚河,Spring,14,spearman,raw,20,0.07578167653,0.07015505433,0.001328682411,0.1321412623,2000
main_raw_spearman,Fuhe,抚河,Summer,14,spearman,raw,0,0.2717624864,0.2726114392,0.2014896274,0.341242522,2000
main_raw_spearman,Fuhe,抚河,Summer,14,spearman,raw,1,0.4046492684,0.4078783095,0.3414956629,0.4701991081,2000
main_raw_spearman,Fuhe,抚河,Summer,14,spearman,raw,2,0.4702385188,0.4757297039,0.405118674,0.5340512395,2000
main_raw_spearman,Fuhe,抚河,Summer,14,spearman,raw,3,0.4496618587,0.4559226632,0.37950176,0.5169702172,2000
main_raw_spearman,Fuhe,抚河,Summer,14,spearman,raw,4,0.3973913953,0.4031392336,0.3261621892,0.4655561149,2000
main_raw_spearman,Fuhe,抚河,Summer,14,spearman,raw,5,0.3413119572,0.3456073999,0.2682207227,0.4128894508,2000
main_raw_spearman,Fuhe,抚河,Summer,14,spearman,raw,6,0.2921796611,0.2956944704,0.214442417,0.3719033599,2000
main_raw_spearman,Fuhe,抚河,Summer,14,spearman,raw,7,0.2581341809,0.2604327798,0.1801624,0.3360503316,2000
main_raw_spearman,Fuhe,抚河,Summer,14,spearman,raw,8,0.2324194778,0.2340739965,0.1582664549,0.3099406064,2000
main_raw_spearman,Fuhe,抚河,Summer,14,spearman,raw,9,0.2123653065,0.2133927047,0.1377501488,0.2914682627,2000
main_raw_spearman,Fuhe,抚河,Summer,14,spearman,raw,10,0.1934291137,0.1925243437,0.1189434826,0.2693333924,2000
main_raw_spearman,Fuhe,抚河,Summer,14,spearman,raw,11,0.1827240172,0.1821523905,0.1015340835,0.2538268864,2000
main_raw_spearman,Fuhe,抚河,Summer,14,spearman,raw,12,0.1822848654,0.1817077994,0.09950404614,0.253023088,2000
main_raw_spearman,Fuhe,抚河,Summer,14,spearman,raw,13,0.1832707076,0.1822959483,0.09831923246,0.2525359988,2000
main_raw_spearman,Fuhe,抚河,Summer,14,spearman,raw,14,0.1837377972,0.1816099584,0.09741263837,0.2570627928,2000
main_raw_spearman,Fuhe,抚河,Summer,14,spearman,raw,15,0.1723296228,0.1702655256,0.08440885693,0.2445313185,2000
main_raw_spearman,Fuhe,抚河,Summer,14,spearman,raw,16,0.1601230192,0.1578992605,0.06743788719,0.238697052,2000
main_raw_spearman,Fuhe,抚河,Summer,14,spearman,raw,17,0.1495741769,0.1476699114,0.04734510556,0.2356186509,2000
main_raw_spearman,Fuhe,抚河,Summer,14,spearman,raw,18,0.1354089148,0.1332118958,0.0259529613,0.2241799086,2000
main_raw_spearman,Fuhe,抚河,Summer,14,spearman,raw,19,0.116619584,0.1161820292,-0.003790215589,0.2089597434,2000
main_raw_spearman,Fuhe,抚河,Summer,14,spearman,raw,20,0.1055185683,0.1043498069,-0.02504095249,0.2103075683,2000
main_raw_spearman,Fuhe,抚河,Winter,13,spearman,raw,0,0.1901980267,0.1841669381,0.07832895219,0.2712124884,2000
main_raw_spearman,Fuhe,抚河,Winter,13,spearman,raw,1,0.2859358403,0.2853646874,0.1774227321,0.369920522,2000
main_raw_spearman,Fuhe,抚河,Winter,13,spearman,raw,2,0.3610423135,0.3613554239,0.25762555,0.4478623569,2000
main_raw_spearman,Fuhe,抚河,Winter,13,spearman,raw,3,0.3832357785,0.3825818896,0.2805937231,0.4764341414,2000
main_raw_spearman,Fuhe,抚河,Winter,13,spearman,raw,4,0.3844868282,0.3813182116,0.2846673429,0.4825609028,2000
main_raw_spearman,Fuhe,抚河,Winter,13,spearman,raw,5,0.3740297419,0.3685326874,0.2783560455,0.471447736,2000
main_raw_spearman,Fuhe,抚河,Winter,13,spearman,raw,6,0.3554580502,0.3495555818,0.2688930631,0.4461131692,2000
main_raw_spearman,Fuhe,抚河,Winter,13,spearman,raw,7,0.3338595003,0.3263042569,0.2485220432,0.424634099,2000
main_raw_spearman,Fuhe,抚河,Winter,13,spearman,raw,8,0.3146052715,0.3062960207,0.2274692059,0.401545614,2000
main_raw_spearman,Fuhe,抚河,Winter,13,spearman,raw,9,0.2997510653,0.2908059657,0.2058790773,0.388235569,2000
main_raw_spearman,Fuhe,抚河,Winter,13,spearman,raw,10,0.2801615613,0.270814836,0.1690096259,0.3707547486,2000
main_raw_spearman,Fuhe,抚河,Winter,13,spearman,raw,11,0.2558534951,0.246929273,0.1284125596,0.3539713621,2000
main_raw_spearman,Fuhe,抚河,Winter,13,spearman,raw,12,0.2399547037,0.2322959453,0.0997967124,0.335346967,2000
main_raw_spearman,Fuhe,抚河,Winter,13,spearman,raw,13,0.2204138873,0.2111189365,0.07070964575,0.3152792454,2000
main_raw_spearman,Fuhe,抚河,Winter,13,spearman,raw,14,0.2031130046,0.1928572953,0.05218039453,0.2986719906,2000
main_raw_spearman,Fuhe,抚河,Winter,13,spearman,raw,15,0.1853046014,0.1758145392,0.02188863419,0.2778505683,2000
main_raw_spearman,Fuhe,抚河,Winter,13,spearman,raw,16,0.18191696,0.1742313504,0.0133421151,0.2693734169,2000
main_raw_spearman,Fuhe,抚河,Winter,13,spearman,raw,17,0.1785997132,0.172693938,0.008055493236,0.2651816905,2000
main_raw_spearman,Fuhe,抚河,Winter,13,spearman,raw,18,0.185759249,0.1800348163,0.01208625548,0.2828935087,2000
main_raw_spearman,Fuhe,抚河,Winter,13,spearman,raw,19,0.1819696945,0.1760623753,0.006500477903,0.2837208807,2000
main_raw_spearman,Fuhe,抚河,Winter,13,spearman,raw,20,0.1583772496,0.14898628,-0.01366406027,0.2564562559,2000
main_raw_spearman,Ganjiang,赣江,All,14,spearman,raw,0,0.3297730156,0.327976644,0.2639170885,0.3937488496,2000
main_raw_spearman,Ganjiang,赣江,All,14,spearman,raw,1,0.3752092254,0.3738556504,0.3150438368,0.4334658086,2000
main_raw_spearman,Ganjiang,赣江,All,14,spearman,raw,2,0.4236672868,0.423235029,0.3700534999,0.4766989946,2000
main_raw_spearman,Ganjiang,赣江,All,14,spearman,raw,3,0.4653016953,0.4652696848,0.4197162986,0.5127002597,2000
main_raw_spearman,Ganjiang,赣江,All,14,spearman,raw,4,0.4920417838,0.4919621944,0.4493461251,0.5347573757,2000
main_raw_spearman,Ganjiang,赣江,All,14,spearman,raw,5,0.5045661947,0.5041721463,0.4624346495,0.5463026166,2000
main_raw_spearman,Ganjiang,赣江,All,14,spearman,raw,6,0.5029386289,0.5026224852,0.459466964,0.5455750823,2000
main_raw_spearman,Ganjiang,赣江,All,14,spearman,raw,7,0.4912761951,0.4913890958,0.4450913966,0.5368621945,2000
main_raw_spearman,Ganjiang,赣江,All,14,spearman,raw,8,0.4765533876,0.4763906896,0.4245490432,0.5246181488,2000
main_raw_spearman,Ganjiang,赣江,All,14,spearman,raw,9,0.4617819106,0.4615551829,0.4061046839,0.5132648945,2000
main_raw_spearman,Ganjiang,赣江,All,14,spearman,raw,10,0.4480172687,0.4471961856,0.3899412155,0.5020031333,2000
main_raw_spearman,Ganjiang,赣江,All,14,spearman,raw,11,0.4347719849,0.4333002269,0.3731134534,0.4919050038,2000
main_raw_spearman,Ganjiang,赣江,All,14,spearman,raw,12,0.4217744143,0.419911623,0.3594380915,0.4824847877,2000
main_raw_spearman,Ganjiang,赣江,All,14,spearman,raw,13,0.4111777931,0.4086755812,0.3476481438,0.4747615755,2000
main_raw_spearman,Ganjiang,赣江,All,14,spearman,raw,14,0.4016985785,0.3986790478,0.3377439678,0.4670187533,2000
main_raw_spearman,Ganjiang,赣江,All,14,spearman,raw,15,0.3919946582,0.3887988627,0.3295961618,0.4563999772,2000
main_raw_spearman,Ganjiang,赣江,All,14,spearman,raw,16,0.3813950598,0.3781520724,0.3184417188,0.4461338818,2000
main_raw_spearman,Ganjiang,赣江,All,14,spearman,raw,17,0.3699712285,0.366930455,0.3064896464,0.4351020157,2000
main_raw_spearman,Ganjiang,赣江,All,14,spearman,raw,18,0.3567933593,0.3539887667,0.2908861041,0.4217688143,2000
main_raw_spearman,Ganjiang,赣江,All,14,spearman,raw,19,0.342257279,0.339384079,0.2746801674,0.4069682658,2000
main_raw_spearman,Ganjiang,赣江,All,14,spearman,raw,20,0.327414726,0.3244363964,0.2593335509,0.3934335411,2000
main_raw_spearman,Ganjiang,赣江,Autumn,14,spearman,raw,0,0.2318541458,0.2246455848,0.1267289221,0.3225706518,2000
main_raw_spearman,Ganjiang,赣江,Autumn,14,spearman,raw,1,0.2860559537,0.2805244029,0.1941183954,0.3667525947,2000
main_raw_spearman,Ganjiang,赣江,Autumn,14,spearman,raw,2,0.3438192129,0.3393157721,0.2594243884,0.4196805358,2000
main_raw_spearman,Ganjiang,赣江,Autumn,14,spearman,raw,3,0.3913656881,0.3881310821,0.3163290024,0.4613178372,2000
main_raw_spearman,Ganjiang,赣江,Autumn,14,spearman,raw,4,0.4239997815,0.421575278,0.3549740911,0.4887538552,2000
main_raw_spearman,Ganjiang,赣江,Autumn,14,spearman,raw,5,0.4363131893,0.4330568314,0.3639245927,0.5065842867,2000
main_raw_spearman,Ganjiang,赣江,Autumn,14,spearman,raw,6,0.4316950837,0.4274622798,0.3529030681,0.5068069696,2000
main_raw_spearman,Ganjiang,赣江,Autumn,14,spearman,raw,7,0.423517018,0.4195569158,0.3409304619,0.4961607456,2000
main_raw_spearman,Ganjiang,赣江,Autumn,14,spearman,raw,8,0.4130178269,0.4086337686,0.3241248727,0.4887402952,2000
main_raw_spearman,Ganjiang,赣江,Autumn,14,spearman,raw,9,0.3981160826,0.3945222199,0.3024926782,0.4727129936,2000
main_raw_spearman,Ganjiang,赣江,Autumn,14,spearman,raw,10,0.3821245662,0.3786693215,0.2820245624,0.4583028853,2000
main_raw_spearman,Ganjiang,赣江,Autumn,14,spearman,raw,11,0.3676219563,0.3648159504,0.2663090229,0.4442982078,2000
main_raw_spearman,Ganjiang,赣江,Autumn,14,spearman,raw,12,0.3603055242,0.3564456105,0.2599380016,0.4355764985,2000
main_raw_spearman,Ganjiang,赣江,Autumn,14,spearman,raw,13,0.3572771003,0.3529235721,0.2616561949,0.4337950051,2000
main_raw_spearman,Ganjiang,赣江,Autumn,14,spearman,raw,14,0.3469679182,0.3433157802,0.2556647658,0.4253250062,2000
main_raw_spearman,Ganjiang,赣江,Autumn,14,spearman,raw,15,0.3292055411,0.3266257644,0.2373951674,0.4091791809,2000
main_raw_spearman,Ganjiang,赣江,Autumn,14,spearman,raw,16,0.3015564342,0.2987909019,0.2049304545,0.3875502348,2000
main_raw_spearman,Ganjiang,赣江,Autumn,14,spearman,raw,17,0.2656443259,0.2621982098,0.1561568975,0.3605175316,2000
main_raw_spearman,Ganjiang,赣江,Autumn,14,spearman,raw,18,0.2387995601,0.2355062068,0.1213544235,0.3431625664,2000
main_raw_spearman,Ganjiang,赣江,Autumn,14,spearman,raw,19,0.2137914592,0.2103739381,0.09057582915,0.3254981637,2000
main_raw_spearman,Ganjiang,赣江,Autumn,14,spearman,raw,20,0.1930533802,0.1890079677,0.06358081102,0.312236011,2000
main_raw_spearman,Ganjiang,赣江,Spring,14,spearman,raw,0,0.1356911729,0.1288216561,0.07140898705,0.1737510264,2000
main_raw_spearman,Ganjiang,赣江,Spring,14,spearman,raw,1,0.2200156942,0.216162324,0.1637167037,0.2573873401,2000
main_raw_spearman,Ganjiang,赣江,Spring,14,spearman,raw,2,0.3029642893,0.3027174473,0.2530258298,0.342415452,2000
main_raw_spearman,Ganjiang,赣江,Spring,14,spearman,raw,3,0.354166632,0.3566849232,0.3091891408,0.3899947107,2000
main_raw_spearman,Ganjiang,赣江,Spring,14,spearman,raw,4,0.3781901506,0.3812927604,0.3364068866,0.4121654928,2000
main_raw_spearman,Ganjiang,赣江,Spring,14,spearman,raw,5,0.3907521182,0.3924947381,0.3482834399,0.4263329804,2000
main_raw_spearman,Ganjiang,赣江,Spring,14,spearman,raw,6,0.3890429301,0.3887744546,0.344812274,0.427857846,2000
main_raw_spearman,Ganjiang,赣江,Spring,14,spearman,raw,7,0.380684103,0.3792036772,0.3372574747,0.4192520082,2000
main_raw_spearman,Ganjiang,赣江,Spring,14,spearman,raw,8,0.3647706179,0.3629801869,0.3167287409,0.4073030651,2000
main_raw_spearman,Ganjiang,赣江,Spring,14,spearman,raw,9,0.3487779273,0.3469041586,0.2929463983,0.3939067721,2000
main_raw_spearman,Ganjiang,赣江,Spring,14,spearman,raw,10,0.3277902373,0.3261032701,0.2617629766,0.3786376715,2000
main_raw_spearman,Ganjiang,赣江,Spring,14,spearman,raw,11,0.3004179198,0.2985048294,0.2265834957,0.3580271602,2000
main_raw_spearman,Ganjiang,赣江,Spring,14,spearman,raw,12,0.271685221,0.2690162957,0.194765985,0.3349721432,2000
main_raw_spearman,Ganjiang,赣江,Spring,14,spearman,raw,13,0.2487846208,0.2467296869,0.1692683399,0.3168917596,2000
main_raw_spearman,Ganjiang,赣江,Spring,14,spearman,raw,14,0.2299332982,0.2270788252,0.152017951,0.2984703183,2000
main_raw_spearman,Ganjiang,赣江,Spring,14,spearman,raw,15,0.2136432728,0.2101933658,0.1393786669,0.281032443,2000
main_raw_spearman,Ganjiang,赣江,Spring,14,spearman,raw,16,0.2016277062,0.1964153796,0.1308984756,0.2674570978,2000
main_raw_spearman,Ganjiang,赣江,Spring,14,spearman,raw,17,0.1906689931,0.1858611107,0.1203188375,0.2558535337,2000
main_raw_spearman,Ganjiang,赣江,Spring,14,spearman,raw,18,0.1733548232,0.1678277403,0.1010788158,0.2394073009,2000
main_raw_spearman,Ganjiang,赣江,Spring,14,spearman,raw,19,0.1443607243,0.1377969086,0.06960020959,0.2117368579,2000
main_raw_spearman,Ganjiang,赣江,Spring,14,spearman,raw,20,0.1262186847,0.119261764,0.0438442044,0.1951940358,2000
main_raw_spearman,Ganjiang,赣江,Summer,14,spearman,raw,0,0.1789377656,0.1796993613,0.1021795049,0.244024232,2000
main_raw_spearman,Ganjiang,赣江,Summer,14,spearman,raw,1,0.268334584,0.2697763145,0.2003525496,0.3297196329,2000
main_raw_spearman,Ganjiang,赣江,Summer,14,spearman,raw,2,0.3561444774,0.3581907749,0.2896776199,0.4153330326,2000
main_raw_spearman,Ganjiang,赣江,Summer,14,spearman,raw,3,0.4174277666,0.4197561443,0.3605321944,0.4718918204,2000
main_raw_spearman,Ganjiang,赣江,Summer,14,spearman,raw,4,0.439497925,0.4417842627,0.3872123063,0.4900402129,2000
main_raw_spearman,Ganjiang,赣江,Summer,14,spearman,raw,5,0.4306843259,0.4323059916,0.3821161389,0.4767763615,2000
main_raw_spearman,Ganjiang,赣江,Summer,14,spearman,raw,6,0.4060832783,0.4081380963,0.3578009903,0.4566243887,2000
main_raw_spearman,Ganjiang,赣江,Summer,14,spearman,raw,7,0.3667474343,0.3677360415,0.3072050512,0.4310533404,2000
main_raw_spearman,Ganjiang,赣江,Summer,14,spearman,raw,8,0.324959228,0.3257879913,0.2484122068,0.4071941674,2000
main_raw_spearman,Ganjiang,赣江,Summer,14,spearman,raw,9,0.2884423911,0.2880287766,0.1973896772,0.3826283813,2000
main_raw_spearman,Ganjiang,赣江,Summer,14,spearman,raw,10,0.2597714656,0.2589819133,0.1597716361,0.3580737114,2000
main_raw_spearman,Ganjiang,赣江,Summer,14,spearman,raw,11,0.2310842514,0.2305196077,0.1316709369,0.3271713555,2000
main_raw_spearman,Ganjiang,赣江,Summer,14,spearman,raw,12,0.2088274556,0.2080681026,0.1097519845,0.3039952815,2000
main_raw_spearman,Ganjiang,赣江,Summer,14,spearman,raw,13,0.1965585397,0.1960123777,0.09831142426,0.2881369889,2000
main_raw_spearman,Ganjiang,赣江,Summer,14,spearman,raw,14,0.1938611515,0.1936762929,0.09822867811,0.284252435,2000
main_raw_spearman,Ganjiang,赣江,Summer,14,spearman,raw,15,0.1945837783,0.1937800497,0.1024946123,0.276294142,2000
main_raw_spearman,Ganjiang,赣江,Summer,14,spearman,raw,16,0.1989277908,0.1976248622,0.1120770723,0.2757412195,2000
main_raw_spearman,Ganjiang,赣江,Summer,14,spearman,raw,17,0.1953785232,0.1930904984,0.1081928015,0.2673886716,2000
main_raw_spearman,Ganjiang,赣江,Summer,14,spearman,raw,18,0.1821341871,0.1787285209,0.08974145353,0.2597660422,2000
main_raw_spearman,Ganjiang,赣江,Summer,14,spearman,raw,19,0.1647714053,0.1609781086,0.06190219522,0.2521041632,2000
main_raw_spearman,Ganjiang,赣江,Summer,14,spearman,raw,20,0.13886671,0.1360080838,0.03184356168,0.2260180861,2000
main_raw_spearman,Ganjiang,赣江,Winter,13,spearman,raw,0,0.1357118851,0.123909764,-0.003275571391,0.2290223092,2000
main_raw_spearman,Ganjiang,赣江,Winter,13,spearman,raw,1,0.1722974253,0.16055879,0.04316799715,0.2610765398,2000
main_raw_spearman,Ganjiang,赣江,Winter,13,spearman,raw,2,0.2172784206,0.2084734738,0.1018639654,0.3006234467,2000
main_raw_spearman,Ganjiang,赣江,Winter,13,spearman,raw,3,0.2646351615,0.2590141594,0.1588639766,0.3422615528,2000
main_raw_spearman,Ganjiang,赣江,Winter,13,spearman,raw,4,0.3065609084,0.3018071353,0.2028992176,0.3823261261,2000
main_raw_spearman,Ganjiang,赣江,Winter,13,spearman,raw,5,0.3368172542,0.3339514434,0.23464939,0.4091735482,2000
main_raw_spearman,Ganjiang,赣江,Winter,13,spearman,raw,6,0.3551392643,0.352868259,0.2568701208,0.423571676,2000
main_raw_spearman,Ganjiang,赣江,Winter,13,spearman,raw,7,0.3542046857,0.3520941138,0.2607105374,0.4179376066,2000
main_raw_spearman,Ganjiang,赣江,Winter,13,spearman,raw,8,0.3498579233,0.3470602036,0.2660583258,0.4095276296,2000
main_raw_spearman,Ganjiang,赣江,Winter,13,spearman,raw,9,0.3459557808,0.3430015743,0.2683986425,0.4075691402,2000
main_raw_spearman,Ganjiang,赣江,Winter,13,spearman,raw,10,0.3397313744,0.3363977969,0.2586353719,0.4021602571,2000
main_raw_spearman,Ganjiang,赣江,Winter,13,spearman,raw,11,0.329957497,0.3265563846,0.2432183027,0.3929128349,2000
main_raw_spearman,Ganjiang,赣江,Winter,13,spearman,raw,12,0.3202622832,0.3163101077,0.2262990773,0.3803018332,2000
main_raw_spearman,Ganjiang,赣江,Winter,13,spearman,raw,13,0.3068770502,0.3010665178,0.1967281103,0.3742333651,2000
main_raw_spearman,Ganjiang,赣江,Winter,13,spearman,raw,14,0.2892301563,0.2809765637,0.1626249254,0.3650159538,2000
main_raw_spearman,Ganjiang,赣江,Winter,13,spearman,raw,15,0.2701463188,0.2603791058,0.1314602494,0.3533353806,2000
main_raw_spearman,Ganjiang,赣江,Winter,13,spearman,raw,16,0.2500832573,0.2410212606,0.09832008928,0.3380939364,2000
main_raw_spearman,Ganjiang,赣江,Winter,13,spearman,raw,17,0.2336092668,0.224142462,0.07219462842,0.3273488283,2000
main_raw_spearman,Ganjiang,赣江,Winter,13,spearman,raw,18,0.2283015518,0.2187106013,0.06696097553,0.3224951625,2000
main_raw_spearman,Ganjiang,赣江,Winter,13,spearman,raw,19,0.22562973,0.215592131,0.05587238446,0.3216792345,2000
main_raw_spearman,Ganjiang,赣江,Winter,13,spearman,raw,20,0.2185922709,0.2086237967,0.04089427739,0.3199715614,2000
main_raw_spearman,Le'anhe,乐安河,All,14,spearman,raw,0,0.2440639271,0.2430343181,0.1955753118,0.2825103402,2000
main_raw_spearman,Le'anhe,乐安河,All,14,spearman,raw,1,0.3319808163,0.3333975673,0.2681712806,0.3839854598,2000
main_raw_spearman,Le'anhe,乐安河,All,14,spearman,raw,2,0.3725764698,0.3740334511,0.299059391,0.4321200848,2000
main_raw_spearman,Le'anhe,乐安河,All,14,spearman,raw,3,0.3669758592,0.3683801889,0.2935375273,0.4270326197,2000
main_raw_spearman,Le'anhe,乐安河,All,14,spearman,raw,4,0.3503853556,0.3518761098,0.2819812596,0.406050384,2000
main_raw_spearman,Le'anhe,乐安河,All,14,spearman,raw,5,0.3324665668,0.3334754109,0.2720121741,0.3809868991,2000
main_raw_spearman,Le'anhe,乐安河,All,14,spearman,raw,6,0.3119206643,0.3120644987,0.2598418593,0.3540448844,2000
main_raw_spearman,Le'anhe,乐安河,All,14,spearman,raw,7,0.2956646441,0.2962750793,0.248771131,0.3344993591,2000
main_raw_spearman,Le'anhe,乐安河,All,14,spearman,raw,8,0.2878158551,0.2878848612,0.2438634634,0.3252275586,2000
main_raw_spearman,Le'anhe,乐安河,All,14,spearman,raw,9,0.2824280068,0.2823850513,0.2411593348,0.3178180158,2000
main_raw_spearman,Le'anhe,乐安河,All,14,spearman,raw,10,0.2735099506,0.2727621198,0.2322658151,0.3104912937,2000
main_raw_spearman,Le'anhe,乐安河,All,14,spearman,raw,11,0.2664204112,0.2657654285,0.2274923176,0.3018194139,2000
main_raw_spearman,Le'anhe,乐安河,All,14,spearman,raw,12,0.2575790068,0.2562794387,0.2176323086,0.2962840796,2000
main_raw_spearman,Le'anhe,乐安河,All,14,spearman,raw,13,0.250979752,0.2500243783,0.2096137255,0.2896707654,2000
main_raw_spearman,Le'anhe,乐安河,All,14,spearman,raw,14,0.2459052474,0.2454980016,0.2041822374,0.2839585841,2000
main_raw_spearman,Le'anhe,乐安河,All,14,spearman,raw,15,0.2358579207,0.2348175049,0.1942371875,0.2741819024,2000
main_raw_spearman,Le'anhe,乐安河,All,14,spearman,raw,16,0.2288183447,0.2272536457,0.1855146736,0.2696648538,2000
main_raw_spearman,Le'anhe,乐安河,All,14,spearman,raw,17,0.22304489,0.2211460471,0.1789217144,0.2644935846,2000
main_raw_spearman,Le'anhe,乐安河,All,14,spearman,raw,18,0.2201339321,0.218020916,0.1763219088,0.2595662177,2000
main_raw_spearman,Le'anhe,乐安河,All,14,spearman,raw,19,0.2208247008,0.2183068693,0.1764875203,0.2618964612,2000
main_raw_spearman,Le'anhe,乐安河,All,14,spearman,raw,20,0.2207937207,0.2185246944,0.1772279888,0.2619732618,2000
main_raw_spearman,Le'anhe,乐安河,Autumn,14,spearman,raw,0,0.1479397415,0.1449411213,0.07882837206,0.2134442776,2000
main_raw_spearman,Le'anhe,乐安河,Autumn,14,spearman,raw,1,0.2327102879,0.2330019772,0.162859574,0.298417449,2000
main_raw_spearman,Le'anhe,乐安河,Autumn,14,spearman,raw,2,0.2967187592,0.2989435196,0.220240131,0.3719697297,2000
main_raw_spearman,Le'anhe,乐安河,Autumn,14,spearman,raw,3,0.3070789155,0.3093685508,0.2252823263,0.3854849041,2000
main_raw_spearman,Le'anhe,乐安河,Autumn,14,spearman,raw,4,0.2957786231,0.2965344191,0.2115437984,0.374365896,2000
main_raw_spearman,Le'anhe,乐安河,Autumn,14,spearman,raw,5,0.2686377244,0.2682367563,0.1875218302,0.342074275,2000
main_raw_spearman,Le'anhe,乐安河,Autumn,14,spearman,raw,6,0.2413961973,0.2420865893,0.1591106653,0.312379688,2000
main_raw_spearman,Le'anhe,乐安河,Autumn,14,spearman,raw,7,0.2298311823,0.2307811975,0.1422134191,0.3051712215,2000
main_raw_spearman,Le'anhe,乐安河,Autumn,14,spearman,raw,8,0.2193715721,0.2200562358,0.1280992329,0.3009408116,2000
main_raw_spearman,Le'anhe,乐安河,Autumn,14,spearman,raw,9,0.2137982565,0.2135384083,0.11568176,0.3010112047,2000
main_raw_spearman,Le'anhe,乐安河,Autumn,14,spearman,raw,10,0.2054298077,0.2049419582,0.1041525826,0.2995991707,2000
main_raw_spearman,Le'anhe,乐安河,Autumn,14,spearman,raw,11,0.2061137585,0.2053101808,0.09911207855,0.3039305806,2000
main_raw_spearman,Le'anhe,乐安河,Autumn,14,spearman,raw,12,0.198961961,0.1965696514,0.08737924695,0.3028037548,2000
main_raw_spearman,Le'anhe,乐安河,Autumn,14,spearman,raw,13,0.1892272335,0.188643828,0.0795314014,0.2929181159,2000
main_raw_spearman,Le'anhe,乐安河,Autumn,14,spearman,raw,14,0.1869826937,0.1860571206,0.09323893487,0.2768739462,2000
main_raw_spearman,Le'anhe,乐安河,Autumn,14,spearman,raw,15,0.1864957978,0.1850900203,0.106148921,0.2577217817,2000
main_raw_spearman,Le'anhe,乐安河,Autumn,14,spearman,raw,16,0.1764269967,0.1738249063,0.1018994078,0.2426161021,2000
main_raw_spearman,Le'anhe,乐安河,Autumn,14,spearman,raw,17,0.1605819016,0.1578686833,0.07501769066,0.2291233838,2000
main_raw_spearman,Le'anhe,乐安河,Autumn,14,spearman,raw,18,0.1519548938,0.1494446695,0.05378212035,0.2265803665,2000
main_raw_spearman,Le'anhe,乐安河,Autumn,14,spearman,raw,19,0.1578215389,0.1552257836,0.05453081056,0.2353277206,2000
main_raw_spearman,Le'anhe,乐安河,Autumn,14,spearman,raw,20,0.169041603,0.1652727723,0.06612808257,0.2432086766,2000
main_raw_spearman,Le'anhe,乐安河,Spring,14,spearman,raw,0,0.1347096121,0.1301239431,0.05513173714,0.2007370144,2000
main_raw_spearman,Le'anhe,乐安河,Spring,14,spearman,raw,1,0.2938672203,0.2965932786,0.170168668,0.4036198854,2000
main_raw_spearman,Le'anhe,乐安河,Spring,14,spearman,raw,2,0.3126011969,0.3191826344,0.1779928207,0.4353016615,2000
main_raw_spearman,Le'anhe,乐安河,Spring,14,spearman,raw,3,0.2680477237,0.2732109129,0.1459670514,0.3760902882,2000
main_raw_spearman,Le'anhe,乐安河,Spring,14,spearman,raw,4,0.2372174883,0.2419242859,0.125774622,0.3304855525,2000
main_raw_spearman,Le'anhe,乐安河,Spring,14,spearman,raw,5,0.2241643732,0.2281771749,0.1247356981,0.3079998493,2000
main_raw_spearman,Le'anhe,乐安河,Spring,14,spearman,raw,6,0.1973318578,0.1984761953,0.1062505618,0.2733493149,2000
main_raw_spearman,Le'anhe,乐安河,Spring,14,spearman,raw,7,0.1674940524,0.1677045673,0.07713731378,0.2413922399,2000
main_raw_spearman,Le'anhe,乐安河,Spring,14,spearman,raw,8,0.153588555,0.1550820172,0.0556438379,0.2260662615,2000
main_raw_spearman,Le'anhe,乐安河,Spring,14,spearman,raw,9,0.1510036558,0.1526573896,0.05405401066,0.2228898853,2000
main_raw_spearman,Le'anhe,乐安河,Spring,14,spearman,raw,10,0.1478653407,0.1494607627,0.05504574254,0.2163226306,2000
main_raw_spearman,Le'anhe,乐安河,Spring,14,spearman,raw,11,0.1278260466,0.1277656257,0.03428398445,0.1990200132,2000
main_raw_spearman,Le'anhe,乐安河,Spring,14,spearman,raw,12,0.1066901297,0.1066384315,0.01156676095,0.1812824458,2000
main_raw_spearman,Le'anhe,乐安河,Spring,14,spearman,raw,13,0.09347944068,0.09236955643,-0.008090075105,0.1754965037,2000
main_raw_spearman,Le'anhe,乐安河,Spring,14,spearman,raw,14,0.09168973575,0.08764088899,-0.007045059465,0.170889914,2000
main_raw_spearman,Le'anhe,乐安河,Spring,14,spearman,raw,15,0.07875543796,0.07363033295,-0.02686050348,0.1644313484,2000
main_raw_spearman,Le'anhe,乐安河,Spring,14,spearman,raw,16,0.07934723162,0.07369910926,-0.01958240941,0.1623774916,2000
main_raw_spearman,Le'anhe,乐安河,Spring,14,spearman,raw,17,0.07803364702,0.07260917127,-0.005189936608,0.1494658142,2000
main_raw_spearman,Le'anhe,乐安河,Spring,14,spearman,raw,18,0.07828781306,0.07222767174,-0.005673126318,0.1490097344,2000
main_raw_spearman,Le'anhe,乐安河,Spring,14,spearman,raw,19,0.06569930216,0.0590942502,-0.02597951703,0.1423216611,2000
main_raw_spearman,Le'anhe,乐安河,Spring,14,spearman,raw,20,0.0533190303,0.04758526012,-0.04568147659,0.137782529,2000
main_raw_spearman,Le'anhe,乐安河,Summer,14,spearman,raw,0,0.2559941975,0.2546568811,0.1785100698,0.319767803,2000
main_raw_spearman,Le'anhe,乐安河,Summer,14,spearman,raw,1,0.3911991826,0.3927583694,0.2917237878,0.464677453,2000
main_raw_spearman,Le'anhe,乐安河,Summer,14,spearman,raw,2,0.4293267977,0.4317728877,0.3178443611,0.5168808699,2000
main_raw_spearman,Le'anhe,乐安河,Summer,14,spearman,raw,3,0.3960142825,0.3964969516,0.2903451025,0.4824181497,2000
main_raw_spearman,Le'anhe,乐安河,Summer,14,spearman,raw,4,0.3597945242,0.3595481217,0.2569811642,0.4461627603,2000
main_raw_spearman,Le'anhe,乐安河,Summer,14,spearman,raw,5,0.3362650568,0.3336662054,0.2328206748,0.4242953062,2000
main_raw_spearman,Le'anhe,乐安河,Summer,14,spearman,raw,6,0.3045177526,0.3006844521,0.2118279636,0.3868306279,2000
main_raw_spearman,Le'anhe,乐安河,Summer,14,spearman,raw,7,0.2817171915,0.2772280276,0.200282827,0.3631965816,2000
main_raw_spearman,Le'anhe,乐安河,Summer,14,spearman,raw,8,0.257853518,0.2525981069,0.182618916,0.3381403089,2000
main_raw_spearman,Le'anhe,乐安河,Summer,14,spearman,raw,9,0.2426471839,0.2368573099,0.1735657007,0.313528955,2000
main_raw_spearman,Le'anhe,乐安河,Summer,14,spearman,raw,10,0.2366666534,0.2299587131,0.1649062932,0.3086619973,2000
main_raw_spearman,Le'anhe,乐安河,Summer,14,spearman,raw,11,0.2369006378,0.2304923236,0.1580686122,0.3086273074,2000
main_raw_spearman,Le'anhe,乐安河,Summer,14,spearman,raw,12,0.2364125441,0.2316806614,0.1493794322,0.3108333945,2000
main_raw_spearman,Le'anhe,乐安河,Summer,14,spearman,raw,13,0.2276407203,0.2237136364,0.1441185325,0.2994427383,2000
main_raw_spearman,Le'anhe,乐安河,Summer,14,spearman,raw,14,0.2226909768,0.2187768221,0.1412917823,0.291608274,2000
main_raw_spearman,Le'anhe,乐安河,Summer,14,spearman,raw,15,0.2059146705,0.2030142248,0.1226707622,0.277469188,2000
main_raw_spearman,Le'anhe,乐安河,Summer,14,spearman,raw,16,0.1853549994,0.182082653,0.09942797571,0.2603722215,2000
main_raw_spearman,Le'anhe,乐安河,Summer,14,spearman,raw,17,0.1709621984,0.1679960191,0.0813042745,0.2450478673,2000
main_raw_spearman,Le'anhe,乐安河,Summer,14,spearman,raw,18,0.1610580166,0.1599867046,0.07066703588,0.2354184836,2000
main_raw_spearman,Le'anhe,乐安河,Summer,14,spearman,raw,19,0.1633434978,0.1629889011,0.07669882476,0.2348208129,2000
main_raw_spearman,Le'anhe,乐安河,Summer,14,spearman,raw,20,0.1762386166,0.1744109392,0.09621018916,0.2451480925,2000
main_raw_spearman,Le'anhe,乐安河,Winter,13,spearman,raw,0,0.1919596267,0.1857693493,0.1079175323,0.2656378746,2000
main_raw_spearman,Le'anhe,乐安河,Winter,13,spearman,raw,1,0.2602469669,0.2597884536,0.1615121961,0.3445807695,2000
main_raw_spearman,Le'anhe,乐安河,Winter,13,spearman,raw,2,0.3099667714,0.3094871938,0.2022984922,0.4006558061,2000
main_raw_spearman,Le'anhe,乐安河,Winter,13,spearman,raw,3,0.3269216737,0.3273706734,0.2167930454,0.4239126444,2000
main_raw_spearman,Le'anhe,乐安河,Winter,13,spearman,raw,4,0.310371531,0.3112430573,0.1996663064,0.4102860689,2000
main_raw_spearman,Le'anhe,乐安河,Winter,13,spearman,raw,5,0.2909176221,0.2899431586,0.1881271601,0.3832574487,2000
main_raw_spearman,Le'anhe,乐安河,Winter,13,spearman,raw,6,0.2697448484,0.2680986226,0.1722850502,0.358520329,2000
main_raw_spearman,Le'anhe,乐安河,Winter,13,spearman,raw,7,0.2572511327,0.2562741935,0.1600679457,0.3441314101,2000
main_raw_spearman,Le'anhe,乐安河,Winter,13,spearman,raw,8,0.2501513609,0.2488638163,0.1541125774,0.3362930417,2000
main_raw_spearman,Le'anhe,乐安河,Winter,13,spearman,raw,9,0.2472822009,0.2455784082,0.1492128372,0.325492382,2000
main_raw_spearman,Le'anhe,乐安河,Winter,13,spearman,raw,10,0.2463191593,0.2440862954,0.1476803273,0.320266068,2000
main_raw_spearman,Le'anhe,乐安河,Winter,13,spearman,raw,11,0.2431173524,0.23969163,0.1494568139,0.3144904375,2000
main_raw_spearman,Le'anhe,乐安河,Winter,13,spearman,raw,12,0.2262265361,0.2207320333,0.131881848,0.2967827618,2000
main_raw_spearman,Le'anhe,乐安河,Winter,13,spearman,raw,13,0.216467978,0.2098251879,0.1242277846,0.2922819555,2000
main_raw_spearman,Le'anhe,乐安河,Winter,13,spearman,raw,14,0.2005647833,0.1913469136,0.1010267437,0.2815364599,2000
main_raw_spearman,Le'anhe,乐安河,Winter,13,spearman,raw,15,0.1755225478,0.1670837998,0.07813189179,0.2559538186,2000
main_raw_spearman,Le'anhe,乐安河,Winter,13,spearman,raw,16,0.1584895745,0.1516076326,0.05712810159,0.2348271459,2000
main_raw_spearman,Le'anhe,乐安河,Winter,13,spearman,raw,17,0.1520351342,0.1441981941,0.04550591111,0.2296487987,2000
main_raw_spearman,Le'anhe,乐安河,Winter,13,spearman,raw,18,0.1552152418,0.1470504403,0.05020623282,0.2343816459,2000
main_raw_spearman,Le'anhe,乐安河,Winter,13,spearman,raw,19,0.1567094425,0.1469385624,0.05458425358,0.2342852652,2000
main_raw_spearman,Le'anhe,乐安河,Winter,13,spearman,raw,20,0.1562570165,0.1465105414,0.04561873898,0.2316384763,2000
main_raw_spearman,Liaohe,潦河,All,14,spearman,raw,0,0.2578431646,0.2581056356,0.2012384236,0.3022586405,2000
main_raw_spearman,Liaohe,潦河,All,14,spearman,raw,1,0.3734577879,0.3767643571,0.2872816026,0.4347912371,2000
main_raw_spearman,Liaohe,潦河,All,14,spearman,raw,2,0.3748822752,0.3782724738,0.2924945354,0.4279829264,2000
main_raw_spearman,Liaohe,潦河,All,14,spearman,raw,3,0.3341244493,0.3367580175,0.2607109547,0.3804456294,2000
main_raw_spearman,Liaohe,潦河,All,14,spearman,raw,4,0.2976328099,0.2996987402,0.231135726,0.3456793129,2000
main_raw_spearman,Liaohe,潦河,All,14,spearman,raw,5,0.2745304673,0.2751367092,0.2208476663,0.320931226,2000
main_raw_spearman,Liaohe,潦河,All,14,spearman,raw,6,0.2581691671,0.2572820187,0.2105422318,0.3018694818,2000
main_raw_spearman,Liaohe,潦河,All,14,spearman,raw,7,0.2536804848,0.2523511052,0.2109531313,0.2968575954,2000
main_raw_spearman,Liaohe,潦河,All,14,spearman,raw,8,0.252977127,0.2516917586,0.2053857297,0.3022578657,2000
main_raw_spearman,Liaohe,潦河,All,14,spearman,raw,9,0.2405599876,0.2395913601,0.1880267262,0.2914708555,2000
main_raw_spearman,Liaohe,潦河,All,14,spearman,raw,10,0.229210388,0.2282280326,0.1801550537,0.2772926092,2000
main_raw_spearman,Liaohe,潦河,All,14,spearman,raw,11,0.2183739189,0.2169344723,0.1725064963,0.26541695,2000
main_raw_spearman,Liaohe,潦河,All,14,spearman,raw,12,0.2180286199,0.2162427753,0.1736525893,0.2626934946,2000
main_raw_spearman,Liaohe,潦河,All,14,spearman,raw,13,0.2229393065,0.2214434743,0.1742633432,0.2710872591,2000
main_raw_spearman,Liaohe,潦河,All,14,spearman,raw,14,0.2175494263,0.216066286,0.1702944338,0.2627168894,2000
main_raw_spearman,Liaohe,潦河,All,14,spearman,raw,15,0.2064757759,0.2049509585,0.1556530148,0.2506952584,2000
main_raw_spearman,Liaohe,潦河,All,14,spearman,raw,16,0.2034660597,0.2019101679,0.1587456912,0.2466179878,2000
main_raw_spearman,Liaohe,潦河,All,14,spearman,raw,17,0.2002453681,0.1991582215,0.1518494487,0.2468770295,2000
main_raw_spearman,Liaohe,潦河,All,14,spearman,raw,18,0.1914410222,0.1908437014,0.1403428912,0.2357041836,2000
main_raw_spearman,Liaohe,潦河,All,14,spearman,raw,19,0.1893791059,0.1887838244,0.1412717551,0.2325333059,2000
main_raw_spearman,Liaohe,潦河,All,14,spearman,raw,20,0.1934202807,0.1922104508,0.1489175111,0.2359060496,2000
main_raw_spearman,Liaohe,潦河,Autumn,14,spearman,raw,0,0.1596332019,0.1566809118,0.05283773318,0.2564182878,2000
main_raw_spearman,Liaohe,潦河,Autumn,14,spearman,raw,1,0.260336623,0.2606006861,0.1365900934,0.3679911196,2000
main_raw_spearman,Liaohe,潦河,Autumn,14,spearman,raw,2,0.301694437,0.3031864762,0.1781813055,0.4059098363,2000
main_raw_spearman,Liaohe,潦河,Autumn,14,spearman,raw,3,0.276482049,0.2763879895,0.1677503139,0.3689206839,2000
main_raw_spearman,Liaohe,潦河,Autumn,14,spearman,raw,4,0.2164774184,0.2130498588,0.1178815663,0.3037985265,2000
main_raw_spearman,Liaohe,潦河,Autumn,14,spearman,raw,5,0.1858765799,0.1821294129,0.09212311357,0.2761982977,2000
main_raw_spearman,Liaohe,潦河,Autumn,14,spearman,raw,6,0.1816928973,0.1772197038,0.08149677515,0.276945591,2000
main_raw_spearman,Liaohe,潦河,Autumn,14,spearman,raw,7,0.1950803241,0.1887868047,0.09413737804,0.2934472859,2000
main_raw_spearman,Liaohe,潦河,Autumn,14,spearman,raw,8,0.208889812,0.2029670179,0.1024916098,0.3118826151,2000
main_raw_spearman,Liaohe,潦河,Autumn,14,spearman,raw,9,0.1882776947,0.1806763262,0.08300340921,0.2895284295,2000
main_raw_spearman,Liaohe,潦河,Autumn,14,spearman,raw,10,0.1893654781,0.1836991608,0.0855410099,0.2807733417,2000
main_raw_spearman,Liaohe,潦河,Autumn,14,spearman,raw,11,0.1813401811,0.1766899228,0.08492913097,0.2706255019,2000
main_raw_spearman,Liaohe,潦河,Autumn,14,spearman,raw,12,0.2077060826,0.2029363811,0.1133448184,0.2917332053,2000
main_raw_spearman,Liaohe,潦河,Autumn,14,spearman,raw,13,0.2174335219,0.2124601305,0.1161868945,0.3152921498,2000
main_raw_spearman,Liaohe,潦河,Autumn,14,spearman,raw,14,0.2158324059,0.2105073035,0.1129969433,0.314424485,2000
main_raw_spearman,Liaohe,潦河,Autumn,14,spearman,raw,15,0.2163594163,0.2106848061,0.1174144298,0.3055101931,2000
main_raw_spearman,Liaohe,潦河,Autumn,14,spearman,raw,16,0.1818699936,0.1737248302,0.08606529236,0.2699439526,2000
main_raw_spearman,Liaohe,潦河,Autumn,14,spearman,raw,17,0.1717342593,0.1664119065,0.06838956475,0.2650313079,2000
main_raw_spearman,Liaohe,潦河,Autumn,14,spearman,raw,18,0.1692073301,0.164474979,0.06697650999,0.2599133253,2000
main_raw_spearman,Liaohe,潦河,Autumn,14,spearman,raw,19,0.1819583775,0.1779664457,0.06580130011,0.2848282158,2000
main_raw_spearman,Liaohe,潦河,Autumn,14,spearman,raw,20,0.1882621679,0.1845362782,0.07856600732,0.288493365,2000
main_raw_spearman,Liaohe,潦河,Spring,14,spearman,raw,0,0.2383598844,0.2351690233,0.1999045312,0.2698913217,2000
main_raw_spearman,Liaohe,潦河,Spring,14,spearman,raw,1,0.4397125509,0.4465630651,0.3524528146,0.5092730522,2000
main_raw_spearman,Liaohe,潦河,Spring,14,spearman,raw,2,0.3734771782,0.3771291375,0.2904717326,0.427259028,2000
main_raw_spearman,Liaohe,潦河,Spring,14,spearman,raw,3,0.2894181069,0.2895985842,0.2375563532,0.3258810639,2000
main_raw_spearman,Liaohe,潦河,Spring,14,spearman,raw,4,0.2621006734,0.2599240541,0.2094919086,0.3077507913,2000
main_raw_spearman,Liaohe,潦河,Spring,14,spearman,raw,5,0.2481603138,0.2453147173,0.1948714554,0.2925674319,2000
main_raw_spearman,Liaohe,潦河,Spring,14,spearman,raw,6,0.2184740953,0.2156378627,0.1600573957,0.2611258328,2000
main_raw_spearman,Liaohe,潦河,Spring,14,spearman,raw,7,0.1988898574,0.1984862089,0.1433676332,0.2373471856,2000
main_raw_spearman,Liaohe,潦河,Spring,14,spearman,raw,8,0.1950989048,0.1922154427,0.1461511701,0.2313009501,2000
main_raw_spearman,Liaohe,潦河,Spring,14,spearman,raw,9,0.1836539476,0.1803143024,0.1194879338,0.2241256535,2000
main_raw_spearman,Liaohe,潦河,Spring,14,spearman,raw,10,0.1599853912,0.1565775871,0.08315209299,0.2097127587,2000
main_raw_spearman,Liaohe,潦河,Spring,14,spearman,raw,11,0.1370135959,0.1329637766,0.05405779555,0.1953370273,2000
main_raw_spearman,Liaohe,潦河,Spring,14,spearman,raw,12,0.1150295378,0.1099063754,0.02162563801,0.1769256592,2000
main_raw_spearman,Liaohe,潦河,Spring,14,spearman,raw,13,0.1245384032,0.1200522482,0.03046268225,0.1854801178,2000
main_raw_spearman,Liaohe,潦河,Spring,14,spearman,raw,14,0.130383282,0.1258504987,0.05288146064,0.1839937717,2000
main_raw_spearman,Liaohe,潦河,Spring,14,spearman,raw,15,0.1194638487,0.1142635345,0.04193682969,0.1679624617,2000
main_raw_spearman,Liaohe,潦河,Spring,14,spearman,raw,16,0.1160871672,0.1101545542,0.0365553759,0.1683011353,2000
main_raw_spearman,Liaohe,潦河,Spring,14,spearman,raw,17,0.1016092809,0.09485786408,0.01184565015,0.1616752297,2000
main_raw_spearman,Liaohe,潦河,Spring,14,spearman,raw,18,0.07709924431,0.06923792511,-0.01231556665,0.1384978592,2000
main_raw_spearman,Liaohe,潦河,Spring,14,spearman,raw,19,0.06933858105,0.06347417831,-0.01575173996,0.1282766312,2000
main_raw_spearman,Liaohe,潦河,Spring,14,spearman,raw,20,0.09688392625,0.09316189587,0.006843840703,0.1661396474,2000
main_raw_spearman,Liaohe,潦河,Summer,14,spearman,raw,0,0.283180435,0.2853765488,0.2265411466,0.3348279297,2000
main_raw_spearman,Liaohe,潦河,Summer,14,spearman,raw,1,0.4536867125,0.462806344,0.3535633981,0.5335319042,2000
main_raw_spearman,Liaohe,潦河,Summer,14,spearman,raw,2,0.4235455773,0.4314864874,0.3325803578,0.4906758666,2000
main_raw_spearman,Liaohe,潦河,Summer,14,spearman,raw,3,0.3431628435,0.3483766913,0.2682081461,0.3965919912,2000
main_raw_spearman,Liaohe,潦河,Summer,14,spearman,raw,4,0.2906386353,0.2916432023,0.2294494808,0.3460137248,2000
main_raw_spearman,Liaohe,潦河,Summer,14,spearman,raw,5,0.2480073608,0.2478451282,0.1835515946,0.3117216527,2000
main_raw_spearman,Liaohe,潦河,Summer,14,spearman,raw,6,0.2063600449,0.205451861,0.1345231384,0.2762101293,2000
main_raw_spearman,Liaohe,潦河,Summer,14,spearman,raw,7,0.1909936529,0.1895363927,0.1140935794,0.2655801773,2000
main_raw_spearman,Liaohe,潦河,Summer,14,spearman,raw,8,0.176533383,0.1736121327,0.09627842158,0.2561346292,2000
main_raw_spearman,Liaohe,潦河,Summer,14,spearman,raw,9,0.1631816754,0.1588227451,0.07706083357,0.2480213344,2000
main_raw_spearman,Liaohe,潦河,Summer,14,spearman,raw,10,0.1674897025,0.1634546816,0.08157253265,0.2515604496,2000
main_raw_spearman,Liaohe,潦河,Summer,14,spearman,raw,11,0.1654872791,0.1632184088,0.07236028463,0.2577607632,2000
main_raw_spearman,Liaohe,潦河,Summer,14,spearman,raw,12,0.1519775811,0.1489044428,0.0587551035,0.2468604445,2000
main_raw_spearman,Liaohe,潦河,Summer,14,spearman,raw,13,0.1447549717,0.1402400732,0.05887909606,0.2333024591,2000
main_raw_spearman,Liaohe,潦河,Summer,14,spearman,raw,14,0.1289688237,0.1242523044,0.05012451485,0.2127863318,2000
main_raw_spearman,Liaohe,潦河,Summer,14,spearman,raw,15,0.1218334169,0.1168963909,0.0458359234,0.2002637684,2000
main_raw_spearman,Liaohe,潦河,Summer,14,spearman,raw,16,0.1296466054,0.1258136034,0.05470230058,0.2033465356,2000
main_raw_spearman,Liaohe,潦河,Summer,14,spearman,raw,17,0.1279208953,0.1242630407,0.05582582951,0.194420144,2000
main_raw_spearman,Liaohe,潦河,Summer,14,spearman,raw,18,0.1049067825,0.09991187602,0.02497685701,0.1826387793,2000
main_raw_spearman,Liaohe,潦河,Summer,14,spearman,raw,19,0.09424362131,0.08998827636,0.01132463384,0.1747092009,2000
main_raw_spearman,Liaohe,潦河,Summer,14,spearman,raw,20,0.08895046873,0.08505827188,0.01719402336,0.1593750864,2000
main_raw_spearman,Liaohe,潦河,Winter,13,spearman,raw,0,0.1444879306,0.1421479583,0.05663174391,0.2269106358,2000
main_raw_spearman,Liaohe,潦河,Winter,13,spearman,raw,1,0.2331767404,0.2360089123,0.1580091417,0.3137232065,2000
main_raw_spearman,Liaohe,潦河,Winter,13,spearman,raw,2,0.2811295867,0.2865357399,0.2087285668,0.3642386198,2000
main_raw_spearman,Liaohe,潦河,Winter,13,spearman,raw,3,0.2691730086,0.273206085,0.1986698806,0.3516287506,2000
main_raw_spearman,Liaohe,潦河,Winter,13,spearman,raw,4,0.2241667766,0.2263613045,0.1424623877,0.3100728989,2000
main_raw_spearman,Liaohe,潦河,Winter,13,spearman,raw,5,0.1977382311,0.1966404766,0.1075871736,0.2894122005,2000
main_raw_spearman,Liaohe,潦河,Winter,13,spearman,raw,6,0.1811421751,0.1766333282,0.09014377743,0.2812183201,2000
main_raw_spearman,Liaohe,潦河,Winter,13,spearman,raw,7,0.1834668742,0.1779755056,0.09134099633,0.2859301865,2000
main_raw_spearman,Liaohe,潦河,Winter,13,spearman,raw,8,0.1884690673,0.1848124266,0.0976274386,0.2850818336,2000
main_raw_spearman,Liaohe,潦河,Winter,13,spearman,raw,9,0.1880575226,0.1854685247,0.1023667678,0.2775275707,2000
main_raw_spearman,Liaohe,潦河,Winter,13,spearman,raw,10,0.1670432469,0.1626267135,0.07329831272,0.2667372227,2000
main_raw_spearman,Liaohe,潦河,Winter,13,spearman,raw,11,0.1306843699,0.1239603981,0.02292045951,0.2380147278,2000
main_raw_spearman,Liaohe,潦河,Winter,13,spearman,raw,12,0.121361822,0.1150536239,0.001350982348,0.2341343015,2000
main_raw_spearman,Liaohe,潦河,Winter,13,spearman,raw,13,0.1150026116,0.1097522527,-0.0150563186,0.2258175611,2000
main_raw_spearman,Liaohe,潦河,Winter,13,spearman,raw,14,0.101783197,0.0963267386,-0.03102905117,0.2178027779,2000
main_raw_spearman,Liaohe,潦河,Winter,13,spearman,raw,15,0.09784270281,0.09112215042,-0.03313657641,0.2083186656,2000
main_raw_spearman,Liaohe,潦河,Winter,13,spearman,raw,16,0.09813654826,0.09337498993,-0.03360095248,0.2081671655,2000
main_raw_spearman,Liaohe,潦河,Winter,13,spearman,raw,17,0.09214286172,0.09014025331,-0.04028419033,0.1998733282,2000
main_raw_spearman,Liaohe,潦河,Winter,13,spearman,raw,18,0.09011906059,0.08916690946,-0.04824060947,0.2053104788,2000
main_raw_spearman,Liaohe,潦河,Winter,13,spearman,raw,19,0.1003917962,0.100015223,-0.033382155,0.2084335536,2000
main_raw_spearman,Liaohe,潦河,Winter,13,spearman,raw,20,0.09306316854,0.09090326726,-0.04728299752,0.2044206113,2000
main_raw_spearman,Xinjiang,信江,All,14,spearman,raw,0,0.323031005,0.3207885623,0.2792985737,0.363756448,2000
main_raw_spearman,Xinjiang,信江,All,14,spearman,raw,1,0.4286844483,0.427362144,0.392929554,0.463486135,2000
main_raw_spearman,Xinjiang,信江,All,14,spearman,raw,2,0.4788422684,0.4779496193,0.4492543638,0.5092201829,2000
main_raw_spearman,Xinjiang,信江,All,14,spearman,raw,3,0.4663490774,0.4657967687,0.4374621511,0.4964086115,2000
main_raw_spearman,Xinjiang,信江,All,14,spearman,raw,4,0.4404089047,0.4405400753,0.4092743099,0.4722516835,2000
main_raw_spearman,Xinjiang,信江,All,14,spearman,raw,5,0.4137612748,0.4139283299,0.3774850667,0.448662132,2000
main_raw_spearman,Xinjiang,信江,All,14,spearman,raw,6,0.3881107332,0.3882157207,0.3493641019,0.4258552492,2000
main_raw_spearman,Xinjiang,信江,All,14,spearman,raw,7,0.3665412753,0.3655021787,0.3250716627,0.4071504474,2000
main_raw_spearman,Xinjiang,信江,All,14,spearman,raw,8,0.3544396303,0.3529158831,0.3082110882,0.3991341889,2000
main_raw_spearman,Xinjiang,信江,All,14,spearman,raw,9,0.3450571699,0.3432278037,0.2944015563,0.3933916688,2000
main_raw_spearman,Xinjiang,信江,All,14,spearman,raw,10,0.3343024162,0.3321067989,0.2822454572,0.3851768672,2000
main_raw_spearman,Xinjiang,信江,All,14,spearman,raw,11,0.3231734693,0.3205770254,0.2730852962,0.3741109967,2000
main_raw_spearman,Xinjiang,信江,All,14,spearman,raw,12,0.3129669589,0.3102059364,0.2619073987,0.3641298413,2000
main_raw_spearman,Xinjiang,信江,All,14,spearman,raw,13,0.3051876488,0.3027214408,0.2535714805,0.3574435115,2000
main_raw_spearman,Xinjiang,信江,All,14,spearman,raw,14,0.2931081344,0.2903263569,0.2409290373,0.3460179567,2000
main_raw_spearman,Xinjiang,信江,All,14,spearman,raw,15,0.2767949937,0.2735249996,0.2220006138,0.3305400908,2000
main_raw_spearman,Xinjiang,信江,All,14,spearman,raw,16,0.2646540136,0.2615426183,0.2080607563,0.3182552755,2000
main_raw_spearman,Xinjiang,信江,All,14,spearman,raw,17,0.2558821911,0.253000021,0.1979046464,0.3087940216,2000
main_raw_spearman,Xinjiang,信江,All,14,spearman,raw,18,0.2502459116,0.2476454973,0.191590324,0.2993351221,2000
main_raw_spearman,Xinjiang,信江,All,14,spearman,raw,19,0.2461965649,0.2437340617,0.1870757341,0.2946532071,2000
main_raw_spearman,Xinjiang,信江,All,14,spearman,raw,20,0.2441543751,0.2416974008,0.1842908561,0.2939863205,2000
main_raw_spearman,Xinjiang,信江,Autumn,14,spearman,raw,0,0.2251882071,0.2166917622,0.1337703615,0.2988359034,2000
main_raw_spearman,Xinjiang,信江,Autumn,14,spearman,raw,1,0.3189006038,0.3135675788,0.2450145632,0.3848470151,2000
main_raw_spearman,Xinjiang,信江,Autumn,14,spearman,raw,2,0.3820073961,0.3790435791,0.3068271875,0.4532234073,2000
main_raw_spearman,Xinjiang,信江,Autumn,14,spearman,raw,3,0.4021854976,0.3998760581,0.3227781355,0.4759097099,2000
main_raw_spearman,Xinjiang,信江,Autumn,14,spearman,raw,4,0.3997447727,0.3968102932,0.3252693415,0.4671929181,2000
main_raw_spearman,Xinjiang,信江,Autumn,14,spearman,raw,5,0.3795719988,0.3750252724,0.291931957,0.4558529854,2000
main_raw_spearman,Xinjiang,信江,Autumn,14,spearman,raw,6,0.3533638698,0.348916471,0.251188755,0.4392764866,2000
main_raw_spearman,Xinjiang,信江,Autumn,14,spearman,raw,7,0.3307823336,0.3252261281,0.2245050818,0.4224081933,2000
main_raw_spearman,Xinjiang,信江,Autumn,14,spearman,raw,8,0.3176964341,0.3108148575,0.2080440521,0.4098861217,2000
main_raw_spearman,Xinjiang,信江,Autumn,14,spearman,raw,9,0.3067667535,0.2998766899,0.1969720721,0.3927398026,2000
main_raw_spearman,Xinjiang,信江,Autumn,14,spearman,raw,10,0.3085219767,0.3026236892,0.203928113,0.3866588175,2000
main_raw_spearman,Xinjiang,信江,Autumn,14,spearman,raw,11,0.305466291,0.3000092506,0.2137179524,0.3735522628,2000
main_raw_spearman,Xinjiang,信江,Autumn,14,spearman,raw,12,0.3066008605,0.3028526306,0.2206997573,0.3691463768,2000
main_raw_spearman,Xinjiang,信江,Autumn,14,spearman,raw,13,0.3015636254,0.2969374955,0.2271697521,0.3590024412,2000
main_raw_spearman,Xinjiang,信江,Autumn,14,spearman,raw,14,0.2779609844,0.2732988,0.2046524733,0.335362643,2000
main_raw_spearman,Xinjiang,信江,Autumn,14,spearman,raw,15,0.248210182,0.2428127974,0.1658032387,0.3143563271,2000
main_raw_spearman,Xinjiang,信江,Autumn,14,spearman,raw,16,0.2366778459,0.2305359393,0.1436728537,0.3102903962,2000
main_raw_spearman,Xinjiang,信江,Autumn,14,spearman,raw,17,0.2186925122,0.2117207944,0.1195162237,0.2971995473,2000
main_raw_spearman,Xinjiang,信江,Autumn,14,spearman,raw,18,0.1986336394,0.1914394647,0.08820220828,0.2854262292,2000
main_raw_spearman,Xinjiang,信江,Autumn,14,spearman,raw,19,0.1892323829,0.1816260815,0.0665922761,0.2843830287,2000
main_raw_spearman,Xinjiang,信江,Autumn,14,spearman,raw,20,0.1847795067,0.17650038,0.04899772257,0.2811828554,2000
main_raw_spearman,Xinjiang,信江,Spring,14,spearman,raw,0,0.2019008787,0.2007072568,0.1345705986,0.2568838894,2000
main_raw_spearman,Xinjiang,信江,Spring,14,spearman,raw,1,0.4381525338,0.4401362538,0.3925040662,0.4777864814,2000
main_raw_spearman,Xinjiang,信江,Spring,14,spearman,raw,2,0.5046618283,0.5071427226,0.4709399343,0.5361231565,2000
main_raw_spearman,Xinjiang,信江,Spring,14,spearman,raw,3,0.4319311707,0.4339013696,0.3995947242,0.4617757499,2000
main_raw_spearman,Xinjiang,信江,Spring,14,spearman,raw,4,0.3541674238,0.3541584611,0.3171173632,0.390929997,2000
main_raw_spearman,Xinjiang,信江,Spring,14,spearman,raw,5,0.3029074188,0.3031419218,0.2500191927,0.3517279029,2000
main_raw_spearman,Xinjiang,信江,Spring,14,spearman,raw,6,0.2613709886,0.2611727118,0.1830603927,0.3276489377,2000
main_raw_spearman,Xinjiang,信江,Spring,14,spearman,raw,7,0.2235210768,0.2223470509,0.1408128291,0.291541636,2000
main_raw_spearman,Xinjiang,信江,Spring,14,spearman,raw,8,0.2036182552,0.2019290924,0.1229179278,0.2663041353,2000
main_raw_spearman,Xinjiang,信江,Spring,14,spearman,raw,9,0.2096715967,0.2072948962,0.137163505,0.2592377067,2000
main_raw_spearman,Xinjiang,信江,Spring,14,spearman,raw,10,0.2007781991,0.1982242614,0.1417396814,0.2388202995,2000
main_raw_spearman,Xinjiang,信江,Spring,14,spearman,raw,11,0.1665031696,0.1640154719,0.1066825986,0.2061827034,2000
main_raw_spearman,Xinjiang,信江,Spring,14,spearman,raw,12,0.1308578617,0.1277798116,0.06055093184,0.1834736764,2000
main_raw_spearman,Xinjiang,信江,Spring,14,spearman,raw,13,0.1053611069,0.1021579057,0.02976290137,0.168476373,2000
main_raw_spearman,Xinjiang,信江,Spring,14,spearman,raw,14,0.08259437008,0.07769178599,-0.003323265351,0.15920946,2000
main_raw_spearman,Xinjiang,信江,Spring,14,spearman,raw,15,0.06277505169,0.05681826919,-0.03602201864,0.1528131813,2000
main_raw_spearman,Xinjiang,信江,Spring,14,spearman,raw,16,0.0439836619,0.03894761205,-0.05453518778,0.1321168244,2000
main_raw_spearman,Xinjiang,信江,Spring,14,spearman,raw,17,0.03169442413,0.02684896439,-0.06119795516,0.1181893051,2000
main_raw_spearman,Xinjiang,信江,Spring,14,spearman,raw,18,0.02754380034,0.02256314456,-0.06814877689,0.1162880361,2000
main_raw_spearman,Xinjiang,信江,Spring,14,spearman,raw,19,0.0328637118,0.02825185098,-0.05620044842,0.1139004007,2000
main_raw_spearman,Xinjiang,信江,Spring,14,spearman,raw,20,0.05046445817,0.04508890212,-0.03410411999,0.124778606,2000
main_raw_spearman,Xinjiang,信江,Summer,14,spearman,raw,0,0.2830105044,0.2811613381,0.2316755503,0.3332098722,2000
main_raw_spearman,Xinjiang,信江,Summer,14,spearman,raw,1,0.4245298155,0.4246985316,0.3677901328,0.4795276821,2000
main_raw_spearman,Xinjiang,信江,Summer,14,spearman,raw,2,0.480377899,0.4810710549,0.4144471288,0.5476472974,2000
main_raw_spearman,Xinjiang,信江,Summer,14,spearman,raw,3,0.4450145876,0.4450707436,0.3795310557,0.510669589,2000
main_raw_spearman,Xinjiang,信江,Summer,14,spearman,raw,4,0.3955411346,0.3951425552,0.330057323,0.4589388371,2000
main_raw_spearman,Xinjiang,信江,Summer,14,spearman,raw,5,0.3500710817,0.3483441472,0.2755483091,0.4261365533,2000
main_raw_spearman,Xinjiang,信江,Summer,14,spearman,raw,6,0.3114833609,0.3083741963,0.2301455736,0.3984064162,2000
main_raw_spearman,Xinjiang,信江,Summer,14,spearman,raw,7,0.279013987,0.275555253,0.2007362098,0.3646862209,2000
main_raw_spearman,Xinjiang,信江,Summer,14,spearman,raw,8,0.2571706828,0.2532339096,0.1819191426,0.3393351436,2000
main_raw_spearman,Xinjiang,信江,Summer,14,spearman,raw,9,0.2364706916,0.2323221862,0.1556347758,0.3234118223,2000
main_raw_spearman,Xinjiang,信江,Summer,14,spearman,raw,10,0.2148792239,0.2109782845,0.129287079,0.3041883409,2000
main_raw_spearman,Xinjiang,信江,Summer,14,spearman,raw,11,0.2085740735,0.2052484751,0.1214506105,0.2912982404,2000
main_raw_spearman,Xinjiang,信江,Summer,14,spearman,raw,12,0.2073673313,0.2028990686,0.1205948219,0.2823250592,2000
main_raw_spearman,Xinjiang,信江,Summer,14,spearman,raw,13,0.2113834819,0.2074797601,0.1289627254,0.2795543671,2000
main_raw_spearman,Xinjiang,信江,Summer,14,spearman,raw,14,0.2113529276,0.2076823115,0.1310372651,0.2803604305,2000
main_raw_spearman,Xinjiang,信江,Summer,14,spearman,raw,15,0.190189975,0.1857607067,0.1123437285,0.2546038628,2000
main_raw_spearman,Xinjiang,信江,Summer,14,spearman,raw,16,0.1704307229,0.1663439423,0.09012194723,0.2383944988,2000
main_raw_spearman,Xinjiang,信江,Summer,14,spearman,raw,17,0.1651776553,0.1599033475,0.08293373138,0.2389871627,2000
main_raw_spearman,Xinjiang,信江,Summer,14,spearman,raw,18,0.1644281367,0.157834053,0.08544491231,0.2377426773,2000
main_raw_spearman,Xinjiang,信江,Summer,14,spearman,raw,19,0.1574283292,0.1525339037,0.07108531147,0.2325419188,2000
main_raw_spearman,Xinjiang,信江,Summer,14,spearman,raw,20,0.162335698,0.1588645279,0.06512351334,0.2419877648,2000
main_raw_spearman,Xinjiang,信江,Winter,13,spearman,raw,0,0.2374120551,0.2315855026,0.1162438095,0.3181232214,2000
main_raw_spearman,Xinjiang,信江,Winter,13,spearman,raw,1,0.3174429172,0.3178728223,0.1896595955,0.4101855457,2000
main_raw_spearman,Xinjiang,信江,Winter,13,spearman,raw,2,0.3744170412,0.3755674958,0.2578996718,0.4730187953,2000
main_raw_spearman,Xinjiang,信江,Winter,13,spearman,raw,3,0.3892379035,0.3885890245,0.2904545963,0.4805168808,2000
main_raw_spearman,Xinjiang,信江,Winter,13,spearman,raw,4,0.385773991,0.3834973574,0.2976517081,0.4732085764,2000
main_raw_spearman,Xinjiang,信江,Winter,13,spearman,raw,5,0.3758353066,0.370670855,0.2895129025,0.4603896141,2000
main_raw_spearman,Xinjiang,信江,Winter,13,spearman,raw,6,0.3664985948,0.3608160019,0.2820658386,0.4502029121,2000
main_raw_spearman,Xinjiang,信江,Winter,13,spearman,raw,7,0.3610309096,0.3547314405,0.2740597725,0.4508105218,2000
main_raw_spearman,Xinjiang,信江,Winter,13,spearman,raw,8,0.3518501852,0.3438487649,0.2616753876,0.439902693,2000
main_raw_spearman,Xinjiang,信江,Winter,13,spearman,raw,9,0.3428307228,0.334640801,0.2478839159,0.4289793968,2000
main_raw_spearman,Xinjiang,信江,Winter,13,spearman,raw,10,0.333897121,0.3244246542,0.2325220406,0.4171673357,2000
main_raw_spearman,Xinjiang,信江,Winter,13,spearman,raw,11,0.3229736461,0.3141971231,0.2133909762,0.402128756,2000
main_raw_spearman,Xinjiang,信江,Winter,13,spearman,raw,12,0.3076565018,0.2990212142,0.1924397349,0.3866237104,2000
main_raw_spearman,Xinjiang,信江,Winter,13,spearman,raw,13,0.2858760126,0.2764441371,0.1638852209,0.3626296222,2000
main_raw_spearman,Xinjiang,信江,Winter,13,spearman,raw,14,0.2562309652,0.2469364405,0.1293170899,0.3293299079,2000
main_raw_spearman,Xinjiang,信江,Winter,13,spearman,raw,15,0.2370513548,0.2300982624,0.1018200368,0.3089348972,2000
main_raw_spearman,Xinjiang,信江,Winter,13,spearman,raw,16,0.22400412,0.2185522616,0.08051217347,0.2962290943,2000
main_raw_spearman,Xinjiang,信江,Winter,13,spearman,raw,17,0.2176095688,0.2114807218,0.07076844573,0.2937068045,2000
main_raw_spearman,Xinjiang,信江,Winter,13,spearman,raw,18,0.2170647501,0.2110376358,0.07086432725,0.2928960323,2000
main_raw_spearman,Xinjiang,信江,Winter,13,spearman,raw,19,0.2026658635,0.1949874908,0.06114856154,0.272459507,2000
main_raw_spearman,Xinjiang,信江,Winter,13,spearman,raw,20,0.1837882868,0.1735233068,0.05438938737,0.2419055551,2000
main_raw_spearman,Xiushui,修水,All,14,spearman,raw,0,0.1506023728,0.1509021819,0.1029061005,0.1892810017,2000
main_raw_spearman,Xiushui,修水,All,14,spearman,raw,1,0.1708844092,0.1708704978,0.1189204752,0.2164846808,2000
main_raw_spearman,Xiushui,修水,All,14,spearman,raw,2,0.1810910379,0.1814286709,0.1268994361,0.2293836474,2000
main_raw_spearman,Xiushui,修水,All,14,spearman,raw,3,0.1925458871,0.1929864585,0.1408061683,0.2419861704,2000
main_raw_spearman,Xiushui,修水,All,14,spearman,raw,4,0.1965968956,0.1974643916,0.139956817,0.2474063635,2000
main_raw_spearman,Xiushui,修水,All,14,spearman,raw,5,0.2022454194,0.2025425583,0.1451509744,0.2510834336,2000
main_raw_spearman,Xiushui,修水,All,14,spearman,raw,6,0.1967900486,0.197209239,0.1421526521,0.2424992621,2000
main_raw_spearman,Xiushui,修水,All,14,spearman,raw,7,0.2036949408,0.2041427791,0.1557172239,0.2462895662,2000
main_raw_spearman,Xiushui,修水,All,14,spearman,raw,8,0.2024840984,0.202584058,0.1617297828,0.2389936447,2000
main_raw_spearman,Xiushui,修水,All,14,spearman,raw,9,0.1890066598,0.1892379224,0.1475114524,0.225510627,2000
main_raw_spearman,Xiushui,修水,All,14,spearman,raw,10,0.185353232,0.1853785515,0.1447390169,0.2241602689,2000
main_raw_spearman,Xiushui,修水,All,14,spearman,raw,11,0.1800694518,0.1798127592,0.1399907321,0.2191156447,2000
main_raw_spearman,Xiushui,修水,All,14,spearman,raw,12,0.1818516969,0.1821677387,0.1389898956,0.2220844775,2000
main_raw_spearman,Xiushui,修水,All,14,spearman,raw,13,0.189694681,0.1899726242,0.145396769,0.2292481065,2000
main_raw_spearman,Xiushui,修水,All,14,spearman,raw,14,0.1812862823,0.1821085513,0.1345384866,0.2245266587,2000
main_raw_spearman,Xiushui,修水,All,14,spearman,raw,15,0.1777970198,0.1778409779,0.1343333274,0.2195248008,2000
main_raw_spearman,Xiushui,修水,All,14,spearman,raw,16,0.1632800249,0.1625895947,0.1210686043,0.204325214,2000
main_raw_spearman,Xiushui,修水,All,14,spearman,raw,17,0.1505901609,0.1499190927,0.1114556193,0.186104551,2000
main_raw_spearman,Xiushui,修水,All,14,spearman,raw,18,0.1488230556,0.1490724832,0.1101544276,0.1811804175,2000
main_raw_spearman,Xiushui,修水,All,14,spearman,raw,19,0.1505259277,0.1503161192,0.1114546731,0.1827003807,2000
main_raw_spearman,Xiushui,修水,All,14,spearman,raw,20,0.1495618587,0.1490295827,0.1073584706,0.1838492751,2000
main_raw_spearman,Xiushui,修水,Autumn,14,spearman,raw,0,0.04025824025,0.04145572707,-0.01200565603,0.1016989797,2000
main_raw_spearman,Xiushui,修水,Autumn,14,spearman,raw,1,0.02894654724,0.02909243479,-0.03633883595,0.09802851826,2000
main_raw_spearman,Xiushui,修水,Autumn,14,spearman,raw,2,0.02300925042,0.02487191558,-0.048817195,0.09308600426,2000
main_raw_spearman,Xiushui,修水,Autumn,14,spearman,raw,3,0.0285681899,0.03135768697,-0.05651859567,0.1124740839,2000
main_raw_spearman,Xiushui,修水,Autumn,14,spearman,raw,4,0.02801344223,0.03092912957,-0.06339599937,0.1180055141,2000
main_raw_spearman,Xiushui,修水,Autumn,14,spearman,raw,5,0.03788187629,0.04061427712,-0.05309977382,0.129655242,2000
main_raw_spearman,Xiushui,修水,Autumn,14,spearman,raw,6,0.04679846005,0.04718860611,-0.0447031185,0.1447191685,2000
main_raw_spearman,Xiushui,修水,Autumn,14,spearman,raw,7,0.06263708464,0.06256727874,-0.03625777364,0.164369449,2000
main_raw_spearman,Xiushui,修水,Autumn,14,spearman,raw,8,0.04692652008,0.04705262184,-0.0505620949,0.1385561675,2000
main_raw_spearman,Xiushui,修水,Autumn,14,spearman,raw,9,0.0265483803,0.0275202021,-0.06896495074,0.1230525747,2000
main_raw_spearman,Xiushui,修水,Autumn,14,spearman,raw,10,0.02269398734,0.02277220972,-0.06819718331,0.1150477827,2000
main_raw_spearman,Xiushui,修水,Autumn,14,spearman,raw,11,0.01126912725,0.01256193593,-0.08596416563,0.1098048687,2000
main_raw_spearman,Xiushui,修水,Autumn,14,spearman,raw,12,0.02362957479,0.02465164661,-0.0887259841,0.1292306781,2000
main_raw_spearman,Xiushui,修水,Autumn,14,spearman,raw,13,0.07305075273,0.0732845515,-0.04572123289,0.1810510755,2000
main_raw_spearman,Xiushui,修水,Autumn,14,spearman,raw,14,0.08064565015,0.08061306179,-0.03041783348,0.1872054935,2000
main_raw_spearman,Xiushui,修水,Autumn,14,spearman,raw,15,0.08109161238,0.08122396469,-0.02294817381,0.1851199567,2000
main_raw_spearman,Xiushui,修水,Autumn,14,spearman,raw,16,0.07776400344,0.07655018568,-0.02156981826,0.1845301837,2000
main_raw_spearman,Xiushui,修水,Autumn,14,spearman,raw,17,0.07375792432,0.07341893017,-0.02515354939,0.179559961,2000
main_raw_spearman,Xiushui,修水,Autumn,14,spearman,raw,18,0.07009300559,0.0687173754,-0.02594066784,0.186725378,2000
main_raw_spearman,Xiushui,修水,Autumn,14,spearman,raw,19,0.09066820854,0.08900820464,-0.01682345197,0.2113299817,2000
main_raw_spearman,Xiushui,修水,Autumn,14,spearman,raw,20,0.1308717559,0.1301458329,0.02809147164,0.2397073805,2000
main_raw_spearman,Xiushui,修水,Spring,14,spearman,raw,0,0.06227521991,0.06330953538,-0.03346387297,0.1565101445,2000
main_raw_spearman,Xiushui,修水,Spring,14,spearman,raw,1,0.1026162363,0.1023601592,0.0249243658,0.1745831072,2000
main_raw_spearman,Xiushui,修水,Spring,14,spearman,raw,2,0.1297731373,0.1291156411,0.05769186839,0.2008286715,2000
main_raw_spearman,Xiushui,修水,Spring,14,spearman,raw,3,0.1397437372,0.1397037506,0.05899373814,0.2177331597,2000
main_raw_spearman,Xiushui,修水,Spring,14,spearman,raw,4,0.1522561471,0.1528919339,0.06799782068,0.2339918166,2000
main_raw_spearman,Xiushui,修水,Spring,14,spearman,raw,5,0.1654521233,0.1653148234,0.08231010288,0.2449878305,2000
main_raw_spearman,Xiushui,修水,Spring,14,spearman,raw,6,0.1802450811,0.1802535355,0.0952880308,0.2615137994,2000
main_raw_spearman,Xiushui,修水,Spring,14,spearman,raw,7,0.1959668838,0.1962510794,0.1200867966,0.2702734768,2000
main_raw_spearman,Xiushui,修水,Spring,14,spearman,raw,8,0.2033845332,0.2041205019,0.1328542233,0.2694365978,2000
main_raw_spearman,Xiushui,修水,Spring,14,spearman,raw,9,0.1873462226,0.1893151551,0.1242990419,0.2492745668,2000
main_raw_spearman,Xiushui,修水,Spring,14,spearman,raw,10,0.161937469,0.1648703218,0.09582014382,0.2213956118,2000
main_raw_spearman,Xiushui,修水,Spring,14,spearman,raw,11,0.1485007503,0.1498860866,0.08586975932,0.2030756325,2000
main_raw_spearman,Xiushui,修水,Spring,14,spearman,raw,12,0.1313388829,0.1318472028,0.07778317481,0.1834467053,2000
main_raw_spearman,Xiushui,修水,Spring,14,spearman,raw,13,0.1129430119,0.1131881028,0.05136483535,0.1726715565,2000
main_raw_spearman,Xiushui,修水,Spring,14,spearman,raw,14,0.1001459556,0.1003909856,0.02354545519,0.1744532883,2000
main_raw_spearman,Xiushui,修水,Spring,14,spearman,raw,15,0.0957312662,0.0943158567,0.02185476199,0.1701110899,2000
main_raw_spearman,Xiushui,修水,Spring,14,spearman,raw,16,0.06740884781,0.06614971906,-0.005181266926,0.1389504671,2000
main_raw_spearman,Xiushui,修水,Spring,14,spearman,raw,17,0.04759645149,0.04612299055,-0.03107196093,0.1231613532,2000
main_raw_spearman,Xiushui,修水,Spring,14,spearman,raw,18,0.04808460996,0.04700654,-0.02678574063,0.1226728708,2000
main_raw_spearman,Xiushui,修水,Spring,14,spearman,raw,19,0.02959755798,0.02748345211,-0.04717756063,0.1085125506,2000
main_raw_spearman,Xiushui,修水,Spring,14,spearman,raw,20,0.01179396349,0.01030950621,-0.07007505745,0.09366081655,2000
main_raw_spearman,Xiushui,修水,Summer,14,spearman,raw,0,0.1089493043,0.1069328412,0.02888832428,0.1930406243,2000
main_raw_spearman,Xiushui,修水,Summer,14,spearman,raw,1,0.1512600257,0.1506037116,0.06288474053,0.2433352768,2000
main_raw_spearman,Xiushui,修水,Summer,14,spearman,raw,2,0.1732882378,0.1719790101,0.09165036678,0.2584846914,2000
main_raw_spearman,Xiushui,修水,Summer,14,spearman,raw,3,0.2031431511,0.2036343366,0.1365628839,0.2716051638,2000
main_raw_spearman,Xiushui,修水,Summer,14,spearman,raw,4,0.1960277723,0.195564121,0.1231134087,0.2663007081,2000
main_raw_spearman,Xiushui,修水,Summer,14,spearman,raw,5,0.1694004391,0.1688427925,0.09525212646,0.2341224849,2000
main_raw_spearman,Xiushui,修水,Summer,14,spearman,raw,6,0.1385455277,0.1379902363,0.05889059976,0.2003558576,2000
main_raw_spearman,Xiushui,修水,Summer,14,spearman,raw,7,0.1362919374,0.1362492293,0.05362907425,0.2006665021,2000
main_raw_spearman,Xiushui,修水,Summer,14,spearman,raw,8,0.127177399,0.125754565,0.05131725594,0.1868985891,2000
main_raw_spearman,Xiushui,修水,Summer,14,spearman,raw,9,0.1160350902,0.1146671697,0.04274402931,0.1747562736,2000
main_raw_spearman,Xiushui,修水,Summer,14,spearman,raw,10,0.1289917855,0.1281200051,0.06327113509,0.1878238171,2000
main_raw_spearman,Xiushui,修水,Summer,14,spearman,raw,11,0.1401551212,0.1380102336,0.06683239341,0.204050377,2000
main_raw_spearman,Xiushui,修水,Summer,14,spearman,raw,12,0.1337932669,0.1316277981,0.04634376243,0.2059860677,2000
main_raw_spearman,Xiushui,修水,Summer,14,spearman,raw,13,0.1340315863,0.1323669851,0.05246733129,0.2021824121,2000
main_raw_spearman,Xiushui,修水,Summer,14,spearman,raw,14,0.1337869699,0.1304562688,0.05993264169,0.1983292252,2000
main_raw_spearman,Xiushui,修水,Summer,14,spearman,raw,15,0.1267882547,0.1228659153,0.05376077816,0.1892007589,2000
main_raw_spearman,Xiushui,修水,Summer,14,spearman,raw,16,0.1103738425,0.1036286801,0.03709389642,0.1745529622,2000
main_raw_spearman,Xiushui,修水,Summer,14,spearman,raw,17,0.098022164,0.09158995748,0.02485517971,0.1604815871,2000
main_raw_spearman,Xiushui,修水,Summer,14,spearman,raw,18,0.1017986445,0.09584318101,0.03089179471,0.1666119993,2000
main_raw_spearman,Xiushui,修水,Summer,14,spearman,raw,19,0.1096828915,0.1033710241,0.04480215162,0.1739047766,2000
main_raw_spearman,Xiushui,修水,Summer,14,spearman,raw,20,0.09144734726,0.08476789296,0.01778072305,0.1656849533,2000
main_raw_spearman,Xiushui,修水,Winter,13,spearman,raw,0,0.08875335808,0.09023546427,0.001136905863,0.1847820431,2000
main_raw_spearman,Xiushui,修水,Winter,13,spearman,raw,1,0.1125035946,0.1144169047,0.03215122968,0.2048475295,2000
main_raw_spearman,Xiushui,修水,Winter,13,spearman,raw,2,0.1041111716,0.1041670963,0.02225228027,0.2005700022,2000
main_raw_spearman,Xiushui,修水,Winter,13,spearman,raw,3,0.103838367,0.1040498018,0.01936984062,0.2063492835,2000
main_raw_spearman,Xiushui,修水,Winter,13,spearman,raw,4,0.1049642888,0.1047527641,0.02563021705,0.2017441541,2000
main_raw_spearman,Xiushui,修水,Winter,13,spearman,raw,5,0.1345233733,0.1340553015,0.07462862879,0.214981541,2000
main_raw_spearman,Xiushui,修水,Winter,13,spearman,raw,6,0.1353110925,0.1362483948,0.07731474936,0.2039117068,2000
main_raw_spearman,Xiushui,修水,Winter,13,spearman,raw,7,0.1379120303,0.1401567459,0.07758291811,0.203531146,2000
main_raw_spearman,Xiushui,修水,Winter,13,spearman,raw,8,0.1115163897,0.1141222268,0.05554231629,0.1714370102,2000
main_raw_spearman,Xiushui,修水,Winter,13,spearman,raw,9,0.08525149987,0.08694536984,0.03351479769,0.1460236758,2000
main_raw_spearman,Xiushui,修水,Winter,13,spearman,raw,10,0.0725981795,0.0745601058,0.01783045381,0.136146307,2000
main_raw_spearman,Xiushui,修水,Winter,13,spearman,raw,11,0.06224297899,0.0619129464,0.01585675217,0.1269887984,2000
main_raw_spearman,Xiushui,修水,Winter,13,spearman,raw,12,0.07460655738,0.07707521319,0.02020873874,0.1476907581,2000
main_raw_spearman,Xiushui,修水,Winter,13,spearman,raw,13,0.09197753983,0.09454151988,0.02791081555,0.1718267351,2000
main_raw_spearman,Xiushui,修水,Winter,13,spearman,raw,14,0.06053184856,0.06352749467,-0.01259415504,0.1496507078,2000
main_raw_spearman,Xiushui,修水,Winter,13,spearman,raw,15,0.03324638259,0.03643080592,-0.04851666093,0.1285267472,2000
main_raw_spearman,Xiushui,修水,Winter,13,spearman,raw,16,0.00522134918,0.0083134491,-0.07766754925,0.1046688482,2000
main_raw_spearman,Xiushui,修水,Winter,13,spearman,raw,17,-0.004135651002,0.0005497058155,-0.09820617735,0.1080309525,2000
main_raw_spearman,Xiushui,修水,Winter,13,spearman,raw,18,-0.004209868425,0.001337405061,-0.1020146161,0.1079144627,2000
main_raw_spearman,Xiushui,修水,Winter,13,spearman,raw,19,-0.01207019273,-0.01059733331,-0.1103315949,0.1050926,2000
main_raw_spearman,Xiushui,修水,Winter,13,spearman,raw,20,-0.0007996707765,0.001155198552,-0.09573566914,0.1065525264,2000
main_smooth_doy_spearman,Changjiang,昌江,All,14,spearman,smooth_doy31,0,0.3875584237,0.3900516033,0.3395257294,0.436575979,2000
main_smooth_doy_spearman,Changjiang,昌江,All,14,spearman,smooth_doy31,1,0.5277664653,0.5296140909,0.492495209,0.5640830994,2000
main_smooth_doy_spearman,Changjiang,昌江,All,14,spearman,smooth_doy31,2,0.5353408682,0.5382040739,0.4984848797,0.572943747,2000
main_smooth_doy_spearman,Changjiang,昌江,All,14,spearman,smooth_doy31,3,0.4854394404,0.4884634912,0.4447476864,0.5254086852,2000
main_smooth_doy_spearman,Changjiang,昌江,All,14,spearman,smooth_doy31,4,0.434733294,0.4375551939,0.3902897239,0.4793621898,2000
main_smooth_doy_spearman,Changjiang,昌江,All,14,spearman,smooth_doy31,5,0.398379942,0.3991311789,0.3491235077,0.4482506812,2000
main_smooth_doy_spearman,Changjiang,昌江,All,14,spearman,smooth_doy31,6,0.3577165311,0.3587176502,0.2998289168,0.4164834619,2000
main_smooth_doy_spearman,Changjiang,昌江,All,14,spearman,smooth_doy31,7,0.3334965971,0.3343985677,0.2821912766,0.3885242045,2000
main_smooth_doy_spearman,Changjiang,昌江,All,14,spearman,smooth_doy31,8,0.3230016459,0.3252742589,0.2712669373,0.3781705201,2000
main_smooth_doy_spearman,Changjiang,昌江,All,14,spearman,smooth_doy31,9,0.3165651185,0.3187025189,0.2617661655,0.3705510497,2000
main_smooth_doy_spearman,Changjiang,昌江,All,14,spearman,smooth_doy31,10,0.3058530291,0.3077748418,0.251611501,0.3573726416,2000
main_smooth_doy_spearman,Changjiang,昌江,All,14,spearman,smooth_doy31,11,0.2953000559,0.2966697812,0.2435587198,0.3455382288,2000
main_smooth_doy_spearman,Changjiang,昌江,All,14,spearman,smooth_doy31,12,0.2713818073,0.2727968693,0.2145599276,0.3245722055,2000
main_smooth_doy_spearman,Changjiang,昌江,All,14,spearman,smooth_doy31,13,0.2596164186,0.2608759403,0.2010411769,0.3143069148,2000
main_smooth_doy_spearman,Changjiang,昌江,All,14,spearman,smooth_doy31,14,0.2408583505,0.2421380877,0.1811415255,0.3019616604,2000
main_smooth_doy_spearman,Changjiang,昌江,All,14,spearman,smooth_doy31,15,0.235930708,0.2364152968,0.1818338335,0.2930926085,2000
main_smooth_doy_spearman,Changjiang,昌江,All,14,spearman,smooth_doy31,16,0.2332003825,0.2326541245,0.1810430735,0.2899803817,2000
main_smooth_doy_spearman,Changjiang,昌江,All,14,spearman,smooth_doy31,17,0.2277346594,0.2268293202,0.1720899343,0.2912944853,2000
main_smooth_doy_spearman,Changjiang,昌江,All,14,spearman,smooth_doy31,18,0.2242343625,0.2241881341,0.1596168876,0.2884832919,2000
main_smooth_doy_spearman,Changjiang,昌江,All,14,spearman,smooth_doy31,19,0.2248040869,0.2256609797,0.1662829816,0.2840608954,2000
main_smooth_doy_spearman,Changjiang,昌江,All,14,spearman,smooth_doy31,20,0.2285520386,0.2293370068,0.1742438674,0.2820612788,2000
main_smooth_doy_spearman,Changjiang,昌江,Autumn,14,spearman,smooth_doy31,0,0.2030589562,0.2041060477,0.1178000495,0.284670651,2000
main_smooth_doy_spearman,Changjiang,昌江,Autumn,14,spearman,smooth_doy31,1,0.2638756663,0.2667037249,0.1917000264,0.3366559446,2000
main_smooth_doy_spearman,Changjiang,昌江,Autumn,14,spearman,smooth_doy31,2,0.2978842313,0.3010219634,0.2288374305,0.3698810637,2000
main_smooth_doy_spearman,Changjiang,昌江,Autumn,14,spearman,smooth_doy31,3,0.2888132041,0.2910567522,0.2188808322,0.3616563678,2000
main_smooth_doy_spearman,Changjiang,昌江,Autumn,14,spearman,smooth_doy31,4,0.2752953324,0.2756975889,0.1943493634,0.3552356064,2000
main_smooth_doy_spearman,Changjiang,昌江,Autumn,14,spearman,smooth_doy31,5,0.2616192427,0.261022687,0.1777697355,0.3431290984,2000
main_smooth_doy_spearman,Changjiang,昌江,Autumn,14,spearman,smooth_doy31,6,0.2398344733,0.2390679866,0.1632992327,0.3113595843,2000
main_smooth_doy_spearman,Changjiang,昌江,Autumn,14,spearman,smooth_doy31,7,0.2199429226,0.2202797979,0.1394033581,0.2880985141,2000
main_smooth_doy_spearman,Changjiang,昌江,Autumn,14,spearman,smooth_doy31,8,0.1993036698,0.2004257143,0.1150313169,0.2717681527,2000
main_smooth_doy_spearman,Changjiang,昌江,Autumn,14,spearman,smooth_doy31,9,0.175230844,0.1764357388,0.08102617413,0.2564103901,2000
main_smooth_doy_spearman,Changjiang,昌江,Autumn,14,spearman,smooth_doy31,10,0.1575602567,0.1587032825,0.05729193985,0.2460333854,2000
main_smooth_doy_spearman,Changjiang,昌江,Autumn,14,spearman,smooth_doy31,11,0.1488613456,0.1480514407,0.05935124308,0.2347126007,2000
main_smooth_doy_spearman,Changjiang,昌江,Autumn,14,spearman,smooth_doy31,12,0.1402558852,0.1389614046,0.0409517698,0.236717999,2000
main_smooth_doy_spearman,Changjiang,昌江,Autumn,14,spearman,smooth_doy31,13,0.1385982483,0.1374725997,0.03453615308,0.2398044616,2000
main_smooth_doy_spearman,Changjiang,昌江,Autumn,14,spearman,smooth_doy31,14,0.1259097573,0.1248263344,0.03609164059,0.2125323713,2000
main_smooth_doy_spearman,Changjiang,昌江,Autumn,14,spearman,smooth_doy31,15,0.1001006034,0.09987923503,0.01907709986,0.1766796857,2000
main_smooth_doy_spearman,Changjiang,昌江,Autumn,14,spearman,smooth_doy31,16,0.08813708177,0.08669925481,0.01793608442,0.1539378017,2000
main_smooth_doy_spearman,Changjiang,昌江,Autumn,14,spearman,smooth_doy31,17,0.08582181846,0.08172471821,0.01472789608,0.1503112316,2000
main_smooth_doy_spearman,Changjiang,昌江,Autumn,14,spearman,smooth_doy31,18,0.0919387143,0.08896158636,0.02336025611,0.1502786279,2000
main_smooth_doy_spearman,Changjiang,昌江,Autumn,14,spearman,smooth_doy31,19,0.09310749555,0.09048826993,0.02300234325,0.1504294723,2000
main_smooth_doy_spearman,Changjiang,昌江,Autumn,14,spearman,smooth_doy31,20,0.08339332942,0.08130510151,0.002767560305,0.1466193348,2000
main_smooth_doy_spearman,Changjiang,昌江,Spring,14,spearman,smooth_doy31,0,0.282258236,0.2818588912,0.2179362625,0.3446106911,2000
main_smooth_doy_spearman,Changjiang,昌江,Spring,14,spearman,smooth_doy31,1,0.4368003974,0.4389290512,0.4036892354,0.4743591249,2000
main_smooth_doy_spearman,Changjiang,昌江,Spring,14,spearman,smooth_doy31,2,0.4368286292,0.4397560358,0.395673275,0.4773599207,2000
main_smooth_doy_spearman,Changjiang,昌江,Spring,14,spearman,smooth_doy31,3,0.3755664044,0.3784946501,0.3146813214,0.4309922755,2000
main_smooth_doy_spearman,Changjiang,昌江,Spring,14,spearman,smooth_doy31,4,0.3152409764,0.3163865209,0.2500346303,0.3752427399,2000
main_smooth_doy_spearman,Changjiang,昌江,Spring,14,spearman,smooth_doy31,5,0.271148916,0.2703800797,0.1949973106,0.3519107699,2000
main_smooth_doy_spearman,Changjiang,昌江,Spring,14,spearman,smooth_doy31,6,0.2169731233,0.214868471,0.1294588149,0.3063763082,2000
main_smooth_doy_spearman,Changjiang,昌江,Spring,14,spearman,smooth_doy31,7,0.2057217437,0.2044838965,0.1195011735,0.2939277887,2000
main_smooth_doy_spearman,Changjiang,昌江,Spring,14,spearman,smooth_doy31,8,0.206379454,0.2036857456,0.1223702952,0.2876256108,2000
main_smooth_doy_spearman,Changjiang,昌江,Spring,14,spearman,smooth_doy31,9,0.2154657,0.2140796185,0.1147368625,0.3056827486,2000
main_smooth_doy_spearman,Changjiang,昌江,Spring,14,spearman,smooth_doy31,10,0.2135628267,0.2121998966,0.1133226529,0.3041462004,2000
main_smooth_doy_spearman,Changjiang,昌江,Spring,14,spearman,smooth_doy31,11,0.1918534838,0.1909352243,0.09016078711,0.2834816575,2000
main_smooth_doy_spearman,Changjiang,昌江,Spring,14,spearman,smooth_doy31,12,0.1505198544,0.1498637199,0.03247901425,0.2555502057,2000
main_smooth_doy_spearman,Changjiang,昌江,Spring,14,spearman,smooth_doy31,13,0.1261895924,0.1244993806,-0.004637947306,0.2383386642,2000
main_smooth_doy_spearman,Changjiang,昌江,Spring,14,spearman,smooth_doy31,14,0.1137548347,0.1123351231,-0.01805253699,0.2212921679,2000
main_smooth_doy_spearman,Changjiang,昌江,Spring,14,spearman,smooth_doy31,15,0.1064049794,0.1035166383,-0.02456081659,0.2133051902,2000
main_smooth_doy_spearman,Changjiang,昌江,Spring,14,spearman,smooth_doy31,16,0.1096888988,0.1066595465,-0.008572991006,0.2133965343,2000
main_smooth_doy_spearman,Changjiang,昌江,Spring,14,spearman,smooth_doy31,17,0.1206120824,0.11770688,0.01489366777,0.2121047974,2000
main_smooth_doy_spearman,Changjiang,昌江,Spring,14,spearman,smooth_doy31,18,0.1176223945,0.1150529087,0.01790497825,0.203079313,2000
main_smooth_doy_spearman,Changjiang,昌江,Spring,14,spearman,smooth_doy31,19,0.1035941569,0.1029735282,0.004235578701,0.1898664683,2000
main_smooth_doy_spearman,Changjiang,昌江,Spring,14,spearman,smooth_doy31,20,0.1298233103,0.1293967962,0.02617044747,0.2228117883,2000
main_smooth_doy_spearman,Changjiang,昌江,Summer,14,spearman,smooth_doy31,0,0.4156533827,0.4157820344,0.3415978551,0.4806714058,2000
main_smooth_doy_spearman,Changjiang,昌江,Summer,14,spearman,smooth_doy31,1,0.5923327191,0.5924584866,0.5487681031,0.6328555942,2000
main_smooth_doy_spearman,Changjiang,昌江,Summer,14,spearman,smooth_doy31,2,0.5898876905,0.5900434256,0.5390686989,0.6319380999,2000
main_smooth_doy_spearman,Changjiang,昌江,Summer,14,spearman,smooth_doy31,3,0.5075944628,0.5086760521,0.436632812,0.5664407611,2000
main_smooth_doy_spearman,Changjiang,昌江,Summer,14,spearman,smooth_doy31,4,0.44263555,0.4428373277,0.3750119209,0.5042505264,2000
main_smooth_doy_spearman,Changjiang,昌江,Summer,14,spearman,smooth_doy31,5,0.3933979754,0.3920589685,0.3252845407,0.4612173736,2000
main_smooth_doy_spearman,Changjiang,昌江,Summer,14,spearman,smooth_doy31,6,0.3428930328,0.3396199346,0.2493955195,0.4336835742,2000
main_smooth_doy_spearman,Changjiang,昌江,Summer,14,spearman,smooth_doy31,7,0.2991205933,0.2964796424,0.2021565586,0.3910999894,2000
main_smooth_doy_spearman,Changjiang,昌江,Summer,14,spearman,smooth_doy31,8,0.2689287979,0.2673124075,0.1697135121,0.3604213595,2000
main_smooth_doy_spearman,Changjiang,昌江,Summer,14,spearman,smooth_doy31,9,0.2554734288,0.2527754605,0.1566729844,0.3467193842,2000
main_smooth_doy_spearman,Changjiang,昌江,Summer,14,spearman,smooth_doy31,10,0.2448742553,0.240733847,0.1527948529,0.3314624131,2000
main_smooth_doy_spearman,Changjiang,昌江,Summer,14,spearman,smooth_doy31,11,0.2340186272,0.2317676693,0.147926271,0.3161723316,2000
main_smooth_doy_spearman,Changjiang,昌江,Summer,14,spearman,smooth_doy31,12,0.211958243,0.2101196647,0.1173120812,0.3026782274,2000
main_smooth_doy_spearman,Changjiang,昌江,Summer,14,spearman,smooth_doy31,13,0.1773543687,0.1758180261,0.07118594646,0.2801319361,2000
main_smooth_doy_spearman,Changjiang,昌江,Summer,14,spearman,smooth_doy31,14,0.1573103931,0.1550887823,0.05534037575,0.2559709847,2000
main_smooth_doy_spearman,Changjiang,昌江,Summer,14,spearman,smooth_doy31,15,0.1681957093,0.1655479372,0.07922437787,0.2534687817,2000
main_smooth_doy_spearman,Changjiang,昌江,Summer,14,spearman,smooth_doy31,16,0.1778539188,0.1741440743,0.1019245684,0.2542071342,2000
main_smooth_doy_spearman,Changjiang,昌江,Summer,14,spearman,smooth_doy31,17,0.1536116947,0.1493850797,0.07186441869,0.2379819602,2000
main_smooth_doy_spearman,Changjiang,昌江,Summer,14,spearman,smooth_doy31,18,0.1405893974,0.1370785534,0.05395725742,0.223821938,2000
main_smooth_doy_spearman,Changjiang,昌江,Summer,14,spearman,smooth_doy31,19,0.1314705858,0.1281523407,0.05377702788,0.2043438405,2000
main_smooth_doy_spearman,Changjiang,昌江,Summer,14,spearman,smooth_doy31,20,0.1358558606,0.1333237588,0.05930596963,0.2102094889,2000
main_smooth_doy_spearman,Changjiang,昌江,Winter,13,spearman,smooth_doy31,0,0.3743228788,0.3705092072,0.2894193828,0.4687570333,2000
main_smooth_doy_spearman,Changjiang,昌江,Winter,13,spearman,smooth_doy31,1,0.4430160343,0.4404445887,0.3801926672,0.5209084749,2000
main_smooth_doy_spearman,Changjiang,昌江,Winter,13,spearman,smooth_doy31,2,0.471729705,0.4708327651,0.414726764,0.5416459441,2000
main_smooth_doy_spearman,Changjiang,昌江,Winter,13,spearman,smooth_doy31,3,0.4635114384,0.4625354409,0.4070290625,0.53247118,2000
main_smooth_doy_spearman,Changjiang,昌江,Winter,13,spearman,smooth_doy31,4,0.435286303,0.433006376,0.3634060621,0.5138686299,2000
main_smooth_doy_spearman,Changjiang,昌江,Winter,13,spearman,smooth_doy31,5,0.4282720643,0.4274086058,0.3323067725,0.5168126822,2000
main_smooth_doy_spearman,Changjiang,昌江,Winter,13,spearman,smooth_doy31,6,0.4052076735,0.4069676995,0.2850110233,0.5052575469,2000
main_smooth_doy_spearman,Changjiang,昌江,Winter,13,spearman,smooth_doy31,7,0.4142834645,0.4143571854,0.2975843251,0.5132555366,2000
main_smooth_doy_spearman,Changjiang,昌江,Winter,13,spearman,smooth_doy31,8,0.4118513691,0.4106229246,0.3148404658,0.4974300265,2000
main_smooth_doy_spearman,Changjiang,昌江,Winter,13,spearman,smooth_doy31,9,0.3952484139,0.3921892643,0.298959583,0.4828438759,2000
main_smooth_doy_spearman,Changjiang,昌江,Winter,13,spearman,smooth_doy31,10,0.3846734704,0.3814946413,0.2850427926,0.468973428,2000
main_smooth_doy_spearman,Changjiang,昌江,Winter,13,spearman,smooth_doy31,11,0.367079322,0.3640269637,0.2738603354,0.4455213249,2000
main_smooth_doy_spearman,Changjiang,昌江,Winter,13,spearman,smooth_doy31,12,0.363142925,0.3589226604,0.2819211185,0.4321123362,2000
main_smooth_doy_spearman,Changjiang,昌江,Winter,13,spearman,smooth_doy31,13,0.3301184381,0.3245785832,0.2477081418,0.4016602933,2000
main_smooth_doy_spearman,Changjiang,昌江,Winter,13,spearman,smooth_doy31,14,0.2910725678,0.2865673006,0.1827417463,0.3757998943,2000
main_smooth_doy_spearman,Changjiang,昌江,Winter,13,spearman,smooth_doy31,15,0.2850565094,0.2815781832,0.1642113924,0.3761233985,2000
main_smooth_doy_spearman,Changjiang,昌江,Winter,13,spearman,smooth_doy31,16,0.2782244171,0.2734845877,0.1682101637,0.3668566942,2000
main_smooth_doy_spearman,Changjiang,昌江,Winter,13,spearman,smooth_doy31,17,0.2736539638,0.2700317502,0.1638227552,0.3605709076,2000
main_smooth_doy_spearman,Changjiang,昌江,Winter,13,spearman,smooth_doy31,18,0.2716839147,0.2673975825,0.1482320875,0.363535285,2000
main_smooth_doy_spearman,Changjiang,昌江,Winter,13,spearman,smooth_doy31,19,0.2796646297,0.2769499421,0.154158175,0.3720820248,2000
main_smooth_doy_spearman,Changjiang,昌江,Winter,13,spearman,smooth_doy31,20,0.2621237606,0.2607605755,0.1351418197,0.3584571481,2000
main_smooth_doy_spearman,Fuhe,抚河,All,14,spearman,smooth_doy31,0,0.240691007,0.242024079,0.1796137393,0.3016471267,2000
main_smooth_doy_spearman,Fuhe,抚河,All,14,spearman,smooth_doy31,1,0.4207230521,0.4231262803,0.3750413358,0.4714488983,2000
main_smooth_doy_spearman,Fuhe,抚河,All,14,spearman,smooth_doy31,2,0.4981627717,0.4996683002,0.4633907676,0.5421854854,2000
main_smooth_doy_spearman,Fuhe,抚河,All,14,spearman,smooth_doy31,3,0.4544599005,0.4550183415,0.419210732,0.500870347,2000
main_smooth_doy_spearman,Fuhe,抚河,All,14,spearman,smooth_doy31,4,0.3911780782,0.3915670514,0.3484054506,0.439669013,2000
main_smooth_doy_spearman,Fuhe,抚河,All,14,spearman,smooth_doy31,5,0.3354360892,0.3352862597,0.2842447162,0.3871274889,2000
main_smooth_doy_spearman,Fuhe,抚河,All,14,spearman,smooth_doy31,6,0.2986836129,0.2984240651,0.2471830696,0.3486903906,2000
main_smooth_doy_spearman,Fuhe,抚河,All,14,spearman,smooth_doy31,7,0.2663169779,0.2656422555,0.2129699141,0.3190530241,2000
main_smooth_doy_spearman,Fuhe,抚河,All,14,spearman,smooth_doy31,8,0.2463602348,0.2452813238,0.1877167523,0.303869158,2000
main_smooth_doy_spearman,Fuhe,抚河,All,14,spearman,smooth_doy31,9,0.2372574795,0.2367792428,0.1755256653,0.3001866639,2000
main_smooth_doy_spearman,Fuhe,抚河,All,14,spearman,smooth_doy31,10,0.222177142,0.2217350006,0.1599382311,0.2869554162,2000
main_smooth_doy_spearman,Fuhe,抚河,All,14,spearman,smooth_doy31,11,0.2041596755,0.2033301741,0.1433388591,0.2668717504,2000
main_smooth_doy_spearman,Fuhe,抚河,All,14,spearman,smooth_doy31,12,0.1868630656,0.1858609319,0.1271578521,0.2460140586,2000
main_smooth_doy_spearman,Fuhe,抚河,All,14,spearman,smooth_doy31,13,0.1747290202,0.1744384468,0.1176956892,0.2296604216,2000
main_smooth_doy_spearman,Fuhe,抚河,All,14,spearman,smooth_doy31,14,0.172302163,0.172015056,0.1167407334,0.2252193242,2000
main_smooth_doy_spearman,Fuhe,抚河,All,14,spearman,smooth_doy31,15,0.1723671145,0.1723336875,0.1144374683,0.2267207503,2000
main_smooth_doy_spearman,Fuhe,抚河,All,14,spearman,smooth_doy31,16,0.163898525,0.1630949378,0.1017175615,0.2237249017,2000
main_smooth_doy_spearman,Fuhe,抚河,All,14,spearman,smooth_doy31,17,0.1530469009,0.1524219215,0.08760111034,0.2169012576,2000
main_smooth_doy_spearman,Fuhe,抚河,All,14,spearman,smooth_doy31,18,0.1554608386,0.154723227,0.0900862962,0.218046397,2000
main_smooth_doy_spearman,Fuhe,抚河,All,14,spearman,smooth_doy31,19,0.148540372,0.1481688321,0.08148751408,0.214294076,2000
main_smooth_doy_spearman,Fuhe,抚河,All,14,spearman,smooth_doy31,20,0.1431138979,0.1429080814,0.07860384881,0.2070753872,2000
main_smooth_doy_spearman,Fuhe,抚河,Autumn,14,spearman,smooth_doy31,0,0.320001359,0.317101717,0.1869416386,0.4446082115,2000
main_smooth_doy_spearman,Fuhe,抚河,Autumn,14,spearman,smooth_doy31,1,0.4080277308,0.4072433412,0.3005979359,0.5166721344,2000
main_smooth_doy_spearman,Fuhe,抚河,Autumn,14,spearman,smooth_doy31,2,0.4855343023,0.4850663543,0.3882445693,0.5958204269,2000
main_smooth_doy_spearman,Fuhe,抚河,Autumn,14,spearman,smooth_doy31,3,0.4896174863,0.4875516295,0.3804101348,0.6107480526,2000
main_smooth_doy_spearman,Fuhe,抚河,Autumn,14,spearman,smooth_doy31,4,0.4747373643,0.474252224,0.3561571538,0.6045639515,2000
main_smooth_doy_spearman,Fuhe,抚河,Autumn,14,spearman,smooth_doy31,5,0.4364628242,0.434479773,0.3025715351,0.5744178295,2000
main_smooth_doy_spearman,Fuhe,抚河,Autumn,14,spearman,smooth_doy31,6,0.4001620327,0.3982321322,0.2571431398,0.5443480611,2000
main_smooth_doy_spearman,Fuhe,抚河,Autumn,14,spearman,smooth_doy31,7,0.3721636846,0.3707907796,0.2299532145,0.5076004863,2000
main_smooth_doy_spearman,Fuhe,抚河,Autumn,14,spearman,smooth_doy31,8,0.3495527424,0.3495178223,0.1968878359,0.4881209731,2000
main_smooth_doy_spearman,Fuhe,抚河,Autumn,14,spearman,smooth_doy31,9,0.3211082502,0.3205307126,0.1592416912,0.4623560607,2000
main_smooth_doy_spearman,Fuhe,抚河,Autumn,14,spearman,smooth_doy31,10,0.2820889926,0.281565249,0.1161117107,0.4308931828,2000
main_smooth_doy_spearman,Fuhe,抚河,Autumn,14,spearman,smooth_doy31,11,0.2603383121,0.256947279,0.1016160697,0.4052395523,2000
main_smooth_doy_spearman,Fuhe,抚河,Autumn,14,spearman,smooth_doy31,12,0.2501300521,0.2456305027,0.09277142584,0.4015289843,2000
main_smooth_doy_spearman,Fuhe,抚河,Autumn,14,spearman,smooth_doy31,13,0.2324217566,0.2277762741,0.0720244199,0.387914598,2000
main_smooth_doy_spearman,Fuhe,抚河,Autumn,14,spearman,smooth_doy31,14,0.1998474882,0.1944856644,0.05045412481,0.3540098965,2000
main_smooth_doy_spearman,Fuhe,抚河,Autumn,14,spearman,smooth_doy31,15,0.178869712,0.1734738648,0.0294773411,0.3236370385,2000
main_smooth_doy_spearman,Fuhe,抚河,Autumn,14,spearman,smooth_doy31,16,0.1498358568,0.1454980969,-0.002990834881,0.2939548492,2000
main_smooth_doy_spearman,Fuhe,抚河,Autumn,14,spearman,smooth_doy31,17,0.1169066126,0.1141414642,-0.04177847132,0.2584772408,2000
main_smooth_doy_spearman,Fuhe,抚河,Autumn,14,spearman,smooth_doy31,18,0.1112147588,0.1097838804,-0.03959464654,0.2441775799,2000
main_smooth_doy_spearman,Fuhe,抚河,Autumn,14,spearman,smooth_doy31,19,0.09778175175,0.09733629227,-0.04050681368,0.218507424,2000
main_smooth_doy_spearman,Fuhe,抚河,Autumn,14,spearman,smooth_doy31,20,0.1065339815,0.1061469913,-0.03025539406,0.2237032205,2000
main_smooth_doy_spearman,Fuhe,抚河,Spring,14,spearman,smooth_doy31,0,0.2028243736,0.1988405287,0.1192563847,0.276249826,2000
main_smooth_doy_spearman,Fuhe,抚河,Spring,14,spearman,smooth_doy31,1,0.4163425176,0.4164633751,0.3715941012,0.4708689153,2000
main_smooth_doy_spearman,Fuhe,抚河,Spring,14,spearman,smooth_doy31,2,0.4959635184,0.498539269,0.4561825991,0.5509943962,2000
main_smooth_doy_spearman,Fuhe,抚河,Spring,14,spearman,smooth_doy31,3,0.4457821077,0.4461965561,0.4063254893,0.4947051406,2000
main_smooth_doy_spearman,Fuhe,抚河,Spring,14,spearman,smooth_doy31,4,0.3838941576,0.3848469555,0.3304085732,0.4366328418,2000
main_smooth_doy_spearman,Fuhe,抚河,Spring,14,spearman,smooth_doy31,5,0.3279402047,0.3272782564,0.2681358159,0.3845742643,2000
main_smooth_doy_spearman,Fuhe,抚河,Spring,14,spearman,smooth_doy31,6,0.2976296234,0.2955545485,0.2348436117,0.3549427092,2000
main_smooth_doy_spearman,Fuhe,抚河,Spring,14,spearman,smooth_doy31,7,0.2689465027,0.2652335763,0.1990939528,0.337287724,2000
main_smooth_doy_spearman,Fuhe,抚河,Spring,14,spearman,smooth_doy31,8,0.2493407863,0.2456207573,0.1618247032,0.3324800432,2000
main_smooth_doy_spearman,Fuhe,抚河,Spring,14,spearman,smooth_doy31,9,0.2551402179,0.252433598,0.1499602199,0.3525343239,2000
main_smooth_doy_spearman,Fuhe,抚河,Spring,14,spearman,smooth_doy31,10,0.2610942156,0.259126842,0.1558537036,0.3520181477,2000
main_smooth_doy_spearman,Fuhe,抚河,Spring,14,spearman,smooth_doy31,11,0.2281352451,0.2268828452,0.1223463789,0.3105756938,2000
main_smooth_doy_spearman,Fuhe,抚河,Spring,14,spearman,smooth_doy31,12,0.1951997509,0.191858083,0.07852323353,0.287135005,2000
main_smooth_doy_spearman,Fuhe,抚河,Spring,14,spearman,smooth_doy31,13,0.1701014977,0.1677133739,0.05553266034,0.2627121508,2000
main_smooth_doy_spearman,Fuhe,抚河,Spring,14,spearman,smooth_doy31,14,0.1480472588,0.1453257799,0.03788128868,0.2364951223,2000
main_smooth_doy_spearman,Fuhe,抚河,Spring,14,spearman,smooth_doy31,15,0.1456707079,0.1438178122,0.03805002198,0.229641974,2000
main_smooth_doy_spearman,Fuhe,抚河,Spring,14,spearman,smooth_doy31,16,0.1446097792,0.1420152187,0.02710595727,0.2355254143,2000
main_smooth_doy_spearman,Fuhe,抚河,Spring,14,spearman,smooth_doy31,17,0.1410104797,0.1384207904,0.01755617186,0.2381514907,2000
main_smooth_doy_spearman,Fuhe,抚河,Spring,14,spearman,smooth_doy31,18,0.1471219055,0.143630743,0.03810108081,0.2291707546,2000
main_smooth_doy_spearman,Fuhe,抚河,Spring,14,spearman,smooth_doy31,19,0.1429276662,0.1390777975,0.04516544193,0.2193862498,2000
main_smooth_doy_spearman,Fuhe,抚河,Spring,14,spearman,smooth_doy31,20,0.1402983034,0.1345461309,0.03352017701,0.2275616974,2000
main_smooth_doy_spearman,Fuhe,抚河,Summer,14,spearman,smooth_doy31,0,0.2593905531,0.259155035,0.1771407127,0.3432117105,2000
main_smooth_doy_spearman,Fuhe,抚河,Summer,14,spearman,smooth_doy31,1,0.4697946261,0.4701867104,0.4084814191,0.5404530764,2000
main_smooth_doy_spearman,Fuhe,抚河,Summer,14,spearman,smooth_doy31,2,0.5562424235,0.5578308105,0.499312222,0.6186605692,2000
main_smooth_doy_spearman,Fuhe,抚河,Summer,14,spearman,smooth_doy31,3,0.512181102,0.5149176121,0.4504622519,0.5703721046,2000
main_smooth_doy_spearman,Fuhe,抚河,Summer,14,spearman,smooth_doy31,4,0.4254473066,0.4263482094,0.3582245111,0.489269644,2000
main_smooth_doy_spearman,Fuhe,抚河,Summer,14,spearman,smooth_doy31,5,0.3462098356,0.3466042578,0.2751020491,0.4086903632,2000
main_smooth_doy_spearman,Fuhe,抚河,Summer,14,spearman,smooth_doy31,6,0.2797793225,0.2819051445,0.1969265491,0.3500398397,2000
main_smooth_doy_spearman,Fuhe,抚河,Summer,14,spearman,smooth_doy31,7,0.2257213969,0.2251822203,0.1345623285,0.3071496785,2000
main_smooth_doy_spearman,Fuhe,抚河,Summer,14,spearman,smooth_doy31,8,0.1942324021,0.1920830011,0.09958963096,0.2834048271,2000
main_smooth_doy_spearman,Fuhe,抚河,Summer,14,spearman,smooth_doy31,9,0.1780795725,0.1739266813,0.09897165745,0.25918594,2000
main_smooth_doy_spearman,Fuhe,抚河,Summer,14,spearman,smooth_doy31,10,0.164279407,0.1599196494,0.08443856239,0.2553521693,2000
main_smooth_doy_spearman,Fuhe,抚河,Summer,14,spearman,smooth_doy31,11,0.1577399503,0.1532814205,0.06421653926,0.2544933558,2000
main_smooth_doy_spearman,Fuhe,抚河,Summer,14,spearman,smooth_doy31,12,0.1501284297,0.1460645944,0.05389222503,0.2500101328,2000
main_smooth_doy_spearman,Fuhe,抚河,Summer,14,spearman,smooth_doy31,13,0.1333114924,0.1301567852,0.02964300476,0.2360019684,2000
main_smooth_doy_spearman,Fuhe,抚河,Summer,14,spearman,smooth_doy31,14,0.1361129971,0.1325111985,0.02053439058,0.2511827052,2000
main_smooth_doy_spearman,Fuhe,抚河,Summer,14,spearman,smooth_doy31,15,0.1375191276,0.1349471807,0.0284252353,0.238454476,2000
main_smooth_doy_spearman,Fuhe,抚河,Summer,14,spearman,smooth_doy31,16,0.1135223619,0.111497961,0.01104120538,0.2071874589,2000
main_smooth_doy_spearman,Fuhe,抚河,Summer,14,spearman,smooth_doy31,17,0.09475381326,0.09239327908,-0.00231777248,0.1871657968,2000
main_smooth_doy_spearman,Fuhe,抚河,Summer,14,spearman,smooth_doy31,18,0.1055068777,0.1039879322,0.01595564,0.1923006624,2000
main_smooth_doy_spearman,Fuhe,抚河,Summer,14,spearman,smooth_doy31,19,0.1063939085,0.1055822298,0.02273726836,0.188191101,2000
main_smooth_doy_spearman,Fuhe,抚河,Summer,14,spearman,smooth_doy31,20,0.09682699281,0.09718132019,0.01197018847,0.1734041125,2000
main_smooth_doy_spearman,Fuhe,抚河,Winter,13,spearman,smooth_doy31,0,0.1909673811,0.1912088096,0.1137582213,0.268876344,2000
main_smooth_doy_spearman,Fuhe,抚河,Winter,13,spearman,smooth_doy31,1,0.3001221148,0.3044164181,0.2273712456,0.3885574341,2000
main_smooth_doy_spearman,Fuhe,抚河,Winter,13,spearman,smooth_doy31,2,0.3694010702,0.3735454082,0.2917028069,0.4749491811,2000
main_smooth_doy_spearman,Fuhe,抚河,Winter,13,spearman,smooth_doy31,3,0.3740981931,0.3777830899,0.2999964952,0.4760509133,2000
main_smooth_doy_spearman,Fuhe,抚河,Winter,13,spearman,smooth_doy31,4,0.3602505707,0.3628626764,0.2944690287,0.4464093447,2000
main_smooth_doy_spearman,Fuhe,抚河,Winter,13,spearman,smooth_doy31,5,0.3565896142,0.3570749164,0.2964343727,0.4276739061,2000
main_smooth_doy_spearman,Fuhe,抚河,Winter,13,spearman,smooth_doy31,6,0.3226084621,0.3234214187,0.2606391609,0.3895507455,2000
main_smooth_doy_spearman,Fuhe,抚河,Winter,13,spearman,smooth_doy31,7,0.299794028,0.299693346,0.230788365,0.3743646145,2000
main_smooth_doy_spearman,Fuhe,抚河,Winter,13,spearman,smooth_doy31,8,0.2901046552,0.290142715,0.2303382009,0.3594153821,2000
main_smooth_doy_spearman,Fuhe,抚河,Winter,13,spearman,smooth_doy31,9,0.2850377524,0.2854434848,0.2283984423,0.3480541706,2000
main_smooth_doy_spearman,Fuhe,抚河,Winter,13,spearman,smooth_doy31,10,0.2687481179,0.2698483765,0.1936778128,0.3382330239,2000
main_smooth_doy_spearman,Fuhe,抚河,Winter,13,spearman,smooth_doy31,11,0.2418603402,0.2422561646,0.1528677344,0.3134746552,2000
main_smooth_doy_spearman,Fuhe,抚河,Winter,13,spearman,smooth_doy31,12,0.2255984349,0.2254071236,0.1240779161,0.3005339801,2000
main_smooth_doy_spearman,Fuhe,抚河,Winter,13,spearman,smooth_doy31,13,0.2106837999,0.208000496,0.1035237312,0.2877790928,2000
main_smooth_doy_spearman,Fuhe,抚河,Winter,13,spearman,smooth_doy31,14,0.2048025071,0.1995264292,0.086143516,0.295843035,2000
main_smooth_doy_spearman,Fuhe,抚河,Winter,13,spearman,smooth_doy31,15,0.189683048,0.1840807498,0.05336317047,0.2847443819,2000
main_smooth_doy_spearman,Fuhe,抚河,Winter,13,spearman,smooth_doy31,16,0.1817830749,0.1780745685,0.04343637452,0.2733648419,2000
main_smooth_doy_spearman,Fuhe,抚河,Winter,13,spearman,smooth_doy31,17,0.1742602497,0.1694911271,0.03920863196,0.2639371157,2000
main_smooth_doy_spearman,Fuhe,抚河,Winter,13,spearman,smooth_doy31,18,0.1834917118,0.1768812537,0.06111746281,0.2692107558,2000
main_smooth_doy_spearman,Fuhe,抚河,Winter,13,spearman,smooth_doy31,19,0.1937941075,0.1850851178,0.07974247634,0.2765634656,2000
main_smooth_doy_spearman,Fuhe,抚河,Winter,13,spearman,smooth_doy31,20,0.1792121392,0.1689328253,0.06697097421,0.2543751001,2000
main_smooth_doy_spearman,Ganjiang,赣江,All,14,spearman,smooth_doy31,0,0.1490926114,0.1477820873,0.08468657732,0.2151646465,2000
main_smooth_doy_spearman,Ganjiang,赣江,All,14,spearman,smooth_doy31,1,0.2249234597,0.2246857882,0.1693012714,0.2827391326,2000
main_smooth_doy_spearman,Ganjiang,赣江,All,14,spearman,smooth_doy31,2,0.3026724125,0.3035911322,0.2547795773,0.3523788154,2000
main_smooth_doy_spearman,Ganjiang,赣江,All,14,spearman,smooth_doy31,3,0.3562124832,0.3569381535,0.3150371313,0.4013819993,2000
main_smooth_doy_spearman,Ganjiang,赣江,All,14,spearman,smooth_doy31,4,0.3827310292,0.3831058145,0.3399714828,0.4336823523,2000
main_smooth_doy_spearman,Ganjiang,赣江,All,14,spearman,smooth_doy31,5,0.3843491955,0.3845096827,0.338557601,0.4397487938,2000
main_smooth_doy_spearman,Ganjiang,赣江,All,14,spearman,smooth_doy31,6,0.3703094764,0.370408535,0.3214934766,0.4280439019,2000
main_smooth_doy_spearman,Ganjiang,赣江,All,14,spearman,smooth_doy31,7,0.3423743816,0.3421551585,0.2913417816,0.4010577202,2000
main_smooth_doy_spearman,Ganjiang,赣江,All,14,spearman,smooth_doy31,8,0.3120753619,0.3120652735,0.2574044466,0.373462677,2000
main_smooth_doy_spearman,Ganjiang,赣江,All,14,spearman,smooth_doy31,9,0.2866421969,0.2861475348,0.2264402509,0.3547925651,2000
main_smooth_doy_spearman,Ganjiang,赣江,All,14,spearman,smooth_doy31,10,0.2617324454,0.2610358,0.1949589252,0.3332454264,2000
main_smooth_doy_spearman,Ganjiang,赣江,All,14,spearman,smooth_doy31,11,0.235506293,0.234560281,0.1654481739,0.3094208539,2000
main_smooth_doy_spearman,Ganjiang,赣江,All,14,spearman,smooth_doy31,12,0.217144117,0.2165984213,0.1471489966,0.2887542546,2000
main_smooth_doy_spearman,Ganjiang,赣江,All,14,spearman,smooth_doy31,13,0.2074566872,0.2077717483,0.1369091123,0.2753382027,2000
main_smooth_doy_spearman,Ganjiang,赣江,All,14,spearman,smooth_doy31,14,0.1983411215,0.1994088292,0.1273599863,0.2631908953,2000
main_smooth_doy_spearman,Ganjiang,赣江,All,14,spearman,smooth_doy31,15,0.1859768023,0.1869786084,0.1173343733,0.2481402159,2000
main_smooth_doy_spearman,Ganjiang,赣江,All,14,spearman,smooth_doy31,16,0.1804302763,0.1806686819,0.1166796088,0.237732172,2000
main_smooth_doy_spearman,Ganjiang,赣江,All,14,spearman,smooth_doy31,17,0.1726508818,0.1726121753,0.112868987,0.2280416638,2000
main_smooth_doy_spearman,Ganjiang,赣江,All,14,spearman,smooth_doy31,18,0.15644542,0.1563889086,0.09800534695,0.2125706524,2000
main_smooth_doy_spearman,Ganjiang,赣江,All,14,spearman,smooth_doy31,19,0.1331911151,0.1324466914,0.0726230666,0.1923786998,2000
main_smooth_doy_spearman,Ganjiang,赣江,All,14,spearman,smooth_doy31,20,0.116721509,0.1158660948,0.05628702044,0.1772249788,2000
main_smooth_doy_spearman,Ganjiang,赣江,Autumn,14,spearman,smooth_doy31,0,0.1974965444,0.1926101893,0.07493361831,0.2897572219,2000
main_smooth_doy_spearman,Ganjiang,赣江,Autumn,14,spearman,smooth_doy31,1,0.2496613302,0.2459730208,0.148074761,0.3293450475,2000
main_smooth_doy_spearman,Ganjiang,赣江,Autumn,14,spearman,smooth_doy31,2,0.3094725919,0.3067584634,0.2277358472,0.3793613017,2000
main_smooth_doy_spearman,Ganjiang,赣江,Autumn,14,spearman,smooth_doy31,3,0.3634618637,0.3614404798,0.2856753767,0.4345203638,2000
main_smooth_doy_spearman,Ganjiang,赣江,Autumn,14,spearman,smooth_doy31,4,0.4012627859,0.4004817009,0.3197791278,0.4747632742,2000
main_smooth_doy_spearman,Ganjiang,赣江,Autumn,14,spearman,smooth_doy31,5,0.4110894729,0.4110572338,0.3204660118,0.4891260564,2000
main_smooth_doy_spearman,Ganjiang,赣江,Autumn,14,spearman,smooth_doy31,6,0.406125982,0.4087096751,0.303337872,0.4876669645,2000
main_smooth_doy_spearman,Ganjiang,赣江,Autumn,14,spearman,smooth_doy31,7,0.3955211583,0.3979613185,0.2818320692,0.4814708829,2000
main_smooth_doy_spearman,Ganjiang,赣江,Autumn,14,spearman,smooth_doy31,8,0.3714167096,0.3741029501,0.2412969023,0.4696068168,2000
main_smooth_doy_spearman,Ganjiang,赣江,Autumn,14,spearman,smooth_doy31,9,0.3476283311,0.3490714729,0.2090411186,0.4522894323,2000
main_smooth_doy_spearman,Ganjiang,赣江,Autumn,14,spearman,smooth_doy31,10,0.3214787857,0.3207617402,0.1858574152,0.4259721339,2000
main_smooth_doy_spearman,Ganjiang,赣江,Autumn,14,spearman,smooth_doy31,11,0.2909337055,0.2896046638,0.166210413,0.3894916773,2000
main_smooth_doy_spearman,Ganjiang,赣江,Autumn,14,spearman,smooth_doy31,12,0.2688065973,0.2668408751,0.1567852199,0.3584169745,2000
main_smooth_doy_spearman,Ganjiang,赣江,Autumn,14,spearman,smooth_doy31,13,0.2654659095,0.2630360126,0.1598636359,0.3532330096,2000
main_smooth_doy_spearman,Ganjiang,赣江,Autumn,14,spearman,smooth_doy31,14,0.2448115691,0.2410312593,0.151120618,0.3290248811,2000
main_smooth_doy_spearman,Ganjiang,赣江,Autumn,14,spearman,smooth_doy31,15,0.2243473848,0.2196066976,0.1261617392,0.3148413599,2000
main_smooth_doy_spearman,Ganjiang,赣江,Autumn,14,spearman,smooth_doy31,16,0.1908820186,0.1851509511,0.08861602843,0.2833338082,2000
main_smooth_doy_spearman,Ganjiang,赣江,Autumn,14,spearman,smooth_doy31,17,0.1471840868,0.1390461624,0.04862186313,0.2378686816,2000
main_smooth_doy_spearman,Ganjiang,赣江,Autumn,14,spearman,smooth_doy31,18,0.116093784,0.1063988507,0.0165922083,0.2011211663,2000
main_smooth_doy_spearman,Ganjiang,赣江,Autumn,14,spearman,smooth_doy31,19,0.09801904549,0.08887089044,-0.001961096656,0.1786074936,2000
main_smooth_doy_spearman,Ganjiang,赣江,Autumn,14,spearman,smooth_doy31,20,0.08992941069,0.08168534935,-0.0120960651,0.1706499308,2000
main_smooth_doy_spearman,Ganjiang,赣江,Spring,14,spearman,smooth_doy31,0,0.1415612307,0.1379360259,0.04405042157,0.2188215405,2000
main_smooth_doy_spearman,Ganjiang,赣江,Spring,14,spearman,smooth_doy31,1,0.2224438642,0.220779404,0.1476916969,0.2899347246,2000
main_smooth_doy_spearman,Ganjiang,赣江,Spring,14,spearman,smooth_doy31,2,0.3071307527,0.3073244691,0.2519679368,0.3635806739,2000
main_smooth_doy_spearman,Ganjiang,赣江,Spring,14,spearman,smooth_doy31,3,0.3540121119,0.3546557426,0.3130381107,0.4006227851,2000
main_smooth_doy_spearman,Ganjiang,赣江,Spring,14,spearman,smooth_doy31,4,0.3732408238,0.3741306067,0.3300809264,0.4175066948,2000
main_smooth_doy_spearman,Ganjiang,赣江,Spring,14,spearman,smooth_doy31,5,0.3818034707,0.3819255531,0.3281545341,0.4336204529,2000
main_smooth_doy_spearman,Ganjiang,赣江,Spring,14,spearman,smooth_doy31,6,0.371228449,0.3703655005,0.313506037,0.4256027043,2000
main_smooth_doy_spearman,Ganjiang,赣江,Spring,14,spearman,smooth_doy31,7,0.3623914851,0.3609535992,0.3002255857,0.4226927459,2000
main_smooth_doy_spearman,Ganjiang,赣江,Spring,14,spearman,smooth_doy31,8,0.3494006368,0.3467332721,0.2825412452,0.4100302458,2000
main_smooth_doy_spearman,Ganjiang,赣江,Spring,14,spearman,smooth_doy31,9,0.3346478502,0.332031697,0.2589886189,0.3971589804,2000
main_smooth_doy_spearman,Ganjiang,赣江,Spring,14,spearman,smooth_doy31,10,0.3137038817,0.311331749,0.2231963277,0.3872611523,2000
main_smooth_doy_spearman,Ganjiang,赣江,Spring,14,spearman,smooth_doy31,11,0.284254661,0.2810780406,0.180319041,0.3705238998,2000
main_smooth_doy_spearman,Ganjiang,赣江,Spring,14,spearman,smooth_doy31,12,0.2512087447,0.2483609617,0.1344452798,0.3424875438,2000
main_smooth_doy_spearman,Ganjiang,赣江,Spring,14,spearman,smooth_doy31,13,0.2295110372,0.227769956,0.1145435348,0.3162939548,2000
main_smooth_doy_spearman,Ganjiang,赣江,Spring,14,spearman,smooth_doy31,14,0.2134260272,0.212704137,0.1052577943,0.292598933,2000
main_smooth_doy_spearman,Ganjiang,赣江,Spring,14,spearman,smooth_doy31,15,0.1984289696,0.1970421523,0.09771856666,0.273452282,2000
main_smooth_doy_spearman,Ganjiang,赣江,Spring,14,spearman,smooth_doy31,16,0.1921311828,0.1898734868,0.09341084957,0.2657744288,2000
main_smooth_doy_spearman,Ganjiang,赣江,Spring,14,spearman,smooth_doy31,17,0.1863145774,0.185059458,0.0851245299,0.2672837377,2000
main_smooth_doy_spearman,Ganjiang,赣江,Spring,14,spearman,smooth_doy31,18,0.1774361793,0.1764642298,0.07991226763,0.2570251822,2000
main_smooth_doy_spearman,Ganjiang,赣江,Spring,14,spearman,smooth_doy31,19,0.1555902149,0.1524440646,0.06451936811,0.2320683897,2000
main_smooth_doy_spearman,Ganjiang,赣江,Spring,14,spearman,smooth_doy31,20,0.1473538105,0.1428492069,0.04901930317,0.2298384011,2000
main_smooth_doy_spearman,Ganjiang,赣江,Summer,14,spearman,smooth_doy31,0,0.1267911486,0.1253499091,0.07412098348,0.1887227297,2000
main_smooth_doy_spearman,Ganjiang,赣江,Summer,14,spearman,smooth_doy31,1,0.2481812899,0.2489695251,0.1956366003,0.3110780418,2000
main_smooth_doy_spearman,Ganjiang,赣江,Summer,14,spearman,smooth_doy31,2,0.3624727268,0.3640150428,0.3112228215,0.421217978,2000
main_smooth_doy_spearman,Ganjiang,赣江,Summer,14,spearman,smooth_doy31,3,0.4295387488,0.4337287545,0.3843203783,0.4799365103,2000
main_smooth_doy_spearman,Ganjiang,赣江,Summer,14,spearman,smooth_doy31,4,0.4510963581,0.4557023048,0.4058259428,0.5014986396,2000
main_smooth_doy_spearman,Ganjiang,赣江,Summer,14,spearman,smooth_doy31,5,0.4257187588,0.4296264052,0.3844354153,0.4751406014,2000
main_smooth_doy_spearman,Ganjiang,赣江,Summer,14,spearman,smooth_doy31,6,0.3806929463,0.3832100928,0.3370963931,0.4329108894,2000
main_smooth_doy_spearman,Ganjiang,赣江,Summer,14,spearman,smooth_doy31,7,0.3221182958,0.3228520751,0.2695432305,0.3874344826,2000
main_smooth_doy_spearman,Ganjiang,赣江,Summer,14,spearman,smooth_doy31,8,0.2595851877,0.260173291,0.1839044392,0.3423521817,2000
main_smooth_doy_spearman,Ganjiang,赣江,Summer,14,spearman,smooth_doy31,9,0.2040766009,0.2040883601,0.1044560894,0.3091816306,2000
main_smooth_doy_spearman,Ganjiang,赣江,Summer,14,spearman,smooth_doy31,10,0.165494402,0.1643833816,0.05196489766,0.2777355611,2000
main_smooth_doy_spearman,Ganjiang,赣江,Summer,14,spearman,smooth_doy31,11,0.1354385438,0.1329885125,0.02074135654,0.2443502843,2000
main_smooth_doy_spearman,Ganjiang,赣江,Summer,14,spearman,smooth_doy31,12,0.1175154318,0.1138035581,0.004918846302,0.2198627889,2000
main_smooth_doy_spearman,Ganjiang,赣江,Summer,14,spearman,smooth_doy31,13,0.1084718081,0.1041441709,-0.001841465477,0.2052371204,2000
main_smooth_doy_spearman,Ganjiang,赣江,Summer,14,spearman,smooth_doy31,14,0.1038522181,0.09938146919,0.003699972993,0.1957804561,2000
main_smooth_doy_spearman,Ganjiang,赣江,Summer,14,spearman,smooth_doy31,15,0.09976187131,0.09618398547,0.01290291641,0.1847895235,2000
main_smooth_doy_spearman,Ganjiang,赣江,Summer,14,spearman,smooth_doy31,16,0.09774760846,0.09466548264,0.02051893435,0.1695690006,2000
main_smooth_doy_spearman,Ganjiang,赣江,Summer,14,spearman,smooth_doy31,17,0.08571777545,0.08282643557,0.01433920767,0.1541481316,2000
main_smooth_doy_spearman,Ganjiang,赣江,Summer,14,spearman,smooth_doy31,18,0.06729722644,0.06494222581,-0.01013896987,0.1409819424,2000
main_smooth_doy_spearman,Ganjiang,赣江,Summer,14,spearman,smooth_doy31,19,0.03928164271,0.03834789991,-0.05022533238,0.1246695742,2000
main_smooth_doy_spearman,Ganjiang,赣江,Summer,14,spearman,smooth_doy31,20,0.007754062179,0.006315885577,-0.09062357247,0.1035349295,2000
main_smooth_doy_spearman,Ganjiang,赣江,Winter,13,spearman,smooth_doy31,0,0.12528725,0.122661069,0.02466346137,0.2154303342,2000
main_smooth_doy_spearman,Ganjiang,赣江,Winter,13,spearman,smooth_doy31,1,0.1582742013,0.1571123004,0.06283917278,0.2458074093,2000
main_smooth_doy_spearman,Ganjiang,赣江,Winter,13,spearman,smooth_doy31,2,0.1955199876,0.1959405839,0.0994764939,0.2822239995,2000
main_smooth_doy_spearman,Ganjiang,赣江,Winter,13,spearman,smooth_doy31,3,0.2420563409,0.2439227998,0.1493154317,0.3267359138,2000
main_smooth_doy_spearman,Ganjiang,赣江,Winter,13,spearman,smooth_doy31,4,0.2935140641,0.2961672843,0.2122905999,0.3747340441,2000
main_smooth_doy_spearman,Ganjiang,赣江,Winter,13,spearman,smooth_doy31,5,0.3332937,0.3355280161,0.2609275579,0.4087352157,2000
main_smooth_doy_spearman,Ganjiang,赣江,Winter,13,spearman,smooth_doy31,6,0.3498020215,0.3524075747,0.2858071923,0.4200702906,2000
main_smooth_doy_spearman,Ganjiang,赣江,Winter,13,spearman,smooth_doy31,7,0.3533263617,0.3545930982,0.2964732349,0.4218321145,2000
main_smooth_doy_spearman,Ganjiang,赣江,Winter,13,spearman,smooth_doy31,8,0.3450314816,0.3443669379,0.2923032045,0.4128148258,2000
main_smooth_doy_spearman,Ganjiang,赣江,Winter,13,spearman,smooth_doy31,9,0.3365396919,0.3361160159,0.2877931893,0.4021251202,2000
main_smooth_doy_spearman,Ganjiang,赣江,Winter,13,spearman,smooth_doy31,10,0.3320240458,0.3319869637,0.2827054858,0.3921888173,2000
main_smooth_doy_spearman,Ganjiang,赣江,Winter,13,spearman,smooth_doy31,11,0.315069538,0.3152527213,0.2550930679,0.3752017617,2000
main_smooth_doy_spearman,Ganjiang,赣江,Winter,13,spearman,smooth_doy31,12,0.299281305,0.2989121377,0.2277820408,0.3623158336,2000
main_smooth_doy_spearman,Ganjiang,赣江,Winter,13,spearman,smooth_doy31,13,0.2798477218,0.2781425118,0.1940660328,0.3497065604,2000
main_smooth_doy_spearman,Ganjiang,赣江,Winter,13,spearman,smooth_doy31,14,0.2593651566,0.2577225566,0.154253155,0.3374165297,2000
main_smooth_doy_spearman,Ganjiang,赣江,Winter,13,spearman,smooth_doy31,15,0.2359318832,0.2335065752,0.1100542694,0.3243052959,2000
main_smooth_doy_spearman,Ganjiang,赣江,Winter,13,spearman,smooth_doy31,16,0.2180237116,0.2150023282,0.08123522252,0.3109323978,2000
main_smooth_doy_spearman,Ganjiang,赣江,Winter,13,spearman,smooth_doy31,17,0.2040463328,0.2026434392,0.05217859522,0.304106921,2000
main_smooth_doy_spearman,Ganjiang,赣江,Winter,13,spearman,smooth_doy31,18,0.1952744859,0.1928156614,0.04581198469,0.2947680056,2000
main_smooth_doy_spearman,Ganjiang,赣江,Winter,13,spearman,smooth_doy31,19,0.1898365228,0.1849708855,0.03420000523,0.2877441049,2000
main_smooth_doy_spearman,Ganjiang,赣江,Winter,13,spearman,smooth_doy31,20,0.1813419736,0.1750614941,0.01939306036,0.2796903551,2000
main_smooth_doy_spearman,Le'anhe,乐安河,All,14,spearman,smooth_doy31,0,0.2483937948,0.2469219714,0.1842609793,0.3116941154,2000
main_smooth_doy_spearman,Le'anhe,乐安河,All,14,spearman,smooth_doy31,1,0.4004482694,0.4011698961,0.2957624495,0.4890030324,2000
main_smooth_doy_spearman,Le'anhe,乐安河,All,14,spearman,smooth_doy31,2,0.4273216773,0.4285771549,0.3051682413,0.5278630853,2000
main_smooth_doy_spearman,Le'anhe,乐安河,All,14,spearman,smooth_doy31,3,0.3730820699,0.3732387424,0.2622162998,0.4682536423,2000
main_smooth_doy_spearman,Le'anhe,乐安河,All,14,spearman,smooth_doy31,4,0.3289127526,0.3285162747,0.22183761,0.4209334254,2000
main_smooth_doy_spearman,Le'anhe,乐安河,All,14,spearman,smooth_doy31,5,0.3048962726,0.3043806851,0.2139819413,0.3862915337,2000
main_smooth_doy_spearman,Le'anhe,乐安河,All,14,spearman,smooth_doy31,6,0.2769132268,0.2765653729,0.1926479489,0.3532958031,2000
main_smooth_doy_spearman,Le'anhe,乐安河,All,14,spearman,smooth_doy31,7,0.2554872772,0.2538163662,0.1739915758,0.3329522312,2000
main_smooth_doy_spearman,Le'anhe,乐安河,All,14,spearman,smooth_doy31,8,0.2405311211,0.2394519299,0.1593643874,0.3174082637,2000
main_smooth_doy_spearman,Le'anhe,乐安河,All,14,spearman,smooth_doy31,9,0.2358778696,0.2340742946,0.164671123,0.3085726202,2000
main_smooth_doy_spearman,Le'anhe,乐安河,All,14,spearman,smooth_doy31,10,0.2303200593,0.2286523581,0.1623909622,0.299795568,2000
main_smooth_doy_spearman,Le'anhe,乐安河,All,14,spearman,smooth_doy31,11,0.2216869346,0.221072495,0.1587177962,0.2870776951,2000
main_smooth_doy_spearman,Le'anhe,乐安河,All,14,spearman,smooth_doy31,12,0.2063802945,0.2054463029,0.1438499391,0.2708963454,2000
main_smooth_doy_spearman,Le'anhe,乐安河,All,14,spearman,smooth_doy31,13,0.1870555455,0.1858192086,0.122781463,0.2531535923,2000
main_smooth_doy_spearman,Le'anhe,乐安河,All,14,spearman,smooth_doy31,14,0.1868609192,0.1853990853,0.1167867482,0.2547006607,2000
main_smooth_doy_spearman,Le'anhe,乐安河,All,14,spearman,smooth_doy31,15,0.1752307336,0.1748744398,0.103554368,0.246844247,2000
main_smooth_doy_spearman,Le'anhe,乐安河,All,14,spearman,smooth_doy31,16,0.171354769,0.1715747565,0.1063597351,0.2336980402,2000
main_smooth_doy_spearman,Le'anhe,乐安河,All,14,spearman,smooth_doy31,17,0.1694685809,0.1696694195,0.1084668338,0.2280647904,2000
main_smooth_doy_spearman,Le'anhe,乐安河,All,14,spearman,smooth_doy31,18,0.1656965034,0.1664751768,0.1047973558,0.2190161794,2000
main_smooth_doy_spearman,Le'anhe,乐安河,All,14,spearman,smooth_doy31,19,0.1662222202,0.1672504842,0.1097242385,0.2151331902,2000
main_smooth_doy_spearman,Le'anhe,乐安河,All,14,spearman,smooth_doy31,20,0.1558352232,0.1561004221,0.09825291485,0.208048895,2000
main_smooth_doy_spearman,Le'anhe,乐安河,Autumn,14,spearman,smooth_doy31,0,0.1745676995,0.1728074849,0.07138854265,0.2663576901,2000
main_smooth_doy_spearman,Le'anhe,乐安河,Autumn,14,spearman,smooth_doy31,1,0.2528356029,0.252881825,0.1682869643,0.3372433484,2000
main_smooth_doy_spearman,Le'anhe,乐安河,Autumn,14,spearman,smooth_doy31,2,0.3124345402,0.3148286045,0.2324869186,0.3993757665,2000
main_smooth_doy_spearman,Le'anhe,乐安河,Autumn,14,spearman,smooth_doy31,3,0.3112471201,0.3135573864,0.2274004817,0.4042238891,2000
main_smooth_doy_spearman,Le'anhe,乐安河,Autumn,14,spearman,smooth_doy31,4,0.2895281652,0.2912352383,0.1974460036,0.3818644285,2000
main_smooth_doy_spearman,Le'anhe,乐安河,Autumn,14,spearman,smooth_doy31,5,0.2698578534,0.2702308595,0.1665671915,0.3658657074,2000
main_smooth_doy_spearman,Le'anhe,乐安河,Autumn,14,spearman,smooth_doy31,6,0.2464425899,0.2466795444,0.1412534416,0.3475567102,2000
main_smooth_doy_spearman,Le'anhe,乐安河,Autumn,14,spearman,smooth_doy31,7,0.2325353823,0.2322661579,0.1305903345,0.3350930512,2000
main_smooth_doy_spearman,Le'anhe,乐安河,Autumn,14,spearman,smooth_doy31,8,0.2153530392,0.2165727317,0.1150825694,0.3159472644,2000
main_smooth_doy_spearman,Le'anhe,乐安河,Autumn,14,spearman,smooth_doy31,9,0.2020407124,0.203047365,0.09067696333,0.3052045107,2000
main_smooth_doy_spearman,Le'anhe,乐安河,Autumn,14,spearman,smooth_doy31,10,0.1870485621,0.1896424294,0.06791358441,0.297606349,2000
main_smooth_doy_spearman,Le'anhe,乐安河,Autumn,14,spearman,smooth_doy31,11,0.1748331715,0.1774046719,0.05191451311,0.2832016349,2000
main_smooth_doy_spearman,Le'anhe,乐安河,Autumn,14,spearman,smooth_doy31,12,0.1671032581,0.1699957848,0.04051923752,0.2832633257,2000
main_smooth_doy_spearman,Le'anhe,乐安河,Autumn,14,spearman,smooth_doy31,13,0.1480679694,0.1519373655,0.005925967824,0.2744571865,2000
main_smooth_doy_spearman,Le'anhe,乐安河,Autumn,14,spearman,smooth_doy31,14,0.1284324967,0.1307813078,-0.004485555924,0.2488085926,2000
main_smooth_doy_spearman,Le'anhe,乐安河,Autumn,14,spearman,smooth_doy31,15,0.1053009675,0.1067766547,-0.02306369878,0.2240297645,2000
main_smooth_doy_spearman,Le'anhe,乐安河,Autumn,14,spearman,smooth_doy31,16,0.08443302904,0.0845669955,-0.03913804516,0.2021787763,2000
main_smooth_doy_spearman,Le'anhe,乐安河,Autumn,14,spearman,smooth_doy31,17,0.06871601563,0.06872002035,-0.05526177958,0.1876521111,2000
main_smooth_doy_spearman,Le'anhe,乐安河,Autumn,14,spearman,smooth_doy31,18,0.06307534672,0.06261786819,-0.06454750896,0.1824775785,2000
main_smooth_doy_spearman,Le'anhe,乐安河,Autumn,14,spearman,smooth_doy31,19,0.06842840508,0.06746098399,-0.06031336635,0.1830699891,2000
main_smooth_doy_spearman,Le'anhe,乐安河,Autumn,14,spearman,smooth_doy31,20,0.08410969241,0.08315020055,-0.0304308366,0.1878989041,2000
main_smooth_doy_spearman,Le'anhe,乐安河,Spring,14,spearman,smooth_doy31,0,0.2007853074,0.1990161687,0.109871015,0.2827697694,2000
main_smooth_doy_spearman,Le'anhe,乐安河,Spring,14,spearman,smooth_doy31,1,0.376695669,0.3825082183,0.2419814169,0.489404887,2000
main_smooth_doy_spearman,Le'anhe,乐安河,Spring,14,spearman,smooth_doy31,2,0.3743068774,0.3795343041,0.2228309214,0.4970597029,2000
main_smooth_doy_spearman,Le'anhe,乐安河,Spring,14,spearman,smooth_doy31,3,0.3115042307,0.314417243,0.1669953018,0.4299494326,2000
main_smooth_doy_spearman,Le'anhe,乐安河,Spring,14,spearman,smooth_doy31,4,0.2664510417,0.2684434056,0.1277644634,0.3856496513,2000
main_smooth_doy_spearman,Le'anhe,乐安河,Spring,14,spearman,smooth_doy31,5,0.2457044785,0.2462935895,0.122009486,0.35260728,2000
main_smooth_doy_spearman,Le'anhe,乐安河,Spring,14,spearman,smooth_doy31,6,0.2192416394,0.2181061506,0.09688583761,0.3245244622,2000
main_smooth_doy_spearman,Le'anhe,乐安河,Spring,14,spearman,smooth_doy31,7,0.2046047907,0.2043999732,0.07570732385,0.3181650341,2000
main_smooth_doy_spearman,Le'anhe,乐安河,Spring,14,spearman,smooth_doy31,8,0.1872651959,0.1877312064,0.04865739122,0.3098871112,2000
main_smooth_doy_spearman,Le'anhe,乐安河,Spring,14,spearman,smooth_doy31,9,0.1722357171,0.1712147892,0.03476958349,0.2976676822,2000
main_smooth_doy_spearman,Le'anhe,乐安河,Spring,14,spearman,smooth_doy31,10,0.1733790133,0.1730557084,0.0443652831,0.294986248,2000
main_smooth_doy_spearman,Le'anhe,乐安河,Spring,14,spearman,smooth_doy31,11,0.1534203291,0.151568085,0.02107151039,0.2683894038,2000
main_smooth_doy_spearman,Le'anhe,乐安河,Spring,14,spearman,smooth_doy31,12,0.1288634774,0.124384746,0.0002343237575,0.2437348962,2000
main_smooth_doy_spearman,Le'anhe,乐安河,Spring,14,spearman,smooth_doy31,13,0.110221871,0.1052959263,-0.02908414975,0.2327695787,2000
main_smooth_doy_spearman,Le'anhe,乐安河,Spring,14,spearman,smooth_doy31,14,0.1212033605,0.1194203347,-0.004404515959,0.2295924276,2000
main_smooth_doy_spearman,Le'anhe,乐安河,Spring,14,spearman,smooth_doy31,15,0.107168426,0.1048296988,-0.01422774419,0.2138223201,2000
main_smooth_doy_spearman,Le'anhe,乐安河,Spring,14,spearman,smooth_doy31,16,0.1149125341,0.110711962,-0.002631017007,0.2175271213,2000
main_smooth_doy_spearman,Le'anhe,乐安河,Spring,14,spearman,smooth_doy31,17,0.1221668378,0.1177233458,0.01651585847,0.2103952765,2000
main_smooth_doy_spearman,Le'anhe,乐安河,Spring,14,spearman,smooth_doy31,18,0.1329198684,0.130063206,0.03571364284,0.2136337459,2000
main_smooth_doy_spearman,Le'anhe,乐安河,Spring,14,spearman,smooth_doy31,19,0.1256740174,0.1230754256,0.02405023575,0.2130261511,2000
main_smooth_doy_spearman,Le'anhe,乐安河,Spring,14,spearman,smooth_doy31,20,0.1065237211,0.1034268141,-0.01250497531,0.2128016353,2000
main_smooth_doy_spearman,Le'anhe,乐安河,Summer,14,spearman,smooth_doy31,0,0.2781007078,0.278842032,0.1644376963,0.3737197518,2000
main_smooth_doy_spearman,Le'anhe,乐安河,Summer,14,spearman,smooth_doy31,1,0.4772220016,0.4809340239,0.3240618408,0.6054667234,2000
main_smooth_doy_spearman,Le'anhe,乐安河,Summer,14,spearman,smooth_doy31,2,0.5002756019,0.5047905445,0.3224204183,0.6412628293,2000
main_smooth_doy_spearman,Le'anhe,乐安河,Summer,14,spearman,smooth_doy31,3,0.4005695653,0.403927803,0.2342438102,0.5351179838,2000
main_smooth_doy_spearman,Le'anhe,乐安河,Summer,14,spearman,smooth_doy31,4,0.3443272637,0.3463427126,0.1939025372,0.4692616165,2000
main_smooth_doy_spearman,Le'anhe,乐安河,Summer,14,spearman,smooth_doy31,5,0.3047415855,0.3042252064,0.1664752811,0.4201405048,2000
main_smooth_doy_spearman,Le'anhe,乐安河,Summer,14,spearman,smooth_doy31,6,0.2600614019,0.2590067983,0.1262042969,0.3772029579,2000
main_smooth_doy_spearman,Le'anhe,乐安河,Summer,14,spearman,smooth_doy31,7,0.2294039462,0.2297482789,0.09737057984,0.3494747877,2000
main_smooth_doy_spearman,Le'anhe,乐安河,Summer,14,spearman,smooth_doy31,8,0.2070067481,0.2048664391,0.08401565254,0.3247514367,2000
main_smooth_doy_spearman,Le'anhe,乐安河,Summer,14,spearman,smooth_doy31,9,0.2110039655,0.2077708393,0.1106088534,0.316116333,2000
main_smooth_doy_spearman,Le'anhe,乐安河,Summer,14,spearman,smooth_doy31,10,0.2142104041,0.2109042108,0.1199360043,0.3112750649,2000
main_smooth_doy_spearman,Le'anhe,乐安河,Summer,14,spearman,smooth_doy31,11,0.222219887,0.2201776803,0.1199610904,0.3174137473,2000
main_smooth_doy_spearman,Le'anhe,乐安河,Summer,14,spearman,smooth_doy31,12,0.1908131755,0.1886894405,0.07963362336,0.2955889106,2000
main_smooth_doy_spearman,Le'anhe,乐安河,Summer,14,spearman,smooth_doy31,13,0.1480347431,0.1457970291,0.04095752537,0.2537465692,2000
main_smooth_doy_spearman,Le'anhe,乐安河,Summer,14,spearman,smooth_doy31,14,0.1414620384,0.1371700466,0.02751927823,0.2579182982,2000
main_smooth_doy_spearman,Le'anhe,乐安河,Summer,14,spearman,smooth_doy31,15,0.1326280557,0.1298281252,0.02075837739,0.2444064468,2000
main_smooth_doy_spearman,Le'anhe,乐安河,Summer,14,spearman,smooth_doy31,16,0.1123739296,0.1098313332,0.01786706969,0.2086261362,2000
main_smooth_doy_spearman,Le'anhe,乐安河,Summer,14,spearman,smooth_doy31,17,0.1026361008,0.09922579676,0.01061637513,0.195886597,2000
main_smooth_doy_spearman,Le'anhe,乐安河,Summer,14,spearman,smooth_doy31,18,0.08596419083,0.08313338459,-0.01300248317,0.1847052872,2000
main_smooth_doy_spearman,Le'anhe,乐安河,Summer,14,spearman,smooth_doy31,19,0.0741728106,0.07129475474,-0.02406704985,0.1710838377,2000
main_smooth_doy_spearman,Le'anhe,乐安河,Summer,14,spearman,smooth_doy31,20,0.0904818317,0.0894831419,-0.01558671612,0.1867201626,2000
main_smooth_doy_spearman,Le'anhe,乐安河,Winter,13,spearman,smooth_doy31,0,0.1549823384,0.1549768448,0.05841131508,0.2450183928,2000
main_smooth_doy_spearman,Le'anhe,乐安河,Winter,13,spearman,smooth_doy31,1,0.2365713639,0.2382270992,0.1449465007,0.3273173273,2000
main_smooth_doy_spearman,Le'anhe,乐安河,Winter,13,spearman,smooth_doy31,2,0.2890240119,0.2931858301,0.1906777471,0.3801750541,2000
main_smooth_doy_spearman,Le'anhe,乐安河,Winter,13,spearman,smooth_doy31,3,0.2944359817,0.2979406714,0.2034496367,0.3840951025,2000
main_smooth_doy_spearman,Le'anhe,乐安河,Winter,13,spearman,smooth_doy31,4,0.2633606186,0.2665446997,0.1739036292,0.3441344202,2000
main_smooth_doy_spearman,Le'anhe,乐安河,Winter,13,spearman,smooth_doy31,5,0.2437404087,0.2461956143,0.1507898718,0.3227061331,2000
main_smooth_doy_spearman,Le'anhe,乐安河,Winter,13,spearman,smooth_doy31,6,0.2119363611,0.213763386,0.1126236916,0.2871234715,2000
main_smooth_doy_spearman,Le'anhe,乐安河,Winter,13,spearman,smooth_doy31,7,0.2001115024,0.2012118101,0.1120820269,0.2669035196,2000
main_smooth_doy_spearman,Le'anhe,乐安河,Winter,13,spearman,smooth_doy31,8,0.2128243583,0.2138893753,0.1405390352,0.2696458995,2000
main_smooth_doy_spearman,Le'anhe,乐安河,Winter,13,spearman,smooth_doy31,9,0.2197880445,0.2190713882,0.1570585966,0.2742704749,2000
main_smooth_doy_spearman,Le'anhe,乐安河,Winter,13,spearman,smooth_doy31,10,0.2204509804,0.2203501016,0.1516660899,0.2830579877,2000
main_smooth_doy_spearman,Le'anhe,乐安河,Winter,13,spearman,smooth_doy31,11,0.205915193,0.2037025839,0.1349118054,0.2691068947,2000
main_smooth_doy_spearman,Le'anhe,乐安河,Winter,13,spearman,smooth_doy31,12,0.1890884521,0.1866413653,0.1051357538,0.2599081695,2000
main_smooth_doy_spearman,Le'anhe,乐安河,Winter,13,spearman,smooth_doy31,13,0.1807549343,0.1792448163,0.08765129,0.2550787032,2000
main_smooth_doy_spearman,Le'anhe,乐安河,Winter,13,spearman,smooth_doy31,14,0.1694650121,0.1675093174,0.06257132441,0.2497748733,2000
main_smooth_doy_spearman,Le'anhe,乐安河,Winter,13,spearman,smooth_doy31,15,0.1382849055,0.1381015629,0.01516953856,0.2245638818,2000
main_smooth_doy_spearman,Le'anhe,乐安河,Winter,13,spearman,smooth_doy31,16,0.1248792976,0.1256317496,-0.01019524131,0.2197535038,2000
main_smooth_doy_spearman,Le'anhe,乐安河,Winter,13,spearman,smooth_doy31,17,0.1228603189,0.1231632233,-0.02083941549,0.2272726148,2000
main_smooth_doy_spearman,Le'anhe,乐安河,Winter,13,spearman,smooth_doy31,18,0.1145914993,0.1148485467,-0.03910189494,0.2314014584,2000
main_smooth_doy_spearman,Le'anhe,乐安河,Winter,13,spearman,smooth_doy31,19,0.1310879199,0.1294700503,-0.02242307179,0.2557053566,2000
main_smooth_doy_spearman,Le'anhe,乐安河,Winter,13,spearman,smooth_doy31,20,0.1487205645,0.1460156143,0.01103375107,0.2546820045,2000
main_smooth_doy_spearman,Liaohe,潦河,All,14,spearman,smooth_doy31,0,0.2959889959,0.2962798476,0.2420215458,0.3634832203,2000
main_smooth_doy_spearman,Liaohe,潦河,All,14,spearman,smooth_doy31,1,0.47785513,0.4796141386,0.4501486421,0.5195944309,2000
main_smooth_doy_spearman,Liaohe,潦河,All,14,spearman,smooth_doy31,2,0.4366679427,0.4384607077,0.3919585943,0.4936072528,2000
main_smooth_doy_spearman,Liaohe,潦河,All,14,spearman,smooth_doy31,3,0.3627231795,0.3639460802,0.3125423789,0.4244470894,2000
main_smooth_doy_spearman,Liaohe,潦河,All,14,spearman,smooth_doy31,4,0.3284811977,0.3289405107,0.2795701623,0.3893604577,2000
main_smooth_doy_spearman,Liaohe,潦河,All,14,spearman,smooth_doy31,5,0.2961692616,0.2959655821,0.238816604,0.366440922,2000
main_smooth_doy_spearman,Liaohe,潦河,All,14,spearman,smooth_doy31,6,0.2725955106,0.2726818919,0.209660098,0.3480809927,2000
main_smooth_doy_spearman,Liaohe,潦河,All,14,spearman,smooth_doy31,7,0.2608655366,0.2605489194,0.1965746731,0.3373540044,2000
main_smooth_doy_spearman,Liaohe,潦河,All,14,spearman,smooth_doy31,8,0.2543184186,0.2538526058,0.1866599917,0.3315410316,2000
main_smooth_doy_spearman,Liaohe,潦河,All,14,spearman,smooth_doy31,9,0.2462606295,0.2458564639,0.1762871593,0.3247986436,2000
main_smooth_doy_spearman,Liaohe,潦河,All,14,spearman,smooth_doy31,10,0.2301909746,0.2296030223,0.1596579105,0.3125859499,2000
main_smooth_doy_spearman,Liaohe,潦河,All,14,spearman,smooth_doy31,11,0.2114026794,0.2104364187,0.1398732811,0.2946517766,2000
main_smooth_doy_spearman,Liaohe,潦河,All,14,spearman,smooth_doy31,12,0.2007566291,0.1996380091,0.1280165464,0.2840926051,2000
main_smooth_doy_spearman,Liaohe,潦河,All,14,spearman,smooth_doy31,13,0.2024055953,0.2021520585,0.123204127,0.28757599,2000
main_smooth_doy_spearman,Liaohe,潦河,All,14,spearman,smooth_doy31,14,0.2002145426,0.2006696761,0.1102158129,0.2921864688,2000
main_smooth_doy_spearman,Liaohe,潦河,All,14,spearman,smooth_doy31,15,0.1830789511,0.1829896867,0.08529432118,0.282692641,2000
main_smooth_doy_spearman,Liaohe,潦河,All,14,spearman,smooth_doy31,16,0.1841513136,0.1839512587,0.09033138305,0.2807060182,2000
main_smooth_doy_spearman,Liaohe,潦河,All,14,spearman,smooth_doy31,17,0.185669403,0.1858540177,0.09290189296,0.2791067362,2000
main_smooth_doy_spearman,Liaohe,潦河,All,14,spearman,smooth_doy31,18,0.1707289413,0.1692516506,0.08020626009,0.2631441057,2000
main_smooth_doy_spearman,Liaohe,潦河,All,14,spearman,smooth_doy31,19,0.1676661656,0.1657394171,0.08184770495,0.2578962147,2000
main_smooth_doy_spearman,Liaohe,潦河,All,14,spearman,smooth_doy31,20,0.1712184025,0.169558093,0.09544917941,0.2567312717,2000
main_smooth_doy_spearman,Liaohe,潦河,Autumn,14,spearman,smooth_doy31,0,0.18555318,0.1871817857,0.08320793509,0.2812829316,2000
main_smooth_doy_spearman,Liaohe,潦河,Autumn,14,spearman,smooth_doy31,1,0.2822848343,0.2855871916,0.1825725138,0.3881228268,2000
main_smooth_doy_spearman,Liaohe,潦河,Autumn,14,spearman,smooth_doy31,2,0.3173251808,0.321687758,0.2281874865,0.4164798856,2000
main_smooth_doy_spearman,Liaohe,潦河,Autumn,14,spearman,smooth_doy31,3,0.2834666739,0.2867412567,0.1984602809,0.3772152066,2000
main_smooth_doy_spearman,Liaohe,潦河,Autumn,14,spearman,smooth_doy31,4,0.2389570957,0.2411578298,0.1464344859,0.3313350379,2000
main_smooth_doy_spearman,Liaohe,潦河,Autumn,14,spearman,smooth_doy31,5,0.2121248205,0.2142624557,0.1152632684,0.3090847433,2000
main_smooth_doy_spearman,Liaohe,潦河,Autumn,14,spearman,smooth_doy31,6,0.2047728204,0.2070020139,0.09441506118,0.3137960434,2000
main_smooth_doy_spearman,Liaohe,潦河,Autumn,14,spearman,smooth_doy31,7,0.2227919928,0.2258464396,0.1182274744,0.3308594525,2000
main_smooth_doy_spearman,Liaohe,潦河,Autumn,14,spearman,smooth_doy31,8,0.238120353,0.242926836,0.1350571662,0.3493483663,2000
main_smooth_doy_spearman,Liaohe,潦河,Autumn,14,spearman,smooth_doy31,9,0.2225133843,0.2263423949,0.1229885146,0.3264248967,2000
main_smooth_doy_spearman,Liaohe,潦河,Autumn,14,spearman,smooth_doy31,10,0.224785753,0.2282133996,0.1273482591,0.3304266036,2000
main_smooth_doy_spearman,Liaohe,潦河,Autumn,14,spearman,smooth_doy31,11,0.2130030875,0.2170444727,0.09575801343,0.3321985304,2000
main_smooth_doy_spearman,Liaohe,潦河,Autumn,14,spearman,smooth_doy31,12,0.2147977281,0.2189884633,0.1023101658,0.3301065564,2000
main_smooth_doy_spearman,Liaohe,潦河,Autumn,14,spearman,smooth_doy31,13,0.2180612973,0.2215589583,0.11361745,0.3295835555,2000
main_smooth_doy_spearman,Liaohe,潦河,Autumn,14,spearman,smooth_doy31,14,0.2060223258,0.2090619206,0.09392037988,0.3231186867,2000
main_smooth_doy_spearman,Liaohe,潦河,Autumn,14,spearman,smooth_doy31,15,0.1978081084,0.2008304,0.08025794476,0.3169926405,2000
main_smooth_doy_spearman,Liaohe,潦河,Autumn,14,spearman,smooth_doy31,16,0.1588096422,0.1616394818,0.02679375,0.2795843184,2000
main_smooth_doy_spearman,Liaohe,潦河,Autumn,14,spearman,smooth_doy31,17,0.1471361233,0.1485562921,0.02684509009,0.2596805692,2000
main_smooth_doy_spearman,Liaohe,潦河,Autumn,14,spearman,smooth_doy31,18,0.1406132281,0.1435970366,0.02094943263,0.2509696186,2000
main_smooth_doy_spearman,Liaohe,潦河,Autumn,14,spearman,smooth_doy31,19,0.1447362225,0.1500087976,0.01442786958,0.259391129,2000
main_smooth_doy_spearman,Liaohe,潦河,Autumn,14,spearman,smooth_doy31,20,0.1496998502,0.1524611712,0.02769520879,0.2625153959,2000
main_smooth_doy_spearman,Liaohe,潦河,Spring,14,spearman,smooth_doy31,0,0.2774693785,0.2766166329,0.2175732404,0.3404959142,2000
main_smooth_doy_spearman,Liaohe,潦河,Spring,14,spearman,smooth_doy31,1,0.4850123091,0.490201056,0.4424578547,0.5427709818,2000
main_smooth_doy_spearman,Liaohe,潦河,Spring,14,spearman,smooth_doy31,2,0.4148233281,0.4178193808,0.3673434854,0.4676244557,2000
main_smooth_doy_spearman,Liaohe,潦河,Spring,14,spearman,smooth_doy31,3,0.3271368414,0.3270459473,0.2707699835,0.3829264045,2000
main_smooth_doy_spearman,Liaohe,潦河,Spring,14,spearman,smooth_doy31,4,0.2993760746,0.2985469699,0.2361246496,0.3594772816,2000
main_smooth_doy_spearman,Liaohe,潦河,Spring,14,spearman,smooth_doy31,5,0.2857149463,0.2851771712,0.2108066827,0.3536196947,2000
main_smooth_doy_spearman,Liaohe,潦河,Spring,14,spearman,smooth_doy31,6,0.2560399499,0.254509151,0.1737269014,0.3329388201,2000
main_smooth_doy_spearman,Liaohe,潦河,Spring,14,spearman,smooth_doy31,7,0.2397108614,0.2382369041,0.1606127322,0.318867296,2000
main_smooth_doy_spearman,Liaohe,潦河,Spring,14,spearman,smooth_doy31,8,0.22569393,0.2236519754,0.1373941004,0.3102163076,2000
main_smooth_doy_spearman,Liaohe,潦河,Spring,14,spearman,smooth_doy31,9,0.1957865653,0.1935192943,0.09235861152,0.2873761058,2000
main_smooth_doy_spearman,Liaohe,潦河,Spring,14,spearman,smooth_doy31,10,0.1683452487,0.16593799,0.05821996182,0.2699070871,2000
main_smooth_doy_spearman,Liaohe,潦河,Spring,14,spearman,smooth_doy31,11,0.1527266378,0.1508355886,0.04069430009,0.2504255772,2000
main_smooth_doy_spearman,Liaohe,潦河,Spring,14,spearman,smooth_doy31,12,0.1333774416,0.130634889,0.01193679124,0.2360284626,2000
main_smooth_doy_spearman,Liaohe,潦河,Spring,14,spearman,smooth_doy31,13,0.141855036,0.1389605701,0.01884607971,0.2506258488,2000
main_smooth_doy_spearman,Liaohe,潦河,Spring,14,spearman,smooth_doy31,14,0.1522234271,0.1487098932,0.03717885911,0.2580763102,2000
main_smooth_doy_spearman,Liaohe,潦河,Spring,14,spearman,smooth_doy31,15,0.1378628047,0.1340819746,0.01965385675,0.2342489064,2000
main_smooth_doy_spearman,Liaohe,潦河,Spring,14,spearman,smooth_doy31,16,0.1432951798,0.1403219402,0.02160149068,0.2363775522,2000
main_smooth_doy_spearman,Liaohe,潦河,Spring,14,spearman,smooth_doy31,17,0.1427636797,0.1393111646,0.02008945867,0.2363821864,2000
main_smooth_doy_spearman,Liaohe,潦河,Spring,14,spearman,smooth_doy31,18,0.1323417283,0.1294364333,0.01737058908,0.2231758684,2000
main_smooth_doy_spearman,Liaohe,潦河,Spring,14,spearman,smooth_doy31,19,0.1286171752,0.1255199462,0.0197222475,0.2215304971,2000
main_smooth_doy_spearman,Liaohe,潦河,Spring,14,spearman,smooth_doy31,20,0.1551489943,0.1535563171,0.03980659693,0.2664209604,2000
main_smooth_doy_spearman,Liaohe,潦河,Summer,14,spearman,smooth_doy31,0,0.3249642077,0.32748878,0.2656028867,0.3842098117,2000
main_smooth_doy_spearman,Liaohe,潦河,Summer,14,spearman,smooth_doy31,1,0.5344889019,0.5372932553,0.4755125642,0.5970886946,2000
main_smooth_doy_spearman,Liaohe,潦河,Summer,14,spearman,smooth_doy31,2,0.4696856904,0.4730771482,0.4051617086,0.5383351445,2000
main_smooth_doy_spearman,Liaohe,潦河,Summer,14,spearman,smooth_doy31,3,0.3720497215,0.374170661,0.3028823435,0.4399040341,2000
main_smooth_doy_spearman,Liaohe,潦河,Summer,14,spearman,smooth_doy31,4,0.3334578507,0.3337675929,0.275303781,0.3972426057,2000
main_smooth_doy_spearman,Liaohe,潦河,Summer,14,spearman,smooth_doy31,5,0.2962505933,0.2973459959,0.2350725234,0.3630954623,2000
main_smooth_doy_spearman,Liaohe,潦河,Summer,14,spearman,smooth_doy31,6,0.2497191586,0.2513944805,0.171579048,0.3302176297,2000
main_smooth_doy_spearman,Liaohe,潦河,Summer,14,spearman,smooth_doy31,7,0.2205381341,0.2224401534,0.1353140622,0.309293896,2000
main_smooth_doy_spearman,Liaohe,潦河,Summer,14,spearman,smooth_doy31,8,0.1925681529,0.1932605505,0.1034213006,0.2852632999,2000
main_smooth_doy_spearman,Liaohe,潦河,Summer,14,spearman,smooth_doy31,9,0.193077221,0.1924458295,0.1140196696,0.2775256038,2000
main_smooth_doy_spearman,Liaohe,潦河,Summer,14,spearman,smooth_doy31,10,0.1945098405,0.1964213401,0.1058597937,0.2812229395,2000
main_smooth_doy_spearman,Liaohe,潦河,Summer,14,spearman,smooth_doy31,11,0.1723405558,0.1745392233,0.06606521457,0.2712302208,2000
main_smooth_doy_spearman,Liaohe,潦河,Summer,14,spearman,smooth_doy31,12,0.1546955371,0.1573315561,0.0589742884,0.2458976209,2000
main_smooth_doy_spearman,Liaohe,潦河,Summer,14,spearman,smooth_doy31,13,0.1506390882,0.1538441181,0.0551078096,0.2415892631,2000
main_smooth_doy_spearman,Liaohe,潦河,Summer,14,spearman,smooth_doy31,14,0.1448483307,0.1461073756,0.03050779365,0.241478458,2000
main_smooth_doy_spearman,Liaohe,潦河,Summer,14,spearman,smooth_doy31,15,0.1429979308,0.1433450729,0.02773906291,0.2414448112,2000
main_smooth_doy_spearman,Liaohe,潦河,Summer,14,spearman,smooth_doy31,16,0.1639658309,0.1626931727,0.07595919073,0.2495620549,2000
main_smooth_doy_spearman,Liaohe,潦河,Summer,14,spearman,smooth_doy31,17,0.1702108673,0.172091648,0.07511372119,0.269711107,2000
main_smooth_doy_spearman,Liaohe,潦河,Summer,14,spearman,smooth_doy31,18,0.1384041016,0.1389091313,0.03871685266,0.2391039729,2000
main_smooth_doy_spearman,Liaohe,潦河,Summer,14,spearman,smooth_doy31,19,0.1162299755,0.1180230677,0.01744829491,0.2199572027,2000
main_smooth_doy_spearman,Liaohe,潦河,Summer,14,spearman,smooth_doy31,20,0.1157847007,0.1191752106,0.01204550453,0.2127130777,2000
main_smooth_doy_spearman,Liaohe,潦河,Winter,13,spearman,smooth_doy31,0,0.1736727822,0.1776337177,0.115642719,0.2464716136,2000
main_smooth_doy_spearman,Liaohe,潦河,Winter,13,spearman,smooth_doy31,1,0.2750572542,0.2795492709,0.2321371138,0.3452842832,2000
main_smooth_doy_spearman,Liaohe,潦河,Winter,13,spearman,smooth_doy31,2,0.3189518512,0.325509876,0.280521512,0.3811985552,2000
main_smooth_doy_spearman,Liaohe,潦河,Winter,13,spearman,smooth_doy31,3,0.2961752238,0.3032300472,0.2647902369,0.3541420996,2000
main_smooth_doy_spearman,Liaohe,潦河,Winter,13,spearman,smooth_doy31,4,0.246975033,0.2528099418,0.2135572433,0.2972479165,2000
main_smooth_doy_spearman,Liaohe,潦河,Winter,13,spearman,smooth_doy31,5,0.2379740968,0.2434153259,0.2000428438,0.2908310294,2000
main_smooth_doy_spearman,Liaohe,潦河,Winter,13,spearman,smooth_doy31,6,0.2336837084,0.2377584875,0.1843292117,0.2907355428,2000
main_smooth_doy_spearman,Liaohe,潦河,Winter,13,spearman,smooth_doy31,7,0.2309673255,0.2347074151,0.1693548709,0.3067612052,2000
main_smooth_doy_spearman,Liaohe,潦河,Winter,13,spearman,smooth_doy31,8,0.2457806752,0.250587225,0.1829345673,0.3220406473,2000
main_smooth_doy_spearman,Liaohe,潦河,Winter,13,spearman,smooth_doy31,9,0.2662036832,0.2699843347,0.204438448,0.3427584469,2000
main_smooth_doy_spearman,Liaohe,潦河,Winter,13,spearman,smooth_doy31,10,0.2372085783,0.2393117845,0.1638890058,0.3223962784,2000
main_smooth_doy_spearman,Liaohe,潦河,Winter,13,spearman,smooth_doy31,11,0.2026615389,0.2062958479,0.1174715981,0.2858889401,2000
main_smooth_doy_spearman,Liaohe,潦河,Winter,13,spearman,smooth_doy31,12,0.1904221592,0.1954194456,0.09236023575,0.2808685005,2000
main_smooth_doy_spearman,Liaohe,潦河,Winter,13,spearman,smooth_doy31,13,0.1857015322,0.1901975125,0.09093153477,0.273992151,2000
main_smooth_doy_spearman,Liaohe,潦河,Winter,13,spearman,smooth_doy31,14,0.1653217722,0.1696367264,0.06678320467,0.2550276518,2000
main_smooth_doy_spearman,Liaohe,潦河,Winter,13,spearman,smooth_doy31,15,0.159245914,0.163374424,0.05168767646,0.249879688,2000
main_smooth_doy_spearman,Liaohe,潦河,Winter,13,spearman,smooth_doy31,16,0.1589668972,0.1639408916,0.03681763634,0.2616046965,2000
main_smooth_doy_spearman,Liaohe,潦河,Winter,13,spearman,smooth_doy31,17,0.1503580073,0.1550123692,0.02707780711,0.2554963231,2000
main_smooth_doy_spearman,Liaohe,潦河,Winter,13,spearman,smooth_doy31,18,0.1483323481,0.1496653557,0.02530070767,0.2559767663,2000
main_smooth_doy_spearman,Liaohe,潦河,Winter,13,spearman,smooth_doy31,19,0.1669161399,0.1665133387,0.04869872704,0.2659671009,2000
main_smooth_doy_spearman,Liaohe,潦河,Winter,13,spearman,smooth_doy31,20,0.1763922789,0.1766552627,0.05465706438,0.2825863957,2000
main_smooth_doy_spearman,Xinjiang,信江,All,14,spearman,smooth_doy31,0,0.2932978533,0.2925015688,0.2520969808,0.3330579102,2000
main_smooth_doy_spearman,Xinjiang,信江,All,14,spearman,smooth_doy31,1,0.4805444355,0.4814352989,0.4488620162,0.5148947239,2000
main_smooth_doy_spearman,Xinjiang,信江,All,14,spearman,smooth_doy31,2,0.5341562323,0.535094142,0.5001662374,0.572969377,2000
main_smooth_doy_spearman,Xinjiang,信江,All,14,spearman,smooth_doy31,3,0.4631409661,0.4634584486,0.4247589111,0.5073264837,2000
main_smooth_doy_spearman,Xinjiang,信江,All,14,spearman,smooth_doy31,4,0.3962551067,0.3964172006,0.358425051,0.4367415905,2000
main_smooth_doy_spearman,Xinjiang,信江,All,14,spearman,smooth_doy31,5,0.3615170728,0.3614463806,0.3215999901,0.4021778703,2000
main_smooth_doy_spearman,Xinjiang,信江,All,14,spearman,smooth_doy31,6,0.3348015705,0.3338551521,0.2920437157,0.3762250543,2000
main_smooth_doy_spearman,Xinjiang,信江,All,14,spearman,smooth_doy31,7,0.3083497972,0.3071265817,0.2577822804,0.3555937111,2000
main_smooth_doy_spearman,Xinjiang,信江,All,14,spearman,smooth_doy31,8,0.2902782979,0.289703548,0.2270630896,0.3461503386,2000
main_smooth_doy_spearman,Xinjiang,信江,All,14,spearman,smooth_doy31,9,0.2769694587,0.2756939232,0.2134425491,0.334854126,2000
main_smooth_doy_spearman,Xinjiang,信江,All,14,spearman,smooth_doy31,10,0.2580626789,0.2567931414,0.1926014721,0.3157868683,2000
main_smooth_doy_spearman,Xinjiang,信江,All,14,spearman,smooth_doy31,11,0.2346468798,0.2332642227,0.1724525839,0.2949690223,2000
main_smooth_doy_spearman,Xinjiang,信江,All,14,spearman,smooth_doy31,12,0.215790479,0.2134454995,0.1588857621,0.2738380134,2000
main_smooth_doy_spearman,Xinjiang,信江,All,14,spearman,smooth_doy31,13,0.2094762511,0.2074110508,0.1491224915,0.2665610313,2000
main_smooth_doy_spearman,Xinjiang,信江,All,14,spearman,smooth_doy31,14,0.2091800945,0.2078597397,0.1429257691,0.2686308622,2000
main_smooth_doy_spearman,Xinjiang,信江,All,14,spearman,smooth_doy31,15,0.1964093324,0.1959082186,0.1234054118,0.2601300776,2000
main_smooth_doy_spearman,Xinjiang,信江,All,14,spearman,smooth_doy31,16,0.1787486935,0.177456975,0.1069514081,0.2412456274,2000
main_smooth_doy_spearman,Xinjiang,信江,All,14,spearman,smooth_doy31,17,0.1734523797,0.1739545614,0.1014592648,0.2330251038,2000
main_smooth_doy_spearman,Xinjiang,信江,All,14,spearman,smooth_doy31,18,0.1732542977,0.1736364812,0.1024567112,0.2365187556,2000
main_smooth_doy_spearman,Xinjiang,信江,All,14,spearman,smooth_doy31,19,0.1761733335,0.1764546037,0.1080252975,0.2399220467,2000
main_smooth_doy_spearman,Xinjiang,信江,All,14,spearman,smooth_doy31,20,0.1701782305,0.1699804962,0.107947357,0.229208529,2000
main_smooth_doy_spearman,Xinjiang,信江,Autumn,14,spearman,smooth_doy31,0,0.2736609724,0.2691630721,0.1545210332,0.3914363086,2000
main_smooth_doy_spearman,Xinjiang,信江,Autumn,14,spearman,smooth_doy31,1,0.3756424257,0.3743664324,0.2828273177,0.473757863,2000
main_smooth_doy_spearman,Xinjiang,信江,Autumn,14,spearman,smooth_doy31,2,0.432525738,0.4339231849,0.3442820907,0.5260607004,2000
main_smooth_doy_spearman,Xinjiang,信江,Autumn,14,spearman,smooth_doy31,3,0.4436152755,0.4470826387,0.3477788568,0.5419402122,2000
main_smooth_doy_spearman,Xinjiang,信江,Autumn,14,spearman,smooth_doy31,4,0.4428017419,0.4452143312,0.3428263962,0.5456950665,2000
main_smooth_doy_spearman,Xinjiang,信江,Autumn,14,spearman,smooth_doy31,5,0.4204703897,0.4212658405,0.3055143952,0.5284988284,2000
main_smooth_doy_spearman,Xinjiang,信江,Autumn,14,spearman,smooth_doy31,6,0.387399544,0.3872925639,0.2647689283,0.5014201403,2000
main_smooth_doy_spearman,Xinjiang,信江,Autumn,14,spearman,smooth_doy31,7,0.3588910891,0.3561435044,0.2319518775,0.4789748788,2000
main_smooth_doy_spearman,Xinjiang,信江,Autumn,14,spearman,smooth_doy31,8,0.3317741709,0.33026582,0.1930032223,0.4597167671,2000
main_smooth_doy_spearman,Xinjiang,信江,Autumn,14,spearman,smooth_doy31,9,0.3141784779,0.3122428954,0.1690205336,0.4454778135,2000
main_smooth_doy_spearman,Xinjiang,信江,Autumn,14,spearman,smooth_doy31,10,0.3070999903,0.3043344021,0.1587765515,0.4418005049,2000
main_smooth_doy_spearman,Xinjiang,信江,Autumn,14,spearman,smooth_doy31,11,0.2953106882,0.2919771075,0.1565901935,0.4233637452,2000
main_smooth_doy_spearman,Xinjiang,信江,Autumn,14,spearman,smooth_doy31,12,0.2902175549,0.2850086987,0.1614417434,0.4138894677,2000
main_smooth_doy_spearman,Xinjiang,信江,Autumn,14,spearman,smooth_doy31,13,0.2767377673,0.2703127265,0.1424431205,0.4005315304,2000
main_smooth_doy_spearman,Xinjiang,信江,Autumn,14,spearman,smooth_doy31,14,0.2430865111,0.2364554852,0.1002482548,0.3730587065,2000
main_smooth_doy_spearman,Xinjiang,信江,Autumn,14,spearman,smooth_doy31,15,0.2100332403,0.2019293308,0.05686556548,0.3496398628,2000
main_smooth_doy_spearman,Xinjiang,信江,Autumn,14,spearman,smooth_doy31,16,0.1908077188,0.1812285185,0.0314357914,0.3296773732,2000
main_smooth_doy_spearman,Xinjiang,信江,Autumn,14,spearman,smooth_doy31,17,0.1675398501,0.1569114923,0.00551820593,0.301753819,2000
main_smooth_doy_spearman,Xinjiang,信江,Autumn,14,spearman,smooth_doy31,18,0.1526697621,0.1428284049,-0.0006786651793,0.2828347385,2000
main_smooth_doy_spearman,Xinjiang,信江,Autumn,14,spearman,smooth_doy31,19,0.1551158038,0.1460056305,0.01065318938,0.2799755335,2000
main_smooth_doy_spearman,Xinjiang,信江,Autumn,14,spearman,smooth_doy31,20,0.1597584018,0.1509716511,0.01403131243,0.2805241942,2000
main_smooth_doy_spearman,Xinjiang,信江,Spring,14,spearman,smooth_doy31,0,0.2163665253,0.214295119,0.149426356,0.2797431648,2000
main_smooth_doy_spearman,Xinjiang,信江,Spring,14,spearman,smooth_doy31,1,0.4642560542,0.4663673341,0.4251143932,0.502682209,2000
main_smooth_doy_spearman,Xinjiang,信江,Spring,14,spearman,smooth_doy31,2,0.5265829155,0.528745532,0.4825406075,0.5726754665,2000
main_smooth_doy_spearman,Xinjiang,信江,Spring,14,spearman,smooth_doy31,3,0.4379260175,0.4397080839,0.3783616126,0.4923279583,2000
main_smooth_doy_spearman,Xinjiang,信江,Spring,14,spearman,smooth_doy31,4,0.3521353277,0.3521007895,0.2855761647,0.4128683209,2000
main_smooth_doy_spearman,Xinjiang,信江,Spring,14,spearman,smooth_doy31,5,0.3026093127,0.3018500507,0.2399824411,0.3587082028,2000
main_smooth_doy_spearman,Xinjiang,信江,Spring,14,spearman,smooth_doy31,6,0.2757449137,0.2736035585,0.2031037062,0.3391364217,2000
main_smooth_doy_spearman,Xinjiang,信江,Spring,14,spearman,smooth_doy31,7,0.2535482396,0.2490933537,0.1677191556,0.3277842402,2000
main_smooth_doy_spearman,Xinjiang,信江,Spring,14,spearman,smooth_doy31,8,0.2274757774,0.2212807834,0.1249596551,0.3087384999,2000
main_smooth_doy_spearman,Xinjiang,信江,Spring,14,spearman,smooth_doy31,9,0.2263037303,0.221111834,0.1158341244,0.3075408041,2000
main_smooth_doy_spearman,Xinjiang,信江,Spring,14,spearman,smooth_doy31,10,0.2130674552,0.2089028805,0.1227165684,0.279940486,2000
main_smooth_doy_spearman,Xinjiang,信江,Spring,14,spearman,smooth_doy31,11,0.1779439012,0.1731494963,0.09563265741,0.2376377434,2000
main_smooth_doy_spearman,Xinjiang,信江,Spring,14,spearman,smooth_doy31,12,0.1464025539,0.1428840756,0.04963314533,0.2136954367,2000
main_smooth_doy_spearman,Xinjiang,信江,Spring,14,spearman,smooth_doy31,13,0.1177730605,0.1142534167,0.01902404986,0.1862461269,2000
main_smooth_doy_spearman,Xinjiang,信江,Spring,14,spearman,smooth_doy31,14,0.09909938034,0.09426365793,0.009366840124,0.1655688733,2000
main_smooth_doy_spearman,Xinjiang,信江,Spring,14,spearman,smooth_doy31,15,0.09064412189,0.08693829179,-0.007436540909,0.163340956,2000
main_smooth_doy_spearman,Xinjiang,信江,Spring,14,spearman,smooth_doy31,16,0.09026197805,0.08516900986,-0.004963541403,0.1652534604,2000
main_smooth_doy_spearman,Xinjiang,信江,Spring,14,spearman,smooth_doy31,17,0.09064563979,0.08669554442,0.001752663287,0.162537083,2000
main_smooth_doy_spearman,Xinjiang,信江,Spring,14,spearman,smooth_doy31,18,0.1011244189,0.09697055817,0.006870347075,0.1747469604,2000
main_smooth_doy_spearman,Xinjiang,信江,Spring,14,spearman,smooth_doy31,19,0.1136838267,0.11013221,0.02727494575,0.1879623532,2000
main_smooth_doy_spearman,Xinjiang,信江,Spring,14,spearman,smooth_doy31,20,0.1279705471,0.1233129352,0.0373744294,0.209339425,2000
main_smooth_doy_spearman,Xinjiang,信江,Summer,14,spearman,smooth_doy31,0,0.3189755532,0.3173290193,0.2432125658,0.3833676875,2000
main_smooth_doy_spearman,Xinjiang,信江,Summer,14,spearman,smooth_doy31,1,0.536050904,0.5353329182,0.4551971555,0.6134750843,2000
main_smooth_doy_spearman,Xinjiang,信江,Summer,14,spearman,smooth_doy31,2,0.5810208709,0.5831058025,0.4942129254,0.6602073908,2000
main_smooth_doy_spearman,Xinjiang,信江,Summer,14,spearman,smooth_doy31,3,0.4908471918,0.4941270649,0.4019175768,0.5705555677,2000
main_smooth_doy_spearman,Xinjiang,信江,Summer,14,spearman,smooth_doy31,4,0.4018695961,0.4034898281,0.3193307519,0.484747678,2000
main_smooth_doy_spearman,Xinjiang,信江,Summer,14,spearman,smooth_doy31,5,0.3695300358,0.3713635802,0.2811965346,0.4549741447,2000
main_smooth_doy_spearman,Xinjiang,信江,Summer,14,spearman,smooth_doy31,6,0.3133882873,0.3148938417,0.2222658545,0.3970852494,2000
main_smooth_doy_spearman,Xinjiang,信江,Summer,14,spearman,smooth_doy31,7,0.2625912454,0.2625978291,0.1584257931,0.3559689224,2000
main_smooth_doy_spearman,Xinjiang,信江,Summer,14,spearman,smooth_doy31,8,0.2263335854,0.223923251,0.1233406365,0.3319773972,2000
main_smooth_doy_spearman,Xinjiang,信江,Summer,14,spearman,smooth_doy31,9,0.2104801952,0.2070259154,0.1113254353,0.3119630516,2000
main_smooth_doy_spearman,Xinjiang,信江,Summer,14,spearman,smooth_doy31,10,0.176325373,0.1729674339,0.07442830503,0.2740632296,2000
main_smooth_doy_spearman,Xinjiang,信江,Summer,14,spearman,smooth_doy31,11,0.1619462358,0.1598662287,0.04886936769,0.2615237534,2000
main_smooth_doy_spearman,Xinjiang,信江,Summer,14,spearman,smooth_doy31,12,0.1512987257,0.1472718418,0.03681953251,0.2499388605,2000
main_smooth_doy_spearman,Xinjiang,信江,Summer,14,spearman,smooth_doy31,13,0.1533235657,0.1512515396,0.04021564871,0.2524135411,2000
main_smooth_doy_spearman,Xinjiang,信江,Summer,14,spearman,smooth_doy31,14,0.1723865805,0.1716047972,0.04740961269,0.2822327912,2000
main_smooth_doy_spearman,Xinjiang,信江,Summer,14,spearman,smooth_doy31,15,0.1604113725,0.1608073115,0.02464557812,0.274868995,2000
main_smooth_doy_spearman,Xinjiang,信江,Summer,14,spearman,smooth_doy31,16,0.1408657917,0.1394664049,0.01407349762,0.2506434321,2000
main_smooth_doy_spearman,Xinjiang,信江,Summer,14,spearman,smooth_doy31,17,0.1350649167,0.1342810541,0.0005203083274,0.2463805825,2000
main_smooth_doy_spearman,Xinjiang,信江,Summer,14,spearman,smooth_doy31,18,0.1270762443,0.1273906827,-0.001270034816,0.235155344,2000
main_smooth_doy_spearman,Xinjiang,信江,Summer,14,spearman,smooth_doy31,19,0.1186502802,0.1178002954,-0.001678373781,0.2170265913,2000
main_smooth_doy_spearman,Xinjiang,信江,Summer,14,spearman,smooth_doy31,20,0.1124293438,0.1108133495,0.001313019195,0.20248577,2000
main_smooth_doy_spearman,Xinjiang,信江,Winter,13,spearman,smooth_doy31,0,0.2541245482,0.2544753551,0.1820821315,0.3236083686,2000
main_smooth_doy_spearman,Xinjiang,信江,Winter,13,spearman,smooth_doy31,1,0.3586619745,0.361569643,0.295315057,0.4261398315,2000
main_smooth_doy_spearman,Xinjiang,信江,Winter,13,spearman,smooth_doy31,2,0.4194524265,0.4238222837,0.3534818292,0.4913502932,2000
main_smooth_doy_spearman,Xinjiang,信江,Winter,13,spearman,smooth_doy31,3,0.4220585722,0.4269531071,0.3609944582,0.4891564548,2000
main_smooth_doy_spearman,Xinjiang,信江,Winter,13,spearman,smooth_doy31,4,0.4050803546,0.409155935,0.3447605669,0.4679251909,2000
main_smooth_doy_spearman,Xinjiang,信江,Winter,13,spearman,smooth_doy31,5,0.3944334997,0.3976041079,0.3329925239,0.4621352553,2000
main_smooth_doy_spearman,Xinjiang,信江,Winter,13,spearman,smooth_doy31,6,0.378558326,0.3796325326,0.3122809529,0.4469447434,2000
main_smooth_doy_spearman,Xinjiang,信江,Winter,13,spearman,smooth_doy31,7,0.3737027926,0.3739594817,0.2992919683,0.4532977343,2000
main_smooth_doy_spearman,Xinjiang,信江,Winter,13,spearman,smooth_doy31,8,0.3813205953,0.3793508112,0.318816483,0.4480172396,2000
main_smooth_doy_spearman,Xinjiang,信江,Winter,13,spearman,smooth_doy31,9,0.379457893,0.3769966364,0.3130477667,0.4440484047,2000
main_smooth_doy_spearman,Xinjiang,信江,Winter,13,spearman,smooth_doy31,10,0.3679412771,0.3656152487,0.2860561907,0.4440031946,2000
main_smooth_doy_spearman,Xinjiang,信江,Winter,13,spearman,smooth_doy31,11,0.3508431155,0.3479649425,0.269585669,0.4241178036,2000
main_smooth_doy_spearman,Xinjiang,信江,Winter,13,spearman,smooth_doy31,12,0.3352269749,0.3321186304,0.2594635785,0.4017700851,2000
main_smooth_doy_spearman,Xinjiang,信江,Winter,13,spearman,smooth_doy31,13,0.3080143226,0.3047444522,0.2290542424,0.3730248213,2000
main_smooth_doy_spearman,Xinjiang,信江,Winter,13,spearman,smooth_doy31,14,0.2720611635,0.2682864666,0.1848323345,0.342713356,2000
main_smooth_doy_spearman,Xinjiang,信江,Winter,13,spearman,smooth_doy31,15,0.2533051213,0.2490819544,0.1653516442,0.3146004975,2000
main_smooth_doy_spearman,Xinjiang,信江,Winter,13,spearman,smooth_doy31,16,0.2331785631,0.2296188027,0.1368820816,0.2930980325,2000
main_smooth_doy_spearman,Xinjiang,信江,Winter,13,spearman,smooth_doy31,17,0.2214933329,0.2165048122,0.1235884726,0.289819926,2000
main_smooth_doy_spearman,Xinjiang,信江,Winter,13,spearman,smooth_doy31,18,0.2169735287,0.2106311619,0.1184368059,0.28506428,2000
main_smooth_doy_spearman,Xinjiang,信江,Winter,13,spearman,smooth_doy31,19,0.2163535249,0.2065119445,0.1150861382,0.2837976217,2000
main_smooth_doy_spearman,Xinjiang,信江,Winter,13,spearman,smooth_doy31,20,0.1943021511,0.1843088418,0.09394466877,0.2543897331,2000
main_smooth_doy_spearman,Xiushui,修水,All,14,spearman,smooth_doy31,0,0.1792995151,0.1775329709,0.1067338511,0.2537426651,2000
main_smooth_doy_spearman,Xiushui,修水,All,14,spearman,smooth_doy31,1,0.2198653004,0.2183381915,0.1604918092,0.2800705433,2000
main_smooth_doy_spearman,Xiushui,修水,All,14,spearman,smooth_doy31,2,0.2334116077,0.2310290486,0.1754016727,0.2949106097,2000
main_smooth_doy_spearman,Xiushui,修水,All,14,spearman,smooth_doy31,3,0.2388966701,0.2367965579,0.1759395301,0.3074049652,2000
main_smooth_doy_spearman,Xiushui,修水,All,14,spearman,smooth_doy31,4,0.2362839455,0.2337559313,0.1753189117,0.3030364513,2000
main_smooth_doy_spearman,Xiushui,修水,All,14,spearman,smooth_doy31,5,0.2412451049,0.2392132282,0.1758787036,0.3113122284,2000
main_smooth_doy_spearman,Xiushui,修水,All,14,spearman,smooth_doy31,6,0.2391284239,0.2371164113,0.1699889004,0.3114574254,2000
main_smooth_doy_spearman,Xiushui,修水,All,14,spearman,smooth_doy31,7,0.2531337834,0.2516384721,0.1861986667,0.3212377429,2000
main_smooth_doy_spearman,Xiushui,修水,All,14,spearman,smooth_doy31,8,0.2514109065,0.2505235076,0.184979558,0.3174502552,2000
main_smooth_doy_spearman,Xiushui,修水,All,14,spearman,smooth_doy31,9,0.235309263,0.2341470122,0.1700151563,0.3000342846,2000
main_smooth_doy_spearman,Xiushui,修水,All,14,spearman,smooth_doy31,10,0.2225276502,0.2210116088,0.1598864794,0.2821612358,2000
main_smooth_doy_spearman,Xiushui,修水,All,14,spearman,smooth_doy31,11,0.2156210069,0.2147885263,0.1529086977,0.2753066421,2000
main_smooth_doy_spearman,Xiushui,修水,All,14,spearman,smooth_doy31,12,0.2062575688,0.2057697773,0.1458927542,0.2643589973,2000
main_smooth_doy_spearman,Xiushui,修水,All,14,spearman,smooth_doy31,13,0.2004952987,0.2000523955,0.1338835806,0.2648075819,2000
main_smooth_doy_spearman,Xiushui,修水,All,14,spearman,smooth_doy31,14,0.1948658204,0.194848299,0.1258481443,0.260818392,2000
main_smooth_doy_spearman,Xiushui,修水,All,14,spearman,smooth_doy31,15,0.190261554,0.1906787902,0.1116305068,0.2622487247,2000
main_smooth_doy_spearman,Xiushui,修水,All,14,spearman,smooth_doy31,16,0.1721605035,0.1722633094,0.08716172725,0.2495939881,2000
main_smooth_doy_spearman,Xiushui,修水,All,14,spearman,smooth_doy31,17,0.1627210753,0.1626939476,0.07869273424,0.2426563948,2000
main_smooth_doy_spearman,Xiushui,修水,All,14,spearman,smooth_doy31,18,0.1641300004,0.1646064818,0.07903757691,0.2470904291,2000
main_smooth_doy_spearman,Xiushui,修水,All,14,spearman,smooth_doy31,19,0.1508920774,0.1511961818,0.06449703127,0.2323054075,2000
main_smooth_doy_spearman,Xiushui,修水,All,14,spearman,smooth_doy31,20,0.144004723,0.143627435,0.0557856597,0.2275512218,2000
main_smooth_doy_spearman,Xiushui,修水,Autumn,14,spearman,smooth_doy31,0,0.06936109929,0.07686904818,-0.0478470251,0.179760322,2000
main_smooth_doy_spearman,Xiushui,修水,Autumn,14,spearman,smooth_doy31,1,0.0596167896,0.06748945266,-0.04677410424,0.1585323811,2000
main_smooth_doy_spearman,Xiushui,修水,Autumn,14,spearman,smooth_doy31,2,0.05289145132,0.06065440923,-0.04733871669,0.1491934955,2000
main_smooth_doy_spearman,Xiushui,修水,Autumn,14,spearman,smooth_doy31,3,0.05453129951,0.06051192433,-0.047471039,0.1670075655,2000
main_smooth_doy_spearman,Xiushui,修水,Autumn,14,spearman,smooth_doy31,4,0.02615600709,0.03020488471,-0.08153831959,0.1466887146,2000
main_smooth_doy_spearman,Xiushui,修水,Autumn,14,spearman,smooth_doy31,5,0.03233825996,0.03524911031,-0.07758252323,0.1513819993,2000
main_smooth_doy_spearman,Xiushui,修水,Autumn,14,spearman,smooth_doy31,6,0.03430316785,0.03502172977,-0.07080527395,0.1480613351,2000
main_smooth_doy_spearman,Xiushui,修水,Autumn,14,spearman,smooth_doy31,7,0.04388047125,0.04414585233,-0.06268391013,0.1581306607,2000
main_smooth_doy_spearman,Xiushui,修水,Autumn,14,spearman,smooth_doy31,8,0.01923676977,0.01690962352,-0.07767450064,0.1270751506,2000
main_smooth_doy_spearman,Xiushui,修水,Autumn,14,spearman,smooth_doy31,9,-0.008028172104,-0.01257540472,-0.1059954464,0.1078293622,2000
main_smooth_doy_spearman,Xiushui,修水,Autumn,14,spearman,smooth_doy31,10,-0.03385293682,-0.03821464628,-0.1269467026,0.08542149514,2000
main_smooth_doy_spearman,Xiushui,修水,Autumn,14,spearman,smooth_doy31,11,-0.05740814276,-0.06316609681,-0.1462492049,0.05542398617,2000
main_smooth_doy_spearman,Xiushui,修水,Autumn,14,spearman,smooth_doy31,12,-0.06082206325,-0.06698077172,-0.1482120007,0.04223795608,2000
main_smooth_doy_spearman,Xiushui,修水,Autumn,14,spearman,smooth_doy31,13,-0.01137615739,-0.01639769226,-0.09601727128,0.08115207404,2000
main_smooth_doy_spearman,Xiushui,修水,Autumn,14,spearman,smooth_doy31,14,0.0146414644,0.009681032039,-0.0655207783,0.1017352268,2000
main_smooth_doy_spearman,Xiushui,修水,Autumn,14,spearman,smooth_doy31,15,0.03526590416,0.03219636902,-0.04213182628,0.1213897169,2000
main_smooth_doy_spearman,Xiushui,修水,Autumn,14,spearman,smooth_doy31,16,0.01595069535,0.01264856383,-0.07206708193,0.1100154519,2000
main_smooth_doy_spearman,Xiushui,修水,Autumn,14,spearman,smooth_doy31,17,0.01598372101,0.01232165098,-0.06671883911,0.1103917584,2000
main_smooth_doy_spearman,Xiushui,修水,Autumn,14,spearman,smooth_doy31,18,0.02734826338,0.0234875828,-0.06806703657,0.126348421,2000
main_smooth_doy_spearman,Xiushui,修水,Autumn,14,spearman,smooth_doy31,19,0.06723262152,0.06528188288,-0.03909089416,0.1754234582,2000
main_smooth_doy_spearman,Xiushui,修水,Autumn,14,spearman,smooth_doy31,20,0.1046410257,0.103370212,-0.01013864949,0.2143386751,2000
main_smooth_doy_spearman,Xiushui,修水,Spring,14,spearman,smooth_doy31,0,0.1092144595,0.1104302555,0.02315945178,0.1939893663,2000
main_smooth_doy_spearman,Xiushui,修水,Spring,14,spearman,smooth_doy31,1,0.1403545247,0.1404464096,0.07740855217,0.199227035,2000
main_smooth_doy_spearman,Xiushui,修水,Spring,14,spearman,smooth_doy31,2,0.1635998636,0.1638892591,0.1070533916,0.220230639,2000
main_smooth_doy_spearman,Xiushui,修水,Spring,14,spearman,smooth_doy31,3,0.1709689194,0.1705074012,0.1050716564,0.2363551408,2000
main_smooth_doy_spearman,Xiushui,修水,Spring,14,spearman,smooth_doy31,4,0.1782877435,0.1788561642,0.1080829799,0.2463630736,2000
main_smooth_doy_spearman,Xiushui,修水,Spring,14,spearman,smooth_doy31,5,0.1864012364,0.1865841746,0.1175156757,0.2473694682,2000
main_smooth_doy_spearman,Xiushui,修水,Spring,14,spearman,smooth_doy31,6,0.2063034093,0.2064991295,0.1280317008,0.279073298,2000
main_smooth_doy_spearman,Xiushui,修水,Spring,14,spearman,smooth_doy31,7,0.2295235793,0.231285125,0.1446595639,0.3075700104,2000
main_smooth_doy_spearman,Xiushui,修水,Spring,14,spearman,smooth_doy31,8,0.2257883046,0.2271508574,0.1371264309,0.3042602241,2000
main_smooth_doy_spearman,Xiushui,修水,Spring,14,spearman,smooth_doy31,9,0.2074191535,0.2098451406,0.1216766313,0.2813616097,2000
main_smooth_doy_spearman,Xiushui,修水,Spring,14,spearman,smooth_doy31,10,0.1795532794,0.1811725795,0.1004484966,0.2526394725,2000
main_smooth_doy_spearman,Xiushui,修水,Spring,14,spearman,smooth_doy31,11,0.1678885279,0.1686341763,0.08987115324,0.2439669371,2000
main_smooth_doy_spearman,Xiushui,修水,Spring,14,spearman,smooth_doy31,12,0.1408473743,0.1406579316,0.06627519429,0.2127590925,2000
main_smooth_doy_spearman,Xiushui,修水,Spring,14,spearman,smooth_doy31,13,0.1207009061,0.1215048954,0.04954727739,0.1922661215,2000
main_smooth_doy_spearman,Xiushui,修水,Spring,14,spearman,smooth_doy31,14,0.1062555045,0.106653817,0.03512194753,0.1780843437,2000
main_smooth_doy_spearman,Xiushui,修水,Spring,14,spearman,smooth_doy31,15,0.1036706658,0.1047562659,0.03987878188,0.1673437357,2000
main_smooth_doy_spearman,Xiushui,修水,Spring,14,spearman,smooth_doy31,16,0.08605032056,0.08493683487,0.02041214518,0.1523291618,2000
main_smooth_doy_spearman,Xiushui,修水,Spring,14,spearman,smooth_doy31,17,0.0764646883,0.07526136935,0.00298904255,0.1503104866,2000
main_smooth_doy_spearman,Xiushui,修水,Spring,14,spearman,smooth_doy31,18,0.08264021227,0.0831708312,0.01010352187,0.1570152193,2000
main_smooth_doy_spearman,Xiushui,修水,Spring,14,spearman,smooth_doy31,19,0.06775764579,0.06884664297,-0.004298314918,0.1379234195,2000
main_smooth_doy_spearman,Xiushui,修水,Spring,14,spearman,smooth_doy31,20,0.05412721448,0.05353363603,-0.02040155604,0.1335866749,2000
main_smooth_doy_spearman,Xiushui,修水,Summer,14,spearman,smooth_doy31,0,0.2025103922,0.2005223334,0.1214392036,0.2782525718,2000
main_smooth_doy_spearman,Xiushui,修水,Summer,14,spearman,smooth_doy31,1,0.2511024195,0.2513999939,0.1667653322,0.3341988623,2000
main_smooth_doy_spearman,Xiushui,修水,Summer,14,spearman,smooth_doy31,2,0.2666833122,0.2673343122,0.1759520918,0.3513078392,2000
main_smooth_doy_spearman,Xiushui,修水,Summer,14,spearman,smooth_doy31,3,0.2880625866,0.2888773084,0.196670711,0.3723200858,2000
main_smooth_doy_spearman,Xiushui,修水,Summer,14,spearman,smooth_doy31,4,0.2903605399,0.2907095551,0.211125195,0.3633686006,2000
main_smooth_doy_spearman,Xiushui,修水,Summer,14,spearman,smooth_doy31,5,0.2772347756,0.2788055539,0.1793887019,0.3579281867,2000
main_smooth_doy_spearman,Xiushui,修水,Summer,14,spearman,smooth_doy31,6,0.2558409966,0.2569973469,0.1436990201,0.3499742448,2000
main_smooth_doy_spearman,Xiushui,修水,Summer,14,spearman,smooth_doy31,7,0.2654271075,0.2661660314,0.1695466936,0.3463922441,2000
main_smooth_doy_spearman,Xiushui,修水,Summer,14,spearman,smooth_doy31,8,0.2531720166,0.2511324584,0.165368095,0.3293964863,2000
main_smooth_doy_spearman,Xiushui,修水,Summer,14,spearman,smooth_doy31,9,0.2370897529,0.2353241444,0.149174124,0.3151186109,2000
main_smooth_doy_spearman,Xiushui,修水,Summer,14,spearman,smooth_doy31,10,0.2399742178,0.2377308309,0.1431520581,0.3260060549,2000
main_smooth_doy_spearman,Xiushui,修水,Summer,14,spearman,smooth_doy31,11,0.2459514282,0.2462141812,0.138219431,0.335819453,2000
main_smooth_doy_spearman,Xiushui,修水,Summer,14,spearman,smooth_doy31,12,0.246220655,0.245357722,0.1390534937,0.3365046382,2000
main_smooth_doy_spearman,Xiushui,修水,Summer,14,spearman,smooth_doy31,13,0.2468841535,0.2454924881,0.1404211074,0.342727989,2000
main_smooth_doy_spearman,Xiushui,修水,Summer,14,spearman,smooth_doy31,14,0.2589149037,0.258012712,0.153658241,0.3518528938,2000
main_smooth_doy_spearman,Xiushui,修水,Summer,14,spearman,smooth_doy31,15,0.2515954837,0.2506032288,0.1424713135,0.3446724415,2000
main_smooth_doy_spearman,Xiushui,修水,Summer,14,spearman,smooth_doy31,16,0.2347094755,0.2336448729,0.1295288056,0.3253288865,2000
main_smooth_doy_spearman,Xiushui,修水,Summer,14,spearman,smooth_doy31,17,0.2298625096,0.2294900268,0.1324457675,0.312720865,2000
main_smooth_doy_spearman,Xiushui,修水,Summer,14,spearman,smooth_doy31,18,0.2217085492,0.221288085,0.113722153,0.3127941489,2000
main_smooth_doy_spearman,Xiushui,修水,Summer,14,spearman,smooth_doy31,19,0.2059160872,0.2071198523,0.09896431863,0.3002123237,2000
main_smooth_doy_spearman,Xiushui,修水,Summer,14,spearman,smooth_doy31,20,0.1917276391,0.1911318451,0.09404192865,0.2768709362,2000
main_smooth_doy_spearman,Xiushui,修水,Winter,13,spearman,smooth_doy31,0,0.1862417712,0.1869020164,0.07480696589,0.3025234044,2000
main_smooth_doy_spearman,Xiushui,修水,Winter,13,spearman,smooth_doy31,1,0.2081056874,0.2105156034,0.1073079854,0.3139374256,2000
main_smooth_doy_spearman,Xiushui,修水,Winter,13,spearman,smooth_doy31,2,0.1927251259,0.1961251795,0.09412822127,0.3083891273,2000
main_smooth_doy_spearman,Xiushui,修水,Winter,13,spearman,smooth_doy31,3,0.1879518834,0.1906276345,0.09360719472,0.2961275876,2000
main_smooth_doy_spearman,Xiushui,修水,Winter,13,spearman,smooth_doy31,4,0.1798492875,0.1823571324,0.09354221076,0.280051291,2000
main_smooth_doy_spearman,Xiushui,修水,Winter,13,spearman,smooth_doy31,5,0.1991355727,0.2013942003,0.1273573786,0.28351897,2000
main_smooth_doy_spearman,Xiushui,修水,Winter,13,spearman,smooth_doy31,6,0.1959477895,0.197293669,0.12793006,0.2724370658,2000
main_smooth_doy_spearman,Xiushui,修水,Winter,13,spearman,smooth_doy31,7,0.1920126627,0.1937109083,0.1217603385,0.265606761,2000
main_smooth_doy_spearman,Xiushui,修水,Winter,13,spearman,smooth_doy31,8,0.1807476916,0.1816806644,0.1133160219,0.2611671388,2000
main_smooth_doy_spearman,Xiushui,修水,Winter,13,spearman,smooth_doy31,9,0.1560319017,0.1576382816,0.08891783655,0.235226199,2000
main_smooth_doy_spearman,Xiushui,修水,Winter,13,spearman,smooth_doy31,10,0.1465869213,0.1477795094,0.08153888583,0.2202254534,2000
main_smooth_doy_spearman,Xiushui,修水,Winter,13,spearman,smooth_doy31,11,0.1396365966,0.141238153,0.07939080149,0.207537666,2000
main_smooth_doy_spearman,Xiushui,修水,Winter,13,spearman,smooth_doy31,12,0.1515354516,0.154773891,0.08138641715,0.2244482934,2000
main_smooth_doy_spearman,Xiushui,修水,Winter,13,spearman,smooth_doy31,13,0.1492927926,0.1532184482,0.08023438603,0.2225993872,2000
main_smooth_doy_spearman,Xiushui,修水,Winter,13,spearman,smooth_doy31,14,0.1138508917,0.1184069961,0.02560764179,0.2089308202,2000
main_smooth_doy_spearman,Xiushui,修水,Winter,13,spearman,smooth_doy31,15,0.08750691203,0.09053380787,-0.009384052828,0.1970801502,2000
main_smooth_doy_spearman,Xiushui,修水,Winter,13,spearman,smooth_doy31,16,0.06614720038,0.06827442348,-0.04112894088,0.187479198,2000
main_smooth_doy_spearman,Xiushui,修水,Winter,13,spearman,smooth_doy31,17,0.05539123,0.0570291914,-0.05955569446,0.1842023432,2000
main_smooth_doy_spearman,Xiushui,修水,Winter,13,spearman,smooth_doy31,18,0.06878012617,0.07331736386,-0.05774518475,0.2067418396,2000
main_smooth_doy_spearman,Xiushui,修水,Winter,13,spearman,smooth_doy31,19,0.06011411584,0.06512966752,-0.07829878479,0.2106314898,2000
main_smooth_doy_spearman,Xiushui,修水,Winter,13,spearman,smooth_doy31,20,0.05650817408,0.06254711747,-0.07781623304,0.2061387897,2000
