config_id,basin_en,basin_cn,season,block_count,correlation_method,deseason_method,search_max_lag_days,lag_days,probability,bootstrap_reps
full2020_month_median_spearman,Changjiang,昌江,All,15,spearman,month_median,10,0,0,2000
full2020_month_median_spearman,Changjiang,昌江,All,15,spearman,month_median,10,1,0,2000
full2020_month_median_spearman,Changjiang,昌江,All,15,spearman,month_median,10,2,1,2000
full2020_month_median_spearman,Changjiang,昌江,All,15,spearman,month_median,10,3,0,2000
full2020_month_median_spearman,Changjiang,昌江,All,15,spearman,month_median,10,4,0,2000
full2020_month_median_spearman,Changjiang,昌江,All,15,spearman,month_median,10,5,0,2000
full2020_month_median_spearman,Changjiang,昌江,All,15,spearman,month_median,10,6,0,2000
full2020_month_median_spearman,Changjiang,昌江,All,15,spearman,month_median,10,7,0,2000
full2020_month_median_spearman,Changjiang,昌江,All,15,spearman,month_median,10,8,0,2000
full2020_month_median_spearman,Changjiang,昌江,All,15,spearman,month_median,10,9,0,2000
full2020_month_median_spearman,Changjiang,昌江,All,15,spearman,month_median,10,10,0,2000
full2020_month_median_spearman,Changjiang,昌江,All,15,spearman,month_median,15,0,0,2000
full2020_month_median_spearman,Changjiang,昌江,All,15,spearman,month_median,15,1,0,2000
full2020_month_median_spearman,Changjiang,昌江,All,15,spearman,month_median,15,2,1,2000
full2020_month_median_spearman,Changjiang,昌江,All,15,spearman,month_median,15,3,0,2000
full2020_month_median_spearman,Changjiang,昌江,All,15,spearman,month_median,15,4,0,2000
full2020_month_median_spearman,Changjiang,昌江,All,15,spearman,month_median,15,5,0,2000
full2020_month_median_spearman,Changjiang,昌江,All,15,spearman,month_median,15,6,0,2000
full2020_month_median_spearman,Changjiang,昌江,All,15,spearman,month_median,15,7,0,2000
full2020_month_median_spearman,Changjiang,昌江,All,15,spearman,month_median,15,8,0,2000
full2020_month_median_spearman,Changjiang,昌江,All,15,spearman,month_median,15,9,0,2000
full2020_month_median_spearman,Changjiang,昌江,All,15,spearman,month_median,15,10,0,2000
full2020_month_median_spearman,Changjiang,昌江,All,15,spearman,month_median,15,11,0,2000
full2020_month_median_spearman,Changjiang,昌江,All,15,spearman,month_median,15,12,0,2000
full2020_month_median_spearman,Changjiang,昌江,All,15,spearman,month_median,15,13,0,2000
full2020_month_median_spearman,Changjiang,昌江,All,15,spearman,month_median,15,14,0,2000
full2020_month_median_spearman,Changjiang,昌江,All,15,spearman,month_median,15,15,0,2000
full2020_month_median_spearman,Changjiang,昌江,All,15,spearman,month_median,20,0,0,2000
full2020_month_median_spearman,Changjiang,昌江,All,15,spearman,month_median,20,1,0,2000
full2020_month_median_spearman,Changjiang,昌江,All,15,spearman,month_median,20,2,1,2000
full2020_month_median_spearman,Changjiang,昌江,All,15,spearman,month_median,20,3,0,2000
full2020_month_median_spearman,Changjiang,昌江,All,15,spearman,month_median,20,4,0,2000
full2020_month_median_spearman,Changjiang,昌江,All,15,spearman,month_median,20,5,0,2000
full2020_month_median_spearman,Changjiang,昌江,All,15,spearman,month_median,20,6,0,2000
full2020_month_median_spearman,Changjiang,昌江,All,15,spearman,month_median,20,7,0,2000
full2020_month_median_spearman,Changjiang,昌江,All,15,spearman,month_median,20,8,0,2000
full2020_month_median_spearman,Changjiang,昌江,All,15,spearman,month_median,20,9,0,2000
full2020_month_median_spearman,Changjiang,昌江,All,15,spearman,month_median,20,10,0,2000
full2020_month_median_spearman,Changjiang,昌江,All,15,spearman,month_median,20,11,0,2000
full2020_month_median_spearman,Changjiang,昌江,All,15,spearman,month_median,20,12,0,2000
full2020_month_median_spearman,Changjiang,昌江,All,15,spearman,month_median,20,13,0,2000
full2020_month_median_spearman,Changjiang,昌江,All,15,spearman,month_median,20,14,0,2000
full2020_month_median_spearman,Changjiang,昌江,All,15,spearman,month_median,20,15,0,2000
full2020_month_median_spearman,Changjiang,昌江,All,15,spearman,month_median,20,16,0,2000
full2020_month_median_spearman,Changjiang,昌江,All,15,spearman,month_median,20,17,0,2000
full2020_month_median_spearman,Changjiang,昌江,All,15,spearman,month_median,20,18,0,2000
full2020_month_median_spearman,Changjiang,昌江,All,15,spearman,month_median,20,19,0,2000
full2020_month_median_spearman,Changjiang,昌江,All,15,spearman,month_median,20,20,0,2000
full2020_month_median_spearman,Changjiang,昌江,Autumn,15,spearman,month_median,10,0,0,2000
full2020_month_median_spearman,Changjiang,昌江,Autumn,15,spearman,month_median,10,1,0.001,2000
full2020_month_median_spearman,Changjiang,昌江,Autumn,15,spearman,month_median,10,2,0.7335,2000
full2020_month_median_spearman,Changjiang,昌江,Autumn,15,spearman,month_median,10,3,0.261,2000
full2020_month_median_spearman,Changjiang,昌江,Autumn,15,spearman,month_median,10,4,0.0035,2000
full2020_month_median_spearman,Changjiang,昌江,Autumn,15,spearman,month_median,10,5,0,2000
full2020_month_median_spearman,Changjiang,昌江,Autumn,15,spearman,month_median,10,6,0,2000
full2020_month_median_spearman,Changjiang,昌江,Autumn,15,spearman,month_median,10,7,0,2000
full2020_month_median_spearman,Changjiang,昌江,Autumn,15,spearman,month_median,10,8,0,2000
full2020_month_median_spearman,Changjiang,昌江,Autumn,15,spearman,month_median,10,9,0.0005,2000
full2020_month_median_spearman,Changjiang,昌江,Autumn,15,spearman,month_median,10,10,0.0005,2000
full2020_month_median_spearman,Changjiang,昌江,Autumn,15,spearman,month_median,15,0,0,2000
full2020_month_median_spearman,Changjiang,昌江,Autumn,15,spearman,month_median,15,1,0.001,2000
full2020_month_median_spearman,Changjiang,昌江,Autumn,15,spearman,month_median,15,2,0.729,2000
full2020_month_median_spearman,Changjiang,昌江,Autumn,15,spearman,month_median,15,3,0.253,2000
full2020_month_median_spearman,Changjiang,昌江,Autumn,15,spearman,month_median,15,4,0.002,2000
full2020_month_median_spearman,Changjiang,昌江,Autumn,15,spearman,month_median,15,5,0,2000
full2020_month_median_spearman,Changjiang,昌江,Autumn,15,spearman,month_median,15,6,0,2000
full2020_month_median_spearman,Changjiang,昌江,Autumn,15,spearman,month_median,15,7,0,2000
full2020_month_median_spearman,Changjiang,昌江,Autumn,15,spearman,month_median,15,8,0,2000
full2020_month_median_spearman,Changjiang,昌江,Autumn,15,spearman,month_median,15,9,0,2000
full2020_month_median_spearman,Changjiang,昌江,Autumn,15,spearman,month_median,15,10,0.0005,2000
full2020_month_median_spearman,Changjiang,昌江,Autumn,15,spearman,month_median,15,11,0,2000
full2020_month_median_spearman,Changjiang,昌江,Autumn,15,spearman,month_median,15,12,0,2000
full2020_month_median_spearman,Changjiang,昌江,Autumn,15,spearman,month_median,15,13,0.014,2000
full2020_month_median_spearman,Changjiang,昌江,Autumn,15,spearman,month_median,15,14,0.0005,2000
full2020_month_median_spearman,Changjiang,昌江,Autumn,15,spearman,month_median,15,15,0,2000
full2020_month_median_spearman,Changjiang,昌江,Autumn,15,spearman,month_median,20,0,0,2000
full2020_month_median_spearman,Changjiang,昌江,Autumn,15,spearman,month_median,20,1,0.001,2000
full2020_month_median_spearman,Changjiang,昌江,Autumn,15,spearman,month_median,20,2,0.7235,2000
full2020_month_median_spearman,Changjiang,昌江,Autumn,15,spearman,month_median,20,3,0.251,2000
full2020_month_median_spearman,Changjiang,昌江,Autumn,15,spearman,month_median,20,4,0.002,2000
full2020_month_median_spearman,Changjiang,昌江,Autumn,15,spearman,month_median,20,5,0,2000
full2020_month_median_spearman,Changjiang,昌江,Autumn,15,spearman,month_median,20,6,0,2000
full2020_month_median_spearman,Changjiang,昌江,Autumn,15,spearman,month_median,20,7,0,2000
full2020_month_median_spearman,Changjiang,昌江,Autumn,15,spearman,month_median,20,8,0,2000
full2020_month_median_spearman,Changjiang,昌江,Autumn,15,spearman,month_median,20,9,0,2000
full2020_month_median_spearman,Changjiang,昌江,Autumn,15,spearman,month_median,20,10,0.0005,2000
full2020_month_median_spearman,Changjiang,昌江,Autumn,15,spearman,month_median,20,11,0,2000
full2020_month_median_spearman,Changjiang,昌江,Autumn,15,spearman,month_median,20,12,0,2000
full2020_month_median_spearman,Changjiang,昌江,Autumn,15,spearman,month_median,20,13,0.013,2000
full2020_month_median_spearman,Changjiang,昌江,Autumn,15,spearman,month_median,20,14,0,2000
full2020_month_median_spearman,Changjiang,昌江,Autumn,15,spearman,month_median,20,15,0,2000
full2020_month_median_spearman,Changjiang,昌江,Autumn,15,spearman,month_median,20,16,0,2000
full2020_month_median_spearman,Changjiang,昌江,Autumn,15,spearman,month_median,20,17,0,2000
full2020_month_median_spearman,Changjiang,昌江,Autumn,15,spearman,month_median,20,18,0,2000
full2020_month_median_spearman,Changjiang,昌江,Autumn,15,spearman,month_median,20,19,0,2000
full2020_month_median_spearman,Changjiang,昌江,Autumn,15,spearman,month_median,20,20,0.009,2000
full2020_month_median_spearman,Changjiang,昌江,Spring,15,spearman,month_median,10,0,0,2000
full2020_month_median_spearman,Changjiang,昌江,Spring,15,spearman,month_median,10,1,0.1125,2000
full2020_month_median_spearman,Changjiang,昌江,Spring,15,spearman,month_median,10,2,0.887,2000
full2020_month_median_spearman,Changjiang,昌江,Spring,15,spearman,month_median,10,3,0.0005,2000
full2020_month_median_spearman,Changjiang,昌江,Spring,15,spearman,month_median,10,4,0,2000
full2020_month_median_spearman,Changjiang,昌江,Spring,15,spearman,month_median,10,5,0,2000
full2020_month_median_spearman,Changjiang,昌江,Spring,15,spearman,month_median,10,6,0,2000
full2020_month_median_spearman,Changjiang,昌江,Spring,15,spearman,month_median,10,7,0,2000
full2020_month_median_spearman,Changjiang,昌江,Spring,15,spearman,month_median,10,8,0,2000
full2020_month_median_spearman,Changjiang,昌江,Spring,15,spearman,month_median,10,9,0,2000
full2020_month_median_spearman,Changjiang,昌江,Spring,15,spearman,month_median,10,10,0,2000
full2020_month_median_spearman,Changjiang,昌江,Spring,15,spearman,month_median,15,0,0,2000
full2020_month_median_spearman,Changjiang,昌江,Spring,15,spearman,month_median,15,1,0.1125,2000
full2020_month_median_spearman,Changjiang,昌江,Spring,15,spearman,month_median,15,2,0.887,2000
full2020_month_median_spearman,Changjiang,昌江,Spring,15,spearman,month_median,15,3,0.0005,2000
full2020_month_median_spearman,Changjiang,昌江,Spring,15,spearman,month_median,15,4,0,2000
full2020_month_median_spearman,Changjiang,昌江,Spring,15,spearman,month_median,15,5,0,2000
full2020_month_median_spearman,Changjiang,昌江,Spring,15,spearman,month_median,15,6,0,2000
full2020_month_median_spearman,Changjiang,昌江,Spring,15,spearman,month_median,15,7,0,2000
full2020_month_median_spearman,Changjiang,昌江,Spring,15,spearman,month_median,15,8,0,2000
full2020_month_median_spearman,Changjiang,昌江,Spring,15,spearman,month_median,15,9,0,2000
full2020_month_median_spearman,Changjiang,昌江,Spring,15,spearman,month_median,15,10,0,2000
full2020_month_median_spearman,Changjiang,昌江,Spring,15,spearman,month_median,15,11,0,2000
full2020_month_median_spearman,Changjiang,昌江,Spring,15,spearman,month_median,15,12,0,2000
full2020_month_median_spearman,Changjiang,昌江,Spring,15,spearman,month_median,15,13,0,2000
full2020_month_median_spearman,Changjiang,昌江,Spring,15,spearman,month_median,15,14,0,2000
full2020_month_median_spearman,Changjiang,昌江,Spring,15,spearman,month_median,15,15,0,2000
full2020_month_median_spearman,Changjiang,昌江,Spring,15,spearman,month_median,20,0,0,2000
full2020_month_median_spearman,Changjiang,昌江,Spring,15,spearman,month_median,20,1,0.1125,2000
full2020_month_median_spearman,Changjiang,昌江,Spring,15,spearman,month_median,20,2,0.887,2000
full2020_month_median_spearman,Changjiang,昌江,Spring,15,spearman,month_median,20,3,0.0005,2000
full2020_month_median_spearman,Changjiang,昌江,Spring,15,spearman,month_median,20,4,0,2000
full2020_month_median_spearman,Changjiang,昌江,Spring,15,spearman,month_median,20,5,0,2000
full2020_month_median_spearman,Changjiang,昌江,Spring,15,spearman,month_median,20,6,0,2000
full2020_month_median_spearman,Changjiang,昌江,Spring,15,spearman,month_median,20,7,0,2000
full2020_month_median_spearman,Changjiang,昌江,Spring,15,spearman,month_median,20,8,0,2000
full2020_month_median_spearman,Changjiang,昌江,Spring,15,spearman,month_median,20,9,0,2000
full2020_month_median_spearman,Changjiang,昌江,Spring,15,spearman,month_median,20,10,0,2000
full2020_month_median_spearman,Changjiang,昌江,Spring,15,spearman,month_median,20,11,0,2000
full2020_month_median_spearman,Changjiang,昌江,Spring,15,spearman,month_median,20,12,0,2000
full2020_month_median_spearman,Changjiang,昌江,Spring,15,spearman,month_median,20,13,0,2000
full2020_month_median_spearman,Changjiang,昌江,Spring,15,spearman,month_median,20,14,0,2000
full2020_month_median_spearman,Changjiang,昌江,Spring,15,spearman,month_median,20,15,0,2000
full2020_month_median_spearman,Changjiang,昌江,Spring,15,spearman,month_median,20,16,0,2000
full2020_month_median_spearman,Changjiang,昌江,Spring,15,spearman,month_median,20,17,0,2000
full2020_month_median_spearman,Changjiang,昌江,Spring,15,spearman,month_median,20,18,0,2000
full2020_month_median_spearman,Changjiang,昌江,Spring,15,spearman,month_median,20,19,0,2000
full2020_month_median_spearman,Changjiang,昌江,Spring,15,spearman,month_median,20,20,0,2000
full2020_month_median_spearman,Changjiang,昌江,Summer,15,spearman,month_median,10,0,0,2000
full2020_month_median_spearman,Changjiang,昌江,Summer,15,spearman,month_median,10,1,0.082,2000
full2020_month_median_spearman,Changjiang,昌江,Summer,15,spearman,month_median,10,2,0.918,2000
full2020_month_median_spearman,Changjiang,昌江,Summer,15,spearman,month_median,10,3,0,2000
full2020_month_median_spearman,Changjiang,昌江,Summer,15,spearman,month_median,10,4,0,2000
full2020_month_median_spearman,Changjiang,昌江,Summer,15,spearman,month_median,10,5,0,2000
full2020_month_median_spearman,Changjiang,昌江,Summer,15,spearman,month_median,10,6,0,2000
full2020_month_median_spearman,Changjiang,昌江,Summer,15,spearman,month_median,10,7,0,2000
full2020_month_median_spearman,Changjiang,昌江,Summer,15,spearman,month_median,10,8,0,2000
full2020_month_median_spearman,Changjiang,昌江,Summer,15,spearman,month_median,10,9,0,2000
full2020_month_median_spearman,Changjiang,昌江,Summer,15,spearman,month_median,10,10,0,2000
full2020_month_median_spearman,Changjiang,昌江,Summer,15,spearman,month_median,15,0,0,2000
full2020_month_median_spearman,Changjiang,昌江,Summer,15,spearman,month_median,15,1,0.082,2000
full2020_month_median_spearman,Changjiang,昌江,Summer,15,spearman,month_median,15,2,0.918,2000
full2020_month_median_spearman,Changjiang,昌江,Summer,15,spearman,month_median,15,3,0,2000
full2020_month_median_spearman,Changjiang,昌江,Summer,15,spearman,month_median,15,4,0,2000
full2020_month_median_spearman,Changjiang,昌江,Summer,15,spearman,month_median,15,5,0,2000
full2020_month_median_spearman,Changjiang,昌江,Summer,15,spearman,month_median,15,6,0,2000
full2020_month_median_spearman,Changjiang,昌江,Summer,15,spearman,month_median,15,7,0,2000
full2020_month_median_spearman,Changjiang,昌江,Summer,15,spearman,month_median,15,8,0,2000
full2020_month_median_spearman,Changjiang,昌江,Summer,15,spearman,month_median,15,9,0,2000
full2020_month_median_spearman,Changjiang,昌江,Summer,15,spearman,month_median,15,10,0,2000
full2020_month_median_spearman,Changjiang,昌江,Summer,15,spearman,month_median,15,11,0,2000
full2020_month_median_spearman,Changjiang,昌江,Summer,15,spearman,month_median,15,12,0,2000
full2020_month_median_spearman,Changjiang,昌江,Summer,15,spearman,month_median,15,13,0,2000
full2020_month_median_spearman,Changjiang,昌江,Summer,15,spearman,month_median,15,14,0,2000
full2020_month_median_spearman,Changjiang,昌江,Summer,15,spearman,month_median,15,15,0,2000
full2020_month_median_spearman,Changjiang,昌江,Summer,15,spearman,month_median,20,0,0,2000
full2020_month_median_spearman,Changjiang,昌江,Summer,15,spearman,month_median,20,1,0.082,2000
full2020_month_median_spearman,Changjiang,昌江,Summer,15,spearman,month_median,20,2,0.918,2000
full2020_month_median_spearman,Changjiang,昌江,Summer,15,spearman,month_median,20,3,0,2000
full2020_month_median_spearman,Changjiang,昌江,Summer,15,spearman,month_median,20,4,0,2000
full2020_month_median_spearman,Changjiang,昌江,Summer,15,spearman,month_median,20,5,0,2000
full2020_month_median_spearman,Changjiang,昌江,Summer,15,spearman,month_median,20,6,0,2000
full2020_month_median_spearman,Changjiang,昌江,Summer,15,spearman,month_median,20,7,0,2000
full2020_month_median_spearman,Changjiang,昌江,Summer,15,spearman,month_median,20,8,0,2000
full2020_month_median_spearman,Changjiang,昌江,Summer,15,spearman,month_median,20,9,0,2000
full2020_month_median_spearman,Changjiang,昌江,Summer,15,spearman,month_median,20,10,0,2000
full2020_month_median_spearman,Changjiang,昌江,Summer,15,spearman,month_median,20,11,0,2000
full2020_month_median_spearman,Changjiang,昌江,Summer,15,spearman,month_median,20,12,0,2000
full2020_month_median_spearman,Changjiang,昌江,Summer,15,spearman,month_median,20,13,0,2000
full2020_month_median_spearman,Changjiang,昌江,Summer,15,spearman,month_median,20,14,0,2000
full2020_month_median_spearman,Changjiang,昌江,Summer,15,spearman,month_median,20,15,0,2000
full2020_month_median_spearman,Changjiang,昌江,Summer,15,spearman,month_median,20,16,0,2000
full2020_month_median_spearman,Changjiang,昌江,Summer,15,spearman,month_median,20,17,0,2000
full2020_month_median_spearman,Changjiang,昌江,Summer,15,spearman,month_median,20,18,0,2000
full2020_month_median_spearman,Changjiang,昌江,Summer,15,spearman,month_median,20,19,0,2000
full2020_month_median_spearman,Changjiang,昌江,Summer,15,spearman,month_median,20,20,0,2000
full2020_month_median_spearman,Changjiang,昌江,Winter,14,spearman,month_median,10,0,0,2000
full2020_month_median_spearman,Changjiang,昌江,Winter,14,spearman,month_median,10,1,0.03,2000
full2020_month_median_spearman,Changjiang,昌江,Winter,14,spearman,month_median,10,2,0.641,2000
full2020_month_median_spearman,Changjiang,昌江,Winter,14,spearman,month_median,10,3,0.118,2000
full2020_month_median_spearman,Changjiang,昌江,Winter,14,spearman,month_median,10,4,0.0535,2000
full2020_month_median_spearman,Changjiang,昌江,Winter,14,spearman,month_median,10,5,0.0655,2000
full2020_month_median_spearman,Changjiang,昌江,Winter,14,spearman,month_median,10,6,0.0165,2000
full2020_month_median_spearman,Changjiang,昌江,Winter,14,spearman,month_median,10,7,0.049,2000
full2020_month_median_spearman,Changjiang,昌江,Winter,14,spearman,month_median,10,8,0.0085,2000
full2020_month_median_spearman,Changjiang,昌江,Winter,14,spearman,month_median,10,9,0.017,2000
full2020_month_median_spearman,Changjiang,昌江,Winter,14,spearman,month_median,10,10,0.001,2000
full2020_month_median_spearman,Changjiang,昌江,Winter,14,spearman,month_median,15,0,0,2000
full2020_month_median_spearman,Changjiang,昌江,Winter,14,spearman,month_median,15,1,0.03,2000
full2020_month_median_spearman,Changjiang,昌江,Winter,14,spearman,month_median,15,2,0.641,2000
full2020_month_median_spearman,Changjiang,昌江,Winter,14,spearman,month_median,15,3,0.118,2000
full2020_month_median_spearman,Changjiang,昌江,Winter,14,spearman,month_median,15,4,0.0535,2000
full2020_month_median_spearman,Changjiang,昌江,Winter,14,spearman,month_median,15,5,0.0655,2000
full2020_month_median_spearman,Changjiang,昌江,Winter,14,spearman,month_median,15,6,0.0165,2000
full2020_month_median_spearman,Changjiang,昌江,Winter,14,spearman,month_median,15,7,0.049,2000
full2020_month_median_spearman,Changjiang,昌江,Winter,14,spearman,month_median,15,8,0.0085,2000
full2020_month_median_spearman,Changjiang,昌江,Winter,14,spearman,month_median,15,9,0.017,2000
full2020_month_median_spearman,Changjiang,昌江,Winter,14,spearman,month_median,15,10,0.001,2000
full2020_month_median_spearman,Changjiang,昌江,Winter,14,spearman,month_median,15,11,0,2000
full2020_month_median_spearman,Changjiang,昌江,Winter,14,spearman,month_median,15,12,0,2000
full2020_month_median_spearman,Changjiang,昌江,Winter,14,spearman,month_median,15,13,0,2000
full2020_month_median_spearman,Changjiang,昌江,Winter,14,spearman,month_median,15,14,0,2000
full2020_month_median_spearman,Changjiang,昌江,Winter,14,spearman,month_median,15,15,0,2000
full2020_month_median_spearman,Changjiang,昌江,Winter,14,spearman,month_median,20,0,0,2000
full2020_month_median_spearman,Changjiang,昌江,Winter,14,spearman,month_median,20,1,0.03,2000
full2020_month_median_spearman,Changjiang,昌江,Winter,14,spearman,month_median,20,2,0.641,2000
full2020_month_median_spearman,Changjiang,昌江,Winter,14,spearman,month_median,20,3,0.118,2000
full2020_month_median_spearman,Changjiang,昌江,Winter,14,spearman,month_median,20,4,0.0535,2000
full2020_month_median_spearman,Changjiang,昌江,Winter,14,spearman,month_median,20,5,0.0655,2000
full2020_month_median_spearman,Changjiang,昌江,Winter,14,spearman,month_median,20,6,0.0165,2000
full2020_month_median_spearman,Changjiang,昌江,Winter,14,spearman,month_median,20,7,0.049,2000
full2020_month_median_spearman,Changjiang,昌江,Winter,14,spearman,month_median,20,8,0.0085,2000
full2020_month_median_spearman,Changjiang,昌江,Winter,14,spearman,month_median,20,9,0.017,2000
full2020_month_median_spearman,Changjiang,昌江,Winter,14,spearman,month_median,20,10,0.001,2000
full2020_month_median_spearman,Changjiang,昌江,Winter,14,spearman,month_median,20,11,0,2000
full2020_month_median_spearman,Changjiang,昌江,Winter,14,spearman,month_median,20,12,0,2000
full2020_month_median_spearman,Changjiang,昌江,Winter,14,spearman,month_median,20,13,0,2000
full2020_month_median_spearman,Changjiang,昌江,Winter,14,spearman,month_median,20,14,0,2000
full2020_month_median_spearman,Changjiang,昌江,Winter,14,spearman,month_median,20,15,0,2000
full2020_month_median_spearman,Changjiang,昌江,Winter,14,spearman,month_median,20,16,0,2000
full2020_month_median_spearman,Changjiang,昌江,Winter,14,spearman,month_median,20,17,0,2000
full2020_month_median_spearman,Changjiang,昌江,Winter,14,spearman,month_median,20,18,0,2000
full2020_month_median_spearman,Changjiang,昌江,Winter,14,spearman,month_median,20,19,0,2000
full2020_month_median_spearman,Changjiang,昌江,Winter,14,spearman,month_median,20,20,0,2000
full2020_month_median_spearman,Fuhe,抚河,All,15,spearman,month_median,10,0,0,2000
full2020_month_median_spearman,Fuhe,抚河,All,15,spearman,month_median,10,1,0,2000
full2020_month_median_spearman,Fuhe,抚河,All,15,spearman,month_median,10,2,0.998,2000
full2020_month_median_spearman,Fuhe,抚河,All,15,spearman,month_median,10,3,0.002,2000
full2020_month_median_spearman,Fuhe,抚河,All,15,spearman,month_median,10,4,0,2000
full2020_month_median_spearman,Fuhe,抚河,All,15,spearman,month_median,10,5,0,2000
full2020_month_median_spearman,Fuhe,抚河,All,15,spearman,month_median,10,6,0,2000
full2020_month_median_spearman,Fuhe,抚河,All,15,spearman,month_median,10,7,0,2000
full2020_month_median_spearman,Fuhe,抚河,All,15,spearman,month_median,10,8,0,2000
full2020_month_median_spearman,Fuhe,抚河,All,15,spearman,month_median,10,9,0,2000
full2020_month_median_spearman,Fuhe,抚河,All,15,spearman,month_median,10,10,0,2000
full2020_month_median_spearman,Fuhe,抚河,All,15,spearman,month_median,15,0,0,2000
full2020_month_median_spearman,Fuhe,抚河,All,15,spearman,month_median,15,1,0,2000
full2020_month_median_spearman,Fuhe,抚河,All,15,spearman,month_median,15,2,0.998,2000
full2020_month_median_spearman,Fuhe,抚河,All,15,spearman,month_median,15,3,0.002,2000
full2020_month_median_spearman,Fuhe,抚河,All,15,spearman,month_median,15,4,0,2000
full2020_month_median_spearman,Fuhe,抚河,All,15,spearman,month_median,15,5,0,2000
full2020_month_median_spearman,Fuhe,抚河,All,15,spearman,month_median,15,6,0,2000
full2020_month_median_spearman,Fuhe,抚河,All,15,spearman,month_median,15,7,0,2000
full2020_month_median_spearman,Fuhe,抚河,All,15,spearman,month_median,15,8,0,2000
full2020_month_median_spearman,Fuhe,抚河,All,15,spearman,month_median,15,9,0,2000
full2020_month_median_spearman,Fuhe,抚河,All,15,spearman,month_median,15,10,0,2000
full2020_month_median_spearman,Fuhe,抚河,All,15,spearman,month_median,15,11,0,2000
full2020_month_median_spearman,Fuhe,抚河,All,15,spearman,month_median,15,12,0,2000
full2020_month_median_spearman,Fuhe,抚河,All,15,spearman,month_median,15,13,0,2000
full2020_month_median_spearman,Fuhe,抚河,All,15,spearman,month_median,15,14,0,2000
full2020_month_median_spearman,Fuhe,抚河,All,15,spearman,month_median,15,15,0,2000
full2020_month_median_spearman,Fuhe,抚河,All,15,spearman,month_median,20,0,0,2000
full2020_month_median_spearman,Fuhe,抚河,All,15,spearman,month_median,20,1,0,2000
full2020_month_median_spearman,Fuhe,抚河,All,15,spearman,month_median,20,2,0.998,2000
full2020_month_median_spearman,Fuhe,抚河,All,15,spearman,month_median,20,3,0.002,2000
full2020_month_median_spearman,Fuhe,抚河,All,15,spearman,month_median,20,4,0,2000
full2020_month_median_spearman,Fuhe,抚河,All,15,spearman,month_median,20,5,0,2000
full2020_month_median_spearman,Fuhe,抚河,All,15,spearman,month_median,20,6,0,2000
full2020_month_median_spearman,Fuhe,抚河,All,15,spearman,month_median,20,7,0,2000
full2020_month_median_spearman,Fuhe,抚河,All,15,spearman,month_median,20,8,0,2000
full2020_month_median_spearman,Fuhe,抚河,All,15,spearman,month_median,20,9,0,2000
full2020_month_median_spearman,Fuhe,抚河,All,15,spearman,month_median,20,10,0,2000
full2020_month_median_spearman,Fuhe,抚河,All,15,spearman,month_median,20,11,0,2000
full2020_month_median_spearman,Fuhe,抚河,All,15,spearman,month_median,20,12,0,2000
full2020_month_median_spearman,Fuhe,抚河,All,15,spearman,month_median,20,13,0,2000
full2020_month_median_spearman,Fuhe,抚河,All,15,spearman,month_median,20,14,0,2000
full2020_month_median_spearman,Fuhe,抚河,All,15,spearman,month_median,20,15,0,2000
full2020_month_median_spearman,Fuhe,抚河,All,15,spearman,month_median,20,16,0,2000
full2020_month_median_spearman,Fuhe,抚河,All,15,spearman,month_median,20,17,0,2000
full2020_month_median_spearman,Fuhe,抚河,All,15,spearman,month_median,20,18,0,2000
full2020_month_median_spearman,Fuhe,抚河,All,15,spearman,month_median,20,19,0,2000
full2020_month_median_spearman,Fuhe,抚河,All,15,spearman,month_median,20,20,0,2000
full2020_month_median_spearman,Fuhe,抚河,Autumn,15,spearman,month_median,10,0,0,2000
full2020_month_median_spearman,Fuhe,抚河,Autumn,15,spearman,month_median,10,1,0,2000
full2020_month_median_spearman,Fuhe,抚河,Autumn,15,spearman,month_median,10,2,0.0955,2000
full2020_month_median_spearman,Fuhe,抚河,Autumn,15,spearman,month_median,10,3,0.878,2000
full2020_month_median_spearman,Fuhe,抚河,Autumn,15,spearman,month_median,10,4,0.0245,2000
full2020_month_median_spearman,Fuhe,抚河,Autumn,15,spearman,month_median,10,5,0.002,2000
full2020_month_median_spearman,Fuhe,抚河,Autumn,15,spearman,month_median,10,6,0,2000
full2020_month_median_spearman,Fuhe,抚河,Autumn,15,spearman,month_median,10,7,0,2000
full2020_month_median_spearman,Fuhe,抚河,Autumn,15,spearman,month_median,10,8,0,2000
full2020_month_median_spearman,Fuhe,抚河,Autumn,15,spearman,month_median,10,9,0,2000
full2020_month_median_spearman,Fuhe,抚河,Autumn,15,spearman,month_median,10,10,0,2000
full2020_month_median_spearman,Fuhe,抚河,Autumn,15,spearman,month_median,15,0,0,2000
full2020_month_median_spearman,Fuhe,抚河,Autumn,15,spearman,month_median,15,1,0,2000
full2020_month_median_spearman,Fuhe,抚河,Autumn,15,spearman,month_median,15,2,0.0955,2000
full2020_month_median_spearman,Fuhe,抚河,Autumn,15,spearman,month_median,15,3,0.878,2000
full2020_month_median_spearman,Fuhe,抚河,Autumn,15,spearman,month_median,15,4,0.0245,2000
full2020_month_median_spearman,Fuhe,抚河,Autumn,15,spearman,month_median,15,5,0.002,2000
full2020_month_median_spearman,Fuhe,抚河,Autumn,15,spearman,month_median,15,6,0,2000
full2020_month_median_spearman,Fuhe,抚河,Autumn,15,spearman,month_median,15,7,0,2000
full2020_month_median_spearman,Fuhe,抚河,Autumn,15,spearman,month_median,15,8,0,2000
full2020_month_median_spearman,Fuhe,抚河,Autumn,15,spearman,month_median,15,9,0,2000
full2020_month_median_spearman,Fuhe,抚河,Autumn,15,spearman,month_median,15,10,0,2000
full2020_month_median_spearman,Fuhe,抚河,Autumn,15,spearman,month_median,15,11,0,2000
full2020_month_median_spearman,Fuhe,抚河,Autumn,15,spearman,month_median,15,12,0,2000
full2020_month_median_spearman,Fuhe,抚河,Autumn,15,spearman,month_median,15,13,0,2000
full2020_month_median_spearman,Fuhe,抚河,Autumn,15,spearman,month_median,15,14,0,2000
full2020_month_median_spearman,Fuhe,抚河,Autumn,15,spearman,month_median,15,15,0,2000
full2020_month_median_spearman,Fuhe,抚河,Autumn,15,spearman,month_median,20,0,0,2000
full2020_month_median_spearman,Fuhe,抚河,Autumn,15,spearman,month_median,20,1,0,2000
full2020_month_median_spearman,Fuhe,抚河,Autumn,15,spearman,month_median,20,2,0.0955,2000
full2020_month_median_spearman,Fuhe,抚河,Autumn,15,spearman,month_median,20,3,0.878,2000
full2020_month_median_spearman,Fuhe,抚河,Autumn,15,spearman,month_median,20,4,0.0245,2000
full2020_month_median_spearman,Fuhe,抚河,Autumn,15,spearman,month_median,20,5,0.002,2000
full2020_month_median_spearman,Fuhe,抚河,Autumn,15,spearman,month_median,20,6,0,2000
full2020_month_median_spearman,Fuhe,抚河,Autumn,15,spearman,month_median,20,7,0,2000
full2020_month_median_spearman,Fuhe,抚河,Autumn,15,spearman,month_median,20,8,0,2000
full2020_month_median_spearman,Fuhe,抚河,Autumn,15,spearman,month_median,20,9,0,2000
full2020_month_median_spearman,Fuhe,抚河,Autumn,15,spearman,month_median,20,10,0,2000
full2020_month_median_spearman,Fuhe,抚河,Autumn,15,spearman,month_median,20,11,0,2000
full2020_month_median_spearman,Fuhe,抚河,Autumn,15,spearman,month_median,20,12,0,2000
full2020_month_median_spearman,Fuhe,抚河,Autumn,15,spearman,month_median,20,13,0,2000
full2020_month_median_spearman,Fuhe,抚河,Autumn,15,spearman,month_median,20,14,0,2000
full2020_month_median_spearman,Fuhe,抚河,Autumn,15,spearman,month_median,20,15,0,2000
full2020_month_median_spearman,Fuhe,抚河,Autumn,15,spearman,month_median,20,16,0,2000
full2020_month_median_spearman,Fuhe,抚河,Autumn,15,spearman,month_median,20,17,0,2000
full2020_month_median_spearman,Fuhe,抚河,Autumn,15,spearman,month_median,20,18,0,2000
full2020_month_median_spearman,Fuhe,抚河,Autumn,15,spearman,month_median,20,19,0,2000
full2020_month_median_spearman,Fuhe,抚河,Autumn,15,spearman,month_median,20,20,0,2000
full2020_month_median_spearman,Fuhe,抚河,Spring,15,spearman,month_median,10,0,0,2000
full2020_month_median_spearman,Fuhe,抚河,Spring,15,spearman,month_median,10,1,0,2000
full2020_month_median_spearman,Fuhe,抚河,Spring,15,spearman,month_median,10,2,1,2000
full2020_month_median_spearman,Fuhe,抚河,Spring,15,spearman,month_median,10,3,0,2000
full2020_month_median_spearman,Fuhe,抚河,Spring,15,spearman,month_median,10,4,0,2000
full2020_month_median_spearman,Fuhe,抚河,Spring,15,spearman,month_median,10,5,0,2000
full2020_month_median_spearman,Fuhe,抚河,Spring,15,spearman,month_median,10,6,0,2000
full2020_month_median_spearman,Fuhe,抚河,Spring,15,spearman,month_median,10,7,0,2000
full2020_month_median_spearman,Fuhe,抚河,Spring,15,spearman,month_median,10,8,0,2000
full2020_month_median_spearman,Fuhe,抚河,Spring,15,spearman,month_median,10,9,0,2000
full2020_month_median_spearman,Fuhe,抚河,Spring,15,spearman,month_median,10,10,0,2000
full2020_month_median_spearman,Fuhe,抚河,Spring,15,spearman,month_median,15,0,0,2000
full2020_month_median_spearman,Fuhe,抚河,Spring,15,spearman,month_median,15,1,0,2000
full2020_month_median_spearman,Fuhe,抚河,Spring,15,spearman,month_median,15,2,1,2000
full2020_month_median_spearman,Fuhe,抚河,Spring,15,spearman,month_median,15,3,0,2000
full2020_month_median_spearman,Fuhe,抚河,Spring,15,spearman,month_median,15,4,0,2000
full2020_month_median_spearman,Fuhe,抚河,Spring,15,spearman,month_median,15,5,0,2000
full2020_month_median_spearman,Fuhe,抚河,Spring,15,spearman,month_median,15,6,0,2000
full2020_month_median_spearman,Fuhe,抚河,Spring,15,spearman,month_median,15,7,0,2000
full2020_month_median_spearman,Fuhe,抚河,Spring,15,spearman,month_median,15,8,0,2000
full2020_month_median_spearman,Fuhe,抚河,Spring,15,spearman,month_median,15,9,0,2000
full2020_month_median_spearman,Fuhe,抚河,Spring,15,spearman,month_median,15,10,0,2000
full2020_month_median_spearman,Fuhe,抚河,Spring,15,spearman,month_median,15,11,0,2000
full2020_month_median_spearman,Fuhe,抚河,Spring,15,spearman,month_median,15,12,0,2000
full2020_month_median_spearman,Fuhe,抚河,Spring,15,spearman,month_median,15,13,0,2000
full2020_month_median_spearman,Fuhe,抚河,Spring,15,spearman,month_median,15,14,0,2000
full2020_month_median_spearman,Fuhe,抚河,Spring,15,spearman,month_median,15,15,0,2000
full2020_month_median_spearman,Fuhe,抚河,Spring,15,spearman,month_median,20,0,0,2000
full2020_month_median_spearman,Fuhe,抚河,Spring,15,spearman,month_median,20,1,0,2000
full2020_month_median_spearman,Fuhe,抚河,Spring,15,spearman,month_median,20,2,1,2000
full2020_month_median_spearman,Fuhe,抚河,Spring,15,spearman,month_median,20,3,0,2000
full2020_month_median_spearman,Fuhe,抚河,Spring,15,spearman,month_median,20,4,0,2000
full2020_month_median_spearman,Fuhe,抚河,Spring,15,spearman,month_median,20,5,0,2000
full2020_month_median_spearman,Fuhe,抚河,Spring,15,spearman,month_median,20,6,0,2000
full2020_month_median_spearman,Fuhe,抚河,Spring,15,spearman,month_median,20,7,0,2000
full2020_month_median_spearman,Fuhe,抚河,Spring,15,spearman,month_median,20,8,0,2000
full2020_month_median_spearman,Fuhe,抚河,Spring,15,spearman,month_median,20,9,0,2000
full2020_month_median_spearman,Fuhe,抚河,Spring,15,spearman,month_median,20,10,0,2000
full2020_month_median_spearman,Fuhe,抚河,Spring,15,spearman,month_median,20,11,0,2000
full2020_month_median_spearman,Fuhe,抚河,Spring,15,spearman,month_median,20,12,0,2000
full2020_month_median_spearman,Fuhe,抚河,Spring,15,spearman,month_median,20,13,0,2000
full2020_month_median_spearman,Fuhe,抚河,Spring,15,spearman,month_median,20,14,0,2000
full2020_month_median_spearman,Fuhe,抚河,Spring,15,spearman,month_median,20,15,0,2000
full2020_month_median_spearman,Fuhe,抚河,Spring,15,spearman,month_median,20,16,0,2000
full2020_month_median_spearman,Fuhe,抚河,Spring,15,spearman,month_median,20,17,0,2000
full2020_month_median_spearman,Fuhe,抚河,Spring,15,spearman,month_median,20,18,0,2000
full2020_month_median_spearman,Fuhe,抚河,Spring,15,spearman,month_median,20,19,0,2000
full2020_month_median_spearman,Fuhe,抚河,Spring,15,spearman,month_median,20,20,0,2000
full2020_month_median_spearman,Fuhe,抚河,Summer,15,spearman,month_median,10,0,0,2000
full2020_month_median_spearman,Fuhe,抚河,Summer,15,spearman,month_median,10,1,0,2000
full2020_month_median_spearman,Fuhe,抚河,Summer,15,spearman,month_median,10,2,0.9725,2000
full2020_month_median_spearman,Fuhe,抚河,Summer,15,spearman,month_median,10,3,0.0275,2000
full2020_month_median_spearman,Fuhe,抚河,Summer,15,spearman,month_median,10,4,0,2000
full2020_month_median_spearman,Fuhe,抚河,Summer,15,spearman,month_median,10,5,0,2000
full2020_month_median_spearman,Fuhe,抚河,Summer,15,spearman,month_median,10,6,0,2000
full2020_month_median_spearman,Fuhe,抚河,Summer,15,spearman,month_median,10,7,0,2000
full2020_month_median_spearman,Fuhe,抚河,Summer,15,spearman,month_median,10,8,0,2000
full2020_month_median_spearman,Fuhe,抚河,Summer,15,spearman,month_median,10,9,0,2000
full2020_month_median_spearman,Fuhe,抚河,Summer,15,spearman,month_median,10,10,0,2000
full2020_month_median_spearman,Fuhe,抚河,Summer,15,spearman,month_median,15,0,0,2000
full2020_month_median_spearman,Fuhe,抚河,Summer,15,spearman,month_median,15,1,0,2000
full2020_month_median_spearman,Fuhe,抚河,Summer,15,spearman,month_median,15,2,0.9725,2000
full2020_month_median_spearman,Fuhe,抚河,Summer,15,spearman,month_median,15,3,0.0275,2000
full2020_month_median_spearman,Fuhe,抚河,Summer,15,spearman,month_median,15,4,0,2000
full2020_month_median_spearman,Fuhe,抚河,Summer,15,spearman,month_median,15,5,0,2000
full2020_month_median_spearman,Fuhe,抚河,Summer,15,spearman,month_median,15,6,0,2000
full2020_month_median_spearman,Fuhe,抚河,Summer,15,spearman,month_median,15,7,0,2000
full2020_month_median_spearman,Fuhe,抚河,Summer,15,spearman,month_median,15,8,0,2000
full2020_month_median_spearman,Fuhe,抚河,Summer,15,spearman,month_median,15,9,0,2000
full2020_month_median_spearman,Fuhe,抚河,Summer,15,spearman,month_median,15,10,0,2000
full2020_month_median_spearman,Fuhe,抚河,Summer,15,spearman,month_median,15,11,0,2000
full2020_month_median_spearman,Fuhe,抚河,Summer,15,spearman,month_median,15,12,0,2000
full2020_month_median_spearman,Fuhe,抚河,Summer,15,spearman,month_median,15,13,0,2000
full2020_month_median_spearman,Fuhe,抚河,Summer,15,spearman,month_median,15,14,0,2000
full2020_month_median_spearman,Fuhe,抚河,Summer,15,spearman,month_median,15,15,0,2000
full2020_month_median_spearman,Fuhe,抚河,Summer,15,spearman,month_median,20,0,0,2000
full2020_month_median_spearman,Fuhe,抚河,Summer,15,spearman,month_median,20,1,0,2000
full2020_month_median_spearman,Fuhe,抚河,Summer,15,spearman,month_median,20,2,0.9725,2000
full2020_month_median_spearman,Fuhe,抚河,Summer,15,spearman,month_median,20,3,0.0275,2000
full2020_month_median_spearman,Fuhe,抚河,Summer,15,spearman,month_median,20,4,0,2000
full2020_month_median_spearman,Fuhe,抚河,Summer,15,spearman,month_median,20,5,0,2000
full2020_month_median_spearman,Fuhe,抚河,Summer,15,spearman,month_median,20,6,0,2000
full2020_month_median_spearman,Fuhe,抚河,Summer,15,spearman,month_median,20,7,0,2000
full2020_month_median_spearman,Fuhe,抚河,Summer,15,spearman,month_median,20,8,0,2000
full2020_month_median_spearman,Fuhe,抚河,Summer,15,spearman,month_median,20,9,0,2000
full2020_month_median_spearman,Fuhe,抚河,Summer,15,spearman,month_median,20,10,0,2000
full2020_month_median_spearman,Fuhe,抚河,Summer,15,spearman,month_median,20,11,0,2000
full2020_month_median_spearman,Fuhe,抚河,Summer,15,spearman,month_median,20,12,0,2000
full2020_month_median_spearman,Fuhe,抚河,Summer,15,spearman,month_median,20,13,0,2000
full2020_month_median_spearman,Fuhe,抚河,Summer,15,spearman,month_median,20,14,0,2000
full2020_month_median_spearman,Fuhe,抚河,Summer,15,spearman,month_median,20,15,0,2000
full2020_month_median_spearman,Fuhe,抚河,Summer,15,spearman,month_median,20,16,0,2000
full2020_month_median_spearman,Fuhe,抚河,Summer,15,spearman,month_median,20,17,0,2000
full2020_month_median_spearman,Fuhe,抚河,Summer,15,spearman,month_median,20,18,0,2000
full2020_month_median_spearman,Fuhe,抚河,Summer,15,spearman,month_median,20,19,0,2000
full2020_month_median_spearman,Fuhe,抚河,Summer,15,spearman,month_median,20,20,0,2000
full2020_month_median_spearman,Fuhe,抚河,Winter,14,spearman,month_median,10,0,0,2000
full2020_month_median_spearman,Fuhe,抚河,Winter,14,spearman,month_median,10,1,0,2000
full2020_month_median_spearman,Fuhe,抚河,Winter,14,spearman,month_median,10,2,0.0035,2000
full2020_month_median_spearman,Fuhe,抚河,Winter,14,spearman,month_median,10,3,0.366,2000
full2020_month_median_spearman,Fuhe,抚河,Winter,14,spearman,month_median,10,4,0.516,2000
full2020_month_median_spearman,Fuhe,抚河,Winter,14,spearman,month_median,10,5,0.055,2000
full2020_month_median_spearman,Fuhe,抚河,Winter,14,spearman,month_median,10,6,0.054,2000
full2020_month_median_spearman,Fuhe,抚河,Winter,14,spearman,month_median,10,7,0.0055,2000
full2020_month_median_spearman,Fuhe,抚河,Winter,14,spearman,month_median,10,8,0,2000
full2020_month_median_spearman,Fuhe,抚河,Winter,14,spearman,month_median,10,9,0,2000
full2020_month_median_spearman,Fuhe,抚河,Winter,14,spearman,month_median,10,10,0,2000
full2020_month_median_spearman,Fuhe,抚河,Winter,14,spearman,month_median,15,0,0,2000
full2020_month_median_spearman,Fuhe,抚河,Winter,14,spearman,month_median,15,1,0,2000
full2020_month_median_spearman,Fuhe,抚河,Winter,14,spearman,month_median,15,2,0.0035,2000
full2020_month_median_spearman,Fuhe,抚河,Winter,14,spearman,month_median,15,3,0.366,2000
full2020_month_median_spearman,Fuhe,抚河,Winter,14,spearman,month_median,15,4,0.516,2000
full2020_month_median_spearman,Fuhe,抚河,Winter,14,spearman,month_median,15,5,0.055,2000
full2020_month_median_spearman,Fuhe,抚河,Winter,14,spearman,month_median,15,6,0.054,2000
full2020_month_median_spearman,Fuhe,抚河,Winter,14,spearman,month_median,15,7,0.0055,2000
full2020_month_median_spearman,Fuhe,抚河,Winter,14,spearman,month_median,15,8,0,2000
full2020_month_median_spearman,Fuhe,抚河,Winter,14,spearman,month_median,15,9,0,2000
full2020_month_median_spearman,Fuhe,抚河,Winter,14,spearman,month_median,15,10,0,2000
full2020_month_median_spearman,Fuhe,抚河,Winter,14,spearman,month_median,15,11,0,2000
full2020_month_median_spearman,Fuhe,抚河,Winter,14,spearman,month_median,15,12,0,2000
full2020_month_median_spearman,Fuhe,抚河,Winter,14,spearman,month_median,15,13,0,2000
full2020_month_median_spearman,Fuhe,抚河,Winter,14,spearman,month_median,15,14,0,2000
full2020_month_median_spearman,Fuhe,抚河,Winter,14,spearman,month_median,15,15,0,2000
full2020_month_median_spearman,Fuhe,抚河,Winter,14,spearman,month_median,20,0,0,2000
full2020_month_median_spearman,Fuhe,抚河,Winter,14,spearman,month_median,20,1,0,2000
full2020_month_median_spearman,Fuhe,抚河,Winter,14,spearman,month_median,20,2,0.0035,2000
full2020_month_median_spearman,Fuhe,抚河,Winter,14,spearman,month_median,20,3,0.366,2000
full2020_month_median_spearman,Fuhe,抚河,Winter,14,spearman,month_median,20,4,0.516,2000
full2020_month_median_spearman,Fuhe,抚河,Winter,14,spearman,month_median,20,5,0.055,2000
full2020_month_median_spearman,Fuhe,抚河,Winter,14,spearman,month_median,20,6,0.054,2000
full2020_month_median_spearman,Fuhe,抚河,Winter,14,spearman,month_median,20,7,0.0055,2000
full2020_month_median_spearman,Fuhe,抚河,Winter,14,spearman,month_median,20,8,0,2000
full2020_month_median_spearman,Fuhe,抚河,Winter,14,spearman,month_median,20,9,0,2000
full2020_month_median_spearman,Fuhe,抚河,Winter,14,spearman,month_median,20,10,0,2000
full2020_month_median_spearman,Fuhe,抚河,Winter,14,spearman,month_median,20,11,0,2000
full2020_month_median_spearman,Fuhe,抚河,Winter,14,spearman,month_median,20,12,0,2000
full2020_month_median_spearman,Fuhe,抚河,Winter,14,spearman,month_median,20,13,0,2000
full2020_month_median_spearman,Fuhe,抚河,Winter,14,spearman,month_median,20,14,0,2000
full2020_month_median_spearman,Fuhe,抚河,Winter,14,spearman,month_median,20,15,0,2000
full2020_month_median_spearman,Fuhe,抚河,Winter,14,spearman,month_median,20,16,0,2000
full2020_month_median_spearman,Fuhe,抚河,Winter,14,spearman,month_median,20,17,0,2000
full2020_month_median_spearman,Fuhe,抚河,Winter,14,spearman,month_median,20,18,0,2000
full2020_month_median_spearman,Fuhe,抚河,Winter,14,spearman,month_median,20,19,0,2000
full2020_month_median_spearman,Fuhe,抚河,Winter,14,spearman,month_median,20,20,0,2000
full2020_month_median_spearman,Ganjiang,赣江,All,15,spearman,month_median,10,0,0,2000
full2020_month_median_spearman,Ganjiang,赣江,All,15,spearman,month_median,10,1,0,2000
full2020_month_median_spearman,Ganjiang,赣江,All,15,spearman,month_median,10,2,0,2000
full2020_month_median_spearman,Ganjiang,赣江,All,15,spearman,month_median,10,3,0.0045,2000
full2020_month_median_spearman,Ganjiang,赣江,All,15,spearman,month_median,10,4,0.4615,2000
full2020_month_median_spearman,Ganjiang,赣江,All,15,spearman,month_median,10,5,0.5275,2000
full2020_month_median_spearman,Ganjiang,赣江,All,15,spearman,month_median,10,6,0.006,2000
full2020_month_median_spearman,Ganjiang,赣江,All,15,spearman,month_median,10,7,0.0005,2000
full2020_month_median_spearman,Ganjiang,赣江,All,15,spearman,month_median,10,8,0,2000
full2020_month_median_spearman,Ganjiang,赣江,All,15,spearman,month_median,10,9,0,2000
full2020_month_median_spearman,Ganjiang,赣江,All,15,spearman,month_median,10,10,0,2000
full2020_month_median_spearman,Ganjiang,赣江,All,15,spearman,month_median,15,0,0,2000
full2020_month_median_spearman,Ganjiang,赣江,All,15,spearman,month_median,15,1,0,2000
full2020_month_median_spearman,Ganjiang,赣江,All,15,spearman,month_median,15,2,0,2000
full2020_month_median_spearman,Ganjiang,赣江,All,15,spearman,month_median,15,3,0.0045,2000
full2020_month_median_spearman,Ganjiang,赣江,All,15,spearman,month_median,15,4,0.4615,2000
full2020_month_median_spearman,Ganjiang,赣江,All,15,spearman,month_median,15,5,0.5275,2000
full2020_month_median_spearman,Ganjiang,赣江,All,15,spearman,month_median,15,6,0.006,2000
full2020_month_median_spearman,Ganjiang,赣江,All,15,spearman,month_median,15,7,0.0005,2000
full2020_month_median_spearman,Ganjiang,赣江,All,15,spearman,month_median,15,8,0,2000
full2020_month_median_spearman,Ganjiang,赣江,All,15,spearman,month_median,15,9,0,2000
full2020_month_median_spearman,Ganjiang,赣江,All,15,spearman,month_median,15,10,0,2000
full2020_month_median_spearman,Ganjiang,赣江,All,15,spearman,month_median,15,11,0,2000
full2020_month_median_spearman,Ganjiang,赣江,All,15,spearman,month_median,15,12,0,2000
full2020_month_median_spearman,Ganjiang,赣江,All,15,spearman,month_median,15,13,0,2000
full2020_month_median_spearman,Ganjiang,赣江,All,15,spearman,month_median,15,14,0,2000
full2020_month_median_spearman,Ganjiang,赣江,All,15,spearman,month_median,15,15,0,2000
full2020_month_median_spearman,Ganjiang,赣江,All,15,spearman,month_median,20,0,0,2000
full2020_month_median_spearman,Ganjiang,赣江,All,15,spearman,month_median,20,1,0,2000
full2020_month_median_spearman,Ganjiang,赣江,All,15,spearman,month_median,20,2,0,2000
full2020_month_median_spearman,Ganjiang,赣江,All,15,spearman,month_median,20,3,0.0045,2000
full2020_month_median_spearman,Ganjiang,赣江,All,15,spearman,month_median,20,4,0.4615,2000
full2020_month_median_spearman,Ganjiang,赣江,All,15,spearman,month_median,20,5,0.5275,2000
full2020_month_median_spearman,Ganjiang,赣江,All,15,spearman,month_median,20,6,0.006,2000
full2020_month_median_spearman,Ganjiang,赣江,All,15,spearman,month_median,20,7,0.0005,2000
full2020_month_median_spearman,Ganjiang,赣江,All,15,spearman,month_median,20,8,0,2000
full2020_month_median_spearman,Ganjiang,赣江,All,15,spearman,month_median,20,9,0,2000
full2020_month_median_spearman,Ganjiang,赣江,All,15,spearman,month_median,20,10,0,2000
full2020_month_median_spearman,Ganjiang,赣江,All,15,spearman,month_median,20,11,0,2000
full2020_month_median_spearman,Ganjiang,赣江,All,15,spearman,month_median,20,12,0,2000
full2020_month_median_spearman,Ganjiang,赣江,All,15,spearman,month_median,20,13,0,2000
full2020_month_median_spearman,Ganjiang,赣江,All,15,spearman,month_median,20,14,0,2000
full2020_month_median_spearman,Ganjiang,赣江,All,15,spearman,month_median,20,15,0,2000
full2020_month_median_spearman,Ganjiang,赣江,All,15,spearman,month_median,20,16,0,2000
full2020_month_median_spearman,Ganjiang,赣江,All,15,spearman,month_median,20,17,0,2000
full2020_month_median_spearman,Ganjiang,赣江,All,15,spearman,month_median,20,18,0,2000
full2020_month_median_spearman,Ganjiang,赣江,All,15,spearman,month_median,20,19,0,2000
full2020_month_median_spearman,Ganjiang,赣江,All,15,spearman,month_median,20,20,0,2000
full2020_month_median_spearman,Ganjiang,赣江,Autumn,15,spearman,month_median,10,0,0,2000
full2020_month_median_spearman,Ganjiang,赣江,Autumn,15,spearman,month_median,10,1,0,2000
full2020_month_median_spearman,Ganjiang,赣江,Autumn,15,spearman,month_median,10,2,0,2000
full2020_month_median_spearman,Ganjiang,赣江,Autumn,15,spearman,month_median,10,3,0.048,2000
full2020_month_median_spearman,Ganjiang,赣江,Autumn,15,spearman,month_median,10,4,0.25,2000
full2020_month_median_spearman,Ganjiang,赣江,Autumn,15,spearman,month_median,10,5,0.299,2000
full2020_month_median_spearman,Ganjiang,赣江,Autumn,15,spearman,month_median,10,6,0.257,2000
full2020_month_median_spearman,Ganjiang,赣江,Autumn,15,spearman,month_median,10,7,0.022,2000
full2020_month_median_spearman,Ganjiang,赣江,Autumn,15,spearman,month_median,10,8,0.1165,2000
full2020_month_median_spearman,Ganjiang,赣江,Autumn,15,spearman,month_median,10,9,0.0075,2000
full2020_month_median_spearman,Ganjiang,赣江,Autumn,15,spearman,month_median,10,10,0,2000
full2020_month_median_spearman,Ganjiang,赣江,Autumn,15,spearman,month_median,15,0,0,2000
full2020_month_median_spearman,Ganjiang,赣江,Autumn,15,spearman,month_median,15,1,0,2000
full2020_month_median_spearman,Ganjiang,赣江,Autumn,15,spearman,month_median,15,2,0,2000
full2020_month_median_spearman,Ganjiang,赣江,Autumn,15,spearman,month_median,15,3,0.048,2000
full2020_month_median_spearman,Ganjiang,赣江,Autumn,15,spearman,month_median,15,4,0.25,2000
full2020_month_median_spearman,Ganjiang,赣江,Autumn,15,spearman,month_median,15,5,0.299,2000
full2020_month_median_spearman,Ganjiang,赣江,Autumn,15,spearman,month_median,15,6,0.257,2000
full2020_month_median_spearman,Ganjiang,赣江,Autumn,15,spearman,month_median,15,7,0.022,2000
full2020_month_median_spearman,Ganjiang,赣江,Autumn,15,spearman,month_median,15,8,0.1165,2000
full2020_month_median_spearman,Ganjiang,赣江,Autumn,15,spearman,month_median,15,9,0.0075,2000
full2020_month_median_spearman,Ganjiang,赣江,Autumn,15,spearman,month_median,15,10,0,2000
full2020_month_median_spearman,Ganjiang,赣江,Autumn,15,spearman,month_median,15,11,0,2000
full2020_month_median_spearman,Ganjiang,赣江,Autumn,15,spearman,month_median,15,12,0,2000
full2020_month_median_spearman,Ganjiang,赣江,Autumn,15,spearman,month_median,15,13,0,2000
full2020_month_median_spearman,Ganjiang,赣江,Autumn,15,spearman,month_median,15,14,0,2000
full2020_month_median_spearman,Ganjiang,赣江,Autumn,15,spearman,month_median,15,15,0,2000
full2020_month_median_spearman,Ganjiang,赣江,Autumn,15,spearman,month_median,20,0,0,2000
full2020_month_median_spearman,Ganjiang,赣江,Autumn,15,spearman,month_median,20,1,0,2000
full2020_month_median_spearman,Ganjiang,赣江,Autumn,15,spearman,month_median,20,2,0,2000
full2020_month_median_spearman,Ganjiang,赣江,Autumn,15,spearman,month_median,20,3,0.048,2000
full2020_month_median_spearman,Ganjiang,赣江,Autumn,15,spearman,month_median,20,4,0.25,2000
full2020_month_median_spearman,Ganjiang,赣江,Autumn,15,spearman,month_median,20,5,0.299,2000
full2020_month_median_spearman,Ganjiang,赣江,Autumn,15,spearman,month_median,20,6,0.257,2000
full2020_month_median_spearman,Ganjiang,赣江,Autumn,15,spearman,month_median,20,7,0.022,2000
full2020_month_median_spearman,Ganjiang,赣江,Autumn,15,spearman,month_median,20,8,0.1165,2000
full2020_month_median_spearman,Ganjiang,赣江,Autumn,15,spearman,month_median,20,9,0.0075,2000
full2020_month_median_spearman,Ganjiang,赣江,Autumn,15,spearman,month_median,20,10,0,2000
full2020_month_median_spearman,Ganjiang,赣江,Autumn,15,spearman,month_median,20,11,0,2000
full2020_month_median_spearman,Ganjiang,赣江,Autumn,15,spearman,month_median,20,12,0,2000
full2020_month_median_spearman,Ganjiang,赣江,Autumn,15,spearman,month_median,20,13,0,2000
full2020_month_median_spearman,Ganjiang,赣江,Autumn,15,spearman,month_median,20,14,0,2000
full2020_month_median_spearman,Ganjiang,赣江,Autumn,15,spearman,month_median,20,15,0,2000
full2020_month_median_spearman,Ganjiang,赣江,Autumn,15,spearman,month_median,20,16,0,2000
full2020_month_median_spearman,Ganjiang,赣江,Autumn,15,spearman,month_median,20,17,0,2000
full2020_month_median_spearman,Ganjiang,赣江,Autumn,15,spearman,month_median,20,18,0,2000
full2020_month_median_spearman,Ganjiang,赣江,Autumn,15,spearman,month_median,20,19,0,2000
full2020_month_median_spearman,Ganjiang,赣江,Autumn,15,spearman,month_median,20,20,0,2000
full2020_month_median_spearman,Ganjiang,赣江,Spring,15,spearman,month_median,10,0,0,2000
full2020_month_median_spearman,Ganjiang,赣江,Spring,15,spearman,month_median,10,1,0,2000
full2020_month_median_spearman,Ganjiang,赣江,Spring,15,spearman,month_median,10,2,0,2000
full2020_month_median_spearman,Ganjiang,赣江,Spring,15,spearman,month_median,10,3,0.0305,2000
full2020_month_median_spearman,Ganjiang,赣江,Spring,15,spearman,month_median,10,4,0.0725,2000
full2020_month_median_spearman,Ganjiang,赣江,Spring,15,spearman,month_median,10,5,0.7805,2000
full2020_month_median_spearman,Ganjiang,赣江,Spring,15,spearman,month_median,10,6,0.106,2000
full2020_month_median_spearman,Ganjiang,赣江,Spring,15,spearman,month_median,10,7,0.003,2000
full2020_month_median_spearman,Ganjiang,赣江,Spring,15,spearman,month_median,10,8,0,2000
full2020_month_median_spearman,Ganjiang,赣江,Spring,15,spearman,month_median,10,9,0,2000
full2020_month_median_spearman,Ganjiang,赣江,Spring,15,spearman,month_median,10,10,0.0075,2000
full2020_month_median_spearman,Ganjiang,赣江,Spring,15,spearman,month_median,15,0,0,2000
full2020_month_median_spearman,Ganjiang,赣江,Spring,15,spearman,month_median,15,1,0,2000
full2020_month_median_spearman,Ganjiang,赣江,Spring,15,spearman,month_median,15,2,0,2000
full2020_month_median_spearman,Ganjiang,赣江,Spring,15,spearman,month_median,15,3,0.0305,2000
full2020_month_median_spearman,Ganjiang,赣江,Spring,15,spearman,month_median,15,4,0.0725,2000
full2020_month_median_spearman,Ganjiang,赣江,Spring,15,spearman,month_median,15,5,0.7805,2000
full2020_month_median_spearman,Ganjiang,赣江,Spring,15,spearman,month_median,15,6,0.106,2000
full2020_month_median_spearman,Ganjiang,赣江,Spring,15,spearman,month_median,15,7,0.003,2000
full2020_month_median_spearman,Ganjiang,赣江,Spring,15,spearman,month_median,15,8,0,2000
full2020_month_median_spearman,Ganjiang,赣江,Spring,15,spearman,month_median,15,9,0,2000
full2020_month_median_spearman,Ganjiang,赣江,Spring,15,spearman,month_median,15,10,0.0075,2000
full2020_month_median_spearman,Ganjiang,赣江,Spring,15,spearman,month_median,15,11,0,2000
full2020_month_median_spearman,Ganjiang,赣江,Spring,15,spearman,month_median,15,12,0,2000
full2020_month_median_spearman,Ganjiang,赣江,Spring,15,spearman,month_median,15,13,0,2000
full2020_month_median_spearman,Ganjiang,赣江,Spring,15,spearman,month_median,15,14,0,2000
full2020_month_median_spearman,Ganjiang,赣江,Spring,15,spearman,month_median,15,15,0,2000
full2020_month_median_spearman,Ganjiang,赣江,Spring,15,spearman,month_median,20,0,0,2000
full2020_month_median_spearman,Ganjiang,赣江,Spring,15,spearman,month_median,20,1,0,2000
full2020_month_median_spearman,Ganjiang,赣江,Spring,15,spearman,month_median,20,2,0,2000
full2020_month_median_spearman,Ganjiang,赣江,Spring,15,spearman,month_median,20,3,0.0305,2000
full2020_month_median_spearman,Ganjiang,赣江,Spring,15,spearman,month_median,20,4,0.0725,2000
full2020_month_median_spearman,Ganjiang,赣江,Spring,15,spearman,month_median,20,5,0.7805,2000
full2020_month_median_spearman,Ganjiang,赣江,Spring,15,spearman,month_median,20,6,0.106,2000
full2020_month_median_spearman,Ganjiang,赣江,Spring,15,spearman,month_median,20,7,0.003,2000
full2020_month_median_spearman,Ganjiang,赣江,Spring,15,spearman,month_median,20,8,0,2000
full2020_month_median_spearman,Ganjiang,赣江,Spring,15,spearman,month_median,20,9,0,2000
full2020_month_median_spearman,Ganjiang,赣江,Spring,15,spearman,month_median,20,10,0.0075,2000
full2020_month_median_spearman,Ganjiang,赣江,Spring,15,spearman,month_median,20,11,0,2000
full2020_month_median_spearman,Ganjiang,赣江,Spring,15,spearman,month_median,20,12,0,2000
full2020_month_median_spearman,Ganjiang,赣江,Spring,15,spearman,month_median,20,13,0,2000
full2020_month_median_spearman,Ganjiang,赣江,Spring,15,spearman,month_median,20,14,0,2000
full2020_month_median_spearman,Ganjiang,赣江,Spring,15,spearman,month_median,20,15,0,2000
full2020_month_median_spearman,Ganjiang,赣江,Spring,15,spearman,month_median,20,16,0,2000
full2020_month_median_spearman,Ganjiang,赣江,Spring,15,spearman,month_median,20,17,0,2000
full2020_month_median_spearman,Ganjiang,赣江,Spring,15,spearman,month_median,20,18,0,2000
full2020_month_median_spearman,Ganjiang,赣江,Spring,15,spearman,month_median,20,19,0,2000
full2020_month_median_spearman,Ganjiang,赣江,Spring,15,spearman,month_median,20,20,0,2000
full2020_month_median_spearman,Ganjiang,赣江,Summer,15,spearman,month_median,10,0,0,2000
full2020_month_median_spearman,Ganjiang,赣江,Summer,15,spearman,month_median,10,1,0,2000
full2020_month_median_spearman,Ganjiang,赣江,Summer,15,spearman,month_median,10,2,0,2000
full2020_month_median_spearman,Ganjiang,赣江,Summer,15,spearman,month_median,10,3,0.0745,2000
full2020_month_median_spearman,Ganjiang,赣江,Summer,15,spearman,month_median,10,4,0.914,2000
full2020_month_median_spearman,Ganjiang,赣江,Summer,15,spearman,month_median,10,5,0.0105,2000
full2020_month_median_spearman,Ganjiang,赣江,Summer,15,spearman,month_median,10,6,0.0005,2000
full2020_month_median_spearman,Ganjiang,赣江,Summer,15,spearman,month_median,10,7,0.0005,2000
full2020_month_median_spearman,Ganjiang,赣江,Summer,15,spearman,month_median,10,8,0,2000
full2020_month_median_spearman,Ganjiang,赣江,Summer,15,spearman,month_median,10,9,0,2000
full2020_month_median_spearman,Ganjiang,赣江,Summer,15,spearman,month_median,10,10,0,2000
full2020_month_median_spearman,Ganjiang,赣江,Summer,15,spearman,month_median,15,0,0,2000
full2020_month_median_spearman,Ganjiang,赣江,Summer,15,spearman,month_median,15,1,0,2000
full2020_month_median_spearman,Ganjiang,赣江,Summer,15,spearman,month_median,15,2,0,2000
full2020_month_median_spearman,Ganjiang,赣江,Summer,15,spearman,month_median,15,3,0.0745,2000
full2020_month_median_spearman,Ganjiang,赣江,Summer,15,spearman,month_median,15,4,0.914,2000
full2020_month_median_spearman,Ganjiang,赣江,Summer,15,spearman,month_median,15,5,0.0105,2000
full2020_month_median_spearman,Ganjiang,赣江,Summer,15,spearman,month_median,15,6,0.0005,2000
full2020_month_median_spearman,Ganjiang,赣江,Summer,15,spearman,month_median,15,7,0.0005,2000
full2020_month_median_spearman,Ganjiang,赣江,Summer,15,spearman,month_median,15,8,0,2000
full2020_month_median_spearman,Ganjiang,赣江,Summer,15,spearman,month_median,15,9,0,2000
full2020_month_median_spearman,Ganjiang,赣江,Summer,15,spearman,month_median,15,10,0,2000
full2020_month_median_spearman,Ganjiang,赣江,Summer,15,spearman,month_median,15,11,0,2000
full2020_month_median_spearman,Ganjiang,赣江,Summer,15,spearman,month_median,15,12,0,2000
full2020_month_median_spearman,Ganjiang,赣江,Summer,15,spearman,month_median,15,13,0,2000
full2020_month_median_spearman,Ganjiang,赣江,Summer,15,spearman,month_median,15,14,0,2000
full2020_month_median_spearman,Ganjiang,赣江,Summer,15,spearman,month_median,15,15,0,2000
full2020_month_median_spearman,Ganjiang,赣江,Summer,15,spearman,month_median,20,0,0,2000
full2020_month_median_spearman,Ganjiang,赣江,Summer,15,spearman,month_median,20,1,0,2000
full2020_month_median_spearman,Ganjiang,赣江,Summer,15,spearman,month_median,20,2,0,2000
full2020_month_median_spearman,Ganjiang,赣江,Summer,15,spearman,month_median,20,3,0.0745,2000
full2020_month_median_spearman,Ganjiang,赣江,Summer,15,spearman,month_median,20,4,0.914,2000
full2020_month_median_spearman,Ganjiang,赣江,Summer,15,spearman,month_median,20,5,0.0105,2000
full2020_month_median_spearman,Ganjiang,赣江,Summer,15,spearman,month_median,20,6,0.0005,2000
full2020_month_median_spearman,Ganjiang,赣江,Summer,15,spearman,month_median,20,7,0.0005,2000
full2020_month_median_spearman,Ganjiang,赣江,Summer,15,spearman,month_median,20,8,0,2000
full2020_month_median_spearman,Ganjiang,赣江,Summer,15,spearman,month_median,20,9,0,2000
full2020_month_median_spearman,Ganjiang,赣江,Summer,15,spearman,month_median,20,10,0,2000
full2020_month_median_spearman,Ganjiang,赣江,Summer,15,spearman,month_median,20,11,0,2000
full2020_month_median_spearman,Ganjiang,赣江,Summer,15,spearman,month_median,20,12,0,2000
full2020_month_median_spearman,Ganjiang,赣江,Summer,15,spearman,month_median,20,13,0,2000
full2020_month_median_spearman,Ganjiang,赣江,Summer,15,spearman,month_median,20,14,0,2000
full2020_month_median_spearman,Ganjiang,赣江,Summer,15,spearman,month_median,20,15,0,2000
full2020_month_median_spearman,Ganjiang,赣江,Summer,15,spearman,month_median,20,16,0,2000
full2020_month_median_spearman,Ganjiang,赣江,Summer,15,spearman,month_median,20,17,0,2000
full2020_month_median_spearman,Ganjiang,赣江,Summer,15,spearman,month_median,20,18,0,2000
full2020_month_median_spearman,Ganjiang,赣江,Summer,15,spearman,month_median,20,19,0,2000
full2020_month_median_spearman,Ganjiang,赣江,Summer,15,spearman,month_median,20,20,0,2000
full2020_month_median_spearman,Ganjiang,赣江,Winter,14,spearman,month_median,10,0,0,2000
full2020_month_median_spearman,Ganjiang,赣江,Winter,14,spearman,month_median,10,1,0,2000
full2020_month_median_spearman,Ganjiang,赣江,Winter,14,spearman,month_median,10,2,0,2000
full2020_month_median_spearman,Ganjiang,赣江,Winter,14,spearman,month_median,10,3,0,2000
full2020_month_median_spearman,Ganjiang,赣江,Winter,14,spearman,month_median,10,4,0.0005,2000
full2020_month_median_spearman,Ganjiang,赣江,Winter,14,spearman,month_median,10,5,0.0285,2000
full2020_month_median_spearman,Ganjiang,赣江,Winter,14,spearman,month_median,10,6,0.708,2000
full2020_month_median_spearman,Ganjiang,赣江,Winter,14,spearman,month_median,10,7,0.059,2000
full2020_month_median_spearman,Ganjiang,赣江,Winter,14,spearman,month_median,10,8,0.015,2000
full2020_month_median_spearman,Ganjiang,赣江,Winter,14,spearman,month_median,10,9,0.147,2000
full2020_month_median_spearman,Ganjiang,赣江,Winter,14,spearman,month_median,10,10,0.042,2000
full2020_month_median_spearman,Ganjiang,赣江,Winter,14,spearman,month_median,15,0,0,2000
full2020_month_median_spearman,Ganjiang,赣江,Winter,14,spearman,month_median,15,1,0,2000
full2020_month_median_spearman,Ganjiang,赣江,Winter,14,spearman,month_median,15,2,0,2000
full2020_month_median_spearman,Ganjiang,赣江,Winter,14,spearman,month_median,15,3,0,2000
full2020_month_median_spearman,Ganjiang,赣江,Winter,14,spearman,month_median,15,4,0.0005,2000
full2020_month_median_spearman,Ganjiang,赣江,Winter,14,spearman,month_median,15,5,0.0285,2000
full2020_month_median_spearman,Ganjiang,赣江,Winter,14,spearman,month_median,15,6,0.7035,2000
full2020_month_median_spearman,Ganjiang,赣江,Winter,14,spearman,month_median,15,7,0.059,2000
full2020_month_median_spearman,Ganjiang,赣江,Winter,14,spearman,month_median,15,8,0.014,2000
full2020_month_median_spearman,Ganjiang,赣江,Winter,14,spearman,month_median,15,9,0.147,2000
full2020_month_median_spearman,Ganjiang,赣江,Winter,14,spearman,month_median,15,10,0.037,2000
full2020_month_median_spearman,Ganjiang,赣江,Winter,14,spearman,month_median,15,11,0.0005,2000
full2020_month_median_spearman,Ganjiang,赣江,Winter,14,spearman,month_median,15,12,0,2000
full2020_month_median_spearman,Ganjiang,赣江,Winter,14,spearman,month_median,15,13,0.008,2000
full2020_month_median_spearman,Ganjiang,赣江,Winter,14,spearman,month_median,15,14,0.002,2000
full2020_month_median_spearman,Ganjiang,赣江,Winter,14,spearman,month_median,15,15,0,2000
full2020_month_median_spearman,Ganjiang,赣江,Winter,14,spearman,month_median,20,0,0,2000
full2020_month_median_spearman,Ganjiang,赣江,Winter,14,spearman,month_median,20,1,0,2000
full2020_month_median_spearman,Ganjiang,赣江,Winter,14,spearman,month_median,20,2,0,2000
full2020_month_median_spearman,Ganjiang,赣江,Winter,14,spearman,month_median,20,3,0,2000
full2020_month_median_spearman,Ganjiang,赣江,Winter,14,spearman,month_median,20,4,0.0005,2000
full2020_month_median_spearman,Ganjiang,赣江,Winter,14,spearman,month_median,20,5,0.0285,2000
full2020_month_median_spearman,Ganjiang,赣江,Winter,14,spearman,month_median,20,6,0.7035,2000
full2020_month_median_spearman,Ganjiang,赣江,Winter,14,spearman,month_median,20,7,0.059,2000
full2020_month_median_spearman,Ganjiang,赣江,Winter,14,spearman,month_median,20,8,0.014,2000
full2020_month_median_spearman,Ganjiang,赣江,Winter,14,spearman,month_median,20,9,0.147,2000
full2020_month_median_spearman,Ganjiang,赣江,Winter,14,spearman,month_median,20,10,0.037,2000
full2020_month_median_spearman,Ganjiang,赣江,Winter,14,spearman,month_median,20,11,0.0005,2000
full2020_month_median_spearman,Ganjiang,赣江,Winter,14,spearman,month_median,20,12,0,2000
full2020_month_median_spearman,Ganjiang,赣江,Winter,14,spearman,month_median,20,13,0.008,2000
full2020_month_median_spearman,Ganjiang,赣江,Winter,14,spearman,month_median,20,14,0.002,2000
full2020_month_median_spearman,Ganjiang,赣江,Winter,14,spearman,month_median,20,15,0,2000
full2020_month_median_spearman,Ganjiang,赣江,Winter,14,spearman,month_median,20,16,0,2000
full2020_month_median_spearman,Ganjiang,赣江,Winter,14,spearman,month_median,20,17,0,2000
full2020_month_median_spearman,Ganjiang,赣江,Winter,14,spearman,month_median,20,18,0,2000
full2020_month_median_spearman,Ganjiang,赣江,Winter,14,spearman,month_median,20,19,0,2000
full2020_month_median_spearman,Ganjiang,赣江,Winter,14,spearman,month_median,20,20,0,2000
full2020_month_median_spearman,Le'anhe,乐安河,All,15,spearman,month_median,10,0,0,2000
full2020_month_median_spearman,Le'anhe,乐安河,All,15,spearman,month_median,10,1,0,2000
full2020_month_median_spearman,Le'anhe,乐安河,All,15,spearman,month_median,10,2,1,2000
full2020_month_median_spearman,Le'anhe,乐安河,All,15,spearman,month_median,10,3,0,2000
full2020_month_median_spearman,Le'anhe,乐安河,All,15,spearman,month_median,10,4,0,2000
full2020_month_median_spearman,Le'anhe,乐安河,All,15,spearman,month_median,10,5,0,2000
full2020_month_median_spearman,Le'anhe,乐安河,All,15,spearman,month_median,10,6,0,2000
full2020_month_median_spearman,Le'anhe,乐安河,All,15,spearman,month_median,10,7,0,2000
full2020_month_median_spearman,Le'anhe,乐安河,All,15,spearman,month_median,10,8,0,2000
full2020_month_median_spearman,Le'anhe,乐安河,All,15,spearman,month_median,10,9,0,2000
full2020_month_median_spearman,Le'anhe,乐安河,All,15,spearman,month_median,10,10,0,2000
full2020_month_median_spearman,Le'anhe,乐安河,All,15,spearman,month_median,15,0,0,2000
full2020_month_median_spearman,Le'anhe,乐安河,All,15,spearman,month_median,15,1,0,2000
full2020_month_median_spearman,Le'anhe,乐安河,All,15,spearman,month_median,15,2,1,2000
full2020_month_median_spearman,Le'anhe,乐安河,All,15,spearman,month_median,15,3,0,2000
full2020_month_median_spearman,Le'anhe,乐安河,All,15,spearman,month_median,15,4,0,2000
full2020_month_median_spearman,Le'anhe,乐安河,All,15,spearman,month_median,15,5,0,2000
full2020_month_median_spearman,Le'anhe,乐安河,All,15,spearman,month_median,15,6,0,2000
full2020_month_median_spearman,Le'anhe,乐安河,All,15,spearman,month_median,15,7,0,2000
full2020_month_median_spearman,Le'anhe,乐安河,All,15,spearman,month_median,15,8,0,2000
full2020_month_median_spearman,Le'anhe,乐安河,All,15,spearman,month_median,15,9,0,2000
full2020_month_median_spearman,Le'anhe,乐安河,All,15,spearman,month_median,15,10,0,2000
full2020_month_median_spearman,Le'anhe,乐安河,All,15,spearman,month_median,15,11,0,2000
full2020_month_median_spearman,Le'anhe,乐安河,All,15,spearman,month_median,15,12,0,2000
full2020_month_median_spearman,Le'anhe,乐安河,All,15,spearman,month_median,15,13,0,2000
full2020_month_median_spearman,Le'anhe,乐安河,All,15,spearman,month_median,15,14,0,2000
full2020_month_median_spearman,Le'anhe,乐安河,All,15,spearman,month_median,15,15,0,2000
full2020_month_median_spearman,Le'anhe,乐安河,All,15,spearman,month_median,20,0,0,2000
full2020_month_median_spearman,Le'anhe,乐安河,All,15,spearman,month_median,20,1,0,2000
full2020_month_median_spearman,Le'anhe,乐安河,All,15,spearman,month_median,20,2,1,2000
full2020_month_median_spearman,Le'anhe,乐安河,All,15,spearman,month_median,20,3,0,2000
full2020_month_median_spearman,Le'anhe,乐安河,All,15,spearman,month_median,20,4,0,2000
full2020_month_median_spearman,Le'anhe,乐安河,All,15,spearman,month_median,20,5,0,2000
full2020_month_median_spearman,Le'anhe,乐安河,All,15,spearman,month_median,20,6,0,2000
full2020_month_median_spearman,Le'anhe,乐安河,All,15,spearman,month_median,20,7,0,2000
full2020_month_median_spearman,Le'anhe,乐安河,All,15,spearman,month_median,20,8,0,2000
full2020_month_median_spearman,Le'anhe,乐安河,All,15,spearman,month_median,20,9,0,2000
full2020_month_median_spearman,Le'anhe,乐安河,All,15,spearman,month_median,20,10,0,2000
full2020_month_median_spearman,Le'anhe,乐安河,All,15,spearman,month_median,20,11,0,2000
full2020_month_median_spearman,Le'anhe,乐安河,All,15,spearman,month_median,20,12,0,2000
full2020_month_median_spearman,Le'anhe,乐安河,All,15,spearman,month_median,20,13,0,2000
full2020_month_median_spearman,Le'anhe,乐安河,All,15,spearman,month_median,20,14,0,2000
full2020_month_median_spearman,Le'anhe,乐安河,All,15,spearman,month_median,20,15,0,2000
full2020_month_median_spearman,Le'anhe,乐安河,All,15,spearman,month_median,20,16,0,2000
full2020_month_median_spearman,Le'anhe,乐安河,All,15,spearman,month_median,20,17,0,2000
full2020_month_median_spearman,Le'anhe,乐安河,All,15,spearman,month_median,20,18,0,2000
full2020_month_median_spearman,Le'anhe,乐安河,All,15,spearman,month_median,20,19,0,2000
full2020_month_median_spearman,Le'anhe,乐安河,All,15,spearman,month_median,20,20,0,2000
full2020_month_median_spearman,Le'anhe,乐安河,Autumn,15,spearman,month_median,10,0,0,2000
full2020_month_median_spearman,Le'anhe,乐安河,Autumn,15,spearman,month_median,10,1,0,2000
full2020_month_median_spearman,Le'anhe,乐安河,Autumn,15,spearman,month_median,10,2,0.277,2000
full2020_month_median_spearman,Le'anhe,乐安河,Autumn,15,spearman,month_median,10,3,0.6265,2000
full2020_month_median_spearman,Le'anhe,乐安河,Autumn,15,spearman,month_median,10,4,0.0665,2000
full2020_month_median_spearman,Le'anhe,乐安河,Autumn,15,spearman,month_median,10,5,0.006,2000
full2020_month_median_spearman,Le'anhe,乐安河,Autumn,15,spearman,month_median,10,6,0.0015,2000
full2020_month_median_spearman,Le'anhe,乐安河,Autumn,15,spearman,month_median,10,7,0.003,2000
full2020_month_median_spearman,Le'anhe,乐安河,Autumn,15,spearman,month_median,10,8,0.011,2000
full2020_month_median_spearman,Le'anhe,乐安河,Autumn,15,spearman,month_median,10,9,0.008,2000
full2020_month_median_spearman,Le'anhe,乐安河,Autumn,15,spearman,month_median,10,10,0.0005,2000
full2020_month_median_spearman,Le'anhe,乐安河,Autumn,15,spearman,month_median,15,0,0,2000
full2020_month_median_spearman,Le'anhe,乐安河,Autumn,15,spearman,month_median,15,1,0,2000
full2020_month_median_spearman,Le'anhe,乐安河,Autumn,15,spearman,month_median,15,2,0.2765,2000
full2020_month_median_spearman,Le'anhe,乐安河,Autumn,15,spearman,month_median,15,3,0.625,2000
full2020_month_median_spearman,Le'anhe,乐安河,Autumn,15,spearman,month_median,15,4,0.066,2000
full2020_month_median_spearman,Le'anhe,乐安河,Autumn,15,spearman,month_median,15,5,0.006,2000
full2020_month_median_spearman,Le'anhe,乐安河,Autumn,15,spearman,month_median,15,6,0.0015,2000
full2020_month_median_spearman,Le'anhe,乐安河,Autumn,15,spearman,month_median,15,7,0.003,2000
full2020_month_median_spearman,Le'anhe,乐安河,Autumn,15,spearman,month_median,15,8,0.01,2000
full2020_month_median_spearman,Le'anhe,乐安河,Autumn,15,spearman,month_median,15,9,0.007,2000
full2020_month_median_spearman,Le'anhe,乐安河,Autumn,15,spearman,month_median,15,10,0,2000
full2020_month_median_spearman,Le'anhe,乐安河,Autumn,15,spearman,month_median,15,11,0.0035,2000
full2020_month_median_spearman,Le'anhe,乐安河,Autumn,15,spearman,month_median,15,12,0.0015,2000
full2020_month_median_spearman,Le'anhe,乐安河,Autumn,15,spearman,month_median,15,13,0,2000
full2020_month_median_spearman,Le'anhe,乐安河,Autumn,15,spearman,month_median,15,14,0,2000
full2020_month_median_spearman,Le'anhe,乐安河,Autumn,15,spearman,month_median,15,15,0,2000
full2020_month_median_spearman,Le'anhe,乐安河,Autumn,15,spearman,month_median,20,0,0,2000
full2020_month_median_spearman,Le'anhe,乐安河,Autumn,15,spearman,month_median,20,1,0,2000
full2020_month_median_spearman,Le'anhe,乐安河,Autumn,15,spearman,month_median,20,2,0.2765,2000
full2020_month_median_spearman,Le'anhe,乐安河,Autumn,15,spearman,month_median,20,3,0.625,2000
full2020_month_median_spearman,Le'anhe,乐安河,Autumn,15,spearman,month_median,20,4,0.066,2000
full2020_month_median_spearman,Le'anhe,乐安河,Autumn,15,spearman,month_median,20,5,0.006,2000
full2020_month_median_spearman,Le'anhe,乐安河,Autumn,15,spearman,month_median,20,6,0.0015,2000
full2020_month_median_spearman,Le'anhe,乐安河,Autumn,15,spearman,month_median,20,7,0.003,2000
full2020_month_median_spearman,Le'anhe,乐安河,Autumn,15,spearman,month_median,20,8,0.01,2000
full2020_month_median_spearman,Le'anhe,乐安河,Autumn,15,spearman,month_median,20,9,0.007,2000
full2020_month_median_spearman,Le'anhe,乐安河,Autumn,15,spearman,month_median,20,10,0,2000
full2020_month_median_spearman,Le'anhe,乐安河,Autumn,15,spearman,month_median,20,11,0.0035,2000
full2020_month_median_spearman,Le'anhe,乐安河,Autumn,15,spearman,month_median,20,12,0.0015,2000
full2020_month_median_spearman,Le'anhe,乐安河,Autumn,15,spearman,month_median,20,13,0,2000
full2020_month_median_spearman,Le'anhe,乐安河,Autumn,15,spearman,month_median,20,14,0,2000
full2020_month_median_spearman,Le'anhe,乐安河,Autumn,15,spearman,month_median,20,15,0,2000
full2020_month_median_spearman,Le'anhe,乐安河,Autumn,15,spearman,month_median,20,16,0,2000
full2020_month_median_spearman,Le'anhe,乐安河,Autumn,15,spearman,month_median,20,17,0,2000
full2020_month_median_spearman,Le'anhe,乐安河,Autumn,15,spearman,month_median,20,18,0,2000
full2020_month_median_spearman,Le'anhe,乐安河,Autumn,15,spearman,month_median,20,19,0,2000
full2020_month_median_spearman,Le'anhe,乐安河,Autumn,15,spearman,month_median,20,20,0,2000
full2020_month_median_spearman,Le'anhe,乐安河,Spring,15,spearman,month_median,10,0,0,2000
full2020_month_median_spearman,Le'anhe,乐安河,Spring,15,spearman,month_median,10,1,0.015,2000
full2020_month_median_spearman,Le'anhe,乐安河,Spring,15,spearman,month_median,10,2,0.9775,2000
full2020_month_median_spearman,Le'anhe,乐安河,Spring,15,spearman,month_median,10,3,0.001,2000
full2020_month_median_spearman,Le'anhe,乐安河,Spring,15,spearman,month_median,10,4,0,2000
full2020_month_median_spearman,Le'anhe,乐安河,Spring,15,spearman,month_median,10,5,0.0025,2000
full2020_month_median_spearman,Le'anhe,乐安河,Spring,15,spearman,month_median,10,6,0.0015,2000
full2020_month_median_spearman,Le'anhe,乐安河,Spring,15,spearman,month_median,10,7,0,2000
full2020_month_median_spearman,Le'anhe,乐安河,Spring,15,spearman,month_median,10,8,0.0005,2000
full2020_month_median_spearman,Le'anhe,乐安河,Spring,15,spearman,month_median,10,9,0.0005,2000
full2020_month_median_spearman,Le'anhe,乐安河,Spring,15,spearman,month_median,10,10,0.0015,2000
full2020_month_median_spearman,Le'anhe,乐安河,Spring,15,spearman,month_median,15,0,0,2000
full2020_month_median_spearman,Le'anhe,乐安河,Spring,15,spearman,month_median,15,1,0.015,2000
full2020_month_median_spearman,Le'anhe,乐安河,Spring,15,spearman,month_median,15,2,0.9775,2000
full2020_month_median_spearman,Le'anhe,乐安河,Spring,15,spearman,month_median,15,3,0.001,2000
full2020_month_median_spearman,Le'anhe,乐安河,Spring,15,spearman,month_median,15,4,0,2000
full2020_month_median_spearman,Le'anhe,乐安河,Spring,15,spearman,month_median,15,5,0.0025,2000
full2020_month_median_spearman,Le'anhe,乐安河,Spring,15,spearman,month_median,15,6,0.0015,2000
full2020_month_median_spearman,Le'anhe,乐安河,Spring,15,spearman,month_median,15,7,0,2000
full2020_month_median_spearman,Le'anhe,乐安河,Spring,15,spearman,month_median,15,8,0.0005,2000
full2020_month_median_spearman,Le'anhe,乐安河,Spring,15,spearman,month_median,15,9,0.0005,2000
full2020_month_median_spearman,Le'anhe,乐安河,Spring,15,spearman,month_median,15,10,0.0015,2000
full2020_month_median_spearman,Le'anhe,乐安河,Spring,15,spearman,month_median,15,11,0,2000
full2020_month_median_spearman,Le'anhe,乐安河,Spring,15,spearman,month_median,15,12,0,2000
full2020_month_median_spearman,Le'anhe,乐安河,Spring,15,spearman,month_median,15,13,0,2000
full2020_month_median_spearman,Le'anhe,乐安河,Spring,15,spearman,month_median,15,14,0,2000
full2020_month_median_spearman,Le'anhe,乐安河,Spring,15,spearman,month_median,15,15,0,2000
full2020_month_median_spearman,Le'anhe,乐安河,Spring,15,spearman,month_median,20,0,0,2000
full2020_month_median_spearman,Le'anhe,乐安河,Spring,15,spearman,month_median,20,1,0.015,2000
full2020_month_median_spearman,Le'anhe,乐安河,Spring,15,spearman,month_median,20,2,0.9775,2000
full2020_month_median_spearman,Le'anhe,乐安河,Spring,15,spearman,month_median,20,3,0.001,2000
full2020_month_median_spearman,Le'anhe,乐安河,Spring,15,spearman,month_median,20,4,0,2000
full2020_month_median_spearman,Le'anhe,乐安河,Spring,15,spearman,month_median,20,5,0.0025,2000
full2020_month_median_spearman,Le'anhe,乐安河,Spring,15,spearman,month_median,20,6,0.0015,2000
full2020_month_median_spearman,Le'anhe,乐安河,Spring,15,spearman,month_median,20,7,0,2000
full2020_month_median_spearman,Le'anhe,乐安河,Spring,15,spearman,month_median,20,8,0.0005,2000
full2020_month_median_spearman,Le'anhe,乐安河,Spring,15,spearman,month_median,20,9,0.0005,2000
full2020_month_median_spearman,Le'anhe,乐安河,Spring,15,spearman,month_median,20,10,0.0015,2000
full2020_month_median_spearman,Le'anhe,乐安河,Spring,15,spearman,month_median,20,11,0,2000
full2020_month_median_spearman,Le'anhe,乐安河,Spring,15,spearman,month_median,20,12,0,2000
full2020_month_median_spearman,Le'anhe,乐安河,Spring,15,spearman,month_median,20,13,0,2000
full2020_month_median_spearman,Le'anhe,乐安河,Spring,15,spearman,month_median,20,14,0,2000
full2020_month_median_spearman,Le'anhe,乐安河,Spring,15,spearman,month_median,20,15,0,2000
full2020_month_median_spearman,Le'anhe,乐安河,Spring,15,spearman,month_median,20,16,0,2000
full2020_month_median_spearman,Le'anhe,乐安河,Spring,15,spearman,month_median,20,17,0,2000
full2020_month_median_spearman,Le'anhe,乐安河,Spring,15,spearman,month_median,20,18,0,2000
full2020_month_median_spearman,Le'anhe,乐安河,Spring,15,spearman,month_median,20,19,0,2000
full2020_month_median_spearman,Le'anhe,乐安河,Spring,15,spearman,month_median,20,20,0,2000
full2020_month_median_spearman,Le'anhe,乐安河,Summer,15,spearman,month_median,10,0,0,2000
full2020_month_median_spearman,Le'anhe,乐安河,Summer,15,spearman,month_median,10,1,0.047,2000
full2020_month_median_spearman,Le'anhe,乐安河,Summer,15,spearman,month_median,10,2,0.953,2000
full2020_month_median_spearman,Le'anhe,乐安河,Summer,15,spearman,month_median,10,3,0,2000
full2020_month_median_spearman,Le'anhe,乐安河,Summer,15,spearman,month_median,10,4,0,2000
full2020_month_median_spearman,Le'anhe,乐安河,Summer,15,spearman,month_median,10,5,0,2000
full2020_month_median_spearman,Le'anhe,乐安河,Summer,15,spearman,month_median,10,6,0,2000
full2020_month_median_spearman,Le'anhe,乐安河,Summer,15,spearman,month_median,10,7,0,2000
full2020_month_median_spearman,Le'anhe,乐安河,Summer,15,spearman,month_median,10,8,0,2000
full2020_month_median_spearman,Le'anhe,乐安河,Summer,15,spearman,month_median,10,9,0,2000
full2020_month_median_spearman,Le'anhe,乐安河,Summer,15,spearman,month_median,10,10,0,2000
full2020_month_median_spearman,Le'anhe,乐安河,Summer,15,spearman,month_median,15,0,0,2000
full2020_month_median_spearman,Le'anhe,乐安河,Summer,15,spearman,month_median,15,1,0.047,2000
full2020_month_median_spearman,Le'anhe,乐安河,Summer,15,spearman,month_median,15,2,0.953,2000
full2020_month_median_spearman,Le'anhe,乐安河,Summer,15,spearman,month_median,15,3,0,2000
full2020_month_median_spearman,Le'anhe,乐安河,Summer,15,spearman,month_median,15,4,0,2000
full2020_month_median_spearman,Le'anhe,乐安河,Summer,15,spearman,month_median,15,5,0,2000
full2020_month_median_spearman,Le'anhe,乐安河,Summer,15,spearman,month_median,15,6,0,2000
full2020_month_median_spearman,Le'anhe,乐安河,Summer,15,spearman,month_median,15,7,0,2000
full2020_month_median_spearman,Le'anhe,乐安河,Summer,15,spearman,month_median,15,8,0,2000
full2020_month_median_spearman,Le'anhe,乐安河,Summer,15,spearman,month_median,15,9,0,2000
full2020_month_median_spearman,Le'anhe,乐安河,Summer,15,spearman,month_median,15,10,0,2000
full2020_month_median_spearman,Le'anhe,乐安河,Summer,15,spearman,month_median,15,11,0,2000
full2020_month_median_spearman,Le'anhe,乐安河,Summer,15,spearman,month_median,15,12,0,2000
full2020_month_median_spearman,Le'anhe,乐安河,Summer,15,spearman,month_median,15,13,0,2000
full2020_month_median_spearman,Le'anhe,乐安河,Summer,15,spearman,month_median,15,14,0,2000
full2020_month_median_spearman,Le'anhe,乐安河,Summer,15,spearman,month_median,15,15,0,2000
full2020_month_median_spearman,Le'anhe,乐安河,Summer,15,spearman,month_median,20,0,0,2000
full2020_month_median_spearman,Le'anhe,乐安河,Summer,15,spearman,month_median,20,1,0.047,2000
full2020_month_median_spearman,Le'anhe,乐安河,Summer,15,spearman,month_median,20,2,0.953,2000
full2020_month_median_spearman,Le'anhe,乐安河,Summer,15,spearman,month_median,20,3,0,2000
full2020_month_median_spearman,Le'anhe,乐安河,Summer,15,spearman,month_median,20,4,0,2000
full2020_month_median_spearman,Le'anhe,乐安河,Summer,15,spearman,month_median,20,5,0,2000
full2020_month_median_spearman,Le'anhe,乐安河,Summer,15,spearman,month_median,20,6,0,2000
full2020_month_median_spearman,Le'anhe,乐安河,Summer,15,spearman,month_median,20,7,0,2000
full2020_month_median_spearman,Le'anhe,乐安河,Summer,15,spearman,month_median,20,8,0,2000
full2020_month_median_spearman,Le'anhe,乐安河,Summer,15,spearman,month_median,20,9,0,2000
full2020_month_median_spearman,Le'anhe,乐安河,Summer,15,spearman,month_median,20,10,0,2000
full2020_month_median_spearman,Le'anhe,乐安河,Summer,15,spearman,month_median,20,11,0,2000
full2020_month_median_spearman,Le'anhe,乐安河,Summer,15,spearman,month_median,20,12,0,2000
full2020_month_median_spearman,Le'anhe,乐安河,Summer,15,spearman,month_median,20,13,0,2000
full2020_month_median_spearman,Le'anhe,乐安河,Summer,15,spearman,month_median,20,14,0,2000
full2020_month_median_spearman,Le'anhe,乐安河,Summer,15,spearman,month_median,20,15,0,2000
full2020_month_median_spearman,Le'anhe,乐安河,Summer,15,spearman,month_median,20,16,0,2000
full2020_month_median_spearman,Le'anhe,乐安河,Summer,15,spearman,month_median,20,17,0,2000
full2020_month_median_spearman,Le'anhe,乐安河,Summer,15,spearman,month_median,20,18,0,2000
full2020_month_median_spearman,Le'anhe,乐安河,Summer,15,spearman,month_median,20,19,0,2000
full2020_month_median_spearman,Le'anhe,乐安河,Summer,15,spearman,month_median,20,20,0,2000
full2020_month_median_spearman,Le'anhe,乐安河,Winter,14,spearman,month_median,10,0,0,2000
full2020_month_median_spearman,Le'anhe,乐安河,Winter,14,spearman,month_median,10,1,0,2000
full2020_month_median_spearman,Le'anhe,乐安河,Winter,14,spearman,month_median,10,2,0.0175,2000
full2020_month_median_spearman,Le'anhe,乐安河,Winter,14,spearman,month_median,10,3,0.8435,2000
full2020_month_median_spearman,Le'anhe,乐安河,Winter,14,spearman,month_median,10,4,0.014,2000
full2020_month_median_spearman,Le'anhe,乐安河,Winter,14,spearman,month_median,10,5,0.0335,2000
full2020_month_median_spearman,Le'anhe,乐安河,Winter,14,spearman,month_median,10,6,0.002,2000
full2020_month_median_spearman,Le'anhe,乐安河,Winter,14,spearman,month_median,10,7,0.0005,2000
full2020_month_median_spearman,Le'anhe,乐安河,Winter,14,spearman,month_median,10,8,0,2000
full2020_month_median_spearman,Le'anhe,乐安河,Winter,14,spearman,month_median,10,9,0.0535,2000
full2020_month_median_spearman,Le'anhe,乐安河,Winter,14,spearman,month_median,10,10,0.0355,2000
full2020_month_median_spearman,Le'anhe,乐安河,Winter,14,spearman,month_median,15,0,0,2000
full2020_month_median_spearman,Le'anhe,乐安河,Winter,14,spearman,month_median,15,1,0,2000
full2020_month_median_spearman,Le'anhe,乐安河,Winter,14,spearman,month_median,15,2,0.0175,2000
full2020_month_median_spearman,Le'anhe,乐安河,Winter,14,spearman,month_median,15,3,0.8415,2000
full2020_month_median_spearman,Le'anhe,乐安河,Winter,14,spearman,month_median,15,4,0.014,2000
full2020_month_median_spearman,Le'anhe,乐安河,Winter,14,spearman,month_median,15,5,0.0335,2000
full2020_month_median_spearman,Le'anhe,乐安河,Winter,14,spearman,month_median,15,6,0.002,2000
full2020_month_median_spearman,Le'anhe,乐安河,Winter,14,spearman,month_median,15,7,0,2000
full2020_month_median_spearman,Le'anhe,乐安河,Winter,14,spearman,month_median,15,8,0,2000
full2020_month_median_spearman,Le'anhe,乐安河,Winter,14,spearman,month_median,15,9,0.0525,2000
full2020_month_median_spearman,Le'anhe,乐安河,Winter,14,spearman,month_median,15,10,0.0225,2000
full2020_month_median_spearman,Le'anhe,乐安河,Winter,14,spearman,month_median,15,11,0.0115,2000
full2020_month_median_spearman,Le'anhe,乐安河,Winter,14,spearman,month_median,15,12,0.0015,2000
full2020_month_median_spearman,Le'anhe,乐安河,Winter,14,spearman,month_median,15,13,0.001,2000
full2020_month_median_spearman,Le'anhe,乐安河,Winter,14,spearman,month_median,15,14,0.0025,2000
full2020_month_median_spearman,Le'anhe,乐安河,Winter,14,spearman,month_median,15,15,0,2000
full2020_month_median_spearman,Le'anhe,乐安河,Winter,14,spearman,month_median,20,0,0,2000
full2020_month_median_spearman,Le'anhe,乐安河,Winter,14,spearman,month_median,20,1,0,2000
full2020_month_median_spearman,Le'anhe,乐安河,Winter,14,spearman,month_median,20,2,0.0175,2000
full2020_month_median_spearman,Le'anhe,乐安河,Winter,14,spearman,month_median,20,3,0.8355,2000
full2020_month_median_spearman,Le'anhe,乐安河,Winter,14,spearman,month_median,20,4,0.014,2000
full2020_month_median_spearman,Le'anhe,乐安河,Winter,14,spearman,month_median,20,5,0.0335,2000
full2020_month_median_spearman,Le'anhe,乐安河,Winter,14,spearman,month_median,20,6,0.002,2000
full2020_month_median_spearman,Le'anhe,乐安河,Winter,14,spearman,month_median,20,7,0,2000
full2020_month_median_spearman,Le'anhe,乐安河,Winter,14,spearman,month_median,20,8,0,2000
full2020_month_median_spearman,Le'anhe,乐安河,Winter,14,spearman,month_median,20,9,0.0525,2000
full2020_month_median_spearman,Le'anhe,乐安河,Winter,14,spearman,month_median,20,10,0.0225,2000
full2020_month_median_spearman,Le'anhe,乐安河,Winter,14,spearman,month_median,20,11,0.0105,2000
full2020_month_median_spearman,Le'anhe,乐安河,Winter,14,spearman,month_median,20,12,0.0015,2000
full2020_month_median_spearman,Le'anhe,乐安河,Winter,14,spearman,month_median,20,13,0.001,2000
full2020_month_median_spearman,Le'anhe,乐安河,Winter,14,spearman,month_median,20,14,0.0025,2000
full2020_month_median_spearman,Le'anhe,乐安河,Winter,14,spearman,month_median,20,15,0,2000
full2020_month_median_spearman,Le'anhe,乐安河,Winter,14,spearman,month_median,20,16,0,2000
full2020_month_median_spearman,Le'anhe,乐安河,Winter,14,spearman,month_median,20,17,0,2000
full2020_month_median_spearman,Le'anhe,乐安河,Winter,14,spearman,month_median,20,18,0,2000
full2020_month_median_spearman,Le'anhe,乐安河,Winter,14,spearman,month_median,20,19,0.003,2000
full2020_month_median_spearman,Le'anhe,乐安河,Winter,14,spearman,month_median,20,20,0.004,2000
full2020_month_median_spearman,Liaohe,潦河,All,15,spearman,month_median,10,0,0,2000
full2020_month_median_spearman,Liaohe,潦河,All,15,spearman,month_median,10,1,0.9545,2000
full2020_month_median_spearman,Liaohe,潦河,All,15,spearman,month_median,10,2,0.0455,2000
full2020_month_median_spearman,Liaohe,潦河,All,15,spearman,month_median,10,3,0,2000
full2020_month_median_spearman,Liaohe,潦河,All,15,spearman,month_median,10,4,0,2000
full2020_month_median_spearman,Liaohe,潦河,All,15,spearman,month_median,10,5,0,2000
full2020_month_median_spearman,Liaohe,潦河,All,15,spearman,month_median,10,6,0,2000
full2020_month_median_spearman,Liaohe,潦河,All,15,spearman,month_median,10,7,0,2000
full2020_month_median_spearman,Liaohe,潦河,All,15,spearman,month_median,10,8,0,2000
full2020_month_median_spearman,Liaohe,潦河,All,15,spearman,month_median,10,9,0,2000
full2020_month_median_spearman,Liaohe,潦河,All,15,spearman,month_median,10,10,0,2000
full2020_month_median_spearman,Liaohe,潦河,All,15,spearman,month_median,15,0,0,2000
full2020_month_median_spearman,Liaohe,潦河,All,15,spearman,month_median,15,1,0.9545,2000
full2020_month_median_spearman,Liaohe,潦河,All,15,spearman,month_median,15,2,0.0455,2000
full2020_month_median_spearman,Liaohe,潦河,All,15,spearman,month_median,15,3,0,2000
full2020_month_median_spearman,Liaohe,潦河,All,15,spearman,month_median,15,4,0,2000
full2020_month_median_spearman,Liaohe,潦河,All,15,spearman,month_median,15,5,0,2000
full2020_month_median_spearman,Liaohe,潦河,All,15,spearman,month_median,15,6,0,2000
full2020_month_median_spearman,Liaohe,潦河,All,15,spearman,month_median,15,7,0,2000
full2020_month_median_spearman,Liaohe,潦河,All,15,spearman,month_median,15,8,0,2000
full2020_month_median_spearman,Liaohe,潦河,All,15,spearman,month_median,15,9,0,2000
full2020_month_median_spearman,Liaohe,潦河,All,15,spearman,month_median,15,10,0,2000
full2020_month_median_spearman,Liaohe,潦河,All,15,spearman,month_median,15,11,0,2000
full2020_month_median_spearman,Liaohe,潦河,All,15,spearman,month_median,15,12,0,2000
full2020_month_median_spearman,Liaohe,潦河,All,15,spearman,month_median,15,13,0,2000
full2020_month_median_spearman,Liaohe,潦河,All,15,spearman,month_median,15,14,0,2000
full2020_month_median_spearman,Liaohe,潦河,All,15,spearman,month_median,15,15,0,2000
full2020_month_median_spearman,Liaohe,潦河,All,15,spearman,month_median,20,0,0,2000
full2020_month_median_spearman,Liaohe,潦河,All,15,spearman,month_median,20,1,0.9545,2000
full2020_month_median_spearman,Liaohe,潦河,All,15,spearman,month_median,20,2,0.0455,2000
full2020_month_median_spearman,Liaohe,潦河,All,15,spearman,month_median,20,3,0,2000
full2020_month_median_spearman,Liaohe,潦河,All,15,spearman,month_median,20,4,0,2000
full2020_month_median_spearman,Liaohe,潦河,All,15,spearman,month_median,20,5,0,2000
full2020_month_median_spearman,Liaohe,潦河,All,15,spearman,month_median,20,6,0,2000
full2020_month_median_spearman,Liaohe,潦河,All,15,spearman,month_median,20,7,0,2000
full2020_month_median_spearman,Liaohe,潦河,All,15,spearman,month_median,20,8,0,2000
full2020_month_median_spearman,Liaohe,潦河,All,15,spearman,month_median,20,9,0,2000
full2020_month_median_spearman,Liaohe,潦河,All,15,spearman,month_median,20,10,0,2000
full2020_month_median_spearman,Liaohe,潦河,All,15,spearman,month_median,20,11,0,2000
full2020_month_median_spearman,Liaohe,潦河,All,15,spearman,month_median,20,12,0,2000
full2020_month_median_spearman,Liaohe,潦河,All,15,spearman,month_median,20,13,0,2000
full2020_month_median_spearman,Liaohe,潦河,All,15,spearman,month_median,20,14,0,2000
full2020_month_median_spearman,Liaohe,潦河,All,15,spearman,month_median,20,15,0,2000
full2020_month_median_spearman,Liaohe,潦河,All,15,spearman,month_median,20,16,0,2000
full2020_month_median_spearman,Liaohe,潦河,All,15,spearman,month_median,20,17,0,2000
full2020_month_median_spearman,Liaohe,潦河,All,15,spearman,month_median,20,18,0,2000
full2020_month_median_spearman,Liaohe,潦河,All,15,spearman,month_median,20,19,0,2000
full2020_month_median_spearman,Liaohe,潦河,All,15,spearman,month_median,20,20,0,2000
full2020_month_median_spearman,Liaohe,潦河,Autumn,15,spearman,month_median,10,0,0,2000
full2020_month_median_spearman,Liaohe,潦河,Autumn,15,spearman,month_median,10,1,0,2000
full2020_month_median_spearman,Liaohe,潦河,Autumn,15,spearman,month_median,10,2,0.9835,2000
full2020_month_median_spearman,Liaohe,潦河,Autumn,15,spearman,month_median,10,3,0.0165,2000
full2020_month_median_spearman,Liaohe,潦河,Autumn,15,spearman,month_median,10,4,0,2000
full2020_month_median_spearman,Liaohe,潦河,Autumn,15,spearman,month_median,10,5,0,2000
full2020_month_median_spearman,Liaohe,潦河,Autumn,15,spearman,month_median,10,6,0,2000
full2020_month_median_spearman,Liaohe,潦河,Autumn,15,spearman,month_median,10,7,0,2000
full2020_month_median_spearman,Liaohe,潦河,Autumn,15,spearman,month_median,10,8,0,2000
full2020_month_median_spearman,Liaohe,潦河,Autumn,15,spearman,month_median,10,9,0,2000
full2020_month_median_spearman,Liaohe,潦河,Autumn,15,spearman,month_median,10,10,0,2000
full2020_month_median_spearman,Liaohe,潦河,Autumn,15,spearman,month_median,15,0,0,2000
full2020_month_median_spearman,Liaohe,潦河,Autumn,15,spearman,month_median,15,1,0,2000
full2020_month_median_spearman,Liaohe,潦河,Autumn,15,spearman,month_median,15,2,0.9835,2000
full2020_month_median_spearman,Liaohe,潦河,Autumn,15,spearman,month_median,15,3,0.0165,2000
full2020_month_median_spearman,Liaohe,潦河,Autumn,15,spearman,month_median,15,4,0,2000
full2020_month_median_spearman,Liaohe,潦河,Autumn,15,spearman,month_median,15,5,0,2000
full2020_month_median_spearman,Liaohe,潦河,Autumn,15,spearman,month_median,15,6,0,2000
full2020_month_median_spearman,Liaohe,潦河,Autumn,15,spearman,month_median,15,7,0,2000
full2020_month_median_spearman,Liaohe,潦河,Autumn,15,spearman,month_median,15,8,0,2000
full2020_month_median_spearman,Liaohe,潦河,Autumn,15,spearman,month_median,15,9,0,2000
full2020_month_median_spearman,Liaohe,潦河,Autumn,15,spearman,month_median,15,10,0,2000
full2020_month_median_spearman,Liaohe,潦河,Autumn,15,spearman,month_median,15,11,0,2000
full2020_month_median_spearman,Liaohe,潦河,Autumn,15,spearman,month_median,15,12,0,2000
full2020_month_median_spearman,Liaohe,潦河,Autumn,15,spearman,month_median,15,13,0,2000
full2020_month_median_spearman,Liaohe,潦河,Autumn,15,spearman,month_median,15,14,0,2000
full2020_month_median_spearman,Liaohe,潦河,Autumn,15,spearman,month_median,15,15,0,2000
full2020_month_median_spearman,Liaohe,潦河,Autumn,15,spearman,month_median,20,0,0,2000
full2020_month_median_spearman,Liaohe,潦河,Autumn,15,spearman,month_median,20,1,0,2000
full2020_month_median_spearman,Liaohe,潦河,Autumn,15,spearman,month_median,20,2,0.9835,2000
full2020_month_median_spearman,Liaohe,潦河,Autumn,15,spearman,month_median,20,3,0.0165,2000
full2020_month_median_spearman,Liaohe,潦河,Autumn,15,spearman,month_median,20,4,0,2000
full2020_month_median_spearman,Liaohe,潦河,Autumn,15,spearman,month_median,20,5,0,2000
full2020_month_median_spearman,Liaohe,潦河,Autumn,15,spearman,month_median,20,6,0,2000
full2020_month_median_spearman,Liaohe,潦河,Autumn,15,spearman,month_median,20,7,0,2000
full2020_month_median_spearman,Liaohe,潦河,Autumn,15,spearman,month_median,20,8,0,2000
full2020_month_median_spearman,Liaohe,潦河,Autumn,15,spearman,month_median,20,9,0,2000
full2020_month_median_spearman,Liaohe,潦河,Autumn,15,spearman,month_median,20,10,0,2000
full2020_month_median_spearman,Liaohe,潦河,Autumn,15,spearman,month_median,20,11,0,2000
full2020_month_median_spearman,Liaohe,潦河,Autumn,15,spearman,month_median,20,12,0,2000
full2020_month_median_spearman,Liaohe,潦河,Autumn,15,spearman,month_median,20,13,0,2000
full2020_month_median_spearman,Liaohe,潦河,Autumn,15,spearman,month_median,20,14,0,2000
full2020_month_median_spearman,Liaohe,潦河,Autumn,15,spearman,month_median,20,15,0,2000
full2020_month_median_spearman,Liaohe,潦河,Autumn,15,spearman,month_median,20,16,0,2000
full2020_month_median_spearman,Liaohe,潦河,Autumn,15,spearman,month_median,20,17,0,2000
full2020_month_median_spearman,Liaohe,潦河,Autumn,15,spearman,month_median,20,18,0,2000
full2020_month_median_spearman,Liaohe,潦河,Autumn,15,spearman,month_median,20,19,0,2000
full2020_month_median_spearman,Liaohe,潦河,Autumn,15,spearman,month_median,20,20,0,2000
full2020_month_median_spearman,Liaohe,潦河,Spring,15,spearman,month_median,10,0,0,2000
full2020_month_median_spearman,Liaohe,潦河,Spring,15,spearman,month_median,10,1,0.9985,2000
full2020_month_median_spearman,Liaohe,潦河,Spring,15,spearman,month_median,10,2,0.0015,2000
full2020_month_median_spearman,Liaohe,潦河,Spring,15,spearman,month_median,10,3,0,2000
full2020_month_median_spearman,Liaohe,潦河,Spring,15,spearman,month_median,10,4,0,2000
full2020_month_median_spearman,Liaohe,潦河,Spring,15,spearman,month_median,10,5,0,2000
full2020_month_median_spearman,Liaohe,潦河,Spring,15,spearman,month_median,10,6,0,2000
full2020_month_median_spearman,Liaohe,潦河,Spring,15,spearman,month_median,10,7,0,2000
full2020_month_median_spearman,Liaohe,潦河,Spring,15,spearman,month_median,10,8,0,2000
full2020_month_median_spearman,Liaohe,潦河,Spring,15,spearman,month_median,10,9,0,2000
full2020_month_median_spearman,Liaohe,潦河,Spring,15,spearman,month_median,10,10,0,2000
full2020_month_median_spearman,Liaohe,潦河,Spring,15,spearman,month_median,15,0,0,2000
full2020_month_median_spearman,Liaohe,潦河,Spring,15,spearman,month_median,15,1,0.9985,2000
full2020_month_median_spearman,Liaohe,潦河,Spring,15,spearman,month_median,15,2,0.0015,2000
full2020_month_median_spearman,Liaohe,潦河,Spring,15,spearman,month_median,15,3,0,2000
full2020_month_median_spearman,Liaohe,潦河,Spring,15,spearman,month_median,15,4,0,2000
full2020_month_median_spearman,Liaohe,潦河,Spring,15,spearman,month_median,15,5,0,2000
full2020_month_median_spearman,Liaohe,潦河,Spring,15,spearman,month_median,15,6,0,2000
full2020_month_median_spearman,Liaohe,潦河,Spring,15,spearman,month_median,15,7,0,2000
full2020_month_median_spearman,Liaohe,潦河,Spring,15,spearman,month_median,15,8,0,2000
full2020_month_median_spearman,Liaohe,潦河,Spring,15,spearman,month_median,15,9,0,2000
full2020_month_median_spearman,Liaohe,潦河,Spring,15,spearman,month_median,15,10,0,2000
full2020_month_median_spearman,Liaohe,潦河,Spring,15,spearman,month_median,15,11,0,2000
full2020_month_median_spearman,Liaohe,潦河,Spring,15,spearman,month_median,15,12,0,2000
full2020_month_median_spearman,Liaohe,潦河,Spring,15,spearman,month_median,15,13,0,2000
full2020_month_median_spearman,Liaohe,潦河,Spring,15,spearman,month_median,15,14,0,2000
full2020_month_median_spearman,Liaohe,潦河,Spring,15,spearman,month_median,15,15,0,2000
full2020_month_median_spearman,Liaohe,潦河,Spring,15,spearman,month_median,20,0,0,2000
full2020_month_median_spearman,Liaohe,潦河,Spring,15,spearman,month_median,20,1,0.9985,2000
full2020_month_median_spearman,Liaohe,潦河,Spring,15,spearman,month_median,20,2,0.0015,2000
full2020_month_median_spearman,Liaohe,潦河,Spring,15,spearman,month_median,20,3,0,2000
full2020_month_median_spearman,Liaohe,潦河,Spring,15,spearman,month_median,20,4,0,2000
full2020_month_median_spearman,Liaohe,潦河,Spring,15,spearman,month_median,20,5,0,2000
full2020_month_median_spearman,Liaohe,潦河,Spring,15,spearman,month_median,20,6,0,2000
full2020_month_median_spearman,Liaohe,潦河,Spring,15,spearman,month_median,20,7,0,2000
full2020_month_median_spearman,Liaohe,潦河,Spring,15,spearman,month_median,20,8,0,2000
full2020_month_median_spearman,Liaohe,潦河,Spring,15,spearman,month_median,20,9,0,2000
full2020_month_median_spearman,Liaohe,潦河,Spring,15,spearman,month_median,20,10,0,2000
full2020_month_median_spearman,Liaohe,潦河,Spring,15,spearman,month_median,20,11,0,2000
full2020_month_median_spearman,Liaohe,潦河,Spring,15,spearman,month_median,20,12,0,2000
full2020_month_median_spearman,Liaohe,潦河,Spring,15,spearman,month_median,20,13,0,2000
full2020_month_median_spearman,Liaohe,潦河,Spring,15,spearman,month_median,20,14,0,2000
full2020_month_median_spearman,Liaohe,潦河,Spring,15,spearman,month_median,20,15,0,2000
full2020_month_median_spearman,Liaohe,潦河,Spring,15,spearman,month_median,20,16,0,2000
full2020_month_median_spearman,Liaohe,潦河,Spring,15,spearman,month_median,20,17,0,2000
full2020_month_median_spearman,Liaohe,潦河,Spring,15,spearman,month_median,20,18,0,2000
full2020_month_median_spearman,Liaohe,潦河,Spring,15,spearman,month_median,20,19,0,2000
full2020_month_median_spearman,Liaohe,潦河,Spring,15,spearman,month_median,20,20,0,2000
full2020_month_median_spearman,Liaohe,潦河,Summer,15,spearman,month_median,10,0,0,2000
full2020_month_median_spearman,Liaohe,潦河,Summer,15,spearman,month_median,10,1,1,2000
full2020_month_median_spearman,Liaohe,潦河,Summer,15,spearman,month_median,10,2,0,2000
full2020_month_median_spearman,Liaohe,潦河,Summer,15,spearman,month_median,10,3,0,2000
full2020_month_median_spearman,Liaohe,潦河,Summer,15,spearman,month_median,10,4,0,2000
full2020_month_median_spearman,Liaohe,潦河,Summer,15,spearman,month_median,10,5,0,2000
full2020_month_median_spearman,Liaohe,潦河,Summer,15,spearman,month_median,10,6,0,2000
full2020_month_median_spearman,Liaohe,潦河,Summer,15,spearman,month_median,10,7,0,2000
full2020_month_median_spearman,Liaohe,潦河,Summer,15,spearman,month_median,10,8,0,2000
full2020_month_median_spearman,Liaohe,潦河,Summer,15,spearman,month_median,10,9,0,2000
full2020_month_median_spearman,Liaohe,潦河,Summer,15,spearman,month_median,10,10,0,2000
full2020_month_median_spearman,Liaohe,潦河,Summer,15,spearman,month_median,15,0,0,2000
full2020_month_median_spearman,Liaohe,潦河,Summer,15,spearman,month_median,15,1,1,2000
full2020_month_median_spearman,Liaohe,潦河,Summer,15,spearman,month_median,15,2,0,2000
full2020_month_median_spearman,Liaohe,潦河,Summer,15,spearman,month_median,15,3,0,2000
full2020_month_median_spearman,Liaohe,潦河,Summer,15,spearman,month_median,15,4,0,2000
full2020_month_median_spearman,Liaohe,潦河,Summer,15,spearman,month_median,15,5,0,2000
full2020_month_median_spearman,Liaohe,潦河,Summer,15,spearman,month_median,15,6,0,2000
full2020_month_median_spearman,Liaohe,潦河,Summer,15,spearman,month_median,15,7,0,2000
full2020_month_median_spearman,Liaohe,潦河,Summer,15,spearman,month_median,15,8,0,2000
full2020_month_median_spearman,Liaohe,潦河,Summer,15,spearman,month_median,15,9,0,2000
full2020_month_median_spearman,Liaohe,潦河,Summer,15,spearman,month_median,15,10,0,2000
full2020_month_median_spearman,Liaohe,潦河,Summer,15,spearman,month_median,15,11,0,2000
full2020_month_median_spearman,Liaohe,潦河,Summer,15,spearman,month_median,15,12,0,2000
full2020_month_median_spearman,Liaohe,潦河,Summer,15,spearman,month_median,15,13,0,2000
full2020_month_median_spearman,Liaohe,潦河,Summer,15,spearman,month_median,15,14,0,2000
full2020_month_median_spearman,Liaohe,潦河,Summer,15,spearman,month_median,15,15,0,2000
full2020_month_median_spearman,Liaohe,潦河,Summer,15,spearman,month_median,20,0,0,2000
full2020_month_median_spearman,Liaohe,潦河,Summer,15,spearman,month_median,20,1,1,2000
full2020_month_median_spearman,Liaohe,潦河,Summer,15,spearman,month_median,20,2,0,2000
full2020_month_median_spearman,Liaohe,潦河,Summer,15,spearman,month_median,20,3,0,2000
full2020_month_median_spearman,Liaohe,潦河,Summer,15,spearman,month_median,20,4,0,2000
full2020_month_median_spearman,Liaohe,潦河,Summer,15,spearman,month_median,20,5,0,2000
full2020_month_median_spearman,Liaohe,潦河,Summer,15,spearman,month_median,20,6,0,2000
full2020_month_median_spearman,Liaohe,潦河,Summer,15,spearman,month_median,20,7,0,2000
full2020_month_median_spearman,Liaohe,潦河,Summer,15,spearman,month_median,20,8,0,2000
full2020_month_median_spearman,Liaohe,潦河,Summer,15,spearman,month_median,20,9,0,2000
full2020_month_median_spearman,Liaohe,潦河,Summer,15,spearman,month_median,20,10,0,2000
full2020_month_median_spearman,Liaohe,潦河,Summer,15,spearman,month_median,20,11,0,2000
full2020_month_median_spearman,Liaohe,潦河,Summer,15,spearman,month_median,20,12,0,2000
full2020_month_median_spearman,Liaohe,潦河,Summer,15,spearman,month_median,20,13,0,2000
full2020_month_median_spearman,Liaohe,潦河,Summer,15,spearman,month_median,20,14,0,2000
full2020_month_median_spearman,Liaohe,潦河,Summer,15,spearman,month_median,20,15,0,2000
full2020_month_median_spearman,Liaohe,潦河,Summer,15,spearman,month_median,20,16,0,2000
full2020_month_median_spearman,Liaohe,潦河,Summer,15,spearman,month_median,20,17,0,2000
full2020_month_median_spearman,Liaohe,潦河,Summer,15,spearman,month_median,20,18,0,2000
full2020_month_median_spearman,Liaohe,潦河,Summer,15,spearman,month_median,20,19,0,2000
full2020_month_median_spearman,Liaohe,潦河,Summer,15,spearman,month_median,20,20,0,2000
full2020_month_median_spearman,Liaohe,潦河,Winter,14,spearman,month_median,10,0,0,2000
full2020_month_median_spearman,Liaohe,潦河,Winter,14,spearman,month_median,10,1,0,2000
full2020_month_median_spearman,Liaohe,潦河,Winter,14,spearman,month_median,10,2,0.754,2000
full2020_month_median_spearman,Liaohe,潦河,Winter,14,spearman,month_median,10,3,0.2325,2000
full2020_month_median_spearman,Liaohe,潦河,Winter,14,spearman,month_median,10,4,0.0005,2000
full2020_month_median_spearman,Liaohe,潦河,Winter,14,spearman,month_median,10,5,0,2000
full2020_month_median_spearman,Liaohe,潦河,Winter,14,spearman,month_median,10,6,0,2000
full2020_month_median_spearman,Liaohe,潦河,Winter,14,spearman,month_median,10,7,0.0025,2000
full2020_month_median_spearman,Liaohe,潦河,Winter,14,spearman,month_median,10,8,0.007,2000
full2020_month_median_spearman,Liaohe,潦河,Winter,14,spearman,month_median,10,9,0.0035,2000
full2020_month_median_spearman,Liaohe,潦河,Winter,14,spearman,month_median,10,10,0,2000
full2020_month_median_spearman,Liaohe,潦河,Winter,14,spearman,month_median,15,0,0,2000
full2020_month_median_spearman,Liaohe,潦河,Winter,14,spearman,month_median,15,1,0,2000
full2020_month_median_spearman,Liaohe,潦河,Winter,14,spearman,month_median,15,2,0.754,2000
full2020_month_median_spearman,Liaohe,潦河,Winter,14,spearman,month_median,15,3,0.2325,2000
full2020_month_median_spearman,Liaohe,潦河,Winter,14,spearman,month_median,15,4,0.0005,2000
full2020_month_median_spearman,Liaohe,潦河,Winter,14,spearman,month_median,15,5,0,2000
full2020_month_median_spearman,Liaohe,潦河,Winter,14,spearman,month_median,15,6,0,2000
full2020_month_median_spearman,Liaohe,潦河,Winter,14,spearman,month_median,15,7,0.0025,2000
full2020_month_median_spearman,Liaohe,潦河,Winter,14,spearman,month_median,15,8,0.007,2000
full2020_month_median_spearman,Liaohe,潦河,Winter,14,spearman,month_median,15,9,0.0035,2000
full2020_month_median_spearman,Liaohe,潦河,Winter,14,spearman,month_median,15,10,0,2000
full2020_month_median_spearman,Liaohe,潦河,Winter,14,spearman,month_median,15,11,0,2000
full2020_month_median_spearman,Liaohe,潦河,Winter,14,spearman,month_median,15,12,0,2000
full2020_month_median_spearman,Liaohe,潦河,Winter,14,spearman,month_median,15,13,0,2000
full2020_month_median_spearman,Liaohe,潦河,Winter,14,spearman,month_median,15,14,0,2000
full2020_month_median_spearman,Liaohe,潦河,Winter,14,spearman,month_median,15,15,0,2000
full2020_month_median_spearman,Liaohe,潦河,Winter,14,spearman,month_median,20,0,0,2000
full2020_month_median_spearman,Liaohe,潦河,Winter,14,spearman,month_median,20,1,0,2000
full2020_month_median_spearman,Liaohe,潦河,Winter,14,spearman,month_median,20,2,0.754,2000
full2020_month_median_spearman,Liaohe,潦河,Winter,14,spearman,month_median,20,3,0.2325,2000
full2020_month_median_spearman,Liaohe,潦河,Winter,14,spearman,month_median,20,4,0.0005,2000
full2020_month_median_spearman,Liaohe,潦河,Winter,14,spearman,month_median,20,5,0,2000
full2020_month_median_spearman,Liaohe,潦河,Winter,14,spearman,month_median,20,6,0,2000
full2020_month_median_spearman,Liaohe,潦河,Winter,14,spearman,month_median,20,7,0.0025,2000
full2020_month_median_spearman,Liaohe,潦河,Winter,14,spearman,month_median,20,8,0.007,2000
full2020_month_median_spearman,Liaohe,潦河,Winter,14,spearman,month_median,20,9,0.0035,2000
full2020_month_median_spearman,Liaohe,潦河,Winter,14,spearman,month_median,20,10,0,2000
full2020_month_median_spearman,Liaohe,潦河,Winter,14,spearman,month_median,20,11,0,2000
full2020_month_median_spearman,Liaohe,潦河,Winter,14,spearman,month_median,20,12,0,2000
full2020_month_median_spearman,Liaohe,潦河,Winter,14,spearman,month_median,20,13,0,2000
full2020_month_median_spearman,Liaohe,潦河,Winter,14,spearman,month_median,20,14,0,2000
full2020_month_median_spearman,Liaohe,潦河,Winter,14,spearman,month_median,20,15,0,2000
full2020_month_median_spearman,Liaohe,潦河,Winter,14,spearman,month_median,20,16,0,2000
full2020_month_median_spearman,Liaohe,潦河,Winter,14,spearman,month_median,20,17,0,2000
full2020_month_median_spearman,Liaohe,潦河,Winter,14,spearman,month_median,20,18,0,2000
full2020_month_median_spearman,Liaohe,潦河,Winter,14,spearman,month_median,20,19,0,2000
full2020_month_median_spearman,Liaohe,潦河,Winter,14,spearman,month_median,20,20,0,2000
full2020_month_median_spearman,Xinjiang,信江,All,15,spearman,month_median,10,0,0,2000
full2020_month_median_spearman,Xinjiang,信江,All,15,spearman,month_median,10,1,0,2000
full2020_month_median_spearman,Xinjiang,信江,All,15,spearman,month_median,10,2,1,2000
full2020_month_median_spearman,Xinjiang,信江,All,15,spearman,month_median,10,3,0,2000
full2020_month_median_spearman,Xinjiang,信江,All,15,spearman,month_median,10,4,0,2000
full2020_month_median_spearman,Xinjiang,信江,All,15,spearman,month_median,10,5,0,2000
full2020_month_median_spearman,Xinjiang,信江,All,15,spearman,month_median,10,6,0,2000
full2020_month_median_spearman,Xinjiang,信江,All,15,spearman,month_median,10,7,0,2000
full2020_month_median_spearman,Xinjiang,信江,All,15,spearman,month_median,10,8,0,2000
full2020_month_median_spearman,Xinjiang,信江,All,15,spearman,month_median,10,9,0,2000
full2020_month_median_spearman,Xinjiang,信江,All,15,spearman,month_median,10,10,0,2000
full2020_month_median_spearman,Xinjiang,信江,All,15,spearman,month_median,15,0,0,2000
full2020_month_median_spearman,Xinjiang,信江,All,15,spearman,month_median,15,1,0,2000
full2020_month_median_spearman,Xinjiang,信江,All,15,spearman,month_median,15,2,1,2000
full2020_month_median_spearman,Xinjiang,信江,All,15,spearman,month_median,15,3,0,2000
full2020_month_median_spearman,Xinjiang,信江,All,15,spearman,month_median,15,4,0,2000
full2020_month_median_spearman,Xinjiang,信江,All,15,spearman,month_median,15,5,0,2000
full2020_month_median_spearman,Xinjiang,信江,All,15,spearman,month_median,15,6,0,2000
full2020_month_median_spearman,Xinjiang,信江,All,15,spearman,month_median,15,7,0,2000
full2020_month_median_spearman,Xinjiang,信江,All,15,spearman,month_median,15,8,0,2000
full2020_month_median_spearman,Xinjiang,信江,All,15,spearman,month_median,15,9,0,2000
full2020_month_median_spearman,Xinjiang,信江,All,15,spearman,month_median,15,10,0,2000
full2020_month_median_spearman,Xinjiang,信江,All,15,spearman,month_median,15,11,0,2000
full2020_month_median_spearman,Xinjiang,信江,All,15,spearman,month_median,15,12,0,2000
full2020_month_median_spearman,Xinjiang,信江,All,15,spearman,month_median,15,13,0,2000
full2020_month_median_spearman,Xinjiang,信江,All,15,spearman,month_median,15,14,0,2000
full2020_month_median_spearman,Xinjiang,信江,All,15,spearman,month_median,15,15,0,2000
full2020_month_median_spearman,Xinjiang,信江,All,15,spearman,month_median,20,0,0,2000
full2020_month_median_spearman,Xinjiang,信江,All,15,spearman,month_median,20,1,0,2000
full2020_month_median_spearman,Xinjiang,信江,All,15,spearman,month_median,20,2,1,2000
full2020_month_median_spearman,Xinjiang,信江,All,15,spearman,month_median,20,3,0,2000
full2020_month_median_spearman,Xinjiang,信江,All,15,spearman,month_median,20,4,0,2000
full2020_month_median_spearman,Xinjiang,信江,All,15,spearman,month_median,20,5,0,2000
full2020_month_median_spearman,Xinjiang,信江,All,15,spearman,month_median,20,6,0,2000
full2020_month_median_spearman,Xinjiang,信江,All,15,spearman,month_median,20,7,0,2000
full2020_month_median_spearman,Xinjiang,信江,All,15,spearman,month_median,20,8,0,2000
full2020_month_median_spearman,Xinjiang,信江,All,15,spearman,month_median,20,9,0,2000
full2020_month_median_spearman,Xinjiang,信江,All,15,spearman,month_median,20,10,0,2000
full2020_month_median_spearman,Xinjiang,信江,All,15,spearman,month_median,20,11,0,2000
full2020_month_median_spearman,Xinjiang,信江,All,15,spearman,month_median,20,12,0,2000
full2020_month_median_spearman,Xinjiang,信江,All,15,spearman,month_median,20,13,0,2000
full2020_month_median_spearman,Xinjiang,信江,All,15,spearman,month_median,20,14,0,2000
full2020_month_median_spearman,Xinjiang,信江,All,15,spearman,month_median,20,15,0,2000
full2020_month_median_spearman,Xinjiang,信江,All,15,spearman,month_median,20,16,0,2000
full2020_month_median_spearman,Xinjiang,信江,All,15,spearman,month_median,20,17,0,2000
full2020_month_median_spearman,Xinjiang,信江,All,15,spearman,month_median,20,18,0,2000
full2020_month_median_spearman,Xinjiang,信江,All,15,spearman,month_median,20,19,0,2000
full2020_month_median_spearman,Xinjiang,信江,All,15,spearman,month_median,20,20,0,2000
full2020_month_median_spearman,Xinjiang,信江,Autumn,15,spearman,month_median,10,0,0,2000
full2020_month_median_spearman,Xinjiang,信江,Autumn,15,spearman,month_median,10,1,0,2000
full2020_month_median_spearman,Xinjiang,信江,Autumn,15,spearman,month_median,10,2,0.034,2000
full2020_month_median_spearman,Xinjiang,信江,Autumn,15,spearman,month_median,10,3,0.8395,2000
full2020_month_median_spearman,Xinjiang,信江,Autumn,15,spearman,month_median,10,4,0.1195,2000
full2020_month_median_spearman,Xinjiang,信江,Autumn,15,spearman,month_median,10,5,0.007,2000
full2020_month_median_spearman,Xinjiang,信江,Autumn,15,spearman,month_median,10,6,0,2000
full2020_month_median_spearman,Xinjiang,信江,Autumn,15,spearman,month_median,10,7,0,2000
full2020_month_median_spearman,Xinjiang,信江,Autumn,15,spearman,month_median,10,8,0,2000
full2020_month_median_spearman,Xinjiang,信江,Autumn,15,spearman,month_median,10,9,0,2000
full2020_month_median_spearman,Xinjiang,信江,Autumn,15,spearman,month_median,10,10,0,2000
full2020_month_median_spearman,Xinjiang,信江,Autumn,15,spearman,month_median,15,0,0,2000
full2020_month_median_spearman,Xinjiang,信江,Autumn,15,spearman,month_median,15,1,0,2000
full2020_month_median_spearman,Xinjiang,信江,Autumn,15,spearman,month_median,15,2,0.034,2000
full2020_month_median_spearman,Xinjiang,信江,Autumn,15,spearman,month_median,15,3,0.8395,2000
full2020_month_median_spearman,Xinjiang,信江,Autumn,15,spearman,month_median,15,4,0.1195,2000
full2020_month_median_spearman,Xinjiang,信江,Autumn,15,spearman,month_median,15,5,0.007,2000
full2020_month_median_spearman,Xinjiang,信江,Autumn,15,spearman,month_median,15,6,0,2000
full2020_month_median_spearman,Xinjiang,信江,Autumn,15,spearman,month_median,15,7,0,2000
full2020_month_median_spearman,Xinjiang,信江,Autumn,15,spearman,month_median,15,8,0,2000
full2020_month_median_spearman,Xinjiang,信江,Autumn,15,spearman,month_median,15,9,0,2000
full2020_month_median_spearman,Xinjiang,信江,Autumn,15,spearman,month_median,15,10,0,2000
full2020_month_median_spearman,Xinjiang,信江,Autumn,15,spearman,month_median,15,11,0,2000
full2020_month_median_spearman,Xinjiang,信江,Autumn,15,spearman,month_median,15,12,0,2000
full2020_month_median_spearman,Xinjiang,信江,Autumn,15,spearman,month_median,15,13,0,2000
full2020_month_median_spearman,Xinjiang,信江,Autumn,15,spearman,month_median,15,14,0,2000
full2020_month_median_spearman,Xinjiang,信江,Autumn,15,spearman,month_median,15,15,0,2000
full2020_month_median_spearman,Xinjiang,信江,Autumn,15,spearman,month_median,20,0,0,2000
full2020_month_median_spearman,Xinjiang,信江,Autumn,15,spearman,month_median,20,1,0,2000
full2020_month_median_spearman,Xinjiang,信江,Autumn,15,spearman,month_median,20,2,0.034,2000
full2020_month_median_spearman,Xinjiang,信江,Autumn,15,spearman,month_median,20,3,0.8395,2000
full2020_month_median_spearman,Xinjiang,信江,Autumn,15,spearman,month_median,20,4,0.1195,2000
full2020_month_median_spearman,Xinjiang,信江,Autumn,15,spearman,month_median,20,5,0.007,2000
full2020_month_median_spearman,Xinjiang,信江,Autumn,15,spearman,month_median,20,6,0,2000
full2020_month_median_spearman,Xinjiang,信江,Autumn,15,spearman,month_median,20,7,0,2000
full2020_month_median_spearman,Xinjiang,信江,Autumn,15,spearman,month_median,20,8,0,2000
full2020_month_median_spearman,Xinjiang,信江,Autumn,15,spearman,month_median,20,9,0,2000
full2020_month_median_spearman,Xinjiang,信江,Autumn,15,spearman,month_median,20,10,0,2000
full2020_month_median_spearman,Xinjiang,信江,Autumn,15,spearman,month_median,20,11,0,2000
full2020_month_median_spearman,Xinjiang,信江,Autumn,15,spearman,month_median,20,12,0,2000
full2020_month_median_spearman,Xinjiang,信江,Autumn,15,spearman,month_median,20,13,0,2000
full2020_month_median_spearman,Xinjiang,信江,Autumn,15,spearman,month_median,20,14,0,2000
full2020_month_median_spearman,Xinjiang,信江,Autumn,15,spearman,month_median,20,15,0,2000
full2020_month_median_spearman,Xinjiang,信江,Autumn,15,spearman,month_median,20,16,0,2000
full2020_month_median_spearman,Xinjiang,信江,Autumn,15,spearman,month_median,20,17,0,2000
full2020_month_median_spearman,Xinjiang,信江,Autumn,15,spearman,month_median,20,18,0,2000
full2020_month_median_spearman,Xinjiang,信江,Autumn,15,spearman,month_median,20,19,0,2000
full2020_month_median_spearman,Xinjiang,信江,Autumn,15,spearman,month_median,20,20,0,2000
full2020_month_median_spearman,Xinjiang,信江,Spring,15,spearman,month_median,10,0,0,2000
full2020_month_median_spearman,Xinjiang,信江,Spring,15,spearman,month_median,10,1,0,2000
full2020_month_median_spearman,Xinjiang,信江,Spring,15,spearman,month_median,10,2,1,2000
full2020_month_median_spearman,Xinjiang,信江,Spring,15,spearman,month_median,10,3,0,2000
full2020_month_median_spearman,Xinjiang,信江,Spring,15,spearman,month_median,10,4,0,2000
full2020_month_median_spearman,Xinjiang,信江,Spring,15,spearman,month_median,10,5,0,2000
full2020_month_median_spearman,Xinjiang,信江,Spring,15,spearman,month_median,10,6,0,2000
full2020_month_median_spearman,Xinjiang,信江,Spring,15,spearman,month_median,10,7,0,2000
full2020_month_median_spearman,Xinjiang,信江,Spring,15,spearman,month_median,10,8,0,2000
full2020_month_median_spearman,Xinjiang,信江,Spring,15,spearman,month_median,10,9,0,2000
full2020_month_median_spearman,Xinjiang,信江,Spring,15,spearman,month_median,10,10,0,2000
full2020_month_median_spearman,Xinjiang,信江,Spring,15,spearman,month_median,15,0,0,2000
full2020_month_median_spearman,Xinjiang,信江,Spring,15,spearman,month_median,15,1,0,2000
full2020_month_median_spearman,Xinjiang,信江,Spring,15,spearman,month_median,15,2,1,2000
full2020_month_median_spearman,Xinjiang,信江,Spring,15,spearman,month_median,15,3,0,2000
full2020_month_median_spearman,Xinjiang,信江,Spring,15,spearman,month_median,15,4,0,2000
full2020_month_median_spearman,Xinjiang,信江,Spring,15,spearman,month_median,15,5,0,2000
full2020_month_median_spearman,Xinjiang,信江,Spring,15,spearman,month_median,15,6,0,2000
full2020_month_median_spearman,Xinjiang,信江,Spring,15,spearman,month_median,15,7,0,2000
full2020_month_median_spearman,Xinjiang,信江,Spring,15,spearman,month_median,15,8,0,2000
full2020_month_median_spearman,Xinjiang,信江,Spring,15,spearman,month_median,15,9,0,2000
full2020_month_median_spearman,Xinjiang,信江,Spring,15,spearman,month_median,15,10,0,2000
full2020_month_median_spearman,Xinjiang,信江,Spring,15,spearman,month_median,15,11,0,2000
full2020_month_median_spearman,Xinjiang,信江,Spring,15,spearman,month_median,15,12,0,2000
full2020_month_median_spearman,Xinjiang,信江,Spring,15,spearman,month_median,15,13,0,2000
full2020_month_median_spearman,Xinjiang,信江,Spring,15,spearman,month_median,15,14,0,2000
full2020_month_median_spearman,Xinjiang,信江,Spring,15,spearman,month_median,15,15,0,2000
full2020_month_median_spearman,Xinjiang,信江,Spring,15,spearman,month_median,20,0,0,2000
full2020_month_median_spearman,Xinjiang,信江,Spring,15,spearman,month_median,20,1,0,2000
full2020_month_median_spearman,Xinjiang,信江,Spring,15,spearman,month_median,20,2,1,2000
full2020_month_median_spearman,Xinjiang,信江,Spring,15,spearman,month_median,20,3,0,2000
full2020_month_median_spearman,Xinjiang,信江,Spring,15,spearman,month_median,20,4,0,2000
full2020_month_median_spearman,Xinjiang,信江,Spring,15,spearman,month_median,20,5,0,2000
full2020_month_median_spearman,Xinjiang,信江,Spring,15,spearman,month_median,20,6,0,2000
full2020_month_median_spearman,Xinjiang,信江,Spring,15,spearman,month_median,20,7,0,2000
full2020_month_median_spearman,Xinjiang,信江,Spring,15,spearman,month_median,20,8,0,2000
full2020_month_median_spearman,Xinjiang,信江,Spring,15,spearman,month_median,20,9,0,2000
full2020_month_median_spearman,Xinjiang,信江,Spring,15,spearman,month_median,20,10,0,2000
full2020_month_median_spearman,Xinjiang,信江,Spring,15,spearman,month_median,20,11,0,2000
full2020_month_median_spearman,Xinjiang,信江,Spring,15,spearman,month_median,20,12,0,2000
full2020_month_median_spearman,Xinjiang,信江,Spring,15,spearman,month_median,20,13,0,2000
full2020_month_median_spearman,Xinjiang,信江,Spring,15,spearman,month_median,20,14,0,2000
full2020_month_median_spearman,Xinjiang,信江,Spring,15,spearman,month_median,20,15,0,2000
full2020_month_median_spearman,Xinjiang,信江,Spring,15,spearman,month_median,20,16,0,2000
full2020_month_median_spearman,Xinjiang,信江,Spring,15,spearman,month_median,20,17,0,2000
full2020_month_median_spearman,Xinjiang,信江,Spring,15,spearman,month_median,20,18,0,2000
full2020_month_median_spearman,Xinjiang,信江,Spring,15,spearman,month_median,20,19,0,2000
full2020_month_median_spearman,Xinjiang,信江,Spring,15,spearman,month_median,20,20,0,2000
full2020_month_median_spearman,Xinjiang,信江,Summer,15,spearman,month_median,10,0,0,2000
full2020_month_median_spearman,Xinjiang,信江,Summer,15,spearman,month_median,10,1,0,2000
full2020_month_median_spearman,Xinjiang,信江,Summer,15,spearman,month_median,10,2,1,2000
full2020_month_median_spearman,Xinjiang,信江,Summer,15,spearman,month_median,10,3,0,2000
full2020_month_median_spearman,Xinjiang,信江,Summer,15,spearman,month_median,10,4,0,2000
full2020_month_median_spearman,Xinjiang,信江,Summer,15,spearman,month_median,10,5,0,2000
full2020_month_median_spearman,Xinjiang,信江,Summer,15,spearman,month_median,10,6,0,2000
full2020_month_median_spearman,Xinjiang,信江,Summer,15,spearman,month_median,10,7,0,2000
full2020_month_median_spearman,Xinjiang,信江,Summer,15,spearman,month_median,10,8,0,2000
full2020_month_median_spearman,Xinjiang,信江,Summer,15,spearman,month_median,10,9,0,2000
full2020_month_median_spearman,Xinjiang,信江,Summer,15,spearman,month_median,10,10,0,2000
full2020_month_median_spearman,Xinjiang,信江,Summer,15,spearman,month_median,15,0,0,2000
full2020_month_median_spearman,Xinjiang,信江,Summer,15,spearman,month_median,15,1,0,2000
full2020_month_median_spearman,Xinjiang,信江,Summer,15,spearman,month_median,15,2,1,2000
full2020_month_median_spearman,Xinjiang,信江,Summer,15,spearman,month_median,15,3,0,2000
full2020_month_median_spearman,Xinjiang,信江,Summer,15,spearman,month_median,15,4,0,2000
full2020_month_median_spearman,Xinjiang,信江,Summer,15,spearman,month_median,15,5,0,2000
full2020_month_median_spearman,Xinjiang,信江,Summer,15,spearman,month_median,15,6,0,2000
full2020_month_median_spearman,Xinjiang,信江,Summer,15,spearman,month_median,15,7,0,2000
full2020_month_median_spearman,Xinjiang,信江,Summer,15,spearman,month_median,15,8,0,2000
full2020_month_median_spearman,Xinjiang,信江,Summer,15,spearman,month_median,15,9,0,2000
full2020_month_median_spearman,Xinjiang,信江,Summer,15,spearman,month_median,15,10,0,2000
full2020_month_median_spearman,Xinjiang,信江,Summer,15,spearman,month_median,15,11,0,2000
full2020_month_median_spearman,Xinjiang,信江,Summer,15,spearman,month_median,15,12,0,2000
full2020_month_median_spearman,Xinjiang,信江,Summer,15,spearman,month_median,15,13,0,2000
full2020_month_median_spearman,Xinjiang,信江,Summer,15,spearman,month_median,15,14,0,2000
full2020_month_median_spearman,Xinjiang,信江,Summer,15,spearman,month_median,15,15,0,2000
full2020_month_median_spearman,Xinjiang,信江,Summer,15,spearman,month_median,20,0,0,2000
full2020_month_median_spearman,Xinjiang,信江,Summer,15,spearman,month_median,20,1,0,2000
full2020_month_median_spearman,Xinjiang,信江,Summer,15,spearman,month_median,20,2,1,2000
full2020_month_median_spearman,Xinjiang,信江,Summer,15,spearman,month_median,20,3,0,2000
full2020_month_median_spearman,Xinjiang,信江,Summer,15,spearman,month_median,20,4,0,2000
full2020_month_median_spearman,Xinjiang,信江,Summer,15,spearman,month_median,20,5,0,2000
full2020_month_median_spearman,Xinjiang,信江,Summer,15,spearman,month_median,20,6,0,2000
full2020_month_median_spearman,Xinjiang,信江,Summer,15,spearman,month_median,20,7,0,2000
full2020_month_median_spearman,Xinjiang,信江,Summer,15,spearman,month_median,20,8,0,2000
full2020_month_median_spearman,Xinjiang,信江,Summer,15,spearman,month_median,20,9,0,2000
full2020_month_median_spearman,Xinjiang,信江,Summer,15,spearman,month_median,20,10,0,2000
full2020_month_median_spearman,Xinjiang,信江,Summer,15,spearman,month_median,20,11,0,2000
full2020_month_median_spearman,Xinjiang,信江,Summer,15,spearman,month_median,20,12,0,2000
full2020_month_median_spearman,Xinjiang,信江,Summer,15,spearman,month_median,20,13,0,2000
full2020_month_median_spearman,Xinjiang,信江,Summer,15,spearman,month_median,20,14,0,2000
full2020_month_median_spearman,Xinjiang,信江,Summer,15,spearman,month_median,20,15,0,2000
full2020_month_median_spearman,Xinjiang,信江,Summer,15,spearman,month_median,20,16,0,2000
full2020_month_median_spearman,Xinjiang,信江,Summer,15,spearman,month_median,20,17,0,2000
full2020_month_median_spearman,Xinjiang,信江,Summer,15,spearman,month_median,20,18,0,2000
full2020_month_median_spearman,Xinjiang,信江,Summer,15,spearman,month_median,20,19,0,2000
full2020_month_median_spearman,Xinjiang,信江,Summer,15,spearman,month_median,20,20,0,2000
full2020_month_median_spearman,Xinjiang,信江,Winter,14,spearman,month_median,10,0,0,2000
full2020_month_median_spearman,Xinjiang,信江,Winter,14,spearman,month_median,10,1,0,2000
full2020_month_median_spearman,Xinjiang,信江,Winter,14,spearman,month_median,10,2,0.066,2000
full2020_month_median_spearman,Xinjiang,信江,Winter,14,spearman,month_median,10,3,0.5265,2000
full2020_month_median_spearman,Xinjiang,信江,Winter,14,spearman,month_median,10,4,0.233,2000
full2020_month_median_spearman,Xinjiang,信江,Winter,14,spearman,month_median,10,5,0.0805,2000
full2020_month_median_spearman,Xinjiang,信江,Winter,14,spearman,month_median,10,6,0.0325,2000
full2020_month_median_spearman,Xinjiang,信江,Winter,14,spearman,month_median,10,7,0.0225,2000
full2020_month_median_spearman,Xinjiang,信江,Winter,14,spearman,month_median,10,8,0.0265,2000
full2020_month_median_spearman,Xinjiang,信江,Winter,14,spearman,month_median,10,9,0.0015,2000
full2020_month_median_spearman,Xinjiang,信江,Winter,14,spearman,month_median,10,10,0.011,2000
full2020_month_median_spearman,Xinjiang,信江,Winter,14,spearman,month_median,15,0,0,2000
full2020_month_median_spearman,Xinjiang,信江,Winter,14,spearman,month_median,15,1,0,2000
full2020_month_median_spearman,Xinjiang,信江,Winter,14,spearman,month_median,15,2,0.066,2000
full2020_month_median_spearman,Xinjiang,信江,Winter,14,spearman,month_median,15,3,0.526,2000
full2020_month_median_spearman,Xinjiang,信江,Winter,14,spearman,month_median,15,4,0.233,2000
full2020_month_median_spearman,Xinjiang,信江,Winter,14,spearman,month_median,15,5,0.0805,2000
full2020_month_median_spearman,Xinjiang,信江,Winter,14,spearman,month_median,15,6,0.0325,2000
full2020_month_median_spearman,Xinjiang,信江,Winter,14,spearman,month_median,15,7,0.0225,2000
full2020_month_median_spearman,Xinjiang,信江,Winter,14,spearman,month_median,15,8,0.0265,2000
full2020_month_median_spearman,Xinjiang,信江,Winter,14,spearman,month_median,15,9,0.0015,2000
full2020_month_median_spearman,Xinjiang,信江,Winter,14,spearman,month_median,15,10,0.0105,2000
full2020_month_median_spearman,Xinjiang,信江,Winter,14,spearman,month_median,15,11,0.001,2000
full2020_month_median_spearman,Xinjiang,信江,Winter,14,spearman,month_median,15,12,0,2000
full2020_month_median_spearman,Xinjiang,信江,Winter,14,spearman,month_median,15,13,0,2000
full2020_month_median_spearman,Xinjiang,信江,Winter,14,spearman,month_median,15,14,0,2000
full2020_month_median_spearman,Xinjiang,信江,Winter,14,spearman,month_median,15,15,0,2000
full2020_month_median_spearman,Xinjiang,信江,Winter,14,spearman,month_median,20,0,0,2000
full2020_month_median_spearman,Xinjiang,信江,Winter,14,spearman,month_median,20,1,0,2000
full2020_month_median_spearman,Xinjiang,信江,Winter,14,spearman,month_median,20,2,0.066,2000
full2020_month_median_spearman,Xinjiang,信江,Winter,14,spearman,month_median,20,3,0.526,2000
full2020_month_median_spearman,Xinjiang,信江,Winter,14,spearman,month_median,20,4,0.233,2000
full2020_month_median_spearman,Xinjiang,信江,Winter,14,spearman,month_median,20,5,0.0805,2000
full2020_month_median_spearman,Xinjiang,信江,Winter,14,spearman,month_median,20,6,0.0325,2000
full2020_month_median_spearman,Xinjiang,信江,Winter,14,spearman,month_median,20,7,0.0225,2000
full2020_month_median_spearman,Xinjiang,信江,Winter,14,spearman,month_median,20,8,0.0265,2000
full2020_month_median_spearman,Xinjiang,信江,Winter,14,spearman,month_median,20,9,0.0015,2000
full2020_month_median_spearman,Xinjiang,信江,Winter,14,spearman,month_median,20,10,0.0105,2000
full2020_month_median_spearman,Xinjiang,信江,Winter,14,spearman,month_median,20,11,0.001,2000
full2020_month_median_spearman,Xinjiang,信江,Winter,14,spearman,month_median,20,12,0,2000
full2020_month_median_spearman,Xinjiang,信江,Winter,14,spearman,month_median,20,13,0,2000
full2020_month_median_spearman,Xinjiang,信江,Winter,14,spearman,month_median,20,14,0,2000
full2020_month_median_spearman,Xinjiang,信江,Winter,14,spearman,month_median,20,15,0,2000
full2020_month_median_spearman,Xinjiang,信江,Winter,14,spearman,month_median,20,16,0,2000
full2020_month_median_spearman,Xinjiang,信江,Winter,14,spearman,month_median,20,17,0,2000
full2020_month_median_spearman,Xinjiang,信江,Winter,14,spearman,month_median,20,18,0,2000
full2020_month_median_spearman,Xinjiang,信江,Winter,14,spearman,month_median,20,19,0,2000
full2020_month_median_spearman,Xinjiang,信江,Winter,14,spearman,month_median,20,20,0,2000
full2020_month_median_spearman,Xiushui,修水,All,15,spearman,month_median,10,0,0,2000
full2020_month_median_spearman,Xiushui,修水,All,15,spearman,month_median,10,1,0,2000
full2020_month_median_spearman,Xiushui,修水,All,15,spearman,month_median,10,2,0.001,2000
full2020_month_median_spearman,Xiushui,修水,All,15,spearman,month_median,10,3,0.07,2000
full2020_month_median_spearman,Xiushui,修水,All,15,spearman,month_median,10,4,0.159,2000
full2020_month_median_spearman,Xiushui,修水,All,15,spearman,month_median,10,5,0.028,2000
full2020_month_median_spearman,Xiushui,修水,All,15,spearman,month_median,10,6,0.006,2000
full2020_month_median_spearman,Xiushui,修水,All,15,spearman,month_median,10,7,0.3375,2000
full2020_month_median_spearman,Xiushui,修水,All,15,spearman,month_median,10,8,0.3815,2000
full2020_month_median_spearman,Xiushui,修水,All,15,spearman,month_median,10,9,0.004,2000
full2020_month_median_spearman,Xiushui,修水,All,15,spearman,month_median,10,10,0.013,2000
full2020_month_median_spearman,Xiushui,修水,All,15,spearman,month_median,15,0,0,2000
full2020_month_median_spearman,Xiushui,修水,All,15,spearman,month_median,15,1,0,2000
full2020_month_median_spearman,Xiushui,修水,All,15,spearman,month_median,15,2,0.001,2000
full2020_month_median_spearman,Xiushui,修水,All,15,spearman,month_median,15,3,0.069,2000
full2020_month_median_spearman,Xiushui,修水,All,15,spearman,month_median,15,4,0.159,2000
full2020_month_median_spearman,Xiushui,修水,All,15,spearman,month_median,15,5,0.028,2000
full2020_month_median_spearman,Xiushui,修水,All,15,spearman,month_median,15,6,0.006,2000
full2020_month_median_spearman,Xiushui,修水,All,15,spearman,month_median,15,7,0.3375,2000
full2020_month_median_spearman,Xiushui,修水,All,15,spearman,month_median,15,8,0.3795,2000
full2020_month_median_spearman,Xiushui,修水,All,15,spearman,month_median,15,9,0.004,2000
full2020_month_median_spearman,Xiushui,修水,All,15,spearman,month_median,15,10,0.013,2000
full2020_month_median_spearman,Xiushui,修水,All,15,spearman,month_median,15,11,0,2000
full2020_month_median_spearman,Xiushui,修水,All,15,spearman,month_median,15,12,0,2000
full2020_month_median_spearman,Xiushui,修水,All,15,spearman,month_median,15,13,0.001,2000
full2020_month_median_spearman,Xiushui,修水,All,15,spearman,month_median,15,14,0.0015,2000
full2020_month_median_spearman,Xiushui,修水,All,15,spearman,month_median,15,15,0.0005,2000
full2020_month_median_spearman,Xiushui,修水,All,15,spearman,month_median,20,0,0,2000
full2020_month_median_spearman,Xiushui,修水,All,15,spearman,month_median,20,1,0,2000
full2020_month_median_spearman,Xiushui,修水,All,15,spearman,month_median,20,2,0.001,2000
full2020_month_median_spearman,Xiushui,修水,All,15,spearman,month_median,20,3,0.069,2000
full2020_month_median_spearman,Xiushui,修水,All,15,spearman,month_median,20,4,0.159,2000
full2020_month_median_spearman,Xiushui,修水,All,15,spearman,month_median,20,5,0.028,2000
full2020_month_median_spearman,Xiushui,修水,All,15,spearman,month_median,20,6,0.006,2000
full2020_month_median_spearman,Xiushui,修水,All,15,spearman,month_median,20,7,0.3375,2000
full2020_month_median_spearman,Xiushui,修水,All,15,spearman,month_median,20,8,0.3795,2000
full2020_month_median_spearman,Xiushui,修水,All,15,spearman,month_median,20,9,0.004,2000
full2020_month_median_spearman,Xiushui,修水,All,15,spearman,month_median,20,10,0.013,2000
full2020_month_median_spearman,Xiushui,修水,All,15,spearman,month_median,20,11,0,2000
full2020_month_median_spearman,Xiushui,修水,All,15,spearman,month_median,20,12,0,2000
full2020_month_median_spearman,Xiushui,修水,All,15,spearman,month_median,20,13,0.001,2000
full2020_month_median_spearman,Xiushui,修水,All,15,spearman,month_median,20,14,0.0015,2000
full2020_month_median_spearman,Xiushui,修水,All,15,spearman,month_median,20,15,0.0005,2000
full2020_month_median_spearman,Xiushui,修水,All,15,spearman,month_median,20,16,0,2000
full2020_month_median_spearman,Xiushui,修水,All,15,spearman,month_median,20,17,0,2000
full2020_month_median_spearman,Xiushui,修水,All,15,spearman,month_median,20,18,0,2000
full2020_month_median_spearman,Xiushui,修水,All,15,spearman,month_median,20,19,0,2000
full2020_month_median_spearman,Xiushui,修水,All,15,spearman,month_median,20,20,0,2000
full2020_month_median_spearman,Xiushui,修水,Autumn,15,spearman,month_median,10,0,0.339,2000
full2020_month_median_spearman,Xiushui,修水,Autumn,15,spearman,month_median,10,1,0.004,2000
full2020_month_median_spearman,Xiushui,修水,Autumn,15,spearman,month_median,10,2,0.009,2000
full2020_month_median_spearman,Xiushui,修水,Autumn,15,spearman,month_median,10,3,0.058,2000
full2020_month_median_spearman,Xiushui,修水,Autumn,15,spearman,month_median,10,4,0.0075,2000
full2020_month_median_spearman,Xiushui,修水,Autumn,15,spearman,month_median,10,5,0.0415,2000
full2020_month_median_spearman,Xiushui,修水,Autumn,15,spearman,month_median,10,6,0.0495,2000
full2020_month_median_spearman,Xiushui,修水,Autumn,15,spearman,month_median,10,7,0.446,2000
full2020_month_median_spearman,Xiushui,修水,Autumn,15,spearman,month_median,10,8,0.035,2000
full2020_month_median_spearman,Xiushui,修水,Autumn,15,spearman,month_median,10,9,0.0025,2000
full2020_month_median_spearman,Xiushui,修水,Autumn,15,spearman,month_median,10,10,0.008,2000
full2020_month_median_spearman,Xiushui,修水,Autumn,15,spearman,month_median,15,0,0.2355,2000
full2020_month_median_spearman,Xiushui,修水,Autumn,15,spearman,month_median,15,1,0.0025,2000
full2020_month_median_spearman,Xiushui,修水,Autumn,15,spearman,month_median,15,2,0.005,2000
full2020_month_median_spearman,Xiushui,修水,Autumn,15,spearman,month_median,15,3,0.0495,2000
full2020_month_median_spearman,Xiushui,修水,Autumn,15,spearman,month_median,15,4,0.0065,2000
full2020_month_median_spearman,Xiushui,修水,Autumn,15,spearman,month_median,15,5,0.0255,2000
full2020_month_median_spearman,Xiushui,修水,Autumn,15,spearman,month_median,15,6,0.027,2000
full2020_month_median_spearman,Xiushui,修水,Autumn,15,spearman,month_median,15,7,0.292,2000
full2020_month_median_spearman,Xiushui,修水,Autumn,15,spearman,month_median,15,8,0.009,2000
full2020_month_median_spearman,Xiushui,修水,Autumn,15,spearman,month_median,15,9,0.0005,2000
full2020_month_median_spearman,Xiushui,修水,Autumn,15,spearman,month_median,15,10,0,2000
full2020_month_median_spearman,Xiushui,修水,Autumn,15,spearman,month_median,15,11,0,2000
full2020_month_median_spearman,Xiushui,修水,Autumn,15,spearman,month_median,15,12,0,2000
full2020_month_median_spearman,Xiushui,修水,Autumn,15,spearman,month_median,15,13,0.1015,2000
full2020_month_median_spearman,Xiushui,修水,Autumn,15,spearman,month_median,15,14,0.0655,2000
full2020_month_median_spearman,Xiushui,修水,Autumn,15,spearman,month_median,15,15,0.18,2000
full2020_month_median_spearman,Xiushui,修水,Autumn,15,spearman,month_median,20,0,0.089,2000
full2020_month_median_spearman,Xiushui,修水,Autumn,15,spearman,month_median,20,1,0.001,2000
full2020_month_median_spearman,Xiushui,修水,Autumn,15,spearman,month_median,20,2,0.0035,2000
full2020_month_median_spearman,Xiushui,修水,Autumn,15,spearman,month_median,20,3,0.0135,2000
full2020_month_median_spearman,Xiushui,修水,Autumn,15,spearman,month_median,20,4,0.0005,2000
full2020_month_median_spearman,Xiushui,修水,Autumn,15,spearman,month_median,20,5,0.009,2000
full2020_month_median_spearman,Xiushui,修水,Autumn,15,spearman,month_median,20,6,0.01,2000
full2020_month_median_spearman,Xiushui,修水,Autumn,15,spearman,month_median,20,7,0.1355,2000
full2020_month_median_spearman,Xiushui,修水,Autumn,15,spearman,month_median,20,8,0.001,2000
full2020_month_median_spearman,Xiushui,修水,Autumn,15,spearman,month_median,20,9,0,2000
full2020_month_median_spearman,Xiushui,修水,Autumn,15,spearman,month_median,20,10,0,2000
full2020_month_median_spearman,Xiushui,修水,Autumn,15,spearman,month_median,20,11,0,2000
full2020_month_median_spearman,Xiushui,修水,Autumn,15,spearman,month_median,20,12,0,2000
full2020_month_median_spearman,Xiushui,修水,Autumn,15,spearman,month_median,20,13,0.0345,2000
full2020_month_median_spearman,Xiushui,修水,Autumn,15,spearman,month_median,20,14,0.0135,2000
full2020_month_median_spearman,Xiushui,修水,Autumn,15,spearman,month_median,20,15,0.008,2000
full2020_month_median_spearman,Xiushui,修水,Autumn,15,spearman,month_median,20,16,0.0255,2000
full2020_month_median_spearman,Xiushui,修水,Autumn,15,spearman,month_median,20,17,0.022,2000
full2020_month_median_spearman,Xiushui,修水,Autumn,15,spearman,month_median,20,18,0.007,2000
full2020_month_median_spearman,Xiushui,修水,Autumn,15,spearman,month_median,20,19,0.009,2000
full2020_month_median_spearman,Xiushui,修水,Autumn,15,spearman,month_median,20,20,0.6175,2000
full2020_month_median_spearman,Xiushui,修水,Spring,15,spearman,month_median,10,0,0.0005,2000
full2020_month_median_spearman,Xiushui,修水,Spring,15,spearman,month_median,10,1,0,2000
full2020_month_median_spearman,Xiushui,修水,Spring,15,spearman,month_median,10,2,0.001,2000
full2020_month_median_spearman,Xiushui,修水,Spring,15,spearman,month_median,10,3,0.0005,2000
full2020_month_median_spearman,Xiushui,修水,Spring,15,spearman,month_median,10,4,0.019,2000
full2020_month_median_spearman,Xiushui,修水,Spring,15,spearman,month_median,10,5,0.0665,2000
full2020_month_median_spearman,Xiushui,修水,Spring,15,spearman,month_median,10,6,0.0545,2000
full2020_month_median_spearman,Xiushui,修水,Spring,15,spearman,month_median,10,7,0.2075,2000
full2020_month_median_spearman,Xiushui,修水,Spring,15,spearman,month_median,10,8,0.5055,2000
full2020_month_median_spearman,Xiushui,修水,Spring,15,spearman,month_median,10,9,0.138,2000
full2020_month_median_spearman,Xiushui,修水,Spring,15,spearman,month_median,10,10,0.007,2000
full2020_month_median_spearman,Xiushui,修水,Spring,15,spearman,month_median,15,0,0.0005,2000
full2020_month_median_spearman,Xiushui,修水,Spring,15,spearman,month_median,15,1,0,2000
full2020_month_median_spearman,Xiushui,修水,Spring,15,spearman,month_median,15,2,0.0005,2000
full2020_month_median_spearman,Xiushui,修水,Spring,15,spearman,month_median,15,3,0.0005,2000
full2020_month_median_spearman,Xiushui,修水,Spring,15,spearman,month_median,15,4,0.019,2000
full2020_month_median_spearman,Xiushui,修水,Spring,15,spearman,month_median,15,5,0.0645,2000
full2020_month_median_spearman,Xiushui,修水,Spring,15,spearman,month_median,15,6,0.054,2000
full2020_month_median_spearman,Xiushui,修水,Spring,15,spearman,month_median,15,7,0.2065,2000
full2020_month_median_spearman,Xiushui,修水,Spring,15,spearman,month_median,15,8,0.5025,2000
full2020_month_median_spearman,Xiushui,修水,Spring,15,spearman,month_median,15,9,0.137,2000
full2020_month_median_spearman,Xiushui,修水,Spring,15,spearman,month_median,15,10,0.006,2000
full2020_month_median_spearman,Xiushui,修水,Spring,15,spearman,month_median,15,11,0.004,2000
full2020_month_median_spearman,Xiushui,修水,Spring,15,spearman,month_median,15,12,0.0005,2000
full2020_month_median_spearman,Xiushui,修水,Spring,15,spearman,month_median,15,13,0,2000
full2020_month_median_spearman,Xiushui,修水,Spring,15,spearman,month_median,15,14,0.0005,2000
full2020_month_median_spearman,Xiushui,修水,Spring,15,spearman,month_median,15,15,0.004,2000
full2020_month_median_spearman,Xiushui,修水,Spring,15,spearman,month_median,20,0,0.0005,2000
full2020_month_median_spearman,Xiushui,修水,Spring,15,spearman,month_median,20,1,0,2000
full2020_month_median_spearman,Xiushui,修水,Spring,15,spearman,month_median,20,2,0.0005,2000
full2020_month_median_spearman,Xiushui,修水,Spring,15,spearman,month_median,20,3,0.0005,2000
full2020_month_median_spearman,Xiushui,修水,Spring,15,spearman,month_median,20,4,0.019,2000
full2020_month_median_spearman,Xiushui,修水,Spring,15,spearman,month_median,20,5,0.0645,2000
full2020_month_median_spearman,Xiushui,修水,Spring,15,spearman,month_median,20,6,0.054,2000
full2020_month_median_spearman,Xiushui,修水,Spring,15,spearman,month_median,20,7,0.2065,2000
full2020_month_median_spearman,Xiushui,修水,Spring,15,spearman,month_median,20,8,0.5025,2000
full2020_month_median_spearman,Xiushui,修水,Spring,15,spearman,month_median,20,9,0.137,2000
full2020_month_median_spearman,Xiushui,修水,Spring,15,spearman,month_median,20,10,0.006,2000
full2020_month_median_spearman,Xiushui,修水,Spring,15,spearman,month_median,20,11,0.004,2000
full2020_month_median_spearman,Xiushui,修水,Spring,15,spearman,month_median,20,12,0.0005,2000
full2020_month_median_spearman,Xiushui,修水,Spring,15,spearman,month_median,20,13,0,2000
full2020_month_median_spearman,Xiushui,修水,Spring,15,spearman,month_median,20,14,0.0005,2000
full2020_month_median_spearman,Xiushui,修水,Spring,15,spearman,month_median,20,15,0.004,2000
full2020_month_median_spearman,Xiushui,修水,Spring,15,spearman,month_median,20,16,0,2000
full2020_month_median_spearman,Xiushui,修水,Spring,15,spearman,month_median,20,17,0,2000
full2020_month_median_spearman,Xiushui,修水,Spring,15,spearman,month_median,20,18,0,2000
full2020_month_median_spearman,Xiushui,修水,Spring,15,spearman,month_median,20,19,0,2000
full2020_month_median_spearman,Xiushui,修水,Spring,15,spearman,month_median,20,20,0,2000
full2020_month_median_spearman,Xiushui,修水,Summer,15,spearman,month_median,10,0,0,2000
full2020_month_median_spearman,Xiushui,修水,Summer,15,spearman,month_median,10,1,0.0065,2000
full2020_month_median_spearman,Xiushui,修水,Summer,15,spearman,month_median,10,2,0.014,2000
full2020_month_median_spearman,Xiushui,修水,Summer,15,spearman,month_median,10,3,0.7065,2000
full2020_month_median_spearman,Xiushui,修水,Summer,15,spearman,month_median,10,4,0.258,2000
full2020_month_median_spearman,Xiushui,修水,Summer,15,spearman,month_median,10,5,0.007,2000
full2020_month_median_spearman,Xiushui,修水,Summer,15,spearman,month_median,10,6,0,2000
full2020_month_median_spearman,Xiushui,修水,Summer,15,spearman,month_median,10,7,0,2000
full2020_month_median_spearman,Xiushui,修水,Summer,15,spearman,month_median,10,8,0,2000
full2020_month_median_spearman,Xiushui,修水,Summer,15,spearman,month_median,10,9,0,2000
full2020_month_median_spearman,Xiushui,修水,Summer,15,spearman,month_median,10,10,0.008,2000
full2020_month_median_spearman,Xiushui,修水,Summer,15,spearman,month_median,15,0,0,2000
full2020_month_median_spearman,Xiushui,修水,Summer,15,spearman,month_median,15,1,0.0065,2000
full2020_month_median_spearman,Xiushui,修水,Summer,15,spearman,month_median,15,2,0.0135,2000
full2020_month_median_spearman,Xiushui,修水,Summer,15,spearman,month_median,15,3,0.6705,2000
full2020_month_median_spearman,Xiushui,修水,Summer,15,spearman,month_median,15,4,0.254,2000
full2020_month_median_spearman,Xiushui,修水,Summer,15,spearman,month_median,15,5,0.005,2000
full2020_month_median_spearman,Xiushui,修水,Summer,15,spearman,month_median,15,6,0,2000
full2020_month_median_spearman,Xiushui,修水,Summer,15,spearman,month_median,15,7,0,2000
full2020_month_median_spearman,Xiushui,修水,Summer,15,spearman,month_median,15,8,0,2000
full2020_month_median_spearman,Xiushui,修水,Summer,15,spearman,month_median,15,9,0,2000
full2020_month_median_spearman,Xiushui,修水,Summer,15,spearman,month_median,15,10,0.002,2000
full2020_month_median_spearman,Xiushui,修水,Summer,15,spearman,month_median,15,11,0.011,2000
full2020_month_median_spearman,Xiushui,修水,Summer,15,spearman,month_median,15,12,0.009,2000
full2020_month_median_spearman,Xiushui,修水,Summer,15,spearman,month_median,15,13,0.0145,2000
full2020_month_median_spearman,Xiushui,修水,Summer,15,spearman,month_median,15,14,0.007,2000
full2020_month_median_spearman,Xiushui,修水,Summer,15,spearman,month_median,15,15,0.007,2000
full2020_month_median_spearman,Xiushui,修水,Summer,15,spearman,month_median,20,0,0,2000
full2020_month_median_spearman,Xiushui,修水,Summer,15,spearman,month_median,20,1,0.0065,2000
full2020_month_median_spearman,Xiushui,修水,Summer,15,spearman,month_median,20,2,0.0135,2000
full2020_month_median_spearman,Xiushui,修水,Summer,15,spearman,month_median,20,3,0.6705,2000
full2020_month_median_spearman,Xiushui,修水,Summer,15,spearman,month_median,20,4,0.254,2000
full2020_month_median_spearman,Xiushui,修水,Summer,15,spearman,month_median,20,5,0.005,2000
full2020_month_median_spearman,Xiushui,修水,Summer,15,spearman,month_median,20,6,0,2000
full2020_month_median_spearman,Xiushui,修水,Summer,15,spearman,month_median,20,7,0,2000
full2020_month_median_spearman,Xiushui,修水,Summer,15,spearman,month_median,20,8,0,2000
full2020_month_median_spearman,Xiushui,修水,Summer,15,spearman,month_median,20,9,0,2000
full2020_month_median_spearman,Xiushui,修水,Summer,15,spearman,month_median,20,10,0.002,2000
full2020_month_median_spearman,Xiushui,修水,Summer,15,spearman,month_median,20,11,0.011,2000
full2020_month_median_spearman,Xiushui,修水,Summer,15,spearman,month_median,20,12,0.009,2000
full2020_month_median_spearman,Xiushui,修水,Summer,15,spearman,month_median,20,13,0.0145,2000
full2020_month_median_spearman,Xiushui,修水,Summer,15,spearman,month_median,20,14,0.007,2000
full2020_month_median_spearman,Xiushui,修水,Summer,15,spearman,month_median,20,15,0.007,2000
full2020_month_median_spearman,Xiushui,修水,Summer,15,spearman,month_median,20,16,0,2000
full2020_month_median_spearman,Xiushui,修水,Summer,15,spearman,month_median,20,17,0,2000
full2020_month_median_spearman,Xiushui,修水,Summer,15,spearman,month_median,20,18,0,2000
full2020_month_median_spearman,Xiushui,修水,Summer,15,spearman,month_median,20,19,0,2000
full2020_month_median_spearman,Xiushui,修水,Summer,15,spearman,month_median,20,20,0,2000
full2020_month_median_spearman,Xiushui,修水,Winter,14,spearman,month_median,10,0,0.033,2000
full2020_month_median_spearman,Xiushui,修水,Winter,14,spearman,month_median,10,1,0.1395,2000
full2020_month_median_spearman,Xiushui,修水,Winter,14,spearman,month_median,10,2,0.032,2000
full2020_month_median_spearman,Xiushui,修水,Winter,14,spearman,month_median,10,3,0.067,2000
full2020_month_median_spearman,Xiushui,修水,Winter,14,spearman,month_median,10,4,0.0405,2000
full2020_month_median_spearman,Xiushui,修水,Winter,14,spearman,month_median,10,5,0.204,2000
full2020_month_median_spearman,Xiushui,修水,Winter,14,spearman,month_median,10,6,0.2055,2000
full2020_month_median_spearman,Xiushui,修水,Winter,14,spearman,month_median,10,7,0.271,2000
full2020_month_median_spearman,Xiushui,修水,Winter,14,spearman,month_median,10,8,0.0035,2000
full2020_month_median_spearman,Xiushui,修水,Winter,14,spearman,month_median,10,9,0.003,2000
full2020_month_median_spearman,Xiushui,修水,Winter,14,spearman,month_median,10,10,0.001,2000
full2020_month_median_spearman,Xiushui,修水,Winter,14,spearman,month_median,15,0,0.031,2000
full2020_month_median_spearman,Xiushui,修水,Winter,14,spearman,month_median,15,1,0.127,2000
full2020_month_median_spearman,Xiushui,修水,Winter,14,spearman,month_median,15,2,0.03,2000
full2020_month_median_spearman,Xiushui,修水,Winter,14,spearman,month_median,15,3,0.056,2000
full2020_month_median_spearman,Xiushui,修水,Winter,14,spearman,month_median,15,4,0.0285,2000
full2020_month_median_spearman,Xiushui,修水,Winter,14,spearman,month_median,15,5,0.184,2000
full2020_month_median_spearman,Xiushui,修水,Winter,14,spearman,month_median,15,6,0.17,2000
full2020_month_median_spearman,Xiushui,修水,Winter,14,spearman,month_median,15,7,0.2175,2000
full2020_month_median_spearman,Xiushui,修水,Winter,14,spearman,month_median,15,8,0.003,2000
full2020_month_median_spearman,Xiushui,修水,Winter,14,spearman,month_median,15,9,0.0005,2000
full2020_month_median_spearman,Xiushui,修水,Winter,14,spearman,month_median,15,10,0,2000
full2020_month_median_spearman,Xiushui,修水,Winter,14,spearman,month_median,15,11,0,2000
full2020_month_median_spearman,Xiushui,修水,Winter,14,spearman,month_median,15,12,0,2000
full2020_month_median_spearman,Xiushui,修水,Winter,14,spearman,month_median,15,13,0.149,2000
full2020_month_median_spearman,Xiushui,修水,Winter,14,spearman,month_median,15,14,0.001,2000
full2020_month_median_spearman,Xiushui,修水,Winter,14,spearman,month_median,15,15,0.0025,2000
full2020_month_median_spearman,Xiushui,修水,Winter,14,spearman,month_median,20,0,0.031,2000
full2020_month_median_spearman,Xiushui,修水,Winter,14,spearman,month_median,20,1,0.127,2000
full2020_month_median_spearman,Xiushui,修水,Winter,14,spearman,month_median,20,2,0.03,2000
full2020_month_median_spearman,Xiushui,修水,Winter,14,spearman,month_median,20,3,0.056,2000
full2020_month_median_spearman,Xiushui,修水,Winter,14,spearman,month_median,20,4,0.0285,2000
full2020_month_median_spearman,Xiushui,修水,Winter,14,spearman,month_median,20,5,0.1835,2000
full2020_month_median_spearman,Xiushui,修水,Winter,14,spearman,month_median,20,6,0.17,2000
full2020_month_median_spearman,Xiushui,修水,Winter,14,spearman,month_median,20,7,0.2175,2000
full2020_month_median_spearman,Xiushui,修水,Winter,14,spearman,month_median,20,8,0.003,2000
full2020_month_median_spearman,Xiushui,修水,Winter,14,spearman,month_median,20,9,0.0005,2000
full2020_month_median_spearman,Xiushui,修水,Winter,14,spearman,month_median,20,10,0,2000
full2020_month_median_spearman,Xiushui,修水,Winter,14,spearman,month_median,20,11,0,2000
full2020_month_median_spearman,Xiushui,修水,Winter,14,spearman,month_median,20,12,0,2000
full2020_month_median_spearman,Xiushui,修水,Winter,14,spearman,month_median,20,13,0.149,2000
full2020_month_median_spearman,Xiushui,修水,Winter,14,spearman,month_median,20,14,0.001,2000
full2020_month_median_spearman,Xiushui,修水,Winter,14,spearman,month_median,20,15,0.0025,2000
full2020_month_median_spearman,Xiushui,修水,Winter,14,spearman,month_median,20,16,0,2000
full2020_month_median_spearman,Xiushui,修水,Winter,14,spearman,month_median,20,17,0,2000
full2020_month_median_spearman,Xiushui,修水,Winter,14,spearman,month_median,20,18,0.0005,2000
full2020_month_median_spearman,Xiushui,修水,Winter,14,spearman,month_median,20,19,0,2000
full2020_month_median_spearman,Xiushui,修水,Winter,14,spearman,month_median,20,20,0,2000
main_ganjiang_extreme_missing,Ganjiang,赣江,All,14,spearman,month_median,10,0,0,2000
main_ganjiang_extreme_missing,Ganjiang,赣江,All,14,spearman,month_median,10,1,0,2000
main_ganjiang_extreme_missing,Ganjiang,赣江,All,14,spearman,month_median,10,2,0,2000
main_ganjiang_extreme_missing,Ganjiang,赣江,All,14,spearman,month_median,10,3,0.005,2000
main_ganjiang_extreme_missing,Ganjiang,赣江,All,14,spearman,month_median,10,4,0.551,2000
main_ganjiang_extreme_missing,Ganjiang,赣江,All,14,spearman,month_median,10,5,0.441,2000
main_ganjiang_extreme_missing,Ganjiang,赣江,All,14,spearman,month_median,10,6,0.003,2000
main_ganjiang_extreme_missing,Ganjiang,赣江,All,14,spearman,month_median,10,7,0,2000
main_ganjiang_extreme_missing,Ganjiang,赣江,All,14,spearman,month_median,10,8,0,2000
main_ganjiang_extreme_missing,Ganjiang,赣江,All,14,spearman,month_median,10,9,0,2000
main_ganjiang_extreme_missing,Ganjiang,赣江,All,14,spearman,month_median,10,10,0,2000
main_ganjiang_extreme_missing,Ganjiang,赣江,All,14,spearman,month_median,15,0,0,2000
main_ganjiang_extreme_missing,Ganjiang,赣江,All,14,spearman,month_median,15,1,0,2000
main_ganjiang_extreme_missing,Ganjiang,赣江,All,14,spearman,month_median,15,2,0,2000
main_ganjiang_extreme_missing,Ganjiang,赣江,All,14,spearman,month_median,15,3,0.005,2000
main_ganjiang_extreme_missing,Ganjiang,赣江,All,14,spearman,month_median,15,4,0.551,2000
main_ganjiang_extreme_missing,Ganjiang,赣江,All,14,spearman,month_median,15,5,0.441,2000
main_ganjiang_extreme_missing,Ganjiang,赣江,All,14,spearman,month_median,15,6,0.003,2000
main_ganjiang_extreme_missing,Ganjiang,赣江,All,14,spearman,month_median,15,7,0,2000
main_ganjiang_extreme_missing,Ganjiang,赣江,All,14,spearman,month_median,15,8,0,2000
main_ganjiang_extreme_missing,Ganjiang,赣江,All,14,spearman,month_median,15,9,0,2000
main_ganjiang_extreme_missing,Ganjiang,赣江,All,14,spearman,month_median,15,10,0,2000
main_ganjiang_extreme_missing,Ganjiang,赣江,All,14,spearman,month_median,15,11,0,2000
main_ganjiang_extreme_missing,Ganjiang,赣江,All,14,spearman,month_median,15,12,0,2000
main_ganjiang_extreme_missing,Ganjiang,赣江,All,14,spearman,month_median,15,13,0,2000
main_ganjiang_extreme_missing,Ganjiang,赣江,All,14,spearman,month_median,15,14,0,2000
main_ganjiang_extreme_missing,Ganjiang,赣江,All,14,spearman,month_median,15,15,0,2000
main_ganjiang_extreme_missing,Ganjiang,赣江,All,14,spearman,month_median,20,0,0,2000
main_ganjiang_extreme_missing,Ganjiang,赣江,All,14,spearman,month_median,20,1,0,2000
main_ganjiang_extreme_missing,Ganjiang,赣江,All,14,spearman,month_median,20,2,0,2000
main_ganjiang_extreme_missing,Ganjiang,赣江,All,14,spearman,month_median,20,3,0.005,2000
main_ganjiang_extreme_missing,Ganjiang,赣江,All,14,spearman,month_median,20,4,0.551,2000
main_ganjiang_extreme_missing,Ganjiang,赣江,All,14,spearman,month_median,20,5,0.441,2000
main_ganjiang_extreme_missing,Ganjiang,赣江,All,14,spearman,month_median,20,6,0.003,2000
main_ganjiang_extreme_missing,Ganjiang,赣江,All,14,spearman,month_median,20,7,0,2000
main_ganjiang_extreme_missing,Ganjiang,赣江,All,14,spearman,month_median,20,8,0,2000
main_ganjiang_extreme_missing,Ganjiang,赣江,All,14,spearman,month_median,20,9,0,2000
main_ganjiang_extreme_missing,Ganjiang,赣江,All,14,spearman,month_median,20,10,0,2000
main_ganjiang_extreme_missing,Ganjiang,赣江,All,14,spearman,month_median,20,11,0,2000
main_ganjiang_extreme_missing,Ganjiang,赣江,All,14,spearman,month_median,20,12,0,2000
main_ganjiang_extreme_missing,Ganjiang,赣江,All,14,spearman,month_median,20,13,0,2000
main_ganjiang_extreme_missing,Ganjiang,赣江,All,14,spearman,month_median,20,14,0,2000
main_ganjiang_extreme_missing,Ganjiang,赣江,All,14,spearman,month_median,20,15,0,2000
main_ganjiang_extreme_missing,Ganjiang,赣江,All,14,spearman,month_median,20,16,0,2000
main_ganjiang_extreme_missing,Ganjiang,赣江,All,14,spearman,month_median,20,17,0,2000
main_ganjiang_extreme_missing,Ganjiang,赣江,All,14,spearman,month_median,20,18,0,2000
main_ganjiang_extreme_missing,Ganjiang,赣江,All,14,spearman,month_median,20,19,0,2000
main_ganjiang_extreme_missing,Ganjiang,赣江,All,14,spearman,month_median,20,20,0,2000
main_ganjiang_extreme_missing,Ganjiang,赣江,Autumn,14,spearman,month_median,10,0,0,2000
main_ganjiang_extreme_missing,Ganjiang,赣江,Autumn,14,spearman,month_median,10,1,0,2000
main_ganjiang_extreme_missing,Ganjiang,赣江,Autumn,14,spearman,month_median,10,2,0,2000
main_ganjiang_extreme_missing,Ganjiang,赣江,Autumn,14,spearman,month_median,10,3,0.06,2000
main_ganjiang_extreme_missing,Ganjiang,赣江,Autumn,14,spearman,month_median,10,4,0.254,2000
main_ganjiang_extreme_missing,Ganjiang,赣江,Autumn,14,spearman,month_median,10,5,0.399,2000
main_ganjiang_extreme_missing,Ganjiang,赣江,Autumn,14,spearman,month_median,10,6,0.1945,2000
main_ganjiang_extreme_missing,Ganjiang,赣江,Autumn,14,spearman,month_median,10,7,0.0285,2000
main_ganjiang_extreme_missing,Ganjiang,赣江,Autumn,14,spearman,month_median,10,8,0.0615,2000
main_ganjiang_extreme_missing,Ganjiang,赣江,Autumn,14,spearman,month_median,10,9,0.002,2000
main_ganjiang_extreme_missing,Ganjiang,赣江,Autumn,14,spearman,month_median,10,10,0.0005,2000
main_ganjiang_extreme_missing,Ganjiang,赣江,Autumn,14,spearman,month_median,15,0,0,2000
main_ganjiang_extreme_missing,Ganjiang,赣江,Autumn,14,spearman,month_median,15,1,0,2000
main_ganjiang_extreme_missing,Ganjiang,赣江,Autumn,14,spearman,month_median,15,2,0,2000
main_ganjiang_extreme_missing,Ganjiang,赣江,Autumn,14,spearman,month_median,15,3,0.06,2000
main_ganjiang_extreme_missing,Ganjiang,赣江,Autumn,14,spearman,month_median,15,4,0.254,2000
main_ganjiang_extreme_missing,Ganjiang,赣江,Autumn,14,spearman,month_median,15,5,0.399,2000
main_ganjiang_extreme_missing,Ganjiang,赣江,Autumn,14,spearman,month_median,15,6,0.1945,2000
main_ganjiang_extreme_missing,Ganjiang,赣江,Autumn,14,spearman,month_median,15,7,0.0285,2000
main_ganjiang_extreme_missing,Ganjiang,赣江,Autumn,14,spearman,month_median,15,8,0.0615,2000
main_ganjiang_extreme_missing,Ganjiang,赣江,Autumn,14,spearman,month_median,15,9,0.002,2000
main_ganjiang_extreme_missing,Ganjiang,赣江,Autumn,14,spearman,month_median,15,10,0.0005,2000
main_ganjiang_extreme_missing,Ganjiang,赣江,Autumn,14,spearman,month_median,15,11,0,2000
main_ganjiang_extreme_missing,Ganjiang,赣江,Autumn,14,spearman,month_median,15,12,0,2000
main_ganjiang_extreme_missing,Ganjiang,赣江,Autumn,14,spearman,month_median,15,13,0,2000
main_ganjiang_extreme_missing,Ganjiang,赣江,Autumn,14,spearman,month_median,15,14,0,2000
main_ganjiang_extreme_missing,Ganjiang,赣江,Autumn,14,spearman,month_median,15,15,0,2000
main_ganjiang_extreme_missing,Ganjiang,赣江,Autumn,14,spearman,month_median,20,0,0,2000
main_ganjiang_extreme_missing,Ganjiang,赣江,Autumn,14,spearman,month_median,20,1,0,2000
main_ganjiang_extreme_missing,Ganjiang,赣江,Autumn,14,spearman,month_median,20,2,0,2000
main_ganjiang_extreme_missing,Ganjiang,赣江,Autumn,14,spearman,month_median,20,3,0.06,2000
main_ganjiang_extreme_missing,Ganjiang,赣江,Autumn,14,spearman,month_median,20,4,0.254,2000
main_ganjiang_extreme_missing,Ganjiang,赣江,Autumn,14,spearman,month_median,20,5,0.399,2000
main_ganjiang_extreme_missing,Ganjiang,赣江,Autumn,14,spearman,month_median,20,6,0.1945,2000
main_ganjiang_extreme_missing,Ganjiang,赣江,Autumn,14,spearman,month_median,20,7,0.0285,2000
main_ganjiang_extreme_missing,Ganjiang,赣江,Autumn,14,spearman,month_median,20,8,0.0615,2000
main_ganjiang_extreme_missing,Ganjiang,赣江,Autumn,14,spearman,month_median,20,9,0.002,2000
main_ganjiang_extreme_missing,Ganjiang,赣江,Autumn,14,spearman,month_median,20,10,0.0005,2000
main_ganjiang_extreme_missing,Ganjiang,赣江,Autumn,14,spearman,month_median,20,11,0,2000
main_ganjiang_extreme_missing,Ganjiang,赣江,Autumn,14,spearman,month_median,20,12,0,2000
main_ganjiang_extreme_missing,Ganjiang,赣江,Autumn,14,spearman,month_median,20,13,0,2000
main_ganjiang_extreme_missing,Ganjiang,赣江,Autumn,14,spearman,month_median,20,14,0,2000
main_ganjiang_extreme_missing,Ganjiang,赣江,Autumn,14,spearman,month_median,20,15,0,2000
main_ganjiang_extreme_missing,Ganjiang,赣江,Autumn,14,spearman,month_median,20,16,0,2000
main_ganjiang_extreme_missing,Ganjiang,赣江,Autumn,14,spearman,month_median,20,17,0,2000
main_ganjiang_extreme_missing,Ganjiang,赣江,Autumn,14,spearman,month_median,20,18,0,2000
main_ganjiang_extreme_missing,Ganjiang,赣江,Autumn,14,spearman,month_median,20,19,0,2000
main_ganjiang_extreme_missing,Ganjiang,赣江,Autumn,14,spearman,month_median,20,20,0,2000
main_ganjiang_extreme_missing,Ganjiang,赣江,Spring,14,spearman,month_median,10,0,0,2000
main_ganjiang_extreme_missing,Ganjiang,赣江,Spring,14,spearman,month_median,10,1,0,2000
main_ganjiang_extreme_missing,Ganjiang,赣江,Spring,14,spearman,month_median,10,2,0,2000
main_ganjiang_extreme_missing,Ganjiang,赣江,Spring,14,spearman,month_median,10,3,0.0185,2000
main_ganjiang_extreme_missing,Ganjiang,赣江,Spring,14,spearman,month_median,10,4,0.1705,2000
main_ganjiang_extreme_missing,Ganjiang,赣江,Spring,14,spearman,month_median,10,5,0.7475,2000
main_ganjiang_extreme_missing,Ganjiang,赣江,Spring,14,spearman,month_median,10,6,0.0545,2000
main_ganjiang_extreme_missing,Ganjiang,赣江,Spring,14,spearman,month_median,10,7,0.003,2000
main_ganjiang_extreme_missing,Ganjiang,赣江,Spring,14,spearman,month_median,10,8,0.001,2000
main_ganjiang_extreme_missing,Ganjiang,赣江,Spring,14,spearman,month_median,10,9,0,2000
main_ganjiang_extreme_missing,Ganjiang,赣江,Spring,14,spearman,month_median,10,10,0.005,2000
main_ganjiang_extreme_missing,Ganjiang,赣江,Spring,14,spearman,month_median,15,0,0,2000
main_ganjiang_extreme_missing,Ganjiang,赣江,Spring,14,spearman,month_median,15,1,0,2000
main_ganjiang_extreme_missing,Ganjiang,赣江,Spring,14,spearman,month_median,15,2,0,2000
main_ganjiang_extreme_missing,Ganjiang,赣江,Spring,14,spearman,month_median,15,3,0.0185,2000
main_ganjiang_extreme_missing,Ganjiang,赣江,Spring,14,spearman,month_median,15,4,0.1705,2000
main_ganjiang_extreme_missing,Ganjiang,赣江,Spring,14,spearman,month_median,15,5,0.7475,2000
main_ganjiang_extreme_missing,Ganjiang,赣江,Spring,14,spearman,month_median,15,6,0.0545,2000
main_ganjiang_extreme_missing,Ganjiang,赣江,Spring,14,spearman,month_median,15,7,0.003,2000
main_ganjiang_extreme_missing,Ganjiang,赣江,Spring,14,spearman,month_median,15,8,0.001,2000
main_ganjiang_extreme_missing,Ganjiang,赣江,Spring,14,spearman,month_median,15,9,0,2000
main_ganjiang_extreme_missing,Ganjiang,赣江,Spring,14,spearman,month_median,15,10,0.005,2000
main_ganjiang_extreme_missing,Ganjiang,赣江,Spring,14,spearman,month_median,15,11,0,2000
main_ganjiang_extreme_missing,Ganjiang,赣江,Spring,14,spearman,month_median,15,12,0,2000
main_ganjiang_extreme_missing,Ganjiang,赣江,Spring,14,spearman,month_median,15,13,0,2000
main_ganjiang_extreme_missing,Ganjiang,赣江,Spring,14,spearman,month_median,15,14,0,2000
main_ganjiang_extreme_missing,Ganjiang,赣江,Spring,14,spearman,month_median,15,15,0,2000
main_ganjiang_extreme_missing,Ganjiang,赣江,Spring,14,spearman,month_median,20,0,0,2000
main_ganjiang_extreme_missing,Ganjiang,赣江,Spring,14,spearman,month_median,20,1,0,2000
main_ganjiang_extreme_missing,Ganjiang,赣江,Spring,14,spearman,month_median,20,2,0,2000
main_ganjiang_extreme_missing,Ganjiang,赣江,Spring,14,spearman,month_median,20,3,0.0185,2000
main_ganjiang_extreme_missing,Ganjiang,赣江,Spring,14,spearman,month_median,20,4,0.1705,2000
main_ganjiang_extreme_missing,Ganjiang,赣江,Spring,14,spearman,month_median,20,5,0.7475,2000
main_ganjiang_extreme_missing,Ganjiang,赣江,Spring,14,spearman,month_median,20,6,0.0545,2000
main_ganjiang_extreme_missing,Ganjiang,赣江,Spring,14,spearman,month_median,20,7,0.003,2000
main_ganjiang_extreme_missing,Ganjiang,赣江,Spring,14,spearman,month_median,20,8,0.001,2000
main_ganjiang_extreme_missing,Ganjiang,赣江,Spring,14,spearman,month_median,20,9,0,2000
main_ganjiang_extreme_missing,Ganjiang,赣江,Spring,14,spearman,month_median,20,10,0.005,2000
main_ganjiang_extreme_missing,Ganjiang,赣江,Spring,14,spearman,month_median,20,11,0,2000
main_ganjiang_extreme_missing,Ganjiang,赣江,Spring,14,spearman,month_median,20,12,0,2000
main_ganjiang_extreme_missing,Ganjiang,赣江,Spring,14,spearman,month_median,20,13,0,2000
main_ganjiang_extreme_missing,Ganjiang,赣江,Spring,14,spearman,month_median,20,14,0,2000
main_ganjiang_extreme_missing,Ganjiang,赣江,Spring,14,spearman,month_median,20,15,0,2000
main_ganjiang_extreme_missing,Ganjiang,赣江,Spring,14,spearman,month_median,20,16,0,2000
main_ganjiang_extreme_missing,Ganjiang,赣江,Spring,14,spearman,month_median,20,17,0,2000
main_ganjiang_extreme_missing,Ganjiang,赣江,Spring,14,spearman,month_median,20,18,0,2000
main_ganjiang_extreme_missing,Ganjiang,赣江,Spring,14,spearman,month_median,20,19,0,2000
main_ganjiang_extreme_missing,Ganjiang,赣江,Spring,14,spearman,month_median,20,20,0,2000
main_ganjiang_extreme_missing,Ganjiang,赣江,Summer,14,spearman,month_median,10,0,0,2000
main_ganjiang_extreme_missing,Ganjiang,赣江,Summer,14,spearman,month_median,10,1,0,2000
main_ganjiang_extreme_missing,Ganjiang,赣江,Summer,14,spearman,month_median,10,2,0,2000
main_ganjiang_extreme_missing,Ganjiang,赣江,Summer,14,spearman,month_median,10,3,0.0415,2000
main_ganjiang_extreme_missing,Ganjiang,赣江,Summer,14,spearman,month_median,10,4,0.9405,2000
main_ganjiang_extreme_missing,Ganjiang,赣江,Summer,14,spearman,month_median,10,5,0.018,2000
main_ganjiang_extreme_missing,Ganjiang,赣江,Summer,14,spearman,month_median,10,6,0,2000
main_ganjiang_extreme_missing,Ganjiang,赣江,Summer,14,spearman,month_median,10,7,0,2000
main_ganjiang_extreme_missing,Ganjiang,赣江,Summer,14,spearman,month_median,10,8,0,2000
main_ganjiang_extreme_missing,Ganjiang,赣江,Summer,14,spearman,month_median,10,9,0,2000
main_ganjiang_extreme_missing,Ganjiang,赣江,Summer,14,spearman,month_median,10,10,0,2000
main_ganjiang_extreme_missing,Ganjiang,赣江,Summer,14,spearman,month_median,15,0,0,2000
main_ganjiang_extreme_missing,Ganjiang,赣江,Summer,14,spearman,month_median,15,1,0,2000
main_ganjiang_extreme_missing,Ganjiang,赣江,Summer,14,spearman,month_median,15,2,0,2000
main_ganjiang_extreme_missing,Ganjiang,赣江,Summer,14,spearman,month_median,15,3,0.0415,2000
main_ganjiang_extreme_missing,Ganjiang,赣江,Summer,14,spearman,month_median,15,4,0.9405,2000
main_ganjiang_extreme_missing,Ganjiang,赣江,Summer,14,spearman,month_median,15,5,0.018,2000
main_ganjiang_extreme_missing,Ganjiang,赣江,Summer,14,spearman,month_median,15,6,0,2000
main_ganjiang_extreme_missing,Ganjiang,赣江,Summer,14,spearman,month_median,15,7,0,2000
main_ganjiang_extreme_missing,Ganjiang,赣江,Summer,14,spearman,month_median,15,8,0,2000
main_ganjiang_extreme_missing,Ganjiang,赣江,Summer,14,spearman,month_median,15,9,0,2000
main_ganjiang_extreme_missing,Ganjiang,赣江,Summer,14,spearman,month_median,15,10,0,2000
main_ganjiang_extreme_missing,Ganjiang,赣江,Summer,14,spearman,month_median,15,11,0,2000
main_ganjiang_extreme_missing,Ganjiang,赣江,Summer,14,spearman,month_median,15,12,0,2000
main_ganjiang_extreme_missing,Ganjiang,赣江,Summer,14,spearman,month_median,15,13,0,2000
main_ganjiang_extreme_missing,Ganjiang,赣江,Summer,14,spearman,month_median,15,14,0,2000
main_ganjiang_extreme_missing,Ganjiang,赣江,Summer,14,spearman,month_median,15,15,0,2000
main_ganjiang_extreme_missing,Ganjiang,赣江,Summer,14,spearman,month_median,20,0,0,2000
main_ganjiang_extreme_missing,Ganjiang,赣江,Summer,14,spearman,month_median,20,1,0,2000
main_ganjiang_extreme_missing,Ganjiang,赣江,Summer,14,spearman,month_median,20,2,0,2000
main_ganjiang_extreme_missing,Ganjiang,赣江,Summer,14,spearman,month_median,20,3,0.0415,2000
main_ganjiang_extreme_missing,Ganjiang,赣江,Summer,14,spearman,month_median,20,4,0.9405,2000
main_ganjiang_extreme_missing,Ganjiang,赣江,Summer,14,spearman,month_median,20,5,0.018,2000
main_ganjiang_extreme_missing,Ganjiang,赣江,Summer,14,spearman,month_median,20,6,0,2000
main_ganjiang_extreme_missing,Ganjiang,赣江,Summer,14,spearman,month_median,20,7,0,2000
main_ganjiang_extreme_missing,Ganjiang,赣江,Summer,14,spearman,month_median,20,8,0,2000
main_ganjiang_extreme_missing,Ganjiang,赣江,Summer,14,spearman,month_median,20,9,0,2000
main_ganjiang_extreme_missing,Ganjiang,赣江,Summer,14,spearman,month_median,20,10,0,2000
main_ganjiang_extreme_missing,Ganjiang,赣江,Summer,14,spearman,month_median,20,11,0,2000
main_ganjiang_extreme_missing,Ganjiang,赣江,Summer,14,spearman,month_median,20,12,0,2000
main_ganjiang_extreme_missing,Ganjiang,赣江,Summer,14,spearman,month_median,20,13,0,2000
main_ganjiang_extreme_missing,Ganjiang,赣江,Summer,14,spearman,month_median,20,14,0,2000
main_ganjiang_extreme_missing,Ganjiang,赣江,Summer,14,spearman,month_median,20,15,0,2000
main_ganjiang_extreme_missing,Ganjiang,赣江,Summer,14,spearman,month_median,20,16,0,2000
main_ganjiang_extreme_missing,Ganjiang,赣江,Summer,14,spearman,month_median,20,17,0,2000
main_ganjiang_extreme_missing,Ganjiang,赣江,Summer,14,spearman,month_median,20,18,0,2000
main_ganjiang_extreme_missing,Ganjiang,赣江,Summer,14,spearman,month_median,20,19,0,2000
main_ganjiang_extreme_missing,Ganjiang,赣江,Summer,14,spearman,month_median,20,20,0,2000
main_ganjiang_extreme_missing,Ganjiang,赣江,Winter,13,spearman,month_median,10,0,0,2000
main_ganjiang_extreme_missing,Ganjiang,赣江,Winter,13,spearman,month_median,10,1,0,2000
main_ganjiang_extreme_missing,Ganjiang,赣江,Winter,13,spearman,month_median,10,2,0,2000
main_ganjiang_extreme_missing,Ganjiang,赣江,Winter,13,spearman,month_median,10,3,0,2000
main_ganjiang_extreme_missing,Ganjiang,赣江,Winter,13,spearman,month_median,10,4,0,2000
main_ganjiang_extreme_missing,Ganjiang,赣江,Winter,13,spearman,month_median,10,5,0.0025,2000
main_ganjiang_extreme_missing,Ganjiang,赣江,Winter,13,spearman,month_median,10,6,0.5625,2000
main_ganjiang_extreme_missing,Ganjiang,赣江,Winter,13,spearman,month_median,10,7,0.1265,2000
main_ganjiang_extreme_missing,Ganjiang,赣江,Winter,13,spearman,month_median,10,8,0.0305,2000
main_ganjiang_extreme_missing,Ganjiang,赣江,Winter,13,spearman,month_median,10,9,0.188,2000
main_ganjiang_extreme_missing,Ganjiang,赣江,Winter,13,spearman,month_median,10,10,0.09,2000
main_ganjiang_extreme_missing,Ganjiang,赣江,Winter,13,spearman,month_median,15,0,0,2000
main_ganjiang_extreme_missing,Ganjiang,赣江,Winter,13,spearman,month_median,15,1,0,2000
main_ganjiang_extreme_missing,Ganjiang,赣江,Winter,13,spearman,month_median,15,2,0,2000
main_ganjiang_extreme_missing,Ganjiang,赣江,Winter,13,spearman,month_median,15,3,0,2000
main_ganjiang_extreme_missing,Ganjiang,赣江,Winter,13,spearman,month_median,15,4,0,2000
main_ganjiang_extreme_missing,Ganjiang,赣江,Winter,13,spearman,month_median,15,5,0.0025,2000
main_ganjiang_extreme_missing,Ganjiang,赣江,Winter,13,spearman,month_median,15,6,0.5515,2000
main_ganjiang_extreme_missing,Ganjiang,赣江,Winter,13,spearman,month_median,15,7,0.125,2000
main_ganjiang_extreme_missing,Ganjiang,赣江,Winter,13,spearman,month_median,15,8,0.0305,2000
main_ganjiang_extreme_missing,Ganjiang,赣江,Winter,13,spearman,month_median,15,9,0.1865,2000
main_ganjiang_extreme_missing,Ganjiang,赣江,Winter,13,spearman,month_median,15,10,0.076,2000
main_ganjiang_extreme_missing,Ganjiang,赣江,Winter,13,spearman,month_median,15,11,0.002,2000
main_ganjiang_extreme_missing,Ganjiang,赣江,Winter,13,spearman,month_median,15,12,0.005,2000
main_ganjiang_extreme_missing,Ganjiang,赣江,Winter,13,spearman,month_median,15,13,0.0195,2000
main_ganjiang_extreme_missing,Ganjiang,赣江,Winter,13,spearman,month_median,15,14,0.0015,2000
main_ganjiang_extreme_missing,Ganjiang,赣江,Winter,13,spearman,month_median,15,15,0,2000
main_ganjiang_extreme_missing,Ganjiang,赣江,Winter,13,spearman,month_median,20,0,0,2000
main_ganjiang_extreme_missing,Ganjiang,赣江,Winter,13,spearman,month_median,20,1,0,2000
main_ganjiang_extreme_missing,Ganjiang,赣江,Winter,13,spearman,month_median,20,2,0,2000
main_ganjiang_extreme_missing,Ganjiang,赣江,Winter,13,spearman,month_median,20,3,0,2000
main_ganjiang_extreme_missing,Ganjiang,赣江,Winter,13,spearman,month_median,20,4,0,2000
main_ganjiang_extreme_missing,Ganjiang,赣江,Winter,13,spearman,month_median,20,5,0.0025,2000
main_ganjiang_extreme_missing,Ganjiang,赣江,Winter,13,spearman,month_median,20,6,0.5515,2000
main_ganjiang_extreme_missing,Ganjiang,赣江,Winter,13,spearman,month_median,20,7,0.125,2000
main_ganjiang_extreme_missing,Ganjiang,赣江,Winter,13,spearman,month_median,20,8,0.0305,2000
main_ganjiang_extreme_missing,Ganjiang,赣江,Winter,13,spearman,month_median,20,9,0.1865,2000
main_ganjiang_extreme_missing,Ganjiang,赣江,Winter,13,spearman,month_median,20,10,0.076,2000
main_ganjiang_extreme_missing,Ganjiang,赣江,Winter,13,spearman,month_median,20,11,0.002,2000
main_ganjiang_extreme_missing,Ganjiang,赣江,Winter,13,spearman,month_median,20,12,0.005,2000
main_ganjiang_extreme_missing,Ganjiang,赣江,Winter,13,spearman,month_median,20,13,0.0195,2000
main_ganjiang_extreme_missing,Ganjiang,赣江,Winter,13,spearman,month_median,20,14,0.0015,2000
main_ganjiang_extreme_missing,Ganjiang,赣江,Winter,13,spearman,month_median,20,15,0,2000
main_ganjiang_extreme_missing,Ganjiang,赣江,Winter,13,spearman,month_median,20,16,0,2000
main_ganjiang_extreme_missing,Ganjiang,赣江,Winter,13,spearman,month_median,20,17,0,2000
main_ganjiang_extreme_missing,Ganjiang,赣江,Winter,13,spearman,month_median,20,18,0,2000
main_ganjiang_extreme_missing,Ganjiang,赣江,Winter,13,spearman,month_median,20,19,0,2000
main_ganjiang_extreme_missing,Ganjiang,赣江,Winter,13,spearman,month_median,20,20,0,2000
main_month_median_pearson,Changjiang,昌江,All,14,pearson,month_median,10,0,0,2000
main_month_median_pearson,Changjiang,昌江,All,14,pearson,month_median,10,1,1,2000
main_month_median_pearson,Changjiang,昌江,All,14,pearson,month_median,10,2,0,2000
main_month_median_pearson,Changjiang,昌江,All,14,pearson,month_median,10,3,0,2000
main_month_median_pearson,Changjiang,昌江,All,14,pearson,month_median,10,4,0,2000
main_month_median_pearson,Changjiang,昌江,All,14,pearson,month_median,10,5,0,2000
main_month_median_pearson,Changjiang,昌江,All,14,pearson,month_median,10,6,0,2000
main_month_median_pearson,Changjiang,昌江,All,14,pearson,month_median,10,7,0,2000
main_month_median_pearson,Changjiang,昌江,All,14,pearson,month_median,10,8,0,2000
main_month_median_pearson,Changjiang,昌江,All,14,pearson,month_median,10,9,0,2000
main_month_median_pearson,Changjiang,昌江,All,14,pearson,month_median,10,10,0,2000
main_month_median_pearson,Changjiang,昌江,All,14,pearson,month_median,15,0,0,2000
main_month_median_pearson,Changjiang,昌江,All,14,pearson,month_median,15,1,1,2000
main_month_median_pearson,Changjiang,昌江,All,14,pearson,month_median,15,2,0,2000
main_month_median_pearson,Changjiang,昌江,All,14,pearson,month_median,15,3,0,2000
main_month_median_pearson,Changjiang,昌江,All,14,pearson,month_median,15,4,0,2000
main_month_median_pearson,Changjiang,昌江,All,14,pearson,month_median,15,5,0,2000
main_month_median_pearson,Changjiang,昌江,All,14,pearson,month_median,15,6,0,2000
main_month_median_pearson,Changjiang,昌江,All,14,pearson,month_median,15,7,0,2000
main_month_median_pearson,Changjiang,昌江,All,14,pearson,month_median,15,8,0,2000
main_month_median_pearson,Changjiang,昌江,All,14,pearson,month_median,15,9,0,2000
main_month_median_pearson,Changjiang,昌江,All,14,pearson,month_median,15,10,0,2000
main_month_median_pearson,Changjiang,昌江,All,14,pearson,month_median,15,11,0,2000
main_month_median_pearson,Changjiang,昌江,All,14,pearson,month_median,15,12,0,2000
main_month_median_pearson,Changjiang,昌江,All,14,pearson,month_median,15,13,0,2000
main_month_median_pearson,Changjiang,昌江,All,14,pearson,month_median,15,14,0,2000
main_month_median_pearson,Changjiang,昌江,All,14,pearson,month_median,15,15,0,2000
main_month_median_pearson,Changjiang,昌江,All,14,pearson,month_median,20,0,0,2000
main_month_median_pearson,Changjiang,昌江,All,14,pearson,month_median,20,1,1,2000
main_month_median_pearson,Changjiang,昌江,All,14,pearson,month_median,20,2,0,2000
main_month_median_pearson,Changjiang,昌江,All,14,pearson,month_median,20,3,0,2000
main_month_median_pearson,Changjiang,昌江,All,14,pearson,month_median,20,4,0,2000
main_month_median_pearson,Changjiang,昌江,All,14,pearson,month_median,20,5,0,2000
main_month_median_pearson,Changjiang,昌江,All,14,pearson,month_median,20,6,0,2000
main_month_median_pearson,Changjiang,昌江,All,14,pearson,month_median,20,7,0,2000
main_month_median_pearson,Changjiang,昌江,All,14,pearson,month_median,20,8,0,2000
main_month_median_pearson,Changjiang,昌江,All,14,pearson,month_median,20,9,0,2000
main_month_median_pearson,Changjiang,昌江,All,14,pearson,month_median,20,10,0,2000
main_month_median_pearson,Changjiang,昌江,All,14,pearson,month_median,20,11,0,2000
main_month_median_pearson,Changjiang,昌江,All,14,pearson,month_median,20,12,0,2000
main_month_median_pearson,Changjiang,昌江,All,14,pearson,month_median,20,13,0,2000
main_month_median_pearson,Changjiang,昌江,All,14,pearson,month_median,20,14,0,2000
main_month_median_pearson,Changjiang,昌江,All,14,pearson,month_median,20,15,0,2000
main_month_median_pearson,Changjiang,昌江,All,14,pearson,month_median,20,16,0,2000
main_month_median_pearson,Changjiang,昌江,All,14,pearson,month_median,20,17,0,2000
main_month_median_pearson,Changjiang,昌江,All,14,pearson,month_median,20,18,0,2000
main_month_median_pearson,Changjiang,昌江,All,14,pearson,month_median,20,19,0,2000
main_month_median_pearson,Changjiang,昌江,All,14,pearson,month_median,20,20,0,2000
main_month_median_pearson,Changjiang,昌江,Autumn,14,pearson,month_median,10,0,0,2000
main_month_median_pearson,Changjiang,昌江,Autumn,14,pearson,month_median,10,1,0.039,2000
main_month_median_pearson,Changjiang,昌江,Autumn,14,pearson,month_median,10,2,0.961,2000
main_month_median_pearson,Changjiang,昌江,Autumn,14,pearson,month_median,10,3,0,2000
main_month_median_pearson,Changjiang,昌江,Autumn,14,pearson,month_median,10,4,0,2000
main_month_median_pearson,Changjiang,昌江,Autumn,14,pearson,month_median,10,5,0,2000
main_month_median_pearson,Changjiang,昌江,Autumn,14,pearson,month_median,10,6,0,2000
main_month_median_pearson,Changjiang,昌江,Autumn,14,pearson,month_median,10,7,0,2000
main_month_median_pearson,Changjiang,昌江,Autumn,14,pearson,month_median,10,8,0,2000
main_month_median_pearson,Changjiang,昌江,Autumn,14,pearson,month_median,10,9,0,2000
main_month_median_pearson,Changjiang,昌江,Autumn,14,pearson,month_median,10,10,0,2000
main_month_median_pearson,Changjiang,昌江,Autumn,14,pearson,month_median,15,0,0,2000
main_month_median_pearson,Changjiang,昌江,Autumn,14,pearson,month_median,15,1,0.039,2000
main_month_median_pearson,Changjiang,昌江,Autumn,14,pearson,month_median,15,2,0.961,2000
main_month_median_pearson,Changjiang,昌江,Autumn,14,pearson,month_median,15,3,0,2000
main_month_median_pearson,Changjiang,昌江,Autumn,14,pearson,month_median,15,4,0,2000
main_month_median_pearson,Changjiang,昌江,Autumn,14,pearson,month_median,15,5,0,2000
main_month_median_pearson,Changjiang,昌江,Autumn,14,pearson,month_median,15,6,0,2000
main_month_median_pearson,Changjiang,昌江,Autumn,14,pearson,month_median,15,7,0,2000
main_month_median_pearson,Changjiang,昌江,Autumn,14,pearson,month_median,15,8,0,2000
main_month_median_pearson,Changjiang,昌江,Autumn,14,pearson,month_median,15,9,0,2000
main_month_median_pearson,Changjiang,昌江,Autumn,14,pearson,month_median,15,10,0,2000
main_month_median_pearson,Changjiang,昌江,Autumn,14,pearson,month_median,15,11,0,2000
main_month_median_pearson,Changjiang,昌江,Autumn,14,pearson,month_median,15,12,0,2000
main_month_median_pearson,Changjiang,昌江,Autumn,14,pearson,month_median,15,13,0,2000
main_month_median_pearson,Changjiang,昌江,Autumn,14,pearson,month_median,15,14,0,2000
main_month_median_pearson,Changjiang,昌江,Autumn,14,pearson,month_median,15,15,0,2000
main_month_median_pearson,Changjiang,昌江,Autumn,14,pearson,month_median,20,0,0,2000
main_month_median_pearson,Changjiang,昌江,Autumn,14,pearson,month_median,20,1,0.039,2000
main_month_median_pearson,Changjiang,昌江,Autumn,14,pearson,month_median,20,2,0.961,2000
main_month_median_pearson,Changjiang,昌江,Autumn,14,pearson,month_median,20,3,0,2000
main_month_median_pearson,Changjiang,昌江,Autumn,14,pearson,month_median,20,4,0,2000
main_month_median_pearson,Changjiang,昌江,Autumn,14,pearson,month_median,20,5,0,2000
main_month_median_pearson,Changjiang,昌江,Autumn,14,pearson,month_median,20,6,0,2000
main_month_median_pearson,Changjiang,昌江,Autumn,14,pearson,month_median,20,7,0,2000
main_month_median_pearson,Changjiang,昌江,Autumn,14,pearson,month_median,20,8,0,2000
main_month_median_pearson,Changjiang,昌江,Autumn,14,pearson,month_median,20,9,0,2000
main_month_median_pearson,Changjiang,昌江,Autumn,14,pearson,month_median,20,10,0,2000
main_month_median_pearson,Changjiang,昌江,Autumn,14,pearson,month_median,20,11,0,2000
main_month_median_pearson,Changjiang,昌江,Autumn,14,pearson,month_median,20,12,0,2000
main_month_median_pearson,Changjiang,昌江,Autumn,14,pearson,month_median,20,13,0,2000
main_month_median_pearson,Changjiang,昌江,Autumn,14,pearson,month_median,20,14,0,2000
main_month_median_pearson,Changjiang,昌江,Autumn,14,pearson,month_median,20,15,0,2000
main_month_median_pearson,Changjiang,昌江,Autumn,14,pearson,month_median,20,16,0,2000
main_month_median_pearson,Changjiang,昌江,Autumn,14,pearson,month_median,20,17,0,2000
main_month_median_pearson,Changjiang,昌江,Autumn,14,pearson,month_median,20,18,0,2000
main_month_median_pearson,Changjiang,昌江,Autumn,14,pearson,month_median,20,19,0,2000
main_month_median_pearson,Changjiang,昌江,Autumn,14,pearson,month_median,20,20,0,2000
main_month_median_pearson,Changjiang,昌江,Spring,14,pearson,month_median,10,0,0,2000
main_month_median_pearson,Changjiang,昌江,Spring,14,pearson,month_median,10,1,1,2000
main_month_median_pearson,Changjiang,昌江,Spring,14,pearson,month_median,10,2,0,2000
main_month_median_pearson,Changjiang,昌江,Spring,14,pearson,month_median,10,3,0,2000
main_month_median_pearson,Changjiang,昌江,Spring,14,pearson,month_median,10,4,0,2000
main_month_median_pearson,Changjiang,昌江,Spring,14,pearson,month_median,10,5,0,2000
main_month_median_pearson,Changjiang,昌江,Spring,14,pearson,month_median,10,6,0,2000
main_month_median_pearson,Changjiang,昌江,Spring,14,pearson,month_median,10,7,0,2000
main_month_median_pearson,Changjiang,昌江,Spring,14,pearson,month_median,10,8,0,2000
main_month_median_pearson,Changjiang,昌江,Spring,14,pearson,month_median,10,9,0,2000
main_month_median_pearson,Changjiang,昌江,Spring,14,pearson,month_median,10,10,0,2000
main_month_median_pearson,Changjiang,昌江,Spring,14,pearson,month_median,15,0,0,2000
main_month_median_pearson,Changjiang,昌江,Spring,14,pearson,month_median,15,1,1,2000
main_month_median_pearson,Changjiang,昌江,Spring,14,pearson,month_median,15,2,0,2000
main_month_median_pearson,Changjiang,昌江,Spring,14,pearson,month_median,15,3,0,2000
main_month_median_pearson,Changjiang,昌江,Spring,14,pearson,month_median,15,4,0,2000
main_month_median_pearson,Changjiang,昌江,Spring,14,pearson,month_median,15,5,0,2000
main_month_median_pearson,Changjiang,昌江,Spring,14,pearson,month_median,15,6,0,2000
main_month_median_pearson,Changjiang,昌江,Spring,14,pearson,month_median,15,7,0,2000
main_month_median_pearson,Changjiang,昌江,Spring,14,pearson,month_median,15,8,0,2000
main_month_median_pearson,Changjiang,昌江,Spring,14,pearson,month_median,15,9,0,2000
main_month_median_pearson,Changjiang,昌江,Spring,14,pearson,month_median,15,10,0,2000
main_month_median_pearson,Changjiang,昌江,Spring,14,pearson,month_median,15,11,0,2000
main_month_median_pearson,Changjiang,昌江,Spring,14,pearson,month_median,15,12,0,2000
main_month_median_pearson,Changjiang,昌江,Spring,14,pearson,month_median,15,13,0,2000
main_month_median_pearson,Changjiang,昌江,Spring,14,pearson,month_median,15,14,0,2000
main_month_median_pearson,Changjiang,昌江,Spring,14,pearson,month_median,15,15,0,2000
main_month_median_pearson,Changjiang,昌江,Spring,14,pearson,month_median,20,0,0,2000
main_month_median_pearson,Changjiang,昌江,Spring,14,pearson,month_median,20,1,1,2000
main_month_median_pearson,Changjiang,昌江,Spring,14,pearson,month_median,20,2,0,2000
main_month_median_pearson,Changjiang,昌江,Spring,14,pearson,month_median,20,3,0,2000
main_month_median_pearson,Changjiang,昌江,Spring,14,pearson,month_median,20,4,0,2000
main_month_median_pearson,Changjiang,昌江,Spring,14,pearson,month_median,20,5,0,2000
main_month_median_pearson,Changjiang,昌江,Spring,14,pearson,month_median,20,6,0,2000
main_month_median_pearson,Changjiang,昌江,Spring,14,pearson,month_median,20,7,0,2000
main_month_median_pearson,Changjiang,昌江,Spring,14,pearson,month_median,20,8,0,2000
main_month_median_pearson,Changjiang,昌江,Spring,14,pearson,month_median,20,9,0,2000
main_month_median_pearson,Changjiang,昌江,Spring,14,pearson,month_median,20,10,0,2000
main_month_median_pearson,Changjiang,昌江,Spring,14,pearson,month_median,20,11,0,2000
main_month_median_pearson,Changjiang,昌江,Spring,14,pearson,month_median,20,12,0,2000
main_month_median_pearson,Changjiang,昌江,Spring,14,pearson,month_median,20,13,0,2000
main_month_median_pearson,Changjiang,昌江,Spring,14,pearson,month_median,20,14,0,2000
main_month_median_pearson,Changjiang,昌江,Spring,14,pearson,month_median,20,15,0,2000
main_month_median_pearson,Changjiang,昌江,Spring,14,pearson,month_median,20,16,0,2000
main_month_median_pearson,Changjiang,昌江,Spring,14,pearson,month_median,20,17,0,2000
main_month_median_pearson,Changjiang,昌江,Spring,14,pearson,month_median,20,18,0,2000
main_month_median_pearson,Changjiang,昌江,Spring,14,pearson,month_median,20,19,0,2000
main_month_median_pearson,Changjiang,昌江,Spring,14,pearson,month_median,20,20,0,2000
main_month_median_pearson,Changjiang,昌江,Summer,14,pearson,month_median,10,0,0,2000
main_month_median_pearson,Changjiang,昌江,Summer,14,pearson,month_median,10,1,1,2000
main_month_median_pearson,Changjiang,昌江,Summer,14,pearson,month_median,10,2,0,2000
main_month_median_pearson,Changjiang,昌江,Summer,14,pearson,month_median,10,3,0,2000
main_month_median_pearson,Changjiang,昌江,Summer,14,pearson,month_median,10,4,0,2000
main_month_median_pearson,Changjiang,昌江,Summer,14,pearson,month_median,10,5,0,2000
main_month_median_pearson,Changjiang,昌江,Summer,14,pearson,month_median,10,6,0,2000
main_month_median_pearson,Changjiang,昌江,Summer,14,pearson,month_median,10,7,0,2000
main_month_median_pearson,Changjiang,昌江,Summer,14,pearson,month_median,10,8,0,2000
main_month_median_pearson,Changjiang,昌江,Summer,14,pearson,month_median,10,9,0,2000
main_month_median_pearson,Changjiang,昌江,Summer,14,pearson,month_median,10,10,0,2000
main_month_median_pearson,Changjiang,昌江,Summer,14,pearson,month_median,15,0,0,2000
main_month_median_pearson,Changjiang,昌江,Summer,14,pearson,month_median,15,1,1,2000
main_month_median_pearson,Changjiang,昌江,Summer,14,pearson,month_median,15,2,0,2000
main_month_median_pearson,Changjiang,昌江,Summer,14,pearson,month_median,15,3,0,2000
main_month_median_pearson,Changjiang,昌江,Summer,14,pearson,month_median,15,4,0,2000
main_month_median_pearson,Changjiang,昌江,Summer,14,pearson,month_median,15,5,0,2000
main_month_median_pearson,Changjiang,昌江,Summer,14,pearson,month_median,15,6,0,2000
main_month_median_pearson,Changjiang,昌江,Summer,14,pearson,month_median,15,7,0,2000
main_month_median_pearson,Changjiang,昌江,Summer,14,pearson,month_median,15,8,0,2000
main_month_median_pearson,Changjiang,昌江,Summer,14,pearson,month_median,15,9,0,2000
main_month_median_pearson,Changjiang,昌江,Summer,14,pearson,month_median,15,10,0,2000
main_month_median_pearson,Changjiang,昌江,Summer,14,pearson,month_median,15,11,0,2000
main_month_median_pearson,Changjiang,昌江,Summer,14,pearson,month_median,15,12,0,2000
main_month_median_pearson,Changjiang,昌江,Summer,14,pearson,month_median,15,13,0,2000
main_month_median_pearson,Changjiang,昌江,Summer,14,pearson,month_median,15,14,0,2000
main_month_median_pearson,Changjiang,昌江,Summer,14,pearson,month_median,15,15,0,2000
main_month_median_pearson,Changjiang,昌江,Summer,14,pearson,month_median,20,0,0,2000
main_month_median_pearson,Changjiang,昌江,Summer,14,pearson,month_median,20,1,1,2000
main_month_median_pearson,Changjiang,昌江,Summer,14,pearson,month_median,20,2,0,2000
main_month_median_pearson,Changjiang,昌江,Summer,14,pearson,month_median,20,3,0,2000
main_month_median_pearson,Changjiang,昌江,Summer,14,pearson,month_median,20,4,0,2000
main_month_median_pearson,Changjiang,昌江,Summer,14,pearson,month_median,20,5,0,2000
main_month_median_pearson,Changjiang,昌江,Summer,14,pearson,month_median,20,6,0,2000
main_month_median_pearson,Changjiang,昌江,Summer,14,pearson,month_median,20,7,0,2000
main_month_median_pearson,Changjiang,昌江,Summer,14,pearson,month_median,20,8,0,2000
main_month_median_pearson,Changjiang,昌江,Summer,14,pearson,month_median,20,9,0,2000
main_month_median_pearson,Changjiang,昌江,Summer,14,pearson,month_median,20,10,0,2000
main_month_median_pearson,Changjiang,昌江,Summer,14,pearson,month_median,20,11,0,2000
main_month_median_pearson,Changjiang,昌江,Summer,14,pearson,month_median,20,12,0,2000
main_month_median_pearson,Changjiang,昌江,Summer,14,pearson,month_median,20,13,0,2000
main_month_median_pearson,Changjiang,昌江,Summer,14,pearson,month_median,20,14,0,2000
main_month_median_pearson,Changjiang,昌江,Summer,14,pearson,month_median,20,15,0,2000
main_month_median_pearson,Changjiang,昌江,Summer,14,pearson,month_median,20,16,0,2000
main_month_median_pearson,Changjiang,昌江,Summer,14,pearson,month_median,20,17,0,2000
main_month_median_pearson,Changjiang,昌江,Summer,14,pearson,month_median,20,18,0,2000
main_month_median_pearson,Changjiang,昌江,Summer,14,pearson,month_median,20,19,0,2000
main_month_median_pearson,Changjiang,昌江,Summer,14,pearson,month_median,20,20,0,2000
main_month_median_pearson,Changjiang,昌江,Winter,13,pearson,month_median,10,0,0.0005,2000
main_month_median_pearson,Changjiang,昌江,Winter,13,pearson,month_median,10,1,0.698,2000
main_month_median_pearson,Changjiang,昌江,Winter,13,pearson,month_median,10,2,0.28,2000
main_month_median_pearson,Changjiang,昌江,Winter,13,pearson,month_median,10,3,0.0215,2000
main_month_median_pearson,Changjiang,昌江,Winter,13,pearson,month_median,10,4,0,2000
main_month_median_pearson,Changjiang,昌江,Winter,13,pearson,month_median,10,5,0,2000
main_month_median_pearson,Changjiang,昌江,Winter,13,pearson,month_median,10,6,0,2000
main_month_median_pearson,Changjiang,昌江,Winter,13,pearson,month_median,10,7,0,2000
main_month_median_pearson,Changjiang,昌江,Winter,13,pearson,month_median,10,8,0,2000
main_month_median_pearson,Changjiang,昌江,Winter,13,pearson,month_median,10,9,0,2000
main_month_median_pearson,Changjiang,昌江,Winter,13,pearson,month_median,10,10,0,2000
main_month_median_pearson,Changjiang,昌江,Winter,13,pearson,month_median,15,0,0.0005,2000
main_month_median_pearson,Changjiang,昌江,Winter,13,pearson,month_median,15,1,0.698,2000
main_month_median_pearson,Changjiang,昌江,Winter,13,pearson,month_median,15,2,0.28,2000
main_month_median_pearson,Changjiang,昌江,Winter,13,pearson,month_median,15,3,0.0215,2000
main_month_median_pearson,Changjiang,昌江,Winter,13,pearson,month_median,15,4,0,2000
main_month_median_pearson,Changjiang,昌江,Winter,13,pearson,month_median,15,5,0,2000
main_month_median_pearson,Changjiang,昌江,Winter,13,pearson,month_median,15,6,0,2000
main_month_median_pearson,Changjiang,昌江,Winter,13,pearson,month_median,15,7,0,2000
main_month_median_pearson,Changjiang,昌江,Winter,13,pearson,month_median,15,8,0,2000
main_month_median_pearson,Changjiang,昌江,Winter,13,pearson,month_median,15,9,0,2000
main_month_median_pearson,Changjiang,昌江,Winter,13,pearson,month_median,15,10,0,2000
main_month_median_pearson,Changjiang,昌江,Winter,13,pearson,month_median,15,11,0,2000
main_month_median_pearson,Changjiang,昌江,Winter,13,pearson,month_median,15,12,0,2000
main_month_median_pearson,Changjiang,昌江,Winter,13,pearson,month_median,15,13,0,2000
main_month_median_pearson,Changjiang,昌江,Winter,13,pearson,month_median,15,14,0,2000
main_month_median_pearson,Changjiang,昌江,Winter,13,pearson,month_median,15,15,0,2000
main_month_median_pearson,Changjiang,昌江,Winter,13,pearson,month_median,20,0,0.0005,2000
main_month_median_pearson,Changjiang,昌江,Winter,13,pearson,month_median,20,1,0.698,2000
main_month_median_pearson,Changjiang,昌江,Winter,13,pearson,month_median,20,2,0.28,2000
main_month_median_pearson,Changjiang,昌江,Winter,13,pearson,month_median,20,3,0.0215,2000
main_month_median_pearson,Changjiang,昌江,Winter,13,pearson,month_median,20,4,0,2000
main_month_median_pearson,Changjiang,昌江,Winter,13,pearson,month_median,20,5,0,2000
main_month_median_pearson,Changjiang,昌江,Winter,13,pearson,month_median,20,6,0,2000
main_month_median_pearson,Changjiang,昌江,Winter,13,pearson,month_median,20,7,0,2000
main_month_median_pearson,Changjiang,昌江,Winter,13,pearson,month_median,20,8,0,2000
main_month_median_pearson,Changjiang,昌江,Winter,13,pearson,month_median,20,9,0,2000
main_month_median_pearson,Changjiang,昌江,Winter,13,pearson,month_median,20,10,0,2000
main_month_median_pearson,Changjiang,昌江,Winter,13,pearson,month_median,20,11,0,2000
main_month_median_pearson,Changjiang,昌江,Winter,13,pearson,month_median,20,12,0,2000
main_month_median_pearson,Changjiang,昌江,Winter,13,pearson,month_median,20,13,0,2000
main_month_median_pearson,Changjiang,昌江,Winter,13,pearson,month_median,20,14,0,2000
main_month_median_pearson,Changjiang,昌江,Winter,13,pearson,month_median,20,15,0,2000
main_month_median_pearson,Changjiang,昌江,Winter,13,pearson,month_median,20,16,0,2000
main_month_median_pearson,Changjiang,昌江,Winter,13,pearson,month_median,20,17,0,2000
main_month_median_pearson,Changjiang,昌江,Winter,13,pearson,month_median,20,18,0,2000
main_month_median_pearson,Changjiang,昌江,Winter,13,pearson,month_median,20,19,0,2000
main_month_median_pearson,Changjiang,昌江,Winter,13,pearson,month_median,20,20,0,2000
main_month_median_pearson,Fuhe,抚河,All,14,pearson,month_median,10,0,0,2000
main_month_median_pearson,Fuhe,抚河,All,14,pearson,month_median,10,1,0,2000
main_month_median_pearson,Fuhe,抚河,All,14,pearson,month_median,10,2,1,2000
main_month_median_pearson,Fuhe,抚河,All,14,pearson,month_median,10,3,0,2000
main_month_median_pearson,Fuhe,抚河,All,14,pearson,month_median,10,4,0,2000
main_month_median_pearson,Fuhe,抚河,All,14,pearson,month_median,10,5,0,2000
main_month_median_pearson,Fuhe,抚河,All,14,pearson,month_median,10,6,0,2000
main_month_median_pearson,Fuhe,抚河,All,14,pearson,month_median,10,7,0,2000
main_month_median_pearson,Fuhe,抚河,All,14,pearson,month_median,10,8,0,2000
main_month_median_pearson,Fuhe,抚河,All,14,pearson,month_median,10,9,0,2000
main_month_median_pearson,Fuhe,抚河,All,14,pearson,month_median,10,10,0,2000
main_month_median_pearson,Fuhe,抚河,All,14,pearson,month_median,15,0,0,2000
main_month_median_pearson,Fuhe,抚河,All,14,pearson,month_median,15,1,0,2000
main_month_median_pearson,Fuhe,抚河,All,14,pearson,month_median,15,2,1,2000
main_month_median_pearson,Fuhe,抚河,All,14,pearson,month_median,15,3,0,2000
main_month_median_pearson,Fuhe,抚河,All,14,pearson,month_median,15,4,0,2000
main_month_median_pearson,Fuhe,抚河,All,14,pearson,month_median,15,5,0,2000
main_month_median_pearson,Fuhe,抚河,All,14,pearson,month_median,15,6,0,2000
main_month_median_pearson,Fuhe,抚河,All,14,pearson,month_median,15,7,0,2000
main_month_median_pearson,Fuhe,抚河,All,14,pearson,month_median,15,8,0,2000
main_month_median_pearson,Fuhe,抚河,All,14,pearson,month_median,15,9,0,2000
main_month_median_pearson,Fuhe,抚河,All,14,pearson,month_median,15,10,0,2000
main_month_median_pearson,Fuhe,抚河,All,14,pearson,month_median,15,11,0,2000
main_month_median_pearson,Fuhe,抚河,All,14,pearson,month_median,15,12,0,2000
main_month_median_pearson,Fuhe,抚河,All,14,pearson,month_median,15,13,0,2000
main_month_median_pearson,Fuhe,抚河,All,14,pearson,month_median,15,14,0,2000
main_month_median_pearson,Fuhe,抚河,All,14,pearson,month_median,15,15,0,2000
main_month_median_pearson,Fuhe,抚河,All,14,pearson,month_median,20,0,0,2000
main_month_median_pearson,Fuhe,抚河,All,14,pearson,month_median,20,1,0,2000
main_month_median_pearson,Fuhe,抚河,All,14,pearson,month_median,20,2,1,2000
main_month_median_pearson,Fuhe,抚河,All,14,pearson,month_median,20,3,0,2000
main_month_median_pearson,Fuhe,抚河,All,14,pearson,month_median,20,4,0,2000
main_month_median_pearson,Fuhe,抚河,All,14,pearson,month_median,20,5,0,2000
main_month_median_pearson,Fuhe,抚河,All,14,pearson,month_median,20,6,0,2000
main_month_median_pearson,Fuhe,抚河,All,14,pearson,month_median,20,7,0,2000
main_month_median_pearson,Fuhe,抚河,All,14,pearson,month_median,20,8,0,2000
main_month_median_pearson,Fuhe,抚河,All,14,pearson,month_median,20,9,0,2000
main_month_median_pearson,Fuhe,抚河,All,14,pearson,month_median,20,10,0,2000
main_month_median_pearson,Fuhe,抚河,All,14,pearson,month_median,20,11,0,2000
main_month_median_pearson,Fuhe,抚河,All,14,pearson,month_median,20,12,0,2000
main_month_median_pearson,Fuhe,抚河,All,14,pearson,month_median,20,13,0,2000
main_month_median_pearson,Fuhe,抚河,All,14,pearson,month_median,20,14,0,2000
main_month_median_pearson,Fuhe,抚河,All,14,pearson,month_median,20,15,0,2000
main_month_median_pearson,Fuhe,抚河,All,14,pearson,month_median,20,16,0,2000
main_month_median_pearson,Fuhe,抚河,All,14,pearson,month_median,20,17,0,2000
main_month_median_pearson,Fuhe,抚河,All,14,pearson,month_median,20,18,0,2000
main_month_median_pearson,Fuhe,抚河,All,14,pearson,month_median,20,19,0,2000
main_month_median_pearson,Fuhe,抚河,All,14,pearson,month_median,20,20,0,2000
main_month_median_pearson,Fuhe,抚河,Autumn,14,pearson,month_median,10,0,0,2000
main_month_median_pearson,Fuhe,抚河,Autumn,14,pearson,month_median,10,1,0,2000
main_month_median_pearson,Fuhe,抚河,Autumn,14,pearson,month_median,10,2,1,2000
main_month_median_pearson,Fuhe,抚河,Autumn,14,pearson,month_median,10,3,0,2000
main_month_median_pearson,Fuhe,抚河,Autumn,14,pearson,month_median,10,4,0,2000
main_month_median_pearson,Fuhe,抚河,Autumn,14,pearson,month_median,10,5,0,2000
main_month_median_pearson,Fuhe,抚河,Autumn,14,pearson,month_median,10,6,0,2000
main_month_median_pearson,Fuhe,抚河,Autumn,14,pearson,month_median,10,7,0,2000
main_month_median_pearson,Fuhe,抚河,Autumn,14,pearson,month_median,10,8,0,2000
main_month_median_pearson,Fuhe,抚河,Autumn,14,pearson,month_median,10,9,0,2000
main_month_median_pearson,Fuhe,抚河,Autumn,14,pearson,month_median,10,10,0,2000
main_month_median_pearson,Fuhe,抚河,Autumn,14,pearson,month_median,15,0,0,2000
main_month_median_pearson,Fuhe,抚河,Autumn,14,pearson,month_median,15,1,0,2000
main_month_median_pearson,Fuhe,抚河,Autumn,14,pearson,month_median,15,2,1,2000
main_month_median_pearson,Fuhe,抚河,Autumn,14,pearson,month_median,15,3,0,2000
main_month_median_pearson,Fuhe,抚河,Autumn,14,pearson,month_median,15,4,0,2000
main_month_median_pearson,Fuhe,抚河,Autumn,14,pearson,month_median,15,5,0,2000
main_month_median_pearson,Fuhe,抚河,Autumn,14,pearson,month_median,15,6,0,2000
main_month_median_pearson,Fuhe,抚河,Autumn,14,pearson,month_median,15,7,0,2000
main_month_median_pearson,Fuhe,抚河,Autumn,14,pearson,month_median,15,8,0,2000
main_month_median_pearson,Fuhe,抚河,Autumn,14,pearson,month_median,15,9,0,2000
main_month_median_pearson,Fuhe,抚河,Autumn,14,pearson,month_median,15,10,0,2000
main_month_median_pearson,Fuhe,抚河,Autumn,14,pearson,month_median,15,11,0,2000
main_month_median_pearson,Fuhe,抚河,Autumn,14,pearson,month_median,15,12,0,2000
main_month_median_pearson,Fuhe,抚河,Autumn,14,pearson,month_median,15,13,0,2000
main_month_median_pearson,Fuhe,抚河,Autumn,14,pearson,month_median,15,14,0,2000
main_month_median_pearson,Fuhe,抚河,Autumn,14,pearson,month_median,15,15,0,2000
main_month_median_pearson,Fuhe,抚河,Autumn,14,pearson,month_median,20,0,0,2000
main_month_median_pearson,Fuhe,抚河,Autumn,14,pearson,month_median,20,1,0,2000
main_month_median_pearson,Fuhe,抚河,Autumn,14,pearson,month_median,20,2,1,2000
main_month_median_pearson,Fuhe,抚河,Autumn,14,pearson,month_median,20,3,0,2000
main_month_median_pearson,Fuhe,抚河,Autumn,14,pearson,month_median,20,4,0,2000
main_month_median_pearson,Fuhe,抚河,Autumn,14,pearson,month_median,20,5,0,2000
main_month_median_pearson,Fuhe,抚河,Autumn,14,pearson,month_median,20,6,0,2000
main_month_median_pearson,Fuhe,抚河,Autumn,14,pearson,month_median,20,7,0,2000
main_month_median_pearson,Fuhe,抚河,Autumn,14,pearson,month_median,20,8,0,2000
main_month_median_pearson,Fuhe,抚河,Autumn,14,pearson,month_median,20,9,0,2000
main_month_median_pearson,Fuhe,抚河,Autumn,14,pearson,month_median,20,10,0,2000
main_month_median_pearson,Fuhe,抚河,Autumn,14,pearson,month_median,20,11,0,2000
main_month_median_pearson,Fuhe,抚河,Autumn,14,pearson,month_median,20,12,0,2000
main_month_median_pearson,Fuhe,抚河,Autumn,14,pearson,month_median,20,13,0,2000
main_month_median_pearson,Fuhe,抚河,Autumn,14,pearson,month_median,20,14,0,2000
main_month_median_pearson,Fuhe,抚河,Autumn,14,pearson,month_median,20,15,0,2000
main_month_median_pearson,Fuhe,抚河,Autumn,14,pearson,month_median,20,16,0,2000
main_month_median_pearson,Fuhe,抚河,Autumn,14,pearson,month_median,20,17,0,2000
main_month_median_pearson,Fuhe,抚河,Autumn,14,pearson,month_median,20,18,0,2000
main_month_median_pearson,Fuhe,抚河,Autumn,14,pearson,month_median,20,19,0,2000
main_month_median_pearson,Fuhe,抚河,Autumn,14,pearson,month_median,20,20,0,2000
main_month_median_pearson,Fuhe,抚河,Spring,14,pearson,month_median,10,0,0,2000
main_month_median_pearson,Fuhe,抚河,Spring,14,pearson,month_median,10,1,0.054,2000
main_month_median_pearson,Fuhe,抚河,Spring,14,pearson,month_median,10,2,0.946,2000
main_month_median_pearson,Fuhe,抚河,Spring,14,pearson,month_median,10,3,0,2000
main_month_median_pearson,Fuhe,抚河,Spring,14,pearson,month_median,10,4,0,2000
main_month_median_pearson,Fuhe,抚河,Spring,14,pearson,month_median,10,5,0,2000
main_month_median_pearson,Fuhe,抚河,Spring,14,pearson,month_median,10,6,0,2000
main_month_median_pearson,Fuhe,抚河,Spring,14,pearson,month_median,10,7,0,2000
main_month_median_pearson,Fuhe,抚河,Spring,14,pearson,month_median,10,8,0,2000
main_month_median_pearson,Fuhe,抚河,Spring,14,pearson,month_median,10,9,0,2000
main_month_median_pearson,Fuhe,抚河,Spring,14,pearson,month_median,10,10,0,2000
main_month_median_pearson,Fuhe,抚河,Spring,14,pearson,month_median,15,0,0,2000
main_month_median_pearson,Fuhe,抚河,Spring,14,pearson,month_median,15,1,0.054,2000
main_month_median_pearson,Fuhe,抚河,Spring,14,pearson,month_median,15,2,0.946,2000
main_month_median_pearson,Fuhe,抚河,Spring,14,pearson,month_median,15,3,0,2000
main_month_median_pearson,Fuhe,抚河,Spring,14,pearson,month_median,15,4,0,2000
main_month_median_pearson,Fuhe,抚河,Spring,14,pearson,month_median,15,5,0,2000
main_month_median_pearson,Fuhe,抚河,Spring,14,pearson,month_median,15,6,0,2000
main_month_median_pearson,Fuhe,抚河,Spring,14,pearson,month_median,15,7,0,2000
main_month_median_pearson,Fuhe,抚河,Spring,14,pearson,month_median,15,8,0,2000
main_month_median_pearson,Fuhe,抚河,Spring,14,pearson,month_median,15,9,0,2000
main_month_median_pearson,Fuhe,抚河,Spring,14,pearson,month_median,15,10,0,2000
main_month_median_pearson,Fuhe,抚河,Spring,14,pearson,month_median,15,11,0,2000
main_month_median_pearson,Fuhe,抚河,Spring,14,pearson,month_median,15,12,0,2000
main_month_median_pearson,Fuhe,抚河,Spring,14,pearson,month_median,15,13,0,2000
main_month_median_pearson,Fuhe,抚河,Spring,14,pearson,month_median,15,14,0,2000
main_month_median_pearson,Fuhe,抚河,Spring,14,pearson,month_median,15,15,0,2000
main_month_median_pearson,Fuhe,抚河,Spring,14,pearson,month_median,20,0,0,2000
main_month_median_pearson,Fuhe,抚河,Spring,14,pearson,month_median,20,1,0.054,2000
main_month_median_pearson,Fuhe,抚河,Spring,14,pearson,month_median,20,2,0.946,2000
main_month_median_pearson,Fuhe,抚河,Spring,14,pearson,month_median,20,3,0,2000
main_month_median_pearson,Fuhe,抚河,Spring,14,pearson,month_median,20,4,0,2000
main_month_median_pearson,Fuhe,抚河,Spring,14,pearson,month_median,20,5,0,2000
main_month_median_pearson,Fuhe,抚河,Spring,14,pearson,month_median,20,6,0,2000
main_month_median_pearson,Fuhe,抚河,Spring,14,pearson,month_median,20,7,0,2000
main_month_median_pearson,Fuhe,抚河,Spring,14,pearson,month_median,20,8,0,2000
main_month_median_pearson,Fuhe,抚河,Spring,14,pearson,month_median,20,9,0,2000
main_month_median_pearson,Fuhe,抚河,Spring,14,pearson,month_median,20,10,0,2000
main_month_median_pearson,Fuhe,抚河,Spring,14,pearson,month_median,20,11,0,2000
main_month_median_pearson,Fuhe,抚河,Spring,14,pearson,month_median,20,12,0,2000
main_month_median_pearson,Fuhe,抚河,Spring,14,pearson,month_median,20,13,0,2000
main_month_median_pearson,Fuhe,抚河,Spring,14,pearson,month_median,20,14,0,2000
main_month_median_pearson,Fuhe,抚河,Spring,14,pearson,month_median,20,15,0,2000
main_month_median_pearson,Fuhe,抚河,Spring,14,pearson,month_median,20,16,0,2000
main_month_median_pearson,Fuhe,抚河,Spring,14,pearson,month_median,20,17,0,2000
main_month_median_pearson,Fuhe,抚河,Spring,14,pearson,month_median,20,18,0,2000
main_month_median_pearson,Fuhe,抚河,Spring,14,pearson,month_median,20,19,0,2000
main_month_median_pearson,Fuhe,抚河,Spring,14,pearson,month_median,20,20,0,2000
main_month_median_pearson,Fuhe,抚河,Summer,14,pearson,month_median,10,0,0,2000
main_month_median_pearson,Fuhe,抚河,Summer,14,pearson,month_median,10,1,0.015,2000
main_month_median_pearson,Fuhe,抚河,Summer,14,pearson,month_median,10,2,0.985,2000
main_month_median_pearson,Fuhe,抚河,Summer,14,pearson,month_median,10,3,0,2000
main_month_median_pearson,Fuhe,抚河,Summer,14,pearson,month_median,10,4,0,2000
main_month_median_pearson,Fuhe,抚河,Summer,14,pearson,month_median,10,5,0,2000
main_month_median_pearson,Fuhe,抚河,Summer,14,pearson,month_median,10,6,0,2000
main_month_median_pearson,Fuhe,抚河,Summer,14,pearson,month_median,10,7,0,2000
main_month_median_pearson,Fuhe,抚河,Summer,14,pearson,month_median,10,8,0,2000
main_month_median_pearson,Fuhe,抚河,Summer,14,pearson,month_median,10,9,0,2000
main_month_median_pearson,Fuhe,抚河,Summer,14,pearson,month_median,10,10,0,2000
main_month_median_pearson,Fuhe,抚河,Summer,14,pearson,month_median,15,0,0,2000
main_month_median_pearson,Fuhe,抚河,Summer,14,pearson,month_median,15,1,0.015,2000
main_month_median_pearson,Fuhe,抚河,Summer,14,pearson,month_median,15,2,0.985,2000
main_month_median_pearson,Fuhe,抚河,Summer,14,pearson,month_median,15,3,0,2000
main_month_median_pearson,Fuhe,抚河,Summer,14,pearson,month_median,15,4,0,2000
main_month_median_pearson,Fuhe,抚河,Summer,14,pearson,month_median,15,5,0,2000
main_month_median_pearson,Fuhe,抚河,Summer,14,pearson,month_median,15,6,0,2000
main_month_median_pearson,Fuhe,抚河,Summer,14,pearson,month_median,15,7,0,2000
main_month_median_pearson,Fuhe,抚河,Summer,14,pearson,month_median,15,8,0,2000
main_month_median_pearson,Fuhe,抚河,Summer,14,pearson,month_median,15,9,0,2000
main_month_median_pearson,Fuhe,抚河,Summer,14,pearson,month_median,15,10,0,2000
main_month_median_pearson,Fuhe,抚河,Summer,14,pearson,month_median,15,11,0,2000
main_month_median_pearson,Fuhe,抚河,Summer,14,pearson,month_median,15,12,0,2000
main_month_median_pearson,Fuhe,抚河,Summer,14,pearson,month_median,15,13,0,2000
main_month_median_pearson,Fuhe,抚河,Summer,14,pearson,month_median,15,14,0,2000
main_month_median_pearson,Fuhe,抚河,Summer,14,pearson,month_median,15,15,0,2000
main_month_median_pearson,Fuhe,抚河,Summer,14,pearson,month_median,20,0,0,2000
main_month_median_pearson,Fuhe,抚河,Summer,14,pearson,month_median,20,1,0.015,2000
main_month_median_pearson,Fuhe,抚河,Summer,14,pearson,month_median,20,2,0.985,2000
main_month_median_pearson,Fuhe,抚河,Summer,14,pearson,month_median,20,3,0,2000
main_month_median_pearson,Fuhe,抚河,Summer,14,pearson,month_median,20,4,0,2000
main_month_median_pearson,Fuhe,抚河,Summer,14,pearson,month_median,20,5,0,2000
main_month_median_pearson,Fuhe,抚河,Summer,14,pearson,month_median,20,6,0,2000
main_month_median_pearson,Fuhe,抚河,Summer,14,pearson,month_median,20,7,0,2000
main_month_median_pearson,Fuhe,抚河,Summer,14,pearson,month_median,20,8,0,2000
main_month_median_pearson,Fuhe,抚河,Summer,14,pearson,month_median,20,9,0,2000
main_month_median_pearson,Fuhe,抚河,Summer,14,pearson,month_median,20,10,0,2000
main_month_median_pearson,Fuhe,抚河,Summer,14,pearson,month_median,20,11,0,2000
main_month_median_pearson,Fuhe,抚河,Summer,14,pearson,month_median,20,12,0,2000
main_month_median_pearson,Fuhe,抚河,Summer,14,pearson,month_median,20,13,0,2000
main_month_median_pearson,Fuhe,抚河,Summer,14,pearson,month_median,20,14,0,2000
main_month_median_pearson,Fuhe,抚河,Summer,14,pearson,month_median,20,15,0,2000
main_month_median_pearson,Fuhe,抚河,Summer,14,pearson,month_median,20,16,0,2000
main_month_median_pearson,Fuhe,抚河,Summer,14,pearson,month_median,20,17,0,2000
main_month_median_pearson,Fuhe,抚河,Summer,14,pearson,month_median,20,18,0,2000
main_month_median_pearson,Fuhe,抚河,Summer,14,pearson,month_median,20,19,0,2000
main_month_median_pearson,Fuhe,抚河,Summer,14,pearson,month_median,20,20,0,2000
main_month_median_pearson,Fuhe,抚河,Winter,13,pearson,month_median,10,0,0,2000
main_month_median_pearson,Fuhe,抚河,Winter,13,pearson,month_median,10,1,0,2000
main_month_median_pearson,Fuhe,抚河,Winter,13,pearson,month_median,10,2,0.999,2000
main_month_median_pearson,Fuhe,抚河,Winter,13,pearson,month_median,10,3,0.001,2000
main_month_median_pearson,Fuhe,抚河,Winter,13,pearson,month_median,10,4,0,2000
main_month_median_pearson,Fuhe,抚河,Winter,13,pearson,month_median,10,5,0,2000
main_month_median_pearson,Fuhe,抚河,Winter,13,pearson,month_median,10,6,0,2000
main_month_median_pearson,Fuhe,抚河,Winter,13,pearson,month_median,10,7,0,2000
main_month_median_pearson,Fuhe,抚河,Winter,13,pearson,month_median,10,8,0,2000
main_month_median_pearson,Fuhe,抚河,Winter,13,pearson,month_median,10,9,0,2000
main_month_median_pearson,Fuhe,抚河,Winter,13,pearson,month_median,10,10,0,2000
main_month_median_pearson,Fuhe,抚河,Winter,13,pearson,month_median,15,0,0,2000
main_month_median_pearson,Fuhe,抚河,Winter,13,pearson,month_median,15,1,0,2000
main_month_median_pearson,Fuhe,抚河,Winter,13,pearson,month_median,15,2,0.999,2000
main_month_median_pearson,Fuhe,抚河,Winter,13,pearson,month_median,15,3,0.001,2000
main_month_median_pearson,Fuhe,抚河,Winter,13,pearson,month_median,15,4,0,2000
main_month_median_pearson,Fuhe,抚河,Winter,13,pearson,month_median,15,5,0,2000
main_month_median_pearson,Fuhe,抚河,Winter,13,pearson,month_median,15,6,0,2000
main_month_median_pearson,Fuhe,抚河,Winter,13,pearson,month_median,15,7,0,2000
main_month_median_pearson,Fuhe,抚河,Winter,13,pearson,month_median,15,8,0,2000
main_month_median_pearson,Fuhe,抚河,Winter,13,pearson,month_median,15,9,0,2000
main_month_median_pearson,Fuhe,抚河,Winter,13,pearson,month_median,15,10,0,2000
main_month_median_pearson,Fuhe,抚河,Winter,13,pearson,month_median,15,11,0,2000
main_month_median_pearson,Fuhe,抚河,Winter,13,pearson,month_median,15,12,0,2000
main_month_median_pearson,Fuhe,抚河,Winter,13,pearson,month_median,15,13,0,2000
main_month_median_pearson,Fuhe,抚河,Winter,13,pearson,month_median,15,14,0,2000
main_month_median_pearson,Fuhe,抚河,Winter,13,pearson,month_median,15,15,0,2000
main_month_median_pearson,Fuhe,抚河,Winter,13,pearson,month_median,20,0,0,2000
main_month_median_pearson,Fuhe,抚河,Winter,13,pearson,month_median,20,1,0,2000
main_month_median_pearson,Fuhe,抚河,Winter,13,pearson,month_median,20,2,0.999,2000
main_month_median_pearson,Fuhe,抚河,Winter,13,pearson,month_median,20,3,0.001,2000
main_month_median_pearson,Fuhe,抚河,Winter,13,pearson,month_median,20,4,0,2000
main_month_median_pearson,Fuhe,抚河,Winter,13,pearson,month_median,20,5,0,2000
main_month_median_pearson,Fuhe,抚河,Winter,13,pearson,month_median,20,6,0,2000
main_month_median_pearson,Fuhe,抚河,Winter,13,pearson,month_median,20,7,0,2000
main_month_median_pearson,Fuhe,抚河,Winter,13,pearson,month_median,20,8,0,2000
main_month_median_pearson,Fuhe,抚河,Winter,13,pearson,month_median,20,9,0,2000
main_month_median_pearson,Fuhe,抚河,Winter,13,pearson,month_median,20,10,0,2000
main_month_median_pearson,Fuhe,抚河,Winter,13,pearson,month_median,20,11,0,2000
main_month_median_pearson,Fuhe,抚河,Winter,13,pearson,month_median,20,12,0,2000
main_month_median_pearson,Fuhe,抚河,Winter,13,pearson,month_median,20,13,0,2000
main_month_median_pearson,Fuhe,抚河,Winter,13,pearson,month_median,20,14,0,2000
main_month_median_pearson,Fuhe,抚河,Winter,13,pearson,month_median,20,15,0,2000
main_month_median_pearson,Fuhe,抚河,Winter,13,pearson,month_median,20,16,0,2000
main_month_median_pearson,Fuhe,抚河,Winter,13,pearson,month_median,20,17,0,2000
main_month_median_pearson,Fuhe,抚河,Winter,13,pearson,month_median,20,18,0,2000
main_month_median_pearson,Fuhe,抚河,Winter,13,pearson,month_median,20,19,0,2000
main_month_median_pearson,Fuhe,抚河,Winter,13,pearson,month_median,20,20,0,2000
main_month_median_pearson,Ganjiang,赣江,All,14,pearson,month_median,10,0,0,2000
main_month_median_pearson,Ganjiang,赣江,All,14,pearson,month_median,10,1,0,2000
main_month_median_pearson,Ganjiang,赣江,All,14,pearson,month_median,10,2,0,2000
main_month_median_pearson,Ganjiang,赣江,All,14,pearson,month_median,10,3,0.7395,2000
main_month_median_pearson,Ganjiang,赣江,All,14,pearson,month_median,10,4,0.2605,2000
main_month_median_pearson,Ganjiang,赣江,All,14,pearson,month_median,10,5,0,2000
main_month_median_pearson,Ganjiang,赣江,All,14,pearson,month_median,10,6,0,2000
main_month_median_pearson,Ganjiang,赣江,All,14,pearson,month_median,10,7,0,2000
main_month_median_pearson,Ganjiang,赣江,All,14,pearson,month_median,10,8,0,2000
main_month_median_pearson,Ganjiang,赣江,All,14,pearson,month_median,10,9,0,2000
main_month_median_pearson,Ganjiang,赣江,All,14,pearson,month_median,10,10,0,2000
main_month_median_pearson,Ganjiang,赣江,All,14,pearson,month_median,15,0,0,2000
main_month_median_pearson,Ganjiang,赣江,All,14,pearson,month_median,15,1,0,2000
main_month_median_pearson,Ganjiang,赣江,All,14,pearson,month_median,15,2,0,2000
main_month_median_pearson,Ganjiang,赣江,All,14,pearson,month_median,15,3,0.7395,2000
main_month_median_pearson,Ganjiang,赣江,All,14,pearson,month_median,15,4,0.2605,2000
main_month_median_pearson,Ganjiang,赣江,All,14,pearson,month_median,15,5,0,2000
main_month_median_pearson,Ganjiang,赣江,All,14,pearson,month_median,15,6,0,2000
main_month_median_pearson,Ganjiang,赣江,All,14,pearson,month_median,15,7,0,2000
main_month_median_pearson,Ganjiang,赣江,All,14,pearson,month_median,15,8,0,2000
main_month_median_pearson,Ganjiang,赣江,All,14,pearson,month_median,15,9,0,2000
main_month_median_pearson,Ganjiang,赣江,All,14,pearson,month_median,15,10,0,2000
main_month_median_pearson,Ganjiang,赣江,All,14,pearson,month_median,15,11,0,2000
main_month_median_pearson,Ganjiang,赣江,All,14,pearson,month_median,15,12,0,2000
main_month_median_pearson,Ganjiang,赣江,All,14,pearson,month_median,15,13,0,2000
main_month_median_pearson,Ganjiang,赣江,All,14,pearson,month_median,15,14,0,2000
main_month_median_pearson,Ganjiang,赣江,All,14,pearson,month_median,15,15,0,2000
main_month_median_pearson,Ganjiang,赣江,All,14,pearson,month_median,20,0,0,2000
main_month_median_pearson,Ganjiang,赣江,All,14,pearson,month_median,20,1,0,2000
main_month_median_pearson,Ganjiang,赣江,All,14,pearson,month_median,20,2,0,2000
main_month_median_pearson,Ganjiang,赣江,All,14,pearson,month_median,20,3,0.7395,2000
main_month_median_pearson,Ganjiang,赣江,All,14,pearson,month_median,20,4,0.2605,2000
main_month_median_pearson,Ganjiang,赣江,All,14,pearson,month_median,20,5,0,2000
main_month_median_pearson,Ganjiang,赣江,All,14,pearson,month_median,20,6,0,2000
main_month_median_pearson,Ganjiang,赣江,All,14,pearson,month_median,20,7,0,2000
main_month_median_pearson,Ganjiang,赣江,All,14,pearson,month_median,20,8,0,2000
main_month_median_pearson,Ganjiang,赣江,All,14,pearson,month_median,20,9,0,2000
main_month_median_pearson,Ganjiang,赣江,All,14,pearson,month_median,20,10,0,2000
main_month_median_pearson,Ganjiang,赣江,All,14,pearson,month_median,20,11,0,2000
main_month_median_pearson,Ganjiang,赣江,All,14,pearson,month_median,20,12,0,2000
main_month_median_pearson,Ganjiang,赣江,All,14,pearson,month_median,20,13,0,2000
main_month_median_pearson,Ganjiang,赣江,All,14,pearson,month_median,20,14,0,2000
main_month_median_pearson,Ganjiang,赣江,All,14,pearson,month_median,20,15,0,2000
main_month_median_pearson,Ganjiang,赣江,All,14,pearson,month_median,20,16,0,2000
main_month_median_pearson,Ganjiang,赣江,All,14,pearson,month_median,20,17,0,2000
main_month_median_pearson,Ganjiang,赣江,All,14,pearson,month_median,20,18,0,2000
main_month_median_pearson,Ganjiang,赣江,All,14,pearson,month_median,20,19,0,2000
main_month_median_pearson,Ganjiang,赣江,All,14,pearson,month_median,20,20,0,2000
main_month_median_pearson,Ganjiang,赣江,Autumn,14,pearson,month_median,10,0,0,2000
main_month_median_pearson,Ganjiang,赣江,Autumn,14,pearson,month_median,10,1,0,2000
main_month_median_pearson,Ganjiang,赣江,Autumn,14,pearson,month_median,10,2,0,2000
main_month_median_pearson,Ganjiang,赣江,Autumn,14,pearson,month_median,10,3,0.016,2000
main_month_median_pearson,Ganjiang,赣江,Autumn,14,pearson,month_median,10,4,0.744,2000
main_month_median_pearson,Ganjiang,赣江,Autumn,14,pearson,month_median,10,5,0.0365,2000
main_month_median_pearson,Ganjiang,赣江,Autumn,14,pearson,month_median,10,6,0.0205,2000
main_month_median_pearson,Ganjiang,赣江,Autumn,14,pearson,month_median,10,7,0.179,2000
main_month_median_pearson,Ganjiang,赣江,Autumn,14,pearson,month_median,10,8,0.003,2000
main_month_median_pearson,Ganjiang,赣江,Autumn,14,pearson,month_median,10,9,0.001,2000
main_month_median_pearson,Ganjiang,赣江,Autumn,14,pearson,month_median,10,10,0,2000
main_month_median_pearson,Ganjiang,赣江,Autumn,14,pearson,month_median,15,0,0,2000
main_month_median_pearson,Ganjiang,赣江,Autumn,14,pearson,month_median,15,1,0,2000
main_month_median_pearson,Ganjiang,赣江,Autumn,14,pearson,month_median,15,2,0,2000
main_month_median_pearson,Ganjiang,赣江,Autumn,14,pearson,month_median,15,3,0.016,2000
main_month_median_pearson,Ganjiang,赣江,Autumn,14,pearson,month_median,15,4,0.744,2000
main_month_median_pearson,Ganjiang,赣江,Autumn,14,pearson,month_median,15,5,0.0365,2000
main_month_median_pearson,Ganjiang,赣江,Autumn,14,pearson,month_median,15,6,0.0205,2000
main_month_median_pearson,Ganjiang,赣江,Autumn,14,pearson,month_median,15,7,0.179,2000
main_month_median_pearson,Ganjiang,赣江,Autumn,14,pearson,month_median,15,8,0.003,2000
main_month_median_pearson,Ganjiang,赣江,Autumn,14,pearson,month_median,15,9,0.001,2000
main_month_median_pearson,Ganjiang,赣江,Autumn,14,pearson,month_median,15,10,0,2000
main_month_median_pearson,Ganjiang,赣江,Autumn,14,pearson,month_median,15,11,0,2000
main_month_median_pearson,Ganjiang,赣江,Autumn,14,pearson,month_median,15,12,0,2000
main_month_median_pearson,Ganjiang,赣江,Autumn,14,pearson,month_median,15,13,0,2000
main_month_median_pearson,Ganjiang,赣江,Autumn,14,pearson,month_median,15,14,0,2000
main_month_median_pearson,Ganjiang,赣江,Autumn,14,pearson,month_median,15,15,0,2000
main_month_median_pearson,Ganjiang,赣江,Autumn,14,pearson,month_median,20,0,0,2000
main_month_median_pearson,Ganjiang,赣江,Autumn,14,pearson,month_median,20,1,0,2000
main_month_median_pearson,Ganjiang,赣江,Autumn,14,pearson,month_median,20,2,0,2000
main_month_median_pearson,Ganjiang,赣江,Autumn,14,pearson,month_median,20,3,0.016,2000
main_month_median_pearson,Ganjiang,赣江,Autumn,14,pearson,month_median,20,4,0.744,2000
main_month_median_pearson,Ganjiang,赣江,Autumn,14,pearson,month_median,20,5,0.0365,2000
main_month_median_pearson,Ganjiang,赣江,Autumn,14,pearson,month_median,20,6,0.0205,2000
main_month_median_pearson,Ganjiang,赣江,Autumn,14,pearson,month_median,20,7,0.179,2000
main_month_median_pearson,Ganjiang,赣江,Autumn,14,pearson,month_median,20,8,0.003,2000
main_month_median_pearson,Ganjiang,赣江,Autumn,14,pearson,month_median,20,9,0.001,2000
main_month_median_pearson,Ganjiang,赣江,Autumn,14,pearson,month_median,20,10,0,2000
main_month_median_pearson,Ganjiang,赣江,Autumn,14,pearson,month_median,20,11,0,2000
main_month_median_pearson,Ganjiang,赣江,Autumn,14,pearson,month_median,20,12,0,2000
main_month_median_pearson,Ganjiang,赣江,Autumn,14,pearson,month_median,20,13,0,2000
main_month_median_pearson,Ganjiang,赣江,Autumn,14,pearson,month_median,20,14,0,2000
main_month_median_pearson,Ganjiang,赣江,Autumn,14,pearson,month_median,20,15,0,2000
main_month_median_pearson,Ganjiang,赣江,Autumn,14,pearson,month_median,20,16,0,2000
main_month_median_pearson,Ganjiang,赣江,Autumn,14,pearson,month_median,20,17,0,2000
main_month_median_pearson,Ganjiang,赣江,Autumn,14,pearson,month_median,20,18,0,2000
main_month_median_pearson,Ganjiang,赣江,Autumn,14,pearson,month_median,20,19,0,2000
main_month_median_pearson,Ganjiang,赣江,Autumn,14,pearson,month_median,20,20,0,2000
main_month_median_pearson,Ganjiang,赣江,Spring,14,pearson,month_median,10,0,0,2000
main_month_median_pearson,Ganjiang,赣江,Spring,14,pearson,month_median,10,1,0,2000
main_month_median_pearson,Ganjiang,赣江,Spring,14,pearson,month_median,10,2,0.29,2000
main_month_median_pearson,Ganjiang,赣江,Spring,14,pearson,month_median,10,3,0.475,2000
main_month_median_pearson,Ganjiang,赣江,Spring,14,pearson,month_median,10,4,0.227,2000
main_month_median_pearson,Ganjiang,赣江,Spring,14,pearson,month_median,10,5,0.008,2000
main_month_median_pearson,Ganjiang,赣江,Spring,14,pearson,month_median,10,6,0,2000
main_month_median_pearson,Ganjiang,赣江,Spring,14,pearson,month_median,10,7,0,2000
main_month_median_pearson,Ganjiang,赣江,Spring,14,pearson,month_median,10,8,0,2000
main_month_median_pearson,Ganjiang,赣江,Spring,14,pearson,month_median,10,9,0,2000
main_month_median_pearson,Ganjiang,赣江,Spring,14,pearson,month_median,10,10,0,2000
main_month_median_pearson,Ganjiang,赣江,Spring,14,pearson,month_median,15,0,0,2000
main_month_median_pearson,Ganjiang,赣江,Spring,14,pearson,month_median,15,1,0,2000
main_month_median_pearson,Ganjiang,赣江,Spring,14,pearson,month_median,15,2,0.2765,2000
main_month_median_pearson,Ganjiang,赣江,Spring,14,pearson,month_median,15,3,0.4565,2000
main_month_median_pearson,Ganjiang,赣江,Spring,14,pearson,month_median,15,4,0.227,2000
main_month_median_pearson,Ganjiang,赣江,Spring,14,pearson,month_median,15,5,0.008,2000
main_month_median_pearson,Ganjiang,赣江,Spring,14,pearson,month_median,15,6,0,2000
main_month_median_pearson,Ganjiang,赣江,Spring,14,pearson,month_median,15,7,0,2000
main_month_median_pearson,Ganjiang,赣江,Spring,14,pearson,month_median,15,8,0,2000
main_month_median_pearson,Ganjiang,赣江,Spring,14,pearson,month_median,15,9,0,2000
main_month_median_pearson,Ganjiang,赣江,Spring,14,pearson,month_median,15,10,0,2000
main_month_median_pearson,Ganjiang,赣江,Spring,14,pearson,month_median,15,11,0,2000
main_month_median_pearson,Ganjiang,赣江,Spring,14,pearson,month_median,15,12,0,2000
main_month_median_pearson,Ganjiang,赣江,Spring,14,pearson,month_median,15,13,0.0215,2000
main_month_median_pearson,Ganjiang,赣江,Spring,14,pearson,month_median,15,14,0.0035,2000
main_month_median_pearson,Ganjiang,赣江,Spring,14,pearson,month_median,15,15,0.007,2000
main_month_median_pearson,Ganjiang,赣江,Spring,14,pearson,month_median,20,0,0,2000
main_month_median_pearson,Ganjiang,赣江,Spring,14,pearson,month_median,20,1,0,2000
main_month_median_pearson,Ganjiang,赣江,Spring,14,pearson,month_median,20,2,0.2765,2000
main_month_median_pearson,Ganjiang,赣江,Spring,14,pearson,month_median,20,3,0.4565,2000
main_month_median_pearson,Ganjiang,赣江,Spring,14,pearson,month_median,20,4,0.227,2000
main_month_median_pearson,Ganjiang,赣江,Spring,14,pearson,month_median,20,5,0.008,2000
main_month_median_pearson,Ganjiang,赣江,Spring,14,pearson,month_median,20,6,0,2000
main_month_median_pearson,Ganjiang,赣江,Spring,14,pearson,month_median,20,7,0,2000
main_month_median_pearson,Ganjiang,赣江,Spring,14,pearson,month_median,20,8,0,2000
main_month_median_pearson,Ganjiang,赣江,Spring,14,pearson,month_median,20,9,0,2000
main_month_median_pearson,Ganjiang,赣江,Spring,14,pearson,month_median,20,10,0,2000
main_month_median_pearson,Ganjiang,赣江,Spring,14,pearson,month_median,20,11,0,2000
main_month_median_pearson,Ganjiang,赣江,Spring,14,pearson,month_median,20,12,0,2000
main_month_median_pearson,Ganjiang,赣江,Spring,14,pearson,month_median,20,13,0.0205,2000
main_month_median_pearson,Ganjiang,赣江,Spring,14,pearson,month_median,20,14,0.0035,2000
main_month_median_pearson,Ganjiang,赣江,Spring,14,pearson,month_median,20,15,0.0065,2000
main_month_median_pearson,Ganjiang,赣江,Spring,14,pearson,month_median,20,16,0.0015,2000
main_month_median_pearson,Ganjiang,赣江,Spring,14,pearson,month_median,20,17,0,2000
main_month_median_pearson,Ganjiang,赣江,Spring,14,pearson,month_median,20,18,0,2000
main_month_median_pearson,Ganjiang,赣江,Spring,14,pearson,month_median,20,19,0,2000
main_month_median_pearson,Ganjiang,赣江,Spring,14,pearson,month_median,20,20,0,2000
main_month_median_pearson,Ganjiang,赣江,Summer,14,pearson,month_median,10,0,0,2000
main_month_median_pearson,Ganjiang,赣江,Summer,14,pearson,month_median,10,1,0,2000
main_month_median_pearson,Ganjiang,赣江,Summer,14,pearson,month_median,10,2,0,2000
main_month_median_pearson,Ganjiang,赣江,Summer,14,pearson,month_median,10,3,0.897,2000
main_month_median_pearson,Ganjiang,赣江,Summer,14,pearson,month_median,10,4,0.103,2000
main_month_median_pearson,Ganjiang,赣江,Summer,14,pearson,month_median,10,5,0,2000
main_month_median_pearson,Ganjiang,赣江,Summer,14,pearson,month_median,10,6,0,2000
main_month_median_pearson,Ganjiang,赣江,Summer,14,pearson,month_median,10,7,0,2000
main_month_median_pearson,Ganjiang,赣江,Summer,14,pearson,month_median,10,8,0,2000
main_month_median_pearson,Ganjiang,赣江,Summer,14,pearson,month_median,10,9,0,2000
main_month_median_pearson,Ganjiang,赣江,Summer,14,pearson,month_median,10,10,0,2000
main_month_median_pearson,Ganjiang,赣江,Summer,14,pearson,month_median,15,0,0,2000
main_month_median_pearson,Ganjiang,赣江,Summer,14,pearson,month_median,15,1,0,2000
main_month_median_pearson,Ganjiang,赣江,Summer,14,pearson,month_median,15,2,0,2000
main_month_median_pearson,Ganjiang,赣江,Summer,14,pearson,month_median,15,3,0.897,2000
main_month_median_pearson,Ganjiang,赣江,Summer,14,pearson,month_median,15,4,0.103,2000
main_month_median_pearson,Ganjiang,赣江,Summer,14,pearson,month_median,15,5,0,2000
main_month_median_pearson,Ganjiang,赣江,Summer,14,pearson,month_median,15,6,0,2000
main_month_median_pearson,Ganjiang,赣江,Summer,14,pearson,month_median,15,7,0,2000
main_month_median_pearson,Ganjiang,赣江,Summer,14,pearson,month_median,15,8,0,2000
main_month_median_pearson,Ganjiang,赣江,Summer,14,pearson,month_median,15,9,0,2000
main_month_median_pearson,Ganjiang,赣江,Summer,14,pearson,month_median,15,10,0,2000
main_month_median_pearson,Ganjiang,赣江,Summer,14,pearson,month_median,15,11,0,2000
main_month_median_pearson,Ganjiang,赣江,Summer,14,pearson,month_median,15,12,0,2000
main_month_median_pearson,Ganjiang,赣江,Summer,14,pearson,month_median,15,13,0,2000
main_month_median_pearson,Ganjiang,赣江,Summer,14,pearson,month_median,15,14,0,2000
main_month_median_pearson,Ganjiang,赣江,Summer,14,pearson,month_median,15,15,0,2000
main_month_median_pearson,Ganjiang,赣江,Summer,14,pearson,month_median,20,0,0,2000
main_month_median_pearson,Ganjiang,赣江,Summer,14,pearson,month_median,20,1,0,2000
main_month_median_pearson,Ganjiang,赣江,Summer,14,pearson,month_median,20,2,0,2000
main_month_median_pearson,Ganjiang,赣江,Summer,14,pearson,month_median,20,3,0.897,2000
main_month_median_pearson,Ganjiang,赣江,Summer,14,pearson,month_median,20,4,0.103,2000
main_month_median_pearson,Ganjiang,赣江,Summer,14,pearson,month_median,20,5,0,2000
main_month_median_pearson,Ganjiang,赣江,Summer,14,pearson,month_median,20,6,0,2000
main_month_median_pearson,Ganjiang,赣江,Summer,14,pearson,month_median,20,7,0,2000
main_month_median_pearson,Ganjiang,赣江,Summer,14,pearson,month_median,20,8,0,2000
main_month_median_pearson,Ganjiang,赣江,Summer,14,pearson,month_median,20,9,0,2000
main_month_median_pearson,Ganjiang,赣江,Summer,14,pearson,month_median,20,10,0,2000
main_month_median_pearson,Ganjiang,赣江,Summer,14,pearson,month_median,20,11,0,2000
main_month_median_pearson,Ganjiang,赣江,Summer,14,pearson,month_median,20,12,0,2000
main_month_median_pearson,Ganjiang,赣江,Summer,14,pearson,month_median,20,13,0,2000
main_month_median_pearson,Ganjiang,赣江,Summer,14,pearson,month_median,20,14,0,2000
main_month_median_pearson,Ganjiang,赣江,Summer,14,pearson,month_median,20,15,0,2000
main_month_median_pearson,Ganjiang,赣江,Summer,14,pearson,month_median,20,16,0,2000
main_month_median_pearson,Ganjiang,赣江,Summer,14,pearson,month_median,20,17,0,2000
main_month_median_pearson,Ganjiang,赣江,Summer,14,pearson,month_median,20,18,0,2000
main_month_median_pearson,Ganjiang,赣江,Summer,14,pearson,month_median,20,19,0,2000
main_month_median_pearson,Ganjiang,赣江,Summer,14,pearson,month_median,20,20,0,2000
main_month_median_pearson,Ganjiang,赣江,Winter,13,pearson,month_median,10,0,0,2000
main_month_median_pearson,Ganjiang,赣江,Winter,13,pearson,month_median,10,1,0,2000
main_month_median_pearson,Ganjiang,赣江,Winter,13,pearson,month_median,10,2,0,2000
main_month_median_pearson,Ganjiang,赣江,Winter,13,pearson,month_median,10,3,0,2000
main_month_median_pearson,Ganjiang,赣江,Winter,13,pearson,month_median,10,4,0.032,2000
main_month_median_pearson,Ganjiang,赣江,Winter,13,pearson,month_median,10,5,0.7965,2000
main_month_median_pearson,Ganjiang,赣江,Winter,13,pearson,month_median,10,6,0.1515,2000
main_month_median_pearson,Ganjiang,赣江,Winter,13,pearson,month_median,10,7,0.0185,2000
main_month_median_pearson,Ganjiang,赣江,Winter,13,pearson,month_median,10,8,0.0015,2000
main_month_median_pearson,Ganjiang,赣江,Winter,13,pearson,month_median,10,9,0,2000
main_month_median_pearson,Ganjiang,赣江,Winter,13,pearson,month_median,10,10,0,2000
main_month_median_pearson,Ganjiang,赣江,Winter,13,pearson,month_median,15,0,0,2000
main_month_median_pearson,Ganjiang,赣江,Winter,13,pearson,month_median,15,1,0,2000
main_month_median_pearson,Ganjiang,赣江,Winter,13,pearson,month_median,15,2,0,2000
main_month_median_pearson,Ganjiang,赣江,Winter,13,pearson,month_median,15,3,0,2000
main_month_median_pearson,Ganjiang,赣江,Winter,13,pearson,month_median,15,4,0.032,2000
main_month_median_pearson,Ganjiang,赣江,Winter,13,pearson,month_median,15,5,0.7965,2000
main_month_median_pearson,Ganjiang,赣江,Winter,13,pearson,month_median,15,6,0.1515,2000
main_month_median_pearson,Ganjiang,赣江,Winter,13,pearson,month_median,15,7,0.0185,2000
main_month_median_pearson,Ganjiang,赣江,Winter,13,pearson,month_median,15,8,0.0015,2000
main_month_median_pearson,Ganjiang,赣江,Winter,13,pearson,month_median,15,9,0,2000
main_month_median_pearson,Ganjiang,赣江,Winter,13,pearson,month_median,15,10,0,2000
main_month_median_pearson,Ganjiang,赣江,Winter,13,pearson,month_median,15,11,0,2000
main_month_median_pearson,Ganjiang,赣江,Winter,13,pearson,month_median,15,12,0,2000
main_month_median_pearson,Ganjiang,赣江,Winter,13,pearson,month_median,15,13,0,2000
main_month_median_pearson,Ganjiang,赣江,Winter,13,pearson,month_median,15,14,0,2000
main_month_median_pearson,Ganjiang,赣江,Winter,13,pearson,month_median,15,15,0,2000
main_month_median_pearson,Ganjiang,赣江,Winter,13,pearson,month_median,20,0,0,2000
main_month_median_pearson,Ganjiang,赣江,Winter,13,pearson,month_median,20,1,0,2000
main_month_median_pearson,Ganjiang,赣江,Winter,13,pearson,month_median,20,2,0,2000
main_month_median_pearson,Ganjiang,赣江,Winter,13,pearson,month_median,20,3,0,2000
main_month_median_pearson,Ganjiang,赣江,Winter,13,pearson,month_median,20,4,0.032,2000
main_month_median_pearson,Ganjiang,赣江,Winter,13,pearson,month_median,20,5,0.7965,2000
main_month_median_pearson,Ganjiang,赣江,Winter,13,pearson,month_median,20,6,0.1515,2000
main_month_median_pearson,Ganjiang,赣江,Winter,13,pearson,month_median,20,7,0.0185,2000
main_month_median_pearson,Ganjiang,赣江,Winter,13,pearson,month_median,20,8,0.0015,2000
main_month_median_pearson,Ganjiang,赣江,Winter,13,pearson,month_median,20,9,0,2000
main_month_median_pearson,Ganjiang,赣江,Winter,13,pearson,month_median,20,10,0,2000
main_month_median_pearson,Ganjiang,赣江,Winter,13,pearson,month_median,20,11,0,2000
main_month_median_pearson,Ganjiang,赣江,Winter,13,pearson,month_median,20,12,0,2000
main_month_median_pearson,Ganjiang,赣江,Winter,13,pearson,month_median,20,13,0,2000
main_month_median_pearson,Ganjiang,赣江,Winter,13,pearson,month_median,20,14,0,2000
main_month_median_pearson,Ganjiang,赣江,Winter,13,pearson,month_median,20,15,0,2000
main_month_median_pearson,Ganjiang,赣江,Winter,13,pearson,month_median,20,16,0,2000
main_month_median_pearson,Ganjiang,赣江,Winter,13,pearson,month_median,20,17,0,2000
main_month_median_pearson,Ganjiang,赣江,Winter,13,pearson,month_median,20,18,0,2000
main_month_median_pearson,Ganjiang,赣江,Winter,13,pearson,month_median,20,19,0,2000
main_month_median_pearson,Ganjiang,赣江,Winter,13,pearson,month_median,20,20,0,2000
main_month_median_pearson,Le'anhe,乐安河,All,14,pearson,month_median,10,0,0,2000
main_month_median_pearson,Le'anhe,乐安河,All,14,pearson,month_median,10,1,1,2000
main_month_median_pearson,Le'anhe,乐安河,All,14,pearson,month_median,10,2,0,2000
main_month_median_pearson,Le'anhe,乐安河,All,14,pearson,month_median,10,3,0,2000
main_month_median_pearson,Le'anhe,乐安河,All,14,pearson,month_median,10,4,0,2000
main_month_median_pearson,Le'anhe,乐安河,All,14,pearson,month_median,10,5,0,2000
main_month_median_pearson,Le'anhe,乐安河,All,14,pearson,month_median,10,6,0,2000
main_month_median_pearson,Le'anhe,乐安河,All,14,pearson,month_median,10,7,0,2000
main_month_median_pearson,Le'anhe,乐安河,All,14,pearson,month_median,10,8,0,2000
main_month_median_pearson,Le'anhe,乐安河,All,14,pearson,month_median,10,9,0,2000
main_month_median_pearson,Le'anhe,乐安河,All,14,pearson,month_median,10,10,0,2000
main_month_median_pearson,Le'anhe,乐安河,All,14,pearson,month_median,15,0,0,2000
main_month_median_pearson,Le'anhe,乐安河,All,14,pearson,month_median,15,1,1,2000
main_month_median_pearson,Le'anhe,乐安河,All,14,pearson,month_median,15,2,0,2000
main_month_median_pearson,Le'anhe,乐安河,All,14,pearson,month_median,15,3,0,2000
main_month_median_pearson,Le'anhe,乐安河,All,14,pearson,month_median,15,4,0,2000
main_month_median_pearson,Le'anhe,乐安河,All,14,pearson,month_median,15,5,0,2000
main_month_median_pearson,Le'anhe,乐安河,All,14,pearson,month_median,15,6,0,2000
main_month_median_pearson,Le'anhe,乐安河,All,14,pearson,month_median,15,7,0,2000
main_month_median_pearson,Le'anhe,乐安河,All,14,pearson,month_median,15,8,0,2000
main_month_median_pearson,Le'anhe,乐安河,All,14,pearson,month_median,15,9,0,2000
main_month_median_pearson,Le'anhe,乐安河,All,14,pearson,month_median,15,10,0,2000
main_month_median_pearson,Le'anhe,乐安河,All,14,pearson,month_median,15,11,0,2000
main_month_median_pearson,Le'anhe,乐安河,All,14,pearson,month_median,15,12,0,2000
main_month_median_pearson,Le'anhe,乐安河,All,14,pearson,month_median,15,13,0,2000
main_month_median_pearson,Le'anhe,乐安河,All,14,pearson,month_median,15,14,0,2000
main_month_median_pearson,Le'anhe,乐安河,All,14,pearson,month_median,15,15,0,2000
main_month_median_pearson,Le'anhe,乐安河,All,14,pearson,month_median,20,0,0,2000
main_month_median_pearson,Le'anhe,乐安河,All,14,pearson,month_median,20,1,1,2000
main_month_median_pearson,Le'anhe,乐安河,All,14,pearson,month_median,20,2,0,2000
main_month_median_pearson,Le'anhe,乐安河,All,14,pearson,month_median,20,3,0,2000
main_month_median_pearson,Le'anhe,乐安河,All,14,pearson,month_median,20,4,0,2000
main_month_median_pearson,Le'anhe,乐安河,All,14,pearson,month_median,20,5,0,2000
main_month_median_pearson,Le'anhe,乐安河,All,14,pearson,month_median,20,6,0,2000
main_month_median_pearson,Le'anhe,乐安河,All,14,pearson,month_median,20,7,0,2000
main_month_median_pearson,Le'anhe,乐安河,All,14,pearson,month_median,20,8,0,2000
main_month_median_pearson,Le'anhe,乐安河,All,14,pearson,month_median,20,9,0,2000
main_month_median_pearson,Le'anhe,乐安河,All,14,pearson,month_median,20,10,0,2000
main_month_median_pearson,Le'anhe,乐安河,All,14,pearson,month_median,20,11,0,2000
main_month_median_pearson,Le'anhe,乐安河,All,14,pearson,month_median,20,12,0,2000
main_month_median_pearson,Le'anhe,乐安河,All,14,pearson,month_median,20,13,0,2000
main_month_median_pearson,Le'anhe,乐安河,All,14,pearson,month_median,20,14,0,2000
main_month_median_pearson,Le'anhe,乐安河,All,14,pearson,month_median,20,15,0,2000
main_month_median_pearson,Le'anhe,乐安河,All,14,pearson,month_median,20,16,0,2000
main_month_median_pearson,Le'anhe,乐安河,All,14,pearson,month_median,20,17,0,2000
main_month_median_pearson,Le'anhe,乐安河,All,14,pearson,month_median,20,18,0,2000
main_month_median_pearson,Le'anhe,乐安河,All,14,pearson,month_median,20,19,0,2000
main_month_median_pearson,Le'anhe,乐安河,All,14,pearson,month_median,20,20,0,2000
main_month_median_pearson,Le'anhe,乐安河,Autumn,14,pearson,month_median,10,0,0,2000
main_month_median_pearson,Le'anhe,乐安河,Autumn,14,pearson,month_median,10,1,0.002,2000
main_month_median_pearson,Le'anhe,乐安河,Autumn,14,pearson,month_median,10,2,0.9925,2000
main_month_median_pearson,Le'anhe,乐安河,Autumn,14,pearson,month_median,10,3,0.0055,2000
main_month_median_pearson,Le'anhe,乐安河,Autumn,14,pearson,month_median,10,4,0,2000
main_month_median_pearson,Le'anhe,乐安河,Autumn,14,pearson,month_median,10,5,0,2000
main_month_median_pearson,Le'anhe,乐安河,Autumn,14,pearson,month_median,10,6,0,2000
main_month_median_pearson,Le'anhe,乐安河,Autumn,14,pearson,month_median,10,7,0,2000
main_month_median_pearson,Le'anhe,乐安河,Autumn,14,pearson,month_median,10,8,0,2000
main_month_median_pearson,Le'anhe,乐安河,Autumn,14,pearson,month_median,10,9,0,2000
main_month_median_pearson,Le'anhe,乐安河,Autumn,14,pearson,month_median,10,10,0,2000
main_month_median_pearson,Le'anhe,乐安河,Autumn,14,pearson,month_median,15,0,0,2000
main_month_median_pearson,Le'anhe,乐安河,Autumn,14,pearson,month_median,15,1,0.002,2000
main_month_median_pearson,Le'anhe,乐安河,Autumn,14,pearson,month_median,15,2,0.9925,2000
main_month_median_pearson,Le'anhe,乐安河,Autumn,14,pearson,month_median,15,3,0.0055,2000
main_month_median_pearson,Le'anhe,乐安河,Autumn,14,pearson,month_median,15,4,0,2000
main_month_median_pearson,Le'anhe,乐安河,Autumn,14,pearson,month_median,15,5,0,2000
main_month_median_pearson,Le'anhe,乐安河,Autumn,14,pearson,month_median,15,6,0,2000
main_month_median_pearson,Le'anhe,乐安河,Autumn,14,pearson,month_median,15,7,0,2000
main_month_median_pearson,Le'anhe,乐安河,Autumn,14,pearson,month_median,15,8,0,2000
main_month_median_pearson,Le'anhe,乐安河,Autumn,14,pearson,month_median,15,9,0,2000
main_month_median_pearson,Le'anhe,乐安河,Autumn,14,pearson,month_median,15,10,0,2000
main_month_median_pearson,Le'anhe,乐安河,Autumn,14,pearson,month_median,15,11,0,2000
main_month_median_pearson,Le'anhe,乐安河,Autumn,14,pearson,month_median,15,12,0,2000
main_month_median_pearson,Le'anhe,乐安河,Autumn,14,pearson,month_median,15,13,0,2000
main_month_median_pearson,Le'anhe,乐安河,Autumn,14,pearson,month_median,15,14,0,2000
main_month_median_pearson,Le'anhe,乐安河,Autumn,14,pearson,month_median,15,15,0,2000
main_month_median_pearson,Le'anhe,乐安河,Autumn,14,pearson,month_median,20,0,0,2000
main_month_median_pearson,Le'anhe,乐安河,Autumn,14,pearson,month_median,20,1,0.002,2000
main_month_median_pearson,Le'anhe,乐安河,Autumn,14,pearson,month_median,20,2,0.9925,2000
main_month_median_pearson,Le'anhe,乐安河,Autumn,14,pearson,month_median,20,3,0.0055,2000
main_month_median_pearson,Le'anhe,乐安河,Autumn,14,pearson,month_median,20,4,0,2000
main_month_median_pearson,Le'anhe,乐安河,Autumn,14,pearson,month_median,20,5,0,2000
main_month_median_pearson,Le'anhe,乐安河,Autumn,14,pearson,month_median,20,6,0,2000
main_month_median_pearson,Le'anhe,乐安河,Autumn,14,pearson,month_median,20,7,0,2000
main_month_median_pearson,Le'anhe,乐安河,Autumn,14,pearson,month_median,20,8,0,2000
main_month_median_pearson,Le'anhe,乐安河,Autumn,14,pearson,month_median,20,9,0,2000
main_month_median_pearson,Le'anhe,乐安河,Autumn,14,pearson,month_median,20,10,0,2000
main_month_median_pearson,Le'anhe,乐安河,Autumn,14,pearson,month_median,20,11,0,2000
main_month_median_pearson,Le'anhe,乐安河,Autumn,14,pearson,month_median,20,12,0,2000
main_month_median_pearson,Le'anhe,乐安河,Autumn,14,pearson,month_median,20,13,0,2000
main_month_median_pearson,Le'anhe,乐安河,Autumn,14,pearson,month_median,20,14,0,2000
main_month_median_pearson,Le'anhe,乐安河,Autumn,14,pearson,month_median,20,15,0,2000
main_month_median_pearson,Le'anhe,乐安河,Autumn,14,pearson,month_median,20,16,0,2000
main_month_median_pearson,Le'anhe,乐安河,Autumn,14,pearson,month_median,20,17,0,2000
main_month_median_pearson,Le'anhe,乐安河,Autumn,14,pearson,month_median,20,18,0,2000
main_month_median_pearson,Le'anhe,乐安河,Autumn,14,pearson,month_median,20,19,0,2000
main_month_median_pearson,Le'anhe,乐安河,Autumn,14,pearson,month_median,20,20,0,2000
main_month_median_pearson,Le'anhe,乐安河,Spring,14,pearson,month_median,10,0,0,2000
main_month_median_pearson,Le'anhe,乐安河,Spring,14,pearson,month_median,10,1,1,2000
main_month_median_pearson,Le'anhe,乐安河,Spring,14,pearson,month_median,10,2,0,2000
main_month_median_pearson,Le'anhe,乐安河,Spring,14,pearson,month_median,10,3,0,2000
main_month_median_pearson,Le'anhe,乐安河,Spring,14,pearson,month_median,10,4,0,2000
main_month_median_pearson,Le'anhe,乐安河,Spring,14,pearson,month_median,10,5,0,2000
main_month_median_pearson,Le'anhe,乐安河,Spring,14,pearson,month_median,10,6,0,2000
main_month_median_pearson,Le'anhe,乐安河,Spring,14,pearson,month_median,10,7,0,2000
main_month_median_pearson,Le'anhe,乐安河,Spring,14,pearson,month_median,10,8,0,2000
main_month_median_pearson,Le'anhe,乐安河,Spring,14,pearson,month_median,10,9,0,2000
main_month_median_pearson,Le'anhe,乐安河,Spring,14,pearson,month_median,10,10,0,2000
main_month_median_pearson,Le'anhe,乐安河,Spring,14,pearson,month_median,15,0,0,2000
main_month_median_pearson,Le'anhe,乐安河,Spring,14,pearson,month_median,15,1,1,2000
main_month_median_pearson,Le'anhe,乐安河,Spring,14,pearson,month_median,15,2,0,2000
main_month_median_pearson,Le'anhe,乐安河,Spring,14,pearson,month_median,15,3,0,2000
main_month_median_pearson,Le'anhe,乐安河,Spring,14,pearson,month_median,15,4,0,2000
main_month_median_pearson,Le'anhe,乐安河,Spring,14,pearson,month_median,15,5,0,2000
main_month_median_pearson,Le'anhe,乐安河,Spring,14,pearson,month_median,15,6,0,2000
main_month_median_pearson,Le'anhe,乐安河,Spring,14,pearson,month_median,15,7,0,2000
main_month_median_pearson,Le'anhe,乐安河,Spring,14,pearson,month_median,15,8,0,2000
main_month_median_pearson,Le'anhe,乐安河,Spring,14,pearson,month_median,15,9,0,2000
main_month_median_pearson,Le'anhe,乐安河,Spring,14,pearson,month_median,15,10,0,2000
main_month_median_pearson,Le'anhe,乐安河,Spring,14,pearson,month_median,15,11,0,2000
main_month_median_pearson,Le'anhe,乐安河,Spring,14,pearson,month_median,15,12,0,2000
main_month_median_pearson,Le'anhe,乐安河,Spring,14,pearson,month_median,15,13,0,2000
main_month_median_pearson,Le'anhe,乐安河,Spring,14,pearson,month_median,15,14,0,2000
main_month_median_pearson,Le'anhe,乐安河,Spring,14,pearson,month_median,15,15,0,2000
main_month_median_pearson,Le'anhe,乐安河,Spring,14,pearson,month_median,20,0,0,2000
main_month_median_pearson,Le'anhe,乐安河,Spring,14,pearson,month_median,20,1,1,2000
main_month_median_pearson,Le'anhe,乐安河,Spring,14,pearson,month_median,20,2,0,2000
main_month_median_pearson,Le'anhe,乐安河,Spring,14,pearson,month_median,20,3,0,2000
main_month_median_pearson,Le'anhe,乐安河,Spring,14,pearson,month_median,20,4,0,2000
main_month_median_pearson,Le'anhe,乐安河,Spring,14,pearson,month_median,20,5,0,2000
main_month_median_pearson,Le'anhe,乐安河,Spring,14,pearson,month_median,20,6,0,2000
main_month_median_pearson,Le'anhe,乐安河,Spring,14,pearson,month_median,20,7,0,2000
main_month_median_pearson,Le'anhe,乐安河,Spring,14,pearson,month_median,20,8,0,2000
main_month_median_pearson,Le'anhe,乐安河,Spring,14,pearson,month_median,20,9,0,2000
main_month_median_pearson,Le'anhe,乐安河,Spring,14,pearson,month_median,20,10,0,2000
main_month_median_pearson,Le'anhe,乐安河,Spring,14,pearson,month_median,20,11,0,2000
main_month_median_pearson,Le'anhe,乐安河,Spring,14,pearson,month_median,20,12,0,2000
main_month_median_pearson,Le'anhe,乐安河,Spring,14,pearson,month_median,20,13,0,2000
main_month_median_pearson,Le'anhe,乐安河,Spring,14,pearson,month_median,20,14,0,2000
main_month_median_pearson,Le'anhe,乐安河,Spring,14,pearson,month_median,20,15,0,2000
main_month_median_pearson,Le'anhe,乐安河,Spring,14,pearson,month_median,20,16,0,2000
main_month_median_pearson,Le'anhe,乐安河,Spring,14,pearson,month_median,20,17,0,2000
main_month_median_pearson,Le'anhe,乐安河,Spring,14,pearson,month_median,20,18,0,2000
main_month_median_pearson,Le'anhe,乐安河,Spring,14,pearson,month_median,20,19,0,2000
main_month_median_pearson,Le'anhe,乐安河,Spring,14,pearson,month_median,20,20,0,2000
main_month_median_pearson,Le'anhe,乐安河,Summer,14,pearson,month_median,10,0,0,2000
main_month_median_pearson,Le'anhe,乐安河,Summer,14,pearson,month_median,10,1,1,2000
main_month_median_pearson,Le'anhe,乐安河,Summer,14,pearson,month_median,10,2,0,2000
main_month_median_pearson,Le'anhe,乐安河,Summer,14,pearson,month_median,10,3,0,2000
main_month_median_pearson,Le'anhe,乐安河,Summer,14,pearson,month_median,10,4,0,2000
main_month_median_pearson,Le'anhe,乐安河,Summer,14,pearson,month_median,10,5,0,2000
main_month_median_pearson,Le'anhe,乐安河,Summer,14,pearson,month_median,10,6,0,2000
main_month_median_pearson,Le'anhe,乐安河,Summer,14,pearson,month_median,10,7,0,2000
main_month_median_pearson,Le'anhe,乐安河,Summer,14,pearson,month_median,10,8,0,2000
main_month_median_pearson,Le'anhe,乐安河,Summer,14,pearson,month_median,10,9,0,2000
main_month_median_pearson,Le'anhe,乐安河,Summer,14,pearson,month_median,10,10,0,2000
main_month_median_pearson,Le'anhe,乐安河,Summer,14,pearson,month_median,15,0,0,2000
main_month_median_pearson,Le'anhe,乐安河,Summer,14,pearson,month_median,15,1,1,2000
main_month_median_pearson,Le'anhe,乐安河,Summer,14,pearson,month_median,15,2,0,2000
main_month_median_pearson,Le'anhe,乐安河,Summer,14,pearson,month_median,15,3,0,2000
main_month_median_pearson,Le'anhe,乐安河,Summer,14,pearson,month_median,15,4,0,2000
main_month_median_pearson,Le'anhe,乐安河,Summer,14,pearson,month_median,15,5,0,2000
main_month_median_pearson,Le'anhe,乐安河,Summer,14,pearson,month_median,15,6,0,2000
main_month_median_pearson,Le'anhe,乐安河,Summer,14,pearson,month_median,15,7,0,2000
main_month_median_pearson,Le'anhe,乐安河,Summer,14,pearson,month_median,15,8,0,2000
main_month_median_pearson,Le'anhe,乐安河,Summer,14,pearson,month_median,15,9,0,2000
main_month_median_pearson,Le'anhe,乐安河,Summer,14,pearson,month_median,15,10,0,2000
main_month_median_pearson,Le'anhe,乐安河,Summer,14,pearson,month_median,15,11,0,2000
main_month_median_pearson,Le'anhe,乐安河,Summer,14,pearson,month_median,15,12,0,2000
main_month_median_pearson,Le'anhe,乐安河,Summer,14,pearson,month_median,15,13,0,2000
main_month_median_pearson,Le'anhe,乐安河,Summer,14,pearson,month_median,15,14,0,2000
main_month_median_pearson,Le'anhe,乐安河,Summer,14,pearson,month_median,15,15,0,2000
main_month_median_pearson,Le'anhe,乐安河,Summer,14,pearson,month_median,20,0,0,2000
main_month_median_pearson,Le'anhe,乐安河,Summer,14,pearson,month_median,20,1,1,2000
main_month_median_pearson,Le'anhe,乐安河,Summer,14,pearson,month_median,20,2,0,2000
main_month_median_pearson,Le'anhe,乐安河,Summer,14,pearson,month_median,20,3,0,2000
main_month_median_pearson,Le'anhe,乐安河,Summer,14,pearson,month_median,20,4,0,2000
main_month_median_pearson,Le'anhe,乐安河,Summer,14,pearson,month_median,20,5,0,2000
main_month_median_pearson,Le'anhe,乐安河,Summer,14,pearson,month_median,20,6,0,2000
main_month_median_pearson,Le'anhe,乐安河,Summer,14,pearson,month_median,20,7,0,2000
main_month_median_pearson,Le'anhe,乐安河,Summer,14,pearson,month_median,20,8,0,2000
main_month_median_pearson,Le'anhe,乐安河,Summer,14,pearson,month_median,20,9,0,2000
main_month_median_pearson,Le'anhe,乐安河,Summer,14,pearson,month_median,20,10,0,2000
main_month_median_pearson,Le'anhe,乐安河,Summer,14,pearson,month_median,20,11,0,2000
main_month_median_pearson,Le'anhe,乐安河,Summer,14,pearson,month_median,20,12,0,2000
main_month_median_pearson,Le'anhe,乐安河,Summer,14,pearson,month_median,20,13,0,2000
main_month_median_pearson,Le'anhe,乐安河,Summer,14,pearson,month_median,20,14,0,2000
main_month_median_pearson,Le'anhe,乐安河,Summer,14,pearson,month_median,20,15,0,2000
main_month_median_pearson,Le'anhe,乐安河,Summer,14,pearson,month_median,20,16,0,2000
main_month_median_pearson,Le'anhe,乐安河,Summer,14,pearson,month_median,20,17,0,2000
main_month_median_pearson,Le'anhe,乐安河,Summer,14,pearson,month_median,20,18,0,2000
main_month_median_pearson,Le'anhe,乐安河,Summer,14,pearson,month_median,20,19,0,2000
main_month_median_pearson,Le'anhe,乐安河,Summer,14,pearson,month_median,20,20,0,2000
main_month_median_pearson,Le'anhe,乐安河,Winter,13,pearson,month_median,10,0,0.0005,2000
main_month_median_pearson,Le'anhe,乐安河,Winter,13,pearson,month_median,10,1,0.121,2000
main_month_median_pearson,Le'anhe,乐安河,Winter,13,pearson,month_median,10,2,0.8765,2000
main_month_median_pearson,Le'anhe,乐安河,Winter,13,pearson,month_median,10,3,0.0015,2000
main_month_median_pearson,Le'anhe,乐安河,Winter,13,pearson,month_median,10,4,0,2000
main_month_median_pearson,Le'anhe,乐安河,Winter,13,pearson,month_median,10,5,0.0005,2000
main_month_median_pearson,Le'anhe,乐安河,Winter,13,pearson,month_median,10,6,0,2000
main_month_median_pearson,Le'anhe,乐安河,Winter,13,pearson,month_median,10,7,0,2000
main_month_median_pearson,Le'anhe,乐安河,Winter,13,pearson,month_median,10,8,0,2000
main_month_median_pearson,Le'anhe,乐安河,Winter,13,pearson,month_median,10,9,0,2000
main_month_median_pearson,Le'anhe,乐安河,Winter,13,pearson,month_median,10,10,0,2000
main_month_median_pearson,Le'anhe,乐安河,Winter,13,pearson,month_median,15,0,0.0005,2000
main_month_median_pearson,Le'anhe,乐安河,Winter,13,pearson,month_median,15,1,0.121,2000
main_month_median_pearson,Le'anhe,乐安河,Winter,13,pearson,month_median,15,2,0.8765,2000
main_month_median_pearson,Le'anhe,乐安河,Winter,13,pearson,month_median,15,3,0.0015,2000
main_month_median_pearson,Le'anhe,乐安河,Winter,13,pearson,month_median,15,4,0,2000
main_month_median_pearson,Le'anhe,乐安河,Winter,13,pearson,month_median,15,5,0.0005,2000
main_month_median_pearson,Le'anhe,乐安河,Winter,13,pearson,month_median,15,6,0,2000
main_month_median_pearson,Le'anhe,乐安河,Winter,13,pearson,month_median,15,7,0,2000
main_month_median_pearson,Le'anhe,乐安河,Winter,13,pearson,month_median,15,8,0,2000
main_month_median_pearson,Le'anhe,乐安河,Winter,13,pearson,month_median,15,9,0,2000
main_month_median_pearson,Le'anhe,乐安河,Winter,13,pearson,month_median,15,10,0,2000
main_month_median_pearson,Le'anhe,乐安河,Winter,13,pearson,month_median,15,11,0,2000
main_month_median_pearson,Le'anhe,乐安河,Winter,13,pearson,month_median,15,12,0,2000
main_month_median_pearson,Le'anhe,乐安河,Winter,13,pearson,month_median,15,13,0,2000
main_month_median_pearson,Le'anhe,乐安河,Winter,13,pearson,month_median,15,14,0,2000
main_month_median_pearson,Le'anhe,乐安河,Winter,13,pearson,month_median,15,15,0,2000
main_month_median_pearson,Le'anhe,乐安河,Winter,13,pearson,month_median,20,0,0,2000
main_month_median_pearson,Le'anhe,乐安河,Winter,13,pearson,month_median,20,1,0.119,2000
main_month_median_pearson,Le'anhe,乐安河,Winter,13,pearson,month_median,20,2,0.874,2000
main_month_median_pearson,Le'anhe,乐安河,Winter,13,pearson,month_median,20,3,0.0015,2000
main_month_median_pearson,Le'anhe,乐安河,Winter,13,pearson,month_median,20,4,0,2000
main_month_median_pearson,Le'anhe,乐安河,Winter,13,pearson,month_median,20,5,0.0005,2000
main_month_median_pearson,Le'anhe,乐安河,Winter,13,pearson,month_median,20,6,0,2000
main_month_median_pearson,Le'anhe,乐安河,Winter,13,pearson,month_median,20,7,0,2000
main_month_median_pearson,Le'anhe,乐安河,Winter,13,pearson,month_median,20,8,0,2000
main_month_median_pearson,Le'anhe,乐安河,Winter,13,pearson,month_median,20,9,0,2000
main_month_median_pearson,Le'anhe,乐安河,Winter,13,pearson,month_median,20,10,0,2000
main_month_median_pearson,Le'anhe,乐安河,Winter,13,pearson,month_median,20,11,0,2000
main_month_median_pearson,Le'anhe,乐安河,Winter,13,pearson,month_median,20,12,0,2000
main_month_median_pearson,Le'anhe,乐安河,Winter,13,pearson,month_median,20,13,0,2000
main_month_median_pearson,Le'anhe,乐安河,Winter,13,pearson,month_median,20,14,0,2000
main_month_median_pearson,Le'anhe,乐安河,Winter,13,pearson,month_median,20,15,0,2000
main_month_median_pearson,Le'anhe,乐安河,Winter,13,pearson,month_median,20,16,0,2000
main_month_median_pearson,Le'anhe,乐安河,Winter,13,pearson,month_median,20,17,0,2000
main_month_median_pearson,Le'anhe,乐安河,Winter,13,pearson,month_median,20,18,0,2000
main_month_median_pearson,Le'anhe,乐安河,Winter,13,pearson,month_median,20,19,0.0005,2000
main_month_median_pearson,Le'anhe,乐安河,Winter,13,pearson,month_median,20,20,0.0045,2000
main_month_median_pearson,Liaohe,潦河,All,14,pearson,month_median,10,0,0,2000
main_month_median_pearson,Liaohe,潦河,All,14,pearson,month_median,10,1,1,2000
main_month_median_pearson,Liaohe,潦河,All,14,pearson,month_median,10,2,0,2000
main_month_median_pearson,Liaohe,潦河,All,14,pearson,month_median,10,3,0,2000
main_month_median_pearson,Liaohe,潦河,All,14,pearson,month_median,10,4,0,2000
main_month_median_pearson,Liaohe,潦河,All,14,pearson,month_median,10,5,0,2000
main_month_median_pearson,Liaohe,潦河,All,14,pearson,month_median,10,6,0,2000
main_month_median_pearson,Liaohe,潦河,All,14,pearson,month_median,10,7,0,2000
main_month_median_pearson,Liaohe,潦河,All,14,pearson,month_median,10,8,0,2000
main_month_median_pearson,Liaohe,潦河,All,14,pearson,month_median,10,9,0,2000
main_month_median_pearson,Liaohe,潦河,All,14,pearson,month_median,10,10,0,2000
main_month_median_pearson,Liaohe,潦河,All,14,pearson,month_median,15,0,0,2000
main_month_median_pearson,Liaohe,潦河,All,14,pearson,month_median,15,1,1,2000
main_month_median_pearson,Liaohe,潦河,All,14,pearson,month_median,15,2,0,2000
main_month_median_pearson,Liaohe,潦河,All,14,pearson,month_median,15,3,0,2000
main_month_median_pearson,Liaohe,潦河,All,14,pearson,month_median,15,4,0,2000
main_month_median_pearson,Liaohe,潦河,All,14,pearson,month_median,15,5,0,2000
main_month_median_pearson,Liaohe,潦河,All,14,pearson,month_median,15,6,0,2000
main_month_median_pearson,Liaohe,潦河,All,14,pearson,month_median,15,7,0,2000
main_month_median_pearson,Liaohe,潦河,All,14,pearson,month_median,15,8,0,2000
main_month_median_pearson,Liaohe,潦河,All,14,pearson,month_median,15,9,0,2000
main_month_median_pearson,Liaohe,潦河,All,14,pearson,month_median,15,10,0,2000
main_month_median_pearson,Liaohe,潦河,All,14,pearson,month_median,15,11,0,2000
main_month_median_pearson,Liaohe,潦河,All,14,pearson,month_median,15,12,0,2000
main_month_median_pearson,Liaohe,潦河,All,14,pearson,month_median,15,13,0,2000
main_month_median_pearson,Liaohe,潦河,All,14,pearson,month_median,15,14,0,2000
main_month_median_pearson,Liaohe,潦河,All,14,pearson,month_median,15,15,0,2000
main_month_median_pearson,Liaohe,潦河,All,14,pearson,month_median,20,0,0,2000
main_month_median_pearson,Liaohe,潦河,All,14,pearson,month_median,20,1,1,2000
main_month_median_pearson,Liaohe,潦河,All,14,pearson,month_median,20,2,0,2000
main_month_median_pearson,Liaohe,潦河,All,14,pearson,month_median,20,3,0,2000
main_month_median_pearson,Liaohe,潦河,All,14,pearson,month_median,20,4,0,2000
main_month_median_pearson,Liaohe,潦河,All,14,pearson,month_median,20,5,0,2000
main_month_median_pearson,Liaohe,潦河,All,14,pearson,month_median,20,6,0,2000
main_month_median_pearson,Liaohe,潦河,All,14,pearson,month_median,20,7,0,2000
main_month_median_pearson,Liaohe,潦河,All,14,pearson,month_median,20,8,0,2000
main_month_median_pearson,Liaohe,潦河,All,14,pearson,month_median,20,9,0,2000
main_month_median_pearson,Liaohe,潦河,All,14,pearson,month_median,20,10,0,2000
main_month_median_pearson,Liaohe,潦河,All,14,pearson,month_median,20,11,0,2000
main_month_median_pearson,Liaohe,潦河,All,14,pearson,month_median,20,12,0,2000
main_month_median_pearson,Liaohe,潦河,All,14,pearson,month_median,20,13,0,2000
main_month_median_pearson,Liaohe,潦河,All,14,pearson,month_median,20,14,0,2000
main_month_median_pearson,Liaohe,潦河,All,14,pearson,month_median,20,15,0,2000
main_month_median_pearson,Liaohe,潦河,All,14,pearson,month_median,20,16,0,2000
main_month_median_pearson,Liaohe,潦河,All,14,pearson,month_median,20,17,0,2000
main_month_median_pearson,Liaohe,潦河,All,14,pearson,month_median,20,18,0,2000
main_month_median_pearson,Liaohe,潦河,All,14,pearson,month_median,20,19,0,2000
main_month_median_pearson,Liaohe,潦河,All,14,pearson,month_median,20,20,0,2000
main_month_median_pearson,Liaohe,潦河,Autumn,14,pearson,month_median,10,0,0,2000
main_month_median_pearson,Liaohe,潦河,Autumn,14,pearson,month_median,10,1,0.9755,2000
main_month_median_pearson,Liaohe,潦河,Autumn,14,pearson,month_median,10,2,0.0245,2000
main_month_median_pearson,Liaohe,潦河,Autumn,14,pearson,month_median,10,3,0,2000
main_month_median_pearson,Liaohe,潦河,Autumn,14,pearson,month_median,10,4,0,2000
main_month_median_pearson,Liaohe,潦河,Autumn,14,pearson,month_median,10,5,0,2000
main_month_median_pearson,Liaohe,潦河,Autumn,14,pearson,month_median,10,6,0,2000
main_month_median_pearson,Liaohe,潦河,Autumn,14,pearson,month_median,10,7,0,2000
main_month_median_pearson,Liaohe,潦河,Autumn,14,pearson,month_median,10,8,0,2000
main_month_median_pearson,Liaohe,潦河,Autumn,14,pearson,month_median,10,9,0,2000
main_month_median_pearson,Liaohe,潦河,Autumn,14,pearson,month_median,10,10,0,2000
main_month_median_pearson,Liaohe,潦河,Autumn,14,pearson,month_median,15,0,0,2000
main_month_median_pearson,Liaohe,潦河,Autumn,14,pearson,month_median,15,1,0.9755,2000
main_month_median_pearson,Liaohe,潦河,Autumn,14,pearson,month_median,15,2,0.0245,2000
main_month_median_pearson,Liaohe,潦河,Autumn,14,pearson,month_median,15,3,0,2000
main_month_median_pearson,Liaohe,潦河,Autumn,14,pearson,month_median,15,4,0,2000
main_month_median_pearson,Liaohe,潦河,Autumn,14,pearson,month_median,15,5,0,2000
main_month_median_pearson,Liaohe,潦河,Autumn,14,pearson,month_median,15,6,0,2000
main_month_median_pearson,Liaohe,潦河,Autumn,14,pearson,month_median,15,7,0,2000
main_month_median_pearson,Liaohe,潦河,Autumn,14,pearson,month_median,15,8,0,2000
main_month_median_pearson,Liaohe,潦河,Autumn,14,pearson,month_median,15,9,0,2000
main_month_median_pearson,Liaohe,潦河,Autumn,14,pearson,month_median,15,10,0,2000
main_month_median_pearson,Liaohe,潦河,Autumn,14,pearson,month_median,15,11,0,2000
main_month_median_pearson,Liaohe,潦河,Autumn,14,pearson,month_median,15,12,0,2000
main_month_median_pearson,Liaohe,潦河,Autumn,14,pearson,month_median,15,13,0,2000
main_month_median_pearson,Liaohe,潦河,Autumn,14,pearson,month_median,15,14,0,2000
main_month_median_pearson,Liaohe,潦河,Autumn,14,pearson,month_median,15,15,0,2000
main_month_median_pearson,Liaohe,潦河,Autumn,14,pearson,month_median,20,0,0,2000
main_month_median_pearson,Liaohe,潦河,Autumn,14,pearson,month_median,20,1,0.9755,2000
main_month_median_pearson,Liaohe,潦河,Autumn,14,pearson,month_median,20,2,0.0245,2000
main_month_median_pearson,Liaohe,潦河,Autumn,14,pearson,month_median,20,3,0,2000
main_month_median_pearson,Liaohe,潦河,Autumn,14,pearson,month_median,20,4,0,2000
main_month_median_pearson,Liaohe,潦河,Autumn,14,pearson,month_median,20,5,0,2000
main_month_median_pearson,Liaohe,潦河,Autumn,14,pearson,month_median,20,6,0,2000
main_month_median_pearson,Liaohe,潦河,Autumn,14,pearson,month_median,20,7,0,2000
main_month_median_pearson,Liaohe,潦河,Autumn,14,pearson,month_median,20,8,0,2000
main_month_median_pearson,Liaohe,潦河,Autumn,14,pearson,month_median,20,9,0,2000
main_month_median_pearson,Liaohe,潦河,Autumn,14,pearson,month_median,20,10,0,2000
main_month_median_pearson,Liaohe,潦河,Autumn,14,pearson,month_median,20,11,0,2000
main_month_median_pearson,Liaohe,潦河,Autumn,14,pearson,month_median,20,12,0,2000
main_month_median_pearson,Liaohe,潦河,Autumn,14,pearson,month_median,20,13,0,2000
main_month_median_pearson,Liaohe,潦河,Autumn,14,pearson,month_median,20,14,0,2000
main_month_median_pearson,Liaohe,潦河,Autumn,14,pearson,month_median,20,15,0,2000
main_month_median_pearson,Liaohe,潦河,Autumn,14,pearson,month_median,20,16,0,2000
main_month_median_pearson,Liaohe,潦河,Autumn,14,pearson,month_median,20,17,0,2000
main_month_median_pearson,Liaohe,潦河,Autumn,14,pearson,month_median,20,18,0,2000
main_month_median_pearson,Liaohe,潦河,Autumn,14,pearson,month_median,20,19,0,2000
main_month_median_pearson,Liaohe,潦河,Autumn,14,pearson,month_median,20,20,0,2000
main_month_median_pearson,Liaohe,潦河,Spring,14,pearson,month_median,10,0,0,2000
main_month_median_pearson,Liaohe,潦河,Spring,14,pearson,month_median,10,1,1,2000
main_month_median_pearson,Liaohe,潦河,Spring,14,pearson,month_median,10,2,0,2000
main_month_median_pearson,Liaohe,潦河,Spring,14,pearson,month_median,10,3,0,2000
main_month_median_pearson,Liaohe,潦河,Spring,14,pearson,month_median,10,4,0,2000
main_month_median_pearson,Liaohe,潦河,Spring,14,pearson,month_median,10,5,0,2000
main_month_median_pearson,Liaohe,潦河,Spring,14,pearson,month_median,10,6,0,2000
main_month_median_pearson,Liaohe,潦河,Spring,14,pearson,month_median,10,7,0,2000
main_month_median_pearson,Liaohe,潦河,Spring,14,pearson,month_median,10,8,0,2000
main_month_median_pearson,Liaohe,潦河,Spring,14,pearson,month_median,10,9,0,2000
main_month_median_pearson,Liaohe,潦河,Spring,14,pearson,month_median,10,10,0,2000
main_month_median_pearson,Liaohe,潦河,Spring,14,pearson,month_median,15,0,0,2000
main_month_median_pearson,Liaohe,潦河,Spring,14,pearson,month_median,15,1,1,2000
main_month_median_pearson,Liaohe,潦河,Spring,14,pearson,month_median,15,2,0,2000
main_month_median_pearson,Liaohe,潦河,Spring,14,pearson,month_median,15,3,0,2000
main_month_median_pearson,Liaohe,潦河,Spring,14,pearson,month_median,15,4,0,2000
main_month_median_pearson,Liaohe,潦河,Spring,14,pearson,month_median,15,5,0,2000
main_month_median_pearson,Liaohe,潦河,Spring,14,pearson,month_median,15,6,0,2000
main_month_median_pearson,Liaohe,潦河,Spring,14,pearson,month_median,15,7,0,2000
main_month_median_pearson,Liaohe,潦河,Spring,14,pearson,month_median,15,8,0,2000
main_month_median_pearson,Liaohe,潦河,Spring,14,pearson,month_median,15,9,0,2000
main_month_median_pearson,Liaohe,潦河,Spring,14,pearson,month_median,15,10,0,2000
main_month_median_pearson,Liaohe,潦河,Spring,14,pearson,month_median,15,11,0,2000
main_month_median_pearson,Liaohe,潦河,Spring,14,pearson,month_median,15,12,0,2000
main_month_median_pearson,Liaohe,潦河,Spring,14,pearson,month_median,15,13,0,2000
main_month_median_pearson,Liaohe,潦河,Spring,14,pearson,month_median,15,14,0,2000
main_month_median_pearson,Liaohe,潦河,Spring,14,pearson,month_median,15,15,0,2000
main_month_median_pearson,Liaohe,潦河,Spring,14,pearson,month_median,20,0,0,2000
main_month_median_pearson,Liaohe,潦河,Spring,14,pearson,month_median,20,1,1,2000
main_month_median_pearson,Liaohe,潦河,Spring,14,pearson,month_median,20,2,0,2000
main_month_median_pearson,Liaohe,潦河,Spring,14,pearson,month_median,20,3,0,2000
main_month_median_pearson,Liaohe,潦河,Spring,14,pearson,month_median,20,4,0,2000
main_month_median_pearson,Liaohe,潦河,Spring,14,pearson,month_median,20,5,0,2000
main_month_median_pearson,Liaohe,潦河,Spring,14,pearson,month_median,20,6,0,2000
main_month_median_pearson,Liaohe,潦河,Spring,14,pearson,month_median,20,7,0,2000
main_month_median_pearson,Liaohe,潦河,Spring,14,pearson,month_median,20,8,0,2000
main_month_median_pearson,Liaohe,潦河,Spring,14,pearson,month_median,20,9,0,2000
main_month_median_pearson,Liaohe,潦河,Spring,14,pearson,month_median,20,10,0,2000
main_month_median_pearson,Liaohe,潦河,Spring,14,pearson,month_median,20,11,0,2000
main_month_median_pearson,Liaohe,潦河,Spring,14,pearson,month_median,20,12,0,2000
main_month_median_pearson,Liaohe,潦河,Spring,14,pearson,month_median,20,13,0,2000
main_month_median_pearson,Liaohe,潦河,Spring,14,pearson,month_median,20,14,0,2000
main_month_median_pearson,Liaohe,潦河,Spring,14,pearson,month_median,20,15,0,2000
main_month_median_pearson,Liaohe,潦河,Spring,14,pearson,month_median,20,16,0,2000
main_month_median_pearson,Liaohe,潦河,Spring,14,pearson,month_median,20,17,0,2000
main_month_median_pearson,Liaohe,潦河,Spring,14,pearson,month_median,20,18,0,2000
main_month_median_pearson,Liaohe,潦河,Spring,14,pearson,month_median,20,19,0,2000
main_month_median_pearson,Liaohe,潦河,Spring,14,pearson,month_median,20,20,0,2000
main_month_median_pearson,Liaohe,潦河,Summer,14,pearson,month_median,10,0,0.001,2000
main_month_median_pearson,Liaohe,潦河,Summer,14,pearson,month_median,10,1,0.999,2000
main_month_median_pearson,Liaohe,潦河,Summer,14,pearson,month_median,10,2,0,2000
main_month_median_pearson,Liaohe,潦河,Summer,14,pearson,month_median,10,3,0,2000
main_month_median_pearson,Liaohe,潦河,Summer,14,pearson,month_median,10,4,0,2000
main_month_median_pearson,Liaohe,潦河,Summer,14,pearson,month_median,10,5,0,2000
main_month_median_pearson,Liaohe,潦河,Summer,14,pearson,month_median,10,6,0,2000
main_month_median_pearson,Liaohe,潦河,Summer,14,pearson,month_median,10,7,0,2000
main_month_median_pearson,Liaohe,潦河,Summer,14,pearson,month_median,10,8,0,2000
main_month_median_pearson,Liaohe,潦河,Summer,14,pearson,month_median,10,9,0,2000
main_month_median_pearson,Liaohe,潦河,Summer,14,pearson,month_median,10,10,0,2000
main_month_median_pearson,Liaohe,潦河,Summer,14,pearson,month_median,15,0,0.001,2000
main_month_median_pearson,Liaohe,潦河,Summer,14,pearson,month_median,15,1,0.999,2000
main_month_median_pearson,Liaohe,潦河,Summer,14,pearson,month_median,15,2,0,2000
main_month_median_pearson,Liaohe,潦河,Summer,14,pearson,month_median,15,3,0,2000
main_month_median_pearson,Liaohe,潦河,Summer,14,pearson,month_median,15,4,0,2000
main_month_median_pearson,Liaohe,潦河,Summer,14,pearson,month_median,15,5,0,2000
main_month_median_pearson,Liaohe,潦河,Summer,14,pearson,month_median,15,6,0,2000
main_month_median_pearson,Liaohe,潦河,Summer,14,pearson,month_median,15,7,0,2000
main_month_median_pearson,Liaohe,潦河,Summer,14,pearson,month_median,15,8,0,2000
main_month_median_pearson,Liaohe,潦河,Summer,14,pearson,month_median,15,9,0,2000
main_month_median_pearson,Liaohe,潦河,Summer,14,pearson,month_median,15,10,0,2000
main_month_median_pearson,Liaohe,潦河,Summer,14,pearson,month_median,15,11,0,2000
main_month_median_pearson,Liaohe,潦河,Summer,14,pearson,month_median,15,12,0,2000
main_month_median_pearson,Liaohe,潦河,Summer,14,pearson,month_median,15,13,0,2000
main_month_median_pearson,Liaohe,潦河,Summer,14,pearson,month_median,15,14,0,2000
main_month_median_pearson,Liaohe,潦河,Summer,14,pearson,month_median,15,15,0,2000
main_month_median_pearson,Liaohe,潦河,Summer,14,pearson,month_median,20,0,0.001,2000
main_month_median_pearson,Liaohe,潦河,Summer,14,pearson,month_median,20,1,0.999,2000
main_month_median_pearson,Liaohe,潦河,Summer,14,pearson,month_median,20,2,0,2000
main_month_median_pearson,Liaohe,潦河,Summer,14,pearson,month_median,20,3,0,2000
main_month_median_pearson,Liaohe,潦河,Summer,14,pearson,month_median,20,4,0,2000
main_month_median_pearson,Liaohe,潦河,Summer,14,pearson,month_median,20,5,0,2000
main_month_median_pearson,Liaohe,潦河,Summer,14,pearson,month_median,20,6,0,2000
main_month_median_pearson,Liaohe,潦河,Summer,14,pearson,month_median,20,7,0,2000
main_month_median_pearson,Liaohe,潦河,Summer,14,pearson,month_median,20,8,0,2000
main_month_median_pearson,Liaohe,潦河,Summer,14,pearson,month_median,20,9,0,2000
main_month_median_pearson,Liaohe,潦河,Summer,14,pearson,month_median,20,10,0,2000
main_month_median_pearson,Liaohe,潦河,Summer,14,pearson,month_median,20,11,0,2000
main_month_median_pearson,Liaohe,潦河,Summer,14,pearson,month_median,20,12,0,2000
main_month_median_pearson,Liaohe,潦河,Summer,14,pearson,month_median,20,13,0,2000
main_month_median_pearson,Liaohe,潦河,Summer,14,pearson,month_median,20,14,0,2000
main_month_median_pearson,Liaohe,潦河,Summer,14,pearson,month_median,20,15,0,2000
main_month_median_pearson,Liaohe,潦河,Summer,14,pearson,month_median,20,16,0,2000
main_month_median_pearson,Liaohe,潦河,Summer,14,pearson,month_median,20,17,0,2000
main_month_median_pearson,Liaohe,潦河,Summer,14,pearson,month_median,20,18,0,2000
main_month_median_pearson,Liaohe,潦河,Summer,14,pearson,month_median,20,19,0,2000
main_month_median_pearson,Liaohe,潦河,Summer,14,pearson,month_median,20,20,0,2000
main_month_median_pearson,Liaohe,潦河,Winter,13,pearson,month_median,10,0,0,2000
main_month_median_pearson,Liaohe,潦河,Winter,13,pearson,month_median,10,1,0.9965,2000
main_month_median_pearson,Liaohe,潦河,Winter,13,pearson,month_median,10,2,0.0035,2000
main_month_median_pearson,Liaohe,潦河,Winter,13,pearson,month_median,10,3,0,2000
main_month_median_pearson,Liaohe,潦河,Winter,13,pearson,month_median,10,4,0,2000
main_month_median_pearson,Liaohe,潦河,Winter,13,pearson,month_median,10,5,0,2000
main_month_median_pearson,Liaohe,潦河,Winter,13,pearson,month_median,10,6,0,2000
main_month_median_pearson,Liaohe,潦河,Winter,13,pearson,month_median,10,7,0,2000
main_month_median_pearson,Liaohe,潦河,Winter,13,pearson,month_median,10,8,0,2000
main_month_median_pearson,Liaohe,潦河,Winter,13,pearson,month_median,10,9,0,2000
main_month_median_pearson,Liaohe,潦河,Winter,13,pearson,month_median,10,10,0,2000
main_month_median_pearson,Liaohe,潦河,Winter,13,pearson,month_median,15,0,0,2000
main_month_median_pearson,Liaohe,潦河,Winter,13,pearson,month_median,15,1,0.9965,2000
main_month_median_pearson,Liaohe,潦河,Winter,13,pearson,month_median,15,2,0.0035,2000
main_month_median_pearson,Liaohe,潦河,Winter,13,pearson,month_median,15,3,0,2000
main_month_median_pearson,Liaohe,潦河,Winter,13,pearson,month_median,15,4,0,2000
main_month_median_pearson,Liaohe,潦河,Winter,13,pearson,month_median,15,5,0,2000
main_month_median_pearson,Liaohe,潦河,Winter,13,pearson,month_median,15,6,0,2000
main_month_median_pearson,Liaohe,潦河,Winter,13,pearson,month_median,15,7,0,2000
main_month_median_pearson,Liaohe,潦河,Winter,13,pearson,month_median,15,8,0,2000
main_month_median_pearson,Liaohe,潦河,Winter,13,pearson,month_median,15,9,0,2000
main_month_median_pearson,Liaohe,潦河,Winter,13,pearson,month_median,15,10,0,2000
main_month_median_pearson,Liaohe,潦河,Winter,13,pearson,month_median,15,11,0,2000
main_month_median_pearson,Liaohe,潦河,Winter,13,pearson,month_median,15,12,0,2000
main_month_median_pearson,Liaohe,潦河,Winter,13,pearson,month_median,15,13,0,2000
main_month_median_pearson,Liaohe,潦河,Winter,13,pearson,month_median,15,14,0,2000
main_month_median_pearson,Liaohe,潦河,Winter,13,pearson,month_median,15,15,0,2000
main_month_median_pearson,Liaohe,潦河,Winter,13,pearson,month_median,20,0,0,2000
main_month_median_pearson,Liaohe,潦河,Winter,13,pearson,month_median,20,1,0.9965,2000
main_month_median_pearson,Liaohe,潦河,Winter,13,pearson,month_median,20,2,0.0035,2000
main_month_median_pearson,Liaohe,潦河,Winter,13,pearson,month_median,20,3,0,2000
main_month_median_pearson,Liaohe,潦河,Winter,13,pearson,month_median,20,4,0,2000
main_month_median_pearson,Liaohe,潦河,Winter,13,pearson,month_median,20,5,0,2000
main_month_median_pearson,Liaohe,潦河,Winter,13,pearson,month_median,20,6,0,2000
main_month_median_pearson,Liaohe,潦河,Winter,13,pearson,month_median,20,7,0,2000
main_month_median_pearson,Liaohe,潦河,Winter,13,pearson,month_median,20,8,0,2000
main_month_median_pearson,Liaohe,潦河,Winter,13,pearson,month_median,20,9,0,2000
main_month_median_pearson,Liaohe,潦河,Winter,13,pearson,month_median,20,10,0,2000
main_month_median_pearson,Liaohe,潦河,Winter,13,pearson,month_median,20,11,0,2000
main_month_median_pearson,Liaohe,潦河,Winter,13,pearson,month_median,20,12,0,2000
main_month_median_pearson,Liaohe,潦河,Winter,13,pearson,month_median,20,13,0,2000
main_month_median_pearson,Liaohe,潦河,Winter,13,pearson,month_median,20,14,0,2000
main_month_median_pearson,Liaohe,潦河,Winter,13,pearson,month_median,20,15,0,2000
main_month_median_pearson,Liaohe,潦河,Winter,13,pearson,month_median,20,16,0,2000
main_month_median_pearson,Liaohe,潦河,Winter,13,pearson,month_median,20,17,0,2000
main_month_median_pearson,Liaohe,潦河,Winter,13,pearson,month_median,20,18,0,2000
main_month_median_pearson,Liaohe,潦河,Winter,13,pearson,month_median,20,19,0,2000
main_month_median_pearson,Liaohe,潦河,Winter,13,pearson,month_median,20,20,0,2000
main_month_median_pearson,Xinjiang,信江,All,14,pearson,month_median,10,0,0,2000
main_month_median_pearson,Xinjiang,信江,All,14,pearson,month_median,10,1,0.944,2000
main_month_median_pearson,Xinjiang,信江,All,14,pearson,month_median,10,2,0.056,2000
main_month_median_pearson,Xinjiang,信江,All,14,pearson,month_median,10,3,0,2000
main_month_median_pearson,Xinjiang,信江,All,14,pearson,month_median,10,4,0,2000
main_month_median_pearson,Xinjiang,信江,All,14,pearson,month_median,10,5,0,2000
main_month_median_pearson,Xinjiang,信江,All,14,pearson,month_median,10,6,0,2000
main_month_median_pearson,Xinjiang,信江,All,14,pearson,month_median,10,7,0,2000
main_month_median_pearson,Xinjiang,信江,All,14,pearson,month_median,10,8,0,2000
main_month_median_pearson,Xinjiang,信江,All,14,pearson,month_median,10,9,0,2000
main_month_median_pearson,Xinjiang,信江,All,14,pearson,month_median,10,10,0,2000
main_month_median_pearson,Xinjiang,信江,All,14,pearson,month_median,15,0,0,2000
main_month_median_pearson,Xinjiang,信江,All,14,pearson,month_median,15,1,0.944,2000
main_month_median_pearson,Xinjiang,信江,All,14,pearson,month_median,15,2,0.056,2000
main_month_median_pearson,Xinjiang,信江,All,14,pearson,month_median,15,3,0,2000
main_month_median_pearson,Xinjiang,信江,All,14,pearson,month_median,15,4,0,2000
main_month_median_pearson,Xinjiang,信江,All,14,pearson,month_median,15,5,0,2000
main_month_median_pearson,Xinjiang,信江,All,14,pearson,month_median,15,6,0,2000
main_month_median_pearson,Xinjiang,信江,All,14,pearson,month_median,15,7,0,2000
main_month_median_pearson,Xinjiang,信江,All,14,pearson,month_median,15,8,0,2000
main_month_median_pearson,Xinjiang,信江,All,14,pearson,month_median,15,9,0,2000
main_month_median_pearson,Xinjiang,信江,All,14,pearson,month_median,15,10,0,2000
main_month_median_pearson,Xinjiang,信江,All,14,pearson,month_median,15,11,0,2000
main_month_median_pearson,Xinjiang,信江,All,14,pearson,month_median,15,12,0,2000
main_month_median_pearson,Xinjiang,信江,All,14,pearson,month_median,15,13,0,2000
main_month_median_pearson,Xinjiang,信江,All,14,pearson,month_median,15,14,0,2000
main_month_median_pearson,Xinjiang,信江,All,14,pearson,month_median,15,15,0,2000
main_month_median_pearson,Xinjiang,信江,All,14,pearson,month_median,20,0,0,2000
main_month_median_pearson,Xinjiang,信江,All,14,pearson,month_median,20,1,0.944,2000
main_month_median_pearson,Xinjiang,信江,All,14,pearson,month_median,20,2,0.056,2000
main_month_median_pearson,Xinjiang,信江,All,14,pearson,month_median,20,3,0,2000
main_month_median_pearson,Xinjiang,信江,All,14,pearson,month_median,20,4,0,2000
main_month_median_pearson,Xinjiang,信江,All,14,pearson,month_median,20,5,0,2000
main_month_median_pearson,Xinjiang,信江,All,14,pearson,month_median,20,6,0,2000
main_month_median_pearson,Xinjiang,信江,All,14,pearson,month_median,20,7,0,2000
main_month_median_pearson,Xinjiang,信江,All,14,pearson,month_median,20,8,0,2000
main_month_median_pearson,Xinjiang,信江,All,14,pearson,month_median,20,9,0,2000
main_month_median_pearson,Xinjiang,信江,All,14,pearson,month_median,20,10,0,2000
main_month_median_pearson,Xinjiang,信江,All,14,pearson,month_median,20,11,0,2000
main_month_median_pearson,Xinjiang,信江,All,14,pearson,month_median,20,12,0,2000
main_month_median_pearson,Xinjiang,信江,All,14,pearson,month_median,20,13,0,2000
main_month_median_pearson,Xinjiang,信江,All,14,pearson,month_median,20,14,0,2000
main_month_median_pearson,Xinjiang,信江,All,14,pearson,month_median,20,15,0,2000
main_month_median_pearson,Xinjiang,信江,All,14,pearson,month_median,20,16,0,2000
main_month_median_pearson,Xinjiang,信江,All,14,pearson,month_median,20,17,0,2000
main_month_median_pearson,Xinjiang,信江,All,14,pearson,month_median,20,18,0,2000
main_month_median_pearson,Xinjiang,信江,All,14,pearson,month_median,20,19,0,2000
main_month_median_pearson,Xinjiang,信江,All,14,pearson,month_median,20,20,0,2000
main_month_median_pearson,Xinjiang,信江,Autumn,14,pearson,month_median,10,0,0,2000
main_month_median_pearson,Xinjiang,信江,Autumn,14,pearson,month_median,10,1,0.0725,2000
main_month_median_pearson,Xinjiang,信江,Autumn,14,pearson,month_median,10,2,0.9275,2000
main_month_median_pearson,Xinjiang,信江,Autumn,14,pearson,month_median,10,3,0,2000
main_month_median_pearson,Xinjiang,信江,Autumn,14,pearson,month_median,10,4,0,2000
main_month_median_pearson,Xinjiang,信江,Autumn,14,pearson,month_median,10,5,0,2000
main_month_median_pearson,Xinjiang,信江,Autumn,14,pearson,month_median,10,6,0,2000
main_month_median_pearson,Xinjiang,信江,Autumn,14,pearson,month_median,10,7,0,2000
main_month_median_pearson,Xinjiang,信江,Autumn,14,pearson,month_median,10,8,0,2000
main_month_median_pearson,Xinjiang,信江,Autumn,14,pearson,month_median,10,9,0,2000
main_month_median_pearson,Xinjiang,信江,Autumn,14,pearson,month_median,10,10,0,2000
main_month_median_pearson,Xinjiang,信江,Autumn,14,pearson,month_median,15,0,0,2000
main_month_median_pearson,Xinjiang,信江,Autumn,14,pearson,month_median,15,1,0.0725,2000
main_month_median_pearson,Xinjiang,信江,Autumn,14,pearson,month_median,15,2,0.9275,2000
main_month_median_pearson,Xinjiang,信江,Autumn,14,pearson,month_median,15,3,0,2000
main_month_median_pearson,Xinjiang,信江,Autumn,14,pearson,month_median,15,4,0,2000
main_month_median_pearson,Xinjiang,信江,Autumn,14,pearson,month_median,15,5,0,2000
main_month_median_pearson,Xinjiang,信江,Autumn,14,pearson,month_median,15,6,0,2000
main_month_median_pearson,Xinjiang,信江,Autumn,14,pearson,month_median,15,7,0,2000
main_month_median_pearson,Xinjiang,信江,Autumn,14,pearson,month_median,15,8,0,2000
main_month_median_pearson,Xinjiang,信江,Autumn,14,pearson,month_median,15,9,0,2000
main_month_median_pearson,Xinjiang,信江,Autumn,14,pearson,month_median,15,10,0,2000
main_month_median_pearson,Xinjiang,信江,Autumn,14,pearson,month_median,15,11,0,2000
main_month_median_pearson,Xinjiang,信江,Autumn,14,pearson,month_median,15,12,0,2000
main_month_median_pearson,Xinjiang,信江,Autumn,14,pearson,month_median,15,13,0,2000
main_month_median_pearson,Xinjiang,信江,Autumn,14,pearson,month_median,15,14,0,2000
main_month_median_pearson,Xinjiang,信江,Autumn,14,pearson,month_median,15,15,0,2000
main_month_median_pearson,Xinjiang,信江,Autumn,14,pearson,month_median,20,0,0,2000
main_month_median_pearson,Xinjiang,信江,Autumn,14,pearson,month_median,20,1,0.0725,2000
main_month_median_pearson,Xinjiang,信江,Autumn,14,pearson,month_median,20,2,0.9275,2000
main_month_median_pearson,Xinjiang,信江,Autumn,14,pearson,month_median,20,3,0,2000
main_month_median_pearson,Xinjiang,信江,Autumn,14,pearson,month_median,20,4,0,2000
main_month_median_pearson,Xinjiang,信江,Autumn,14,pearson,month_median,20,5,0,2000
main_month_median_pearson,Xinjiang,信江,Autumn,14,pearson,month_median,20,6,0,2000
main_month_median_pearson,Xinjiang,信江,Autumn,14,pearson,month_median,20,7,0,2000
main_month_median_pearson,Xinjiang,信江,Autumn,14,pearson,month_median,20,8,0,2000
main_month_median_pearson,Xinjiang,信江,Autumn,14,pearson,month_median,20,9,0,2000
main_month_median_pearson,Xinjiang,信江,Autumn,14,pearson,month_median,20,10,0,2000
main_month_median_pearson,Xinjiang,信江,Autumn,14,pearson,month_median,20,11,0,2000
main_month_median_pearson,Xinjiang,信江,Autumn,14,pearson,month_median,20,12,0,2000
main_month_median_pearson,Xinjiang,信江,Autumn,14,pearson,month_median,20,13,0,2000
main_month_median_pearson,Xinjiang,信江,Autumn,14,pearson,month_median,20,14,0,2000
main_month_median_pearson,Xinjiang,信江,Autumn,14,pearson,month_median,20,15,0,2000
main_month_median_pearson,Xinjiang,信江,Autumn,14,pearson,month_median,20,16,0,2000
main_month_median_pearson,Xinjiang,信江,Autumn,14,pearson,month_median,20,17,0,2000
main_month_median_pearson,Xinjiang,信江,Autumn,14,pearson,month_median,20,18,0,2000
main_month_median_pearson,Xinjiang,信江,Autumn,14,pearson,month_median,20,19,0,2000
main_month_median_pearson,Xinjiang,信江,Autumn,14,pearson,month_median,20,20,0,2000
main_month_median_pearson,Xinjiang,信江,Spring,14,pearson,month_median,10,0,0,2000
main_month_median_pearson,Xinjiang,信江,Spring,14,pearson,month_median,10,1,1,2000
main_month_median_pearson,Xinjiang,信江,Spring,14,pearson,month_median,10,2,0,2000
main_month_median_pearson,Xinjiang,信江,Spring,14,pearson,month_median,10,3,0,2000
main_month_median_pearson,Xinjiang,信江,Spring,14,pearson,month_median,10,4,0,2000
main_month_median_pearson,Xinjiang,信江,Spring,14,pearson,month_median,10,5,0,2000
main_month_median_pearson,Xinjiang,信江,Spring,14,pearson,month_median,10,6,0,2000
main_month_median_pearson,Xinjiang,信江,Spring,14,pearson,month_median,10,7,0,2000
main_month_median_pearson,Xinjiang,信江,Spring,14,pearson,month_median,10,8,0,2000
main_month_median_pearson,Xinjiang,信江,Spring,14,pearson,month_median,10,9,0,2000
main_month_median_pearson,Xinjiang,信江,Spring,14,pearson,month_median,10,10,0,2000
main_month_median_pearson,Xinjiang,信江,Spring,14,pearson,month_median,15,0,0,2000
main_month_median_pearson,Xinjiang,信江,Spring,14,pearson,month_median,15,1,1,2000
main_month_median_pearson,Xinjiang,信江,Spring,14,pearson,month_median,15,2,0,2000
main_month_median_pearson,Xinjiang,信江,Spring,14,pearson,month_median,15,3,0,2000
main_month_median_pearson,Xinjiang,信江,Spring,14,pearson,month_median,15,4,0,2000
main_month_median_pearson,Xinjiang,信江,Spring,14,pearson,month_median,15,5,0,2000
main_month_median_pearson,Xinjiang,信江,Spring,14,pearson,month_median,15,6,0,2000
main_month_median_pearson,Xinjiang,信江,Spring,14,pearson,month_median,15,7,0,2000
main_month_median_pearson,Xinjiang,信江,Spring,14,pearson,month_median,15,8,0,2000
main_month_median_pearson,Xinjiang,信江,Spring,14,pearson,month_median,15,9,0,2000
main_month_median_pearson,Xinjiang,信江,Spring,14,pearson,month_median,15,10,0,2000
main_month_median_pearson,Xinjiang,信江,Spring,14,pearson,month_median,15,11,0,2000
main_month_median_pearson,Xinjiang,信江,Spring,14,pearson,month_median,15,12,0,2000
main_month_median_pearson,Xinjiang,信江,Spring,14,pearson,month_median,15,13,0,2000
main_month_median_pearson,Xinjiang,信江,Spring,14,pearson,month_median,15,14,0,2000
main_month_median_pearson,Xinjiang,信江,Spring,14,pearson,month_median,15,15,0,2000
main_month_median_pearson,Xinjiang,信江,Spring,14,pearson,month_median,20,0,0,2000
main_month_median_pearson,Xinjiang,信江,Spring,14,pearson,month_median,20,1,1,2000
main_month_median_pearson,Xinjiang,信江,Spring,14,pearson,month_median,20,2,0,2000
main_month_median_pearson,Xinjiang,信江,Spring,14,pearson,month_median,20,3,0,2000
main_month_median_pearson,Xinjiang,信江,Spring,14,pearson,month_median,20,4,0,2000
main_month_median_pearson,Xinjiang,信江,Spring,14,pearson,month_median,20,5,0,2000
main_month_median_pearson,Xinjiang,信江,Spring,14,pearson,month_median,20,6,0,2000
main_month_median_pearson,Xinjiang,信江,Spring,14,pearson,month_median,20,7,0,2000
main_month_median_pearson,Xinjiang,信江,Spring,14,pearson,month_median,20,8,0,2000
main_month_median_pearson,Xinjiang,信江,Spring,14,pearson,month_median,20,9,0,2000
main_month_median_pearson,Xinjiang,信江,Spring,14,pearson,month_median,20,10,0,2000
main_month_median_pearson,Xinjiang,信江,Spring,14,pearson,month_median,20,11,0,2000
main_month_median_pearson,Xinjiang,信江,Spring,14,pearson,month_median,20,12,0,2000
main_month_median_pearson,Xinjiang,信江,Spring,14,pearson,month_median,20,13,0,2000
main_month_median_pearson,Xinjiang,信江,Spring,14,pearson,month_median,20,14,0,2000
main_month_median_pearson,Xinjiang,信江,Spring,14,pearson,month_median,20,15,0,2000
main_month_median_pearson,Xinjiang,信江,Spring,14,pearson,month_median,20,16,0,2000
main_month_median_pearson,Xinjiang,信江,Spring,14,pearson,month_median,20,17,0,2000
main_month_median_pearson,Xinjiang,信江,Spring,14,pearson,month_median,20,18,0,2000
main_month_median_pearson,Xinjiang,信江,Spring,14,pearson,month_median,20,19,0,2000
main_month_median_pearson,Xinjiang,信江,Spring,14,pearson,month_median,20,20,0,2000
main_month_median_pearson,Xinjiang,信江,Summer,14,pearson,month_median,10,0,0,2000
main_month_median_pearson,Xinjiang,信江,Summer,14,pearson,month_median,10,1,0.843,2000
main_month_median_pearson,Xinjiang,信江,Summer,14,pearson,month_median,10,2,0.157,2000
main_month_median_pearson,Xinjiang,信江,Summer,14,pearson,month_median,10,3,0,2000
main_month_median_pearson,Xinjiang,信江,Summer,14,pearson,month_median,10,4,0,2000
main_month_median_pearson,Xinjiang,信江,Summer,14,pearson,month_median,10,5,0,2000
main_month_median_pearson,Xinjiang,信江,Summer,14,pearson,month_median,10,6,0,2000
main_month_median_pearson,Xinjiang,信江,Summer,14,pearson,month_median,10,7,0,2000
main_month_median_pearson,Xinjiang,信江,Summer,14,pearson,month_median,10,8,0,2000
main_month_median_pearson,Xinjiang,信江,Summer,14,pearson,month_median,10,9,0,2000
main_month_median_pearson,Xinjiang,信江,Summer,14,pearson,month_median,10,10,0,2000
main_month_median_pearson,Xinjiang,信江,Summer,14,pearson,month_median,15,0,0,2000
main_month_median_pearson,Xinjiang,信江,Summer,14,pearson,month_median,15,1,0.843,2000
main_month_median_pearson,Xinjiang,信江,Summer,14,pearson,month_median,15,2,0.157,2000
main_month_median_pearson,Xinjiang,信江,Summer,14,pearson,month_median,15,3,0,2000
main_month_median_pearson,Xinjiang,信江,Summer,14,pearson,month_median,15,4,0,2000
main_month_median_pearson,Xinjiang,信江,Summer,14,pearson,month_median,15,5,0,2000
main_month_median_pearson,Xinjiang,信江,Summer,14,pearson,month_median,15,6,0,2000
main_month_median_pearson,Xinjiang,信江,Summer,14,pearson,month_median,15,7,0,2000
main_month_median_pearson,Xinjiang,信江,Summer,14,pearson,month_median,15,8,0,2000
main_month_median_pearson,Xinjiang,信江,Summer,14,pearson,month_median,15,9,0,2000
main_month_median_pearson,Xinjiang,信江,Summer,14,pearson,month_median,15,10,0,2000
main_month_median_pearson,Xinjiang,信江,Summer,14,pearson,month_median,15,11,0,2000
main_month_median_pearson,Xinjiang,信江,Summer,14,pearson,month_median,15,12,0,2000
main_month_median_pearson,Xinjiang,信江,Summer,14,pearson,month_median,15,13,0,2000
main_month_median_pearson,Xinjiang,信江,Summer,14,pearson,month_median,15,14,0,2000
main_month_median_pearson,Xinjiang,信江,Summer,14,pearson,month_median,15,15,0,2000
main_month_median_pearson,Xinjiang,信江,Summer,14,pearson,month_median,20,0,0,2000
main_month_median_pearson,Xinjiang,信江,Summer,14,pearson,month_median,20,1,0.843,2000
main_month_median_pearson,Xinjiang,信江,Summer,14,pearson,month_median,20,2,0.157,2000
main_month_median_pearson,Xinjiang,信江,Summer,14,pearson,month_median,20,3,0,2000
main_month_median_pearson,Xinjiang,信江,Summer,14,pearson,month_median,20,4,0,2000
main_month_median_pearson,Xinjiang,信江,Summer,14,pearson,month_median,20,5,0,2000
main_month_median_pearson,Xinjiang,信江,Summer,14,pearson,month_median,20,6,0,2000
main_month_median_pearson,Xinjiang,信江,Summer,14,pearson,month_median,20,7,0,2000
main_month_median_pearson,Xinjiang,信江,Summer,14,pearson,month_median,20,8,0,2000
main_month_median_pearson,Xinjiang,信江,Summer,14,pearson,month_median,20,9,0,2000
main_month_median_pearson,Xinjiang,信江,Summer,14,pearson,month_median,20,10,0,2000
main_month_median_pearson,Xinjiang,信江,Summer,14,pearson,month_median,20,11,0,2000
main_month_median_pearson,Xinjiang,信江,Summer,14,pearson,month_median,20,12,0,2000
main_month_median_pearson,Xinjiang,信江,Summer,14,pearson,month_median,20,13,0,2000
main_month_median_pearson,Xinjiang,信江,Summer,14,pearson,month_median,20,14,0,2000
main_month_median_pearson,Xinjiang,信江,Summer,14,pearson,month_median,20,15,0,2000
main_month_median_pearson,Xinjiang,信江,Summer,14,pearson,month_median,20,16,0,2000
main_month_median_pearson,Xinjiang,信江,Summer,14,pearson,month_median,20,17,0,2000
main_month_median_pearson,Xinjiang,信江,Summer,14,pearson,month_median,20,18,0,2000
main_month_median_pearson,Xinjiang,信江,Summer,14,pearson,month_median,20,19,0,2000
main_month_median_pearson,Xinjiang,信江,Summer,14,pearson,month_median,20,20,0,2000
main_month_median_pearson,Xinjiang,信江,Winter,13,pearson,month_median,10,0,0,2000
main_month_median_pearson,Xinjiang,信江,Winter,13,pearson,month_median,10,1,0,2000
main_month_median_pearson,Xinjiang,信江,Winter,13,pearson,month_median,10,2,1,2000
main_month_median_pearson,Xinjiang,信江,Winter,13,pearson,month_median,10,3,0,2000
main_month_median_pearson,Xinjiang,信江,Winter,13,pearson,month_median,10,4,0,2000
main_month_median_pearson,Xinjiang,信江,Winter,13,pearson,month_median,10,5,0,2000
main_month_median_pearson,Xinjiang,信江,Winter,13,pearson,month_median,10,6,0,2000
main_month_median_pearson,Xinjiang,信江,Winter,13,pearson,month_median,10,7,0,2000
main_month_median_pearson,Xinjiang,信江,Winter,13,pearson,month_median,10,8,0,2000
main_month_median_pearson,Xinjiang,信江,Winter,13,pearson,month_median,10,9,0,2000
main_month_median_pearson,Xinjiang,信江,Winter,13,pearson,month_median,10,10,0,2000
main_month_median_pearson,Xinjiang,信江,Winter,13,pearson,month_median,15,0,0,2000
main_month_median_pearson,Xinjiang,信江,Winter,13,pearson,month_median,15,1,0,2000
main_month_median_pearson,Xinjiang,信江,Winter,13,pearson,month_median,15,2,1,2000
main_month_median_pearson,Xinjiang,信江,Winter,13,pearson,month_median,15,3,0,2000
main_month_median_pearson,Xinjiang,信江,Winter,13,pearson,month_median,15,4,0,2000
main_month_median_pearson,Xinjiang,信江,Winter,13,pearson,month_median,15,5,0,2000
main_month_median_pearson,Xinjiang,信江,Winter,13,pearson,month_median,15,6,0,2000
main_month_median_pearson,Xinjiang,信江,Winter,13,pearson,month_median,15,7,0,2000
main_month_median_pearson,Xinjiang,信江,Winter,13,pearson,month_median,15,8,0,2000
main_month_median_pearson,Xinjiang,信江,Winter,13,pearson,month_median,15,9,0,2000
main_month_median_pearson,Xinjiang,信江,Winter,13,pearson,month_median,15,10,0,2000
main_month_median_pearson,Xinjiang,信江,Winter,13,pearson,month_median,15,11,0,2000
main_month_median_pearson,Xinjiang,信江,Winter,13,pearson,month_median,15,12,0,2000
main_month_median_pearson,Xinjiang,信江,Winter,13,pearson,month_median,15,13,0,2000
main_month_median_pearson,Xinjiang,信江,Winter,13,pearson,month_median,15,14,0,2000
main_month_median_pearson,Xinjiang,信江,Winter,13,pearson,month_median,15,15,0,2000
main_month_median_pearson,Xinjiang,信江,Winter,13,pearson,month_median,20,0,0,2000
main_month_median_pearson,Xinjiang,信江,Winter,13,pearson,month_median,20,1,0,2000
main_month_median_pearson,Xinjiang,信江,Winter,13,pearson,month_median,20,2,1,2000
main_month_median_pearson,Xinjiang,信江,Winter,13,pearson,month_median,20,3,0,2000
main_month_median_pearson,Xinjiang,信江,Winter,13,pearson,month_median,20,4,0,2000
main_month_median_pearson,Xinjiang,信江,Winter,13,pearson,month_median,20,5,0,2000
main_month_median_pearson,Xinjiang,信江,Winter,13,pearson,month_median,20,6,0,2000
main_month_median_pearson,Xinjiang,信江,Winter,13,pearson,month_median,20,7,0,2000
main_month_median_pearson,Xinjiang,信江,Winter,13,pearson,month_median,20,8,0,2000
main_month_median_pearson,Xinjiang,信江,Winter,13,pearson,month_median,20,9,0,2000
main_month_median_pearson,Xinjiang,信江,Winter,13,pearson,month_median,20,10,0,2000
main_month_median_pearson,Xinjiang,信江,Winter,13,pearson,month_median,20,11,0,2000
main_month_median_pearson,Xinjiang,信江,Winter,13,pearson,month_median,20,12,0,2000
main_month_median_pearson,Xinjiang,信江,Winter,13,pearson,month_median,20,13,0,2000
main_month_median_pearson,Xinjiang,信江,Winter,13,pearson,month_median,20,14,0,2000
main_month_median_pearson,Xinjiang,信江,Winter,13,pearson,month_median,20,15,0,2000
main_month_median_pearson,Xinjiang,信江,Winter,13,pearson,month_median,20,16,0,2000
main_month_median_pearson,Xinjiang,信江,Winter,13,pearson,month_median,20,17,0,2000
main_month_median_pearson,Xinjiang,信江,Winter,13,pearson,month_median,20,18,0,2000
main_month_median_pearson,Xinjiang,信江,Winter,13,pearson,month_median,20,19,0,2000
main_month_median_pearson,Xinjiang,信江,Winter,13,pearson,month_median,20,20,0,2000
main_month_median_pearson,Xiushui,修水,All,14,pearson,month_median,10,0,0,2000
main_month_median_pearson,Xiushui,修水,All,14,pearson,month_median,10,1,0.001,2000
main_month_median_pearson,Xiushui,修水,All,14,pearson,month_median,10,2,0.9055,2000
main_month_median_pearson,Xiushui,修水,All,14,pearson,month_median,10,3,0.024,2000
main_month_median_pearson,Xiushui,修水,All,14,pearson,month_median,10,4,0.016,2000
main_month_median_pearson,Xiushui,修水,All,14,pearson,month_median,10,5,0.0375,2000
main_month_median_pearson,Xiushui,修水,All,14,pearson,month_median,10,6,0.003,2000
main_month_median_pearson,Xiushui,修水,All,14,pearson,month_median,10,7,0.0005,2000
main_month_median_pearson,Xiushui,修水,All,14,pearson,month_median,10,8,0.012,2000
main_month_median_pearson,Xiushui,修水,All,14,pearson,month_median,10,9,0.0005,2000
main_month_median_pearson,Xiushui,修水,All,14,pearson,month_median,10,10,0,2000
main_month_median_pearson,Xiushui,修水,All,14,pearson,month_median,15,0,0,2000
main_month_median_pearson,Xiushui,修水,All,14,pearson,month_median,15,1,0.001,2000
main_month_median_pearson,Xiushui,修水,All,14,pearson,month_median,15,2,0.9055,2000
main_month_median_pearson,Xiushui,修水,All,14,pearson,month_median,15,3,0.024,2000
main_month_median_pearson,Xiushui,修水,All,14,pearson,month_median,15,4,0.016,2000
main_month_median_pearson,Xiushui,修水,All,14,pearson,month_median,15,5,0.0375,2000
main_month_median_pearson,Xiushui,修水,All,14,pearson,month_median,15,6,0.003,2000
main_month_median_pearson,Xiushui,修水,All,14,pearson,month_median,15,7,0.0005,2000
main_month_median_pearson,Xiushui,修水,All,14,pearson,month_median,15,8,0.012,2000
main_month_median_pearson,Xiushui,修水,All,14,pearson,month_median,15,9,0.0005,2000
main_month_median_pearson,Xiushui,修水,All,14,pearson,month_median,15,10,0,2000
main_month_median_pearson,Xiushui,修水,All,14,pearson,month_median,15,11,0,2000
main_month_median_pearson,Xiushui,修水,All,14,pearson,month_median,15,12,0,2000
main_month_median_pearson,Xiushui,修水,All,14,pearson,month_median,15,13,0,2000
main_month_median_pearson,Xiushui,修水,All,14,pearson,month_median,15,14,0,2000
main_month_median_pearson,Xiushui,修水,All,14,pearson,month_median,15,15,0,2000
main_month_median_pearson,Xiushui,修水,All,14,pearson,month_median,20,0,0,2000
main_month_median_pearson,Xiushui,修水,All,14,pearson,month_median,20,1,0.001,2000
main_month_median_pearson,Xiushui,修水,All,14,pearson,month_median,20,2,0.9055,2000
main_month_median_pearson,Xiushui,修水,All,14,pearson,month_median,20,3,0.024,2000
main_month_median_pearson,Xiushui,修水,All,14,pearson,month_median,20,4,0.016,2000
main_month_median_pearson,Xiushui,修水,All,14,pearson,month_median,20,5,0.0375,2000
main_month_median_pearson,Xiushui,修水,All,14,pearson,month_median,20,6,0.003,2000
main_month_median_pearson,Xiushui,修水,All,14,pearson,month_median,20,7,0.0005,2000
main_month_median_pearson,Xiushui,修水,All,14,pearson,month_median,20,8,0.012,2000
main_month_median_pearson,Xiushui,修水,All,14,pearson,month_median,20,9,0.0005,2000
main_month_median_pearson,Xiushui,修水,All,14,pearson,month_median,20,10,0,2000
main_month_median_pearson,Xiushui,修水,All,14,pearson,month_median,20,11,0,2000
main_month_median_pearson,Xiushui,修水,All,14,pearson,month_median,20,12,0,2000
main_month_median_pearson,Xiushui,修水,All,14,pearson,month_median,20,13,0,2000
main_month_median_pearson,Xiushui,修水,All,14,pearson,month_median,20,14,0,2000
main_month_median_pearson,Xiushui,修水,All,14,pearson,month_median,20,15,0,2000
main_month_median_pearson,Xiushui,修水,All,14,pearson,month_median,20,16,0,2000
main_month_median_pearson,Xiushui,修水,All,14,pearson,month_median,20,17,0,2000
main_month_median_pearson,Xiushui,修水,All,14,pearson,month_median,20,18,0,2000
main_month_median_pearson,Xiushui,修水,All,14,pearson,month_median,20,19,0,2000
main_month_median_pearson,Xiushui,修水,All,14,pearson,month_median,20,20,0,2000
main_month_median_pearson,Xiushui,修水,Autumn,14,pearson,month_median,10,0,0.0005,2000
main_month_median_pearson,Xiushui,修水,Autumn,14,pearson,month_median,10,1,0.0025,2000
main_month_median_pearson,Xiushui,修水,Autumn,14,pearson,month_median,10,2,0.248,2000
main_month_median_pearson,Xiushui,修水,Autumn,14,pearson,month_median,10,3,0.454,2000
main_month_median_pearson,Xiushui,修水,Autumn,14,pearson,month_median,10,4,0.003,2000
main_month_median_pearson,Xiushui,修水,Autumn,14,pearson,month_median,10,5,0.013,2000
main_month_median_pearson,Xiushui,修水,Autumn,14,pearson,month_median,10,6,0.111,2000
main_month_median_pearson,Xiushui,修水,Autumn,14,pearson,month_median,10,7,0.1135,2000
main_month_median_pearson,Xiushui,修水,Autumn,14,pearson,month_median,10,8,0.004,2000
main_month_median_pearson,Xiushui,修水,Autumn,14,pearson,month_median,10,9,0,2000
main_month_median_pearson,Xiushui,修水,Autumn,14,pearson,month_median,10,10,0.0505,2000
main_month_median_pearson,Xiushui,修水,Autumn,14,pearson,month_median,15,0,0,2000
main_month_median_pearson,Xiushui,修水,Autumn,14,pearson,month_median,15,1,0.001,2000
main_month_median_pearson,Xiushui,修水,Autumn,14,pearson,month_median,15,2,0.236,2000
main_month_median_pearson,Xiushui,修水,Autumn,14,pearson,month_median,15,3,0.4525,2000
main_month_median_pearson,Xiushui,修水,Autumn,14,pearson,month_median,15,4,0.003,2000
main_month_median_pearson,Xiushui,修水,Autumn,14,pearson,month_median,15,5,0.0085,2000
main_month_median_pearson,Xiushui,修水,Autumn,14,pearson,month_median,15,6,0.0945,2000
main_month_median_pearson,Xiushui,修水,Autumn,14,pearson,month_median,15,7,0.103,2000
main_month_median_pearson,Xiushui,修水,Autumn,14,pearson,month_median,15,8,0.0025,2000
main_month_median_pearson,Xiushui,修水,Autumn,14,pearson,month_median,15,9,0,2000
main_month_median_pearson,Xiushui,修水,Autumn,14,pearson,month_median,15,10,0.0285,2000
main_month_median_pearson,Xiushui,修水,Autumn,14,pearson,month_median,15,11,0.004,2000
main_month_median_pearson,Xiushui,修水,Autumn,14,pearson,month_median,15,12,0,2000
main_month_median_pearson,Xiushui,修水,Autumn,14,pearson,month_median,15,13,0.0605,2000
main_month_median_pearson,Xiushui,修水,Autumn,14,pearson,month_median,15,14,0.006,2000
main_month_median_pearson,Xiushui,修水,Autumn,14,pearson,month_median,15,15,0,2000
main_month_median_pearson,Xiushui,修水,Autumn,14,pearson,month_median,20,0,0,2000
main_month_median_pearson,Xiushui,修水,Autumn,14,pearson,month_median,20,1,0.001,2000
main_month_median_pearson,Xiushui,修水,Autumn,14,pearson,month_median,20,2,0.234,2000
main_month_median_pearson,Xiushui,修水,Autumn,14,pearson,month_median,20,3,0.4495,2000
main_month_median_pearson,Xiushui,修水,Autumn,14,pearson,month_median,20,4,0.003,2000
main_month_median_pearson,Xiushui,修水,Autumn,14,pearson,month_median,20,5,0.008,2000
main_month_median_pearson,Xiushui,修水,Autumn,14,pearson,month_median,20,6,0.092,2000
main_month_median_pearson,Xiushui,修水,Autumn,14,pearson,month_median,20,7,0.103,2000
main_month_median_pearson,Xiushui,修水,Autumn,14,pearson,month_median,20,8,0.0025,2000
main_month_median_pearson,Xiushui,修水,Autumn,14,pearson,month_median,20,9,0,2000
main_month_median_pearson,Xiushui,修水,Autumn,14,pearson,month_median,20,10,0.028,2000
main_month_median_pearson,Xiushui,修水,Autumn,14,pearson,month_median,20,11,0.004,2000
main_month_median_pearson,Xiushui,修水,Autumn,14,pearson,month_median,20,12,0,2000
main_month_median_pearson,Xiushui,修水,Autumn,14,pearson,month_median,20,13,0.0595,2000
main_month_median_pearson,Xiushui,修水,Autumn,14,pearson,month_median,20,14,0.006,2000
main_month_median_pearson,Xiushui,修水,Autumn,14,pearson,month_median,20,15,0,2000
main_month_median_pearson,Xiushui,修水,Autumn,14,pearson,month_median,20,16,0,2000
main_month_median_pearson,Xiushui,修水,Autumn,14,pearson,month_median,20,17,0,2000
main_month_median_pearson,Xiushui,修水,Autumn,14,pearson,month_median,20,18,0,2000
main_month_median_pearson,Xiushui,修水,Autumn,14,pearson,month_median,20,19,0.0045,2000
main_month_median_pearson,Xiushui,修水,Autumn,14,pearson,month_median,20,20,0.005,2000
main_month_median_pearson,Xiushui,修水,Spring,14,pearson,month_median,10,0,0,2000
main_month_median_pearson,Xiushui,修水,Spring,14,pearson,month_median,10,1,0,2000
main_month_median_pearson,Xiushui,修水,Spring,14,pearson,month_median,10,2,0.0365,2000
main_month_median_pearson,Xiushui,修水,Spring,14,pearson,month_median,10,3,0.0225,2000
main_month_median_pearson,Xiushui,修水,Spring,14,pearson,month_median,10,4,0.0025,2000
main_month_median_pearson,Xiushui,修水,Spring,14,pearson,month_median,10,5,0.0425,2000
main_month_median_pearson,Xiushui,修水,Spring,14,pearson,month_median,10,6,0.222,2000
main_month_median_pearson,Xiushui,修水,Spring,14,pearson,month_median,10,7,0.1105,2000
main_month_median_pearson,Xiushui,修水,Spring,14,pearson,month_median,10,8,0.546,2000
main_month_median_pearson,Xiushui,修水,Spring,14,pearson,month_median,10,9,0.007,2000
main_month_median_pearson,Xiushui,修水,Spring,14,pearson,month_median,10,10,0.0105,2000
main_month_median_pearson,Xiushui,修水,Spring,14,pearson,month_median,15,0,0,2000
main_month_median_pearson,Xiushui,修水,Spring,14,pearson,month_median,15,1,0,2000
main_month_median_pearson,Xiushui,修水,Spring,14,pearson,month_median,15,2,0.036,2000
main_month_median_pearson,Xiushui,修水,Spring,14,pearson,month_median,15,3,0.0225,2000
main_month_median_pearson,Xiushui,修水,Spring,14,pearson,month_median,15,4,0.0025,2000
main_month_median_pearson,Xiushui,修水,Spring,14,pearson,month_median,15,5,0.042,2000
main_month_median_pearson,Xiushui,修水,Spring,14,pearson,month_median,15,6,0.2215,2000
main_month_median_pearson,Xiushui,修水,Spring,14,pearson,month_median,15,7,0.1105,2000
main_month_median_pearson,Xiushui,修水,Spring,14,pearson,month_median,15,8,0.544,2000
main_month_median_pearson,Xiushui,修水,Spring,14,pearson,month_median,15,9,0.007,2000
main_month_median_pearson,Xiushui,修水,Spring,14,pearson,month_median,15,10,0.0095,2000
main_month_median_pearson,Xiushui,修水,Spring,14,pearson,month_median,15,11,0.003,2000
main_month_median_pearson,Xiushui,修水,Spring,14,pearson,month_median,15,12,0,2000
main_month_median_pearson,Xiushui,修水,Spring,14,pearson,month_median,15,13,0.0005,2000
main_month_median_pearson,Xiushui,修水,Spring,14,pearson,month_median,15,14,0.001,2000
main_month_median_pearson,Xiushui,修水,Spring,14,pearson,month_median,15,15,0,2000
main_month_median_pearson,Xiushui,修水,Spring,14,pearson,month_median,20,0,0,2000
main_month_median_pearson,Xiushui,修水,Spring,14,pearson,month_median,20,1,0,2000
main_month_median_pearson,Xiushui,修水,Spring,14,pearson,month_median,20,2,0.036,2000
main_month_median_pearson,Xiushui,修水,Spring,14,pearson,month_median,20,3,0.0225,2000
main_month_median_pearson,Xiushui,修水,Spring,14,pearson,month_median,20,4,0.0025,2000
main_month_median_pearson,Xiushui,修水,Spring,14,pearson,month_median,20,5,0.042,2000
main_month_median_pearson,Xiushui,修水,Spring,14,pearson,month_median,20,6,0.2215,2000
main_month_median_pearson,Xiushui,修水,Spring,14,pearson,month_median,20,7,0.1105,2000
main_month_median_pearson,Xiushui,修水,Spring,14,pearson,month_median,20,8,0.544,2000
main_month_median_pearson,Xiushui,修水,Spring,14,pearson,month_median,20,9,0.007,2000
main_month_median_pearson,Xiushui,修水,Spring,14,pearson,month_median,20,10,0.0095,2000
main_month_median_pearson,Xiushui,修水,Spring,14,pearson,month_median,20,11,0.003,2000
main_month_median_pearson,Xiushui,修水,Spring,14,pearson,month_median,20,12,0,2000
main_month_median_pearson,Xiushui,修水,Spring,14,pearson,month_median,20,13,0.0005,2000
main_month_median_pearson,Xiushui,修水,Spring,14,pearson,month_median,20,14,0.001,2000
main_month_median_pearson,Xiushui,修水,Spring,14,pearson,month_median,20,15,0,2000
main_month_median_pearson,Xiushui,修水,Spring,14,pearson,month_median,20,16,0,2000
main_month_median_pearson,Xiushui,修水,Spring,14,pearson,month_median,20,17,0,2000
main_month_median_pearson,Xiushui,修水,Spring,14,pearson,month_median,20,18,0,2000
main_month_median_pearson,Xiushui,修水,Spring,14,pearson,month_median,20,19,0,2000
main_month_median_pearson,Xiushui,修水,Spring,14,pearson,month_median,20,20,0,2000
main_month_median_pearson,Xiushui,修水,Summer,14,pearson,month_median,10,0,0,2000
main_month_median_pearson,Xiushui,修水,Summer,14,pearson,month_median,10,1,0.032,2000
main_month_median_pearson,Xiushui,修水,Summer,14,pearson,month_median,10,2,0.9135,2000
main_month_median_pearson,Xiushui,修水,Summer,14,pearson,month_median,10,3,0.0155,2000
main_month_median_pearson,Xiushui,修水,Summer,14,pearson,month_median,10,4,0.019,2000
main_month_median_pearson,Xiushui,修水,Summer,14,pearson,month_median,10,5,0.02,2000
main_month_median_pearson,Xiushui,修水,Summer,14,pearson,month_median,10,6,0,2000
main_month_median_pearson,Xiushui,修水,Summer,14,pearson,month_median,10,7,0,2000
main_month_median_pearson,Xiushui,修水,Summer,14,pearson,month_median,10,8,0,2000
main_month_median_pearson,Xiushui,修水,Summer,14,pearson,month_median,10,9,0,2000
main_month_median_pearson,Xiushui,修水,Summer,14,pearson,month_median,10,10,0,2000
main_month_median_pearson,Xiushui,修水,Summer,14,pearson,month_median,15,0,0,2000
main_month_median_pearson,Xiushui,修水,Summer,14,pearson,month_median,15,1,0.032,2000
main_month_median_pearson,Xiushui,修水,Summer,14,pearson,month_median,15,2,0.9115,2000
main_month_median_pearson,Xiushui,修水,Summer,14,pearson,month_median,15,3,0.0155,2000
main_month_median_pearson,Xiushui,修水,Summer,14,pearson,month_median,15,4,0.019,2000
main_month_median_pearson,Xiushui,修水,Summer,14,pearson,month_median,15,5,0.0195,2000
main_month_median_pearson,Xiushui,修水,Summer,14,pearson,month_median,15,6,0,2000
main_month_median_pearson,Xiushui,修水,Summer,14,pearson,month_median,15,7,0,2000
main_month_median_pearson,Xiushui,修水,Summer,14,pearson,month_median,15,8,0,2000
main_month_median_pearson,Xiushui,修水,Summer,14,pearson,month_median,15,9,0,2000
main_month_median_pearson,Xiushui,修水,Summer,14,pearson,month_median,15,10,0,2000
main_month_median_pearson,Xiushui,修水,Summer,14,pearson,month_median,15,11,0,2000
main_month_median_pearson,Xiushui,修水,Summer,14,pearson,month_median,15,12,0,2000
main_month_median_pearson,Xiushui,修水,Summer,14,pearson,month_median,15,13,0,2000
main_month_median_pearson,Xiushui,修水,Summer,14,pearson,month_median,15,14,0,2000
main_month_median_pearson,Xiushui,修水,Summer,14,pearson,month_median,15,15,0.0025,2000
main_month_median_pearson,Xiushui,修水,Summer,14,pearson,month_median,20,0,0,2000
main_month_median_pearson,Xiushui,修水,Summer,14,pearson,month_median,20,1,0.032,2000
main_month_median_pearson,Xiushui,修水,Summer,14,pearson,month_median,20,2,0.9115,2000
main_month_median_pearson,Xiushui,修水,Summer,14,pearson,month_median,20,3,0.015,2000
main_month_median_pearson,Xiushui,修水,Summer,14,pearson,month_median,20,4,0.019,2000
main_month_median_pearson,Xiushui,修水,Summer,14,pearson,month_median,20,5,0.0195,2000
main_month_median_pearson,Xiushui,修水,Summer,14,pearson,month_median,20,6,0,2000
main_month_median_pearson,Xiushui,修水,Summer,14,pearson,month_median,20,7,0,2000
main_month_median_pearson,Xiushui,修水,Summer,14,pearson,month_median,20,8,0,2000
main_month_median_pearson,Xiushui,修水,Summer,14,pearson,month_median,20,9,0,2000
main_month_median_pearson,Xiushui,修水,Summer,14,pearson,month_median,20,10,0,2000
main_month_median_pearson,Xiushui,修水,Summer,14,pearson,month_median,20,11,0,2000
main_month_median_pearson,Xiushui,修水,Summer,14,pearson,month_median,20,12,0,2000
main_month_median_pearson,Xiushui,修水,Summer,14,pearson,month_median,20,13,0,2000
main_month_median_pearson,Xiushui,修水,Summer,14,pearson,month_median,20,14,0,2000
main_month_median_pearson,Xiushui,修水,Summer,14,pearson,month_median,20,15,0.0025,2000
main_month_median_pearson,Xiushui,修水,Summer,14,pearson,month_median,20,16,0.0005,2000
main_month_median_pearson,Xiushui,修水,Summer,14,pearson,month_median,20,17,0,2000
main_month_median_pearson,Xiushui,修水,Summer,14,pearson,month_median,20,18,0,2000
main_month_median_pearson,Xiushui,修水,Summer,14,pearson,month_median,20,19,0,2000
main_month_median_pearson,Xiushui,修水,Summer,14,pearson,month_median,20,20,0,2000
main_month_median_pearson,Xiushui,修水,Winter,13,pearson,month_median,10,0,0.009,2000
main_month_median_pearson,Xiushui,修水,Winter,13,pearson,month_median,10,1,0.076,2000
main_month_median_pearson,Xiushui,修水,Winter,13,pearson,month_median,10,2,0,2000
main_month_median_pearson,Xiushui,修水,Winter,13,pearson,month_median,10,3,0.023,2000
main_month_median_pearson,Xiushui,修水,Winter,13,pearson,month_median,10,4,0,2000
main_month_median_pearson,Xiushui,修水,Winter,13,pearson,month_median,10,5,0.015,2000
main_month_median_pearson,Xiushui,修水,Winter,13,pearson,month_median,10,6,0.05,2000
main_month_median_pearson,Xiushui,修水,Winter,13,pearson,month_median,10,7,0.151,2000
main_month_median_pearson,Xiushui,修水,Winter,13,pearson,month_median,10,8,0.59,2000
main_month_median_pearson,Xiushui,修水,Winter,13,pearson,month_median,10,9,0,2000
main_month_median_pearson,Xiushui,修水,Winter,13,pearson,month_median,10,10,0.086,2000
main_month_median_pearson,Xiushui,修水,Winter,13,pearson,month_median,15,0,0.0085,2000
main_month_median_pearson,Xiushui,修水,Winter,13,pearson,month_median,15,1,0.0685,2000
main_month_median_pearson,Xiushui,修水,Winter,13,pearson,month_median,15,2,0,2000
main_month_median_pearson,Xiushui,修水,Winter,13,pearson,month_median,15,3,0.0225,2000
main_month_median_pearson,Xiushui,修水,Winter,13,pearson,month_median,15,4,0,2000
main_month_median_pearson,Xiushui,修水,Winter,13,pearson,month_median,15,5,0.0145,2000
main_month_median_pearson,Xiushui,修水,Winter,13,pearson,month_median,15,6,0.0445,2000
main_month_median_pearson,Xiushui,修水,Winter,13,pearson,month_median,15,7,0.15,2000
main_month_median_pearson,Xiushui,修水,Winter,13,pearson,month_median,15,8,0.582,2000
main_month_median_pearson,Xiushui,修水,Winter,13,pearson,month_median,15,9,0,2000
main_month_median_pearson,Xiushui,修水,Winter,13,pearson,month_median,15,10,0.0775,2000
main_month_median_pearson,Xiushui,修水,Winter,13,pearson,month_median,15,11,0.0005,2000
main_month_median_pearson,Xiushui,修水,Winter,13,pearson,month_median,15,12,0.0095,2000
main_month_median_pearson,Xiushui,修水,Winter,13,pearson,month_median,15,13,0.019,2000
main_month_median_pearson,Xiushui,修水,Winter,13,pearson,month_median,15,14,0.0015,2000
main_month_median_pearson,Xiushui,修水,Winter,13,pearson,month_median,15,15,0.0015,2000
main_month_median_pearson,Xiushui,修水,Winter,13,pearson,month_median,20,0,0.008,2000
main_month_median_pearson,Xiushui,修水,Winter,13,pearson,month_median,20,1,0.0685,2000
main_month_median_pearson,Xiushui,修水,Winter,13,pearson,month_median,20,2,0,2000
main_month_median_pearson,Xiushui,修水,Winter,13,pearson,month_median,20,3,0.0225,2000
main_month_median_pearson,Xiushui,修水,Winter,13,pearson,month_median,20,4,0,2000
main_month_median_pearson,Xiushui,修水,Winter,13,pearson,month_median,20,5,0.0145,2000
main_month_median_pearson,Xiushui,修水,Winter,13,pearson,month_median,20,6,0.0435,2000
main_month_median_pearson,Xiushui,修水,Winter,13,pearson,month_median,20,7,0.1495,2000
main_month_median_pearson,Xiushui,修水,Winter,13,pearson,month_median,20,8,0.5815,2000
main_month_median_pearson,Xiushui,修水,Winter,13,pearson,month_median,20,9,0,2000
main_month_median_pearson,Xiushui,修水,Winter,13,pearson,month_median,20,10,0.0775,2000
main_month_median_pearson,Xiushui,修水,Winter,13,pearson,month_median,20,11,0,2000
main_month_median_pearson,Xiushui,修水,Winter,13,pearson,month_median,20,12,0.0085,2000
main_month_median_pearson,Xiushui,修水,Winter,13,pearson,month_median,20,13,0.019,2000
main_month_median_pearson,Xiushui,修水,Winter,13,pearson,month_median,20,14,0.001,2000
main_month_median_pearson,Xiushui,修水,Winter,13,pearson,month_median,20,15,0.0005,2000
main_month_median_pearson,Xiushui,修水,Winter,13,pearson,month_median,20,16,0.001,2000
main_month_median_pearson,Xiushui,修水,Winter,13,pearson,month_median,20,17,0,2000
main_month_median_pearson,Xiushui,修水,Winter,13,pearson,month_median,20,18,0,2000
main_month_median_pearson,Xiushui,修水,Winter,13,pearson,month_median,20,19,0.0005,2000
main_month_median_pearson,Xiushui,修水,Winter,13,pearson,month_median,20,20,0.004,2000
main_month_median_spearman,Changjiang,昌江,All,14,spearman,month_median,10,0,0,2000
main_month_median_spearman,Changjiang,昌江,All,14,spearman,month_median,10,1,0,2000
main_month_median_spearman,Changjiang,昌江,All,14,spearman,month_median,10,2,1,2000
main_month_median_spearman,Changjiang,昌江,All,14,spearman,month_median,10,3,0,2000
main_month_median_spearman,Changjiang,昌江,All,14,spearman,month_median,10,4,0,2000
main_month_median_spearman,Changjiang,昌江,All,14,spearman,month_median,10,5,0,2000
main_month_median_spearman,Changjiang,昌江,All,14,spearman,month_median,10,6,0,2000
main_month_median_spearman,Changjiang,昌江,All,14,spearman,month_median,10,7,0,2000
main_month_median_spearman,Changjiang,昌江,All,14,spearman,month_median,10,8,0,2000
main_month_median_spearman,Changjiang,昌江,All,14,spearman,month_median,10,9,0,2000
main_month_median_spearman,Changjiang,昌江,All,14,spearman,month_median,10,10,0,2000
main_month_median_spearman,Changjiang,昌江,All,14,spearman,month_median,15,0,0,2000
main_month_median_spearman,Changjiang,昌江,All,14,spearman,month_median,15,1,0,2000
main_month_median_spearman,Changjiang,昌江,All,14,spearman,month_median,15,2,1,2000
main_month_median_spearman,Changjiang,昌江,All,14,spearman,month_median,15,3,0,2000
main_month_median_spearman,Changjiang,昌江,All,14,spearman,month_median,15,4,0,2000
main_month_median_spearman,Changjiang,昌江,All,14,spearman,month_median,15,5,0,2000
main_month_median_spearman,Changjiang,昌江,All,14,spearman,month_median,15,6,0,2000
main_month_median_spearman,Changjiang,昌江,All,14,spearman,month_median,15,7,0,2000
main_month_median_spearman,Changjiang,昌江,All,14,spearman,month_median,15,8,0,2000
main_month_median_spearman,Changjiang,昌江,All,14,spearman,month_median,15,9,0,2000
main_month_median_spearman,Changjiang,昌江,All,14,spearman,month_median,15,10,0,2000
main_month_median_spearman,Changjiang,昌江,All,14,spearman,month_median,15,11,0,2000
main_month_median_spearman,Changjiang,昌江,All,14,spearman,month_median,15,12,0,2000
main_month_median_spearman,Changjiang,昌江,All,14,spearman,month_median,15,13,0,2000
main_month_median_spearman,Changjiang,昌江,All,14,spearman,month_median,15,14,0,2000
main_month_median_spearman,Changjiang,昌江,All,14,spearman,month_median,15,15,0,2000
main_month_median_spearman,Changjiang,昌江,All,14,spearman,month_median,20,0,0,2000
main_month_median_spearman,Changjiang,昌江,All,14,spearman,month_median,20,1,0,2000
main_month_median_spearman,Changjiang,昌江,All,14,spearman,month_median,20,2,1,2000
main_month_median_spearman,Changjiang,昌江,All,14,spearman,month_median,20,3,0,2000
main_month_median_spearman,Changjiang,昌江,All,14,spearman,month_median,20,4,0,2000
main_month_median_spearman,Changjiang,昌江,All,14,spearman,month_median,20,5,0,2000
main_month_median_spearman,Changjiang,昌江,All,14,spearman,month_median,20,6,0,2000
main_month_median_spearman,Changjiang,昌江,All,14,spearman,month_median,20,7,0,2000
main_month_median_spearman,Changjiang,昌江,All,14,spearman,month_median,20,8,0,2000
main_month_median_spearman,Changjiang,昌江,All,14,spearman,month_median,20,9,0,2000
main_month_median_spearman,Changjiang,昌江,All,14,spearman,month_median,20,10,0,2000
main_month_median_spearman,Changjiang,昌江,All,14,spearman,month_median,20,11,0,2000
main_month_median_spearman,Changjiang,昌江,All,14,spearman,month_median,20,12,0,2000
main_month_median_spearman,Changjiang,昌江,All,14,spearman,month_median,20,13,0,2000
main_month_median_spearman,Changjiang,昌江,All,14,spearman,month_median,20,14,0,2000
main_month_median_spearman,Changjiang,昌江,All,14,spearman,month_median,20,15,0,2000
main_month_median_spearman,Changjiang,昌江,All,14,spearman,month_median,20,16,0,2000
main_month_median_spearman,Changjiang,昌江,All,14,spearman,month_median,20,17,0,2000
main_month_median_spearman,Changjiang,昌江,All,14,spearman,month_median,20,18,0,2000
main_month_median_spearman,Changjiang,昌江,All,14,spearman,month_median,20,19,0,2000
main_month_median_spearman,Changjiang,昌江,All,14,spearman,month_median,20,20,0,2000
main_month_median_spearman,Changjiang,昌江,Autumn,14,spearman,month_median,10,0,0,2000
main_month_median_spearman,Changjiang,昌江,Autumn,14,spearman,month_median,10,1,0,2000
main_month_median_spearman,Changjiang,昌江,Autumn,14,spearman,month_median,10,2,0.714,2000
main_month_median_spearman,Changjiang,昌江,Autumn,14,spearman,month_median,10,3,0.2765,2000
main_month_median_spearman,Changjiang,昌江,Autumn,14,spearman,month_median,10,4,0.0075,2000
main_month_median_spearman,Changjiang,昌江,Autumn,14,spearman,month_median,10,5,0.0015,2000
main_month_median_spearman,Changjiang,昌江,Autumn,14,spearman,month_median,10,6,0,2000
main_month_median_spearman,Changjiang,昌江,Autumn,14,spearman,month_median,10,7,0,2000
main_month_median_spearman,Changjiang,昌江,Autumn,14,spearman,month_median,10,8,0.0005,2000
main_month_median_spearman,Changjiang,昌江,Autumn,14,spearman,month_median,10,9,0,2000
main_month_median_spearman,Changjiang,昌江,Autumn,14,spearman,month_median,10,10,0,2000
main_month_median_spearman,Changjiang,昌江,Autumn,14,spearman,month_median,15,0,0,2000
main_month_median_spearman,Changjiang,昌江,Autumn,14,spearman,month_median,15,1,0,2000
main_month_median_spearman,Changjiang,昌江,Autumn,14,spearman,month_median,15,2,0.711,2000
main_month_median_spearman,Changjiang,昌江,Autumn,14,spearman,month_median,15,3,0.2715,2000
main_month_median_spearman,Changjiang,昌江,Autumn,14,spearman,month_median,15,4,0.0075,2000
main_month_median_spearman,Changjiang,昌江,Autumn,14,spearman,month_median,15,5,0.001,2000
main_month_median_spearman,Changjiang,昌江,Autumn,14,spearman,month_median,15,6,0,2000
main_month_median_spearman,Changjiang,昌江,Autumn,14,spearman,month_median,15,7,0,2000
main_month_median_spearman,Changjiang,昌江,Autumn,14,spearman,month_median,15,8,0.0005,2000
main_month_median_spearman,Changjiang,昌江,Autumn,14,spearman,month_median,15,9,0,2000
main_month_median_spearman,Changjiang,昌江,Autumn,14,spearman,month_median,15,10,0,2000
main_month_median_spearman,Changjiang,昌江,Autumn,14,spearman,month_median,15,11,0,2000
main_month_median_spearman,Changjiang,昌江,Autumn,14,spearman,month_median,15,12,0,2000
main_month_median_spearman,Changjiang,昌江,Autumn,14,spearman,month_median,15,13,0.008,2000
main_month_median_spearman,Changjiang,昌江,Autumn,14,spearman,month_median,15,14,0.0005,2000
main_month_median_spearman,Changjiang,昌江,Autumn,14,spearman,month_median,15,15,0,2000
main_month_median_spearman,Changjiang,昌江,Autumn,14,spearman,month_median,20,0,0,2000
main_month_median_spearman,Changjiang,昌江,Autumn,14,spearman,month_median,20,1,0,2000
main_month_median_spearman,Changjiang,昌江,Autumn,14,spearman,month_median,20,2,0.7105,2000
main_month_median_spearman,Changjiang,昌江,Autumn,14,spearman,month_median,20,3,0.2715,2000
main_month_median_spearman,Changjiang,昌江,Autumn,14,spearman,month_median,20,4,0.0075,2000
main_month_median_spearman,Changjiang,昌江,Autumn,14,spearman,month_median,20,5,0.001,2000
main_month_median_spearman,Changjiang,昌江,Autumn,14,spearman,month_median,20,6,0,2000
main_month_median_spearman,Changjiang,昌江,Autumn,14,spearman,month_median,20,7,0,2000
main_month_median_spearman,Changjiang,昌江,Autumn,14,spearman,month_median,20,8,0.0005,2000
main_month_median_spearman,Changjiang,昌江,Autumn,14,spearman,month_median,20,9,0,2000
main_month_median_spearman,Changjiang,昌江,Autumn,14,spearman,month_median,20,10,0,2000
main_month_median_spearman,Changjiang,昌江,Autumn,14,spearman,month_median,20,11,0,2000
main_month_median_spearman,Changjiang,昌江,Autumn,14,spearman,month_median,20,12,0,2000
main_month_median_spearman,Changjiang,昌江,Autumn,14,spearman,month_median,20,13,0.008,2000
main_month_median_spearman,Changjiang,昌江,Autumn,14,spearman,month_median,20,14,0.0005,2000
main_month_median_spearman,Changjiang,昌江,Autumn,14,spearman,month_median,20,15,0,2000
main_month_median_spearman,Changjiang,昌江,Autumn,14,spearman,month_median,20,16,0,2000
main_month_median_spearman,Changjiang,昌江,Autumn,14,spearman,month_median,20,17,0,2000
main_month_median_spearman,Changjiang,昌江,Autumn,14,spearman,month_median,20,18,0,2000
main_month_median_spearman,Changjiang,昌江,Autumn,14,spearman,month_median,20,19,0,2000
main_month_median_spearman,Changjiang,昌江,Autumn,14,spearman,month_median,20,20,0.0005,2000
main_month_median_spearman,Changjiang,昌江,Spring,14,spearman,month_median,10,0,0,2000
main_month_median_spearman,Changjiang,昌江,Spring,14,spearman,month_median,10,1,0.091,2000
main_month_median_spearman,Changjiang,昌江,Spring,14,spearman,month_median,10,2,0.909,2000
main_month_median_spearman,Changjiang,昌江,Spring,14,spearman,month_median,10,3,0,2000
main_month_median_spearman,Changjiang,昌江,Spring,14,spearman,month_median,10,4,0,2000
main_month_median_spearman,Changjiang,昌江,Spring,14,spearman,month_median,10,5,0,2000
main_month_median_spearman,Changjiang,昌江,Spring,14,spearman,month_median,10,6,0,2000
main_month_median_spearman,Changjiang,昌江,Spring,14,spearman,month_median,10,7,0,2000
main_month_median_spearman,Changjiang,昌江,Spring,14,spearman,month_median,10,8,0,2000
main_month_median_spearman,Changjiang,昌江,Spring,14,spearman,month_median,10,9,0,2000
main_month_median_spearman,Changjiang,昌江,Spring,14,spearman,month_median,10,10,0,2000
main_month_median_spearman,Changjiang,昌江,Spring,14,spearman,month_median,15,0,0,2000
main_month_median_spearman,Changjiang,昌江,Spring,14,spearman,month_median,15,1,0.091,2000
main_month_median_spearman,Changjiang,昌江,Spring,14,spearman,month_median,15,2,0.909,2000
main_month_median_spearman,Changjiang,昌江,Spring,14,spearman,month_median,15,3,0,2000
main_month_median_spearman,Changjiang,昌江,Spring,14,spearman,month_median,15,4,0,2000
main_month_median_spearman,Changjiang,昌江,Spring,14,spearman,month_median,15,5,0,2000
main_month_median_spearman,Changjiang,昌江,Spring,14,spearman,month_median,15,6,0,2000
main_month_median_spearman,Changjiang,昌江,Spring,14,spearman,month_median,15,7,0,2000
main_month_median_spearman,Changjiang,昌江,Spring,14,spearman,month_median,15,8,0,2000
main_month_median_spearman,Changjiang,昌江,Spring,14,spearman,month_median,15,9,0,2000
main_month_median_spearman,Changjiang,昌江,Spring,14,spearman,month_median,15,10,0,2000
main_month_median_spearman,Changjiang,昌江,Spring,14,spearman,month_median,15,11,0,2000
main_month_median_spearman,Changjiang,昌江,Spring,14,spearman,month_median,15,12,0,2000
main_month_median_spearman,Changjiang,昌江,Spring,14,spearman,month_median,15,13,0,2000
main_month_median_spearman,Changjiang,昌江,Spring,14,spearman,month_median,15,14,0,2000
main_month_median_spearman,Changjiang,昌江,Spring,14,spearman,month_median,15,15,0,2000
main_month_median_spearman,Changjiang,昌江,Spring,14,spearman,month_median,20,0,0,2000
main_month_median_spearman,Changjiang,昌江,Spring,14,spearman,month_median,20,1,0.091,2000
main_month_median_spearman,Changjiang,昌江,Spring,14,spearman,month_median,20,2,0.909,2000
main_month_median_spearman,Changjiang,昌江,Spring,14,spearman,month_median,20,3,0,2000
main_month_median_spearman,Changjiang,昌江,Spring,14,spearman,month_median,20,4,0,2000
main_month_median_spearman,Changjiang,昌江,Spring,14,spearman,month_median,20,5,0,2000
main_month_median_spearman,Changjiang,昌江,Spring,14,spearman,month_median,20,6,0,2000
main_month_median_spearman,Changjiang,昌江,Spring,14,spearman,month_median,20,7,0,2000
main_month_median_spearman,Changjiang,昌江,Spring,14,spearman,month_median,20,8,0,2000
main_month_median_spearman,Changjiang,昌江,Spring,14,spearman,month_median,20,9,0,2000
main_month_median_spearman,Changjiang,昌江,Spring,14,spearman,month_median,20,10,0,2000
main_month_median_spearman,Changjiang,昌江,Spring,14,spearman,month_median,20,11,0,2000
main_month_median_spearman,Changjiang,昌江,Spring,14,spearman,month_median,20,12,0,2000
main_month_median_spearman,Changjiang,昌江,Spring,14,spearman,month_median,20,13,0,2000
main_month_median_spearman,Changjiang,昌江,Spring,14,spearman,month_median,20,14,0,2000
main_month_median_spearman,Changjiang,昌江,Spring,14,spearman,month_median,20,15,0,2000
main_month_median_spearman,Changjiang,昌江,Spring,14,spearman,month_median,20,16,0,2000
main_month_median_spearman,Changjiang,昌江,Spring,14,spearman,month_median,20,17,0,2000
main_month_median_spearman,Changjiang,昌江,Spring,14,spearman,month_median,20,18,0,2000
main_month_median_spearman,Changjiang,昌江,Spring,14,spearman,month_median,20,19,0,2000
main_month_median_spearman,Changjiang,昌江,Spring,14,spearman,month_median,20,20,0,2000
main_month_median_spearman,Changjiang,昌江,Summer,14,spearman,month_median,10,0,0,2000
main_month_median_spearman,Changjiang,昌江,Summer,14,spearman,month_median,10,1,0.196,2000
main_month_median_spearman,Changjiang,昌江,Summer,14,spearman,month_median,10,2,0.804,2000
main_month_median_spearman,Changjiang,昌江,Summer,14,spearman,month_median,10,3,0,2000
main_month_median_spearman,Changjiang,昌江,Summer,14,spearman,month_median,10,4,0,2000
main_month_median_spearman,Changjiang,昌江,Summer,14,spearman,month_median,10,5,0,2000
main_month_median_spearman,Changjiang,昌江,Summer,14,spearman,month_median,10,6,0,2000
main_month_median_spearman,Changjiang,昌江,Summer,14,spearman,month_median,10,7,0,2000
main_month_median_spearman,Changjiang,昌江,Summer,14,spearman,month_median,10,8,0,2000
main_month_median_spearman,Changjiang,昌江,Summer,14,spearman,month_median,10,9,0,2000
main_month_median_spearman,Changjiang,昌江,Summer,14,spearman,month_median,10,10,0,2000
main_month_median_spearman,Changjiang,昌江,Summer,14,spearman,month_median,15,0,0,2000
main_month_median_spearman,Changjiang,昌江,Summer,14,spearman,month_median,15,1,0.196,2000
main_month_median_spearman,Changjiang,昌江,Summer,14,spearman,month_median,15,2,0.804,2000
main_month_median_spearman,Changjiang,昌江,Summer,14,spearman,month_median,15,3,0,2000
main_month_median_spearman,Changjiang,昌江,Summer,14,spearman,month_median,15,4,0,2000
main_month_median_spearman,Changjiang,昌江,Summer,14,spearman,month_median,15,5,0,2000
main_month_median_spearman,Changjiang,昌江,Summer,14,spearman,month_median,15,6,0,2000
main_month_median_spearman,Changjiang,昌江,Summer,14,spearman,month_median,15,7,0,2000
main_month_median_spearman,Changjiang,昌江,Summer,14,spearman,month_median,15,8,0,2000
main_month_median_spearman,Changjiang,昌江,Summer,14,spearman,month_median,15,9,0,2000
main_month_median_spearman,Changjiang,昌江,Summer,14,spearman,month_median,15,10,0,2000
main_month_median_spearman,Changjiang,昌江,Summer,14,spearman,month_median,15,11,0,2000
main_month_median_spearman,Changjiang,昌江,Summer,14,spearman,month_median,15,12,0,2000
main_month_median_spearman,Changjiang,昌江,Summer,14,spearman,month_median,15,13,0,2000
main_month_median_spearman,Changjiang,昌江,Summer,14,spearman,month_median,15,14,0,2000
main_month_median_spearman,Changjiang,昌江,Summer,14,spearman,month_median,15,15,0,2000
main_month_median_spearman,Changjiang,昌江,Summer,14,spearman,month_median,20,0,0,2000
main_month_median_spearman,Changjiang,昌江,Summer,14,spearman,month_median,20,1,0.196,2000
main_month_median_spearman,Changjiang,昌江,Summer,14,spearman,month_median,20,2,0.804,2000
main_month_median_spearman,Changjiang,昌江,Summer,14,spearman,month_median,20,3,0,2000
main_month_median_spearman,Changjiang,昌江,Summer,14,spearman,month_median,20,4,0,2000
main_month_median_spearman,Changjiang,昌江,Summer,14,spearman,month_median,20,5,0,2000
main_month_median_spearman,Changjiang,昌江,Summer,14,spearman,month_median,20,6,0,2000
main_month_median_spearman,Changjiang,昌江,Summer,14,spearman,month_median,20,7,0,2000
main_month_median_spearman,Changjiang,昌江,Summer,14,spearman,month_median,20,8,0,2000
main_month_median_spearman,Changjiang,昌江,Summer,14,spearman,month_median,20,9,0,2000
main_month_median_spearman,Changjiang,昌江,Summer,14,spearman,month_median,20,10,0,2000
main_month_median_spearman,Changjiang,昌江,Summer,14,spearman,month_median,20,11,0,2000
main_month_median_spearman,Changjiang,昌江,Summer,14,spearman,month_median,20,12,0,2000
main_month_median_spearman,Changjiang,昌江,Summer,14,spearman,month_median,20,13,0,2000
main_month_median_spearman,Changjiang,昌江,Summer,14,spearman,month_median,20,14,0,2000
main_month_median_spearman,Changjiang,昌江,Summer,14,spearman,month_median,20,15,0,2000
main_month_median_spearman,Changjiang,昌江,Summer,14,spearman,month_median,20,16,0,2000
main_month_median_spearman,Changjiang,昌江,Summer,14,spearman,month_median,20,17,0,2000
main_month_median_spearman,Changjiang,昌江,Summer,14,spearman,month_median,20,18,0,2000
main_month_median_spearman,Changjiang,昌江,Summer,14,spearman,month_median,20,19,0,2000
main_month_median_spearman,Changjiang,昌江,Summer,14,spearman,month_median,20,20,0,2000
main_month_median_spearman,Changjiang,昌江,Winter,13,spearman,month_median,10,0,0,2000
main_month_median_spearman,Changjiang,昌江,Winter,13,spearman,month_median,10,1,0.018,2000
main_month_median_spearman,Changjiang,昌江,Winter,13,spearman,month_median,10,2,0.4025,2000
main_month_median_spearman,Changjiang,昌江,Winter,13,spearman,month_median,10,3,0.1975,2000
main_month_median_spearman,Changjiang,昌江,Winter,13,spearman,month_median,10,4,0.098,2000
main_month_median_spearman,Changjiang,昌江,Winter,13,spearman,month_median,10,5,0.0925,2000
main_month_median_spearman,Changjiang,昌江,Winter,13,spearman,month_median,10,6,0.0165,2000
main_month_median_spearman,Changjiang,昌江,Winter,13,spearman,month_median,10,7,0.1275,2000
main_month_median_spearman,Changjiang,昌江,Winter,13,spearman,month_median,10,8,0.019,2000
main_month_median_spearman,Changjiang,昌江,Winter,13,spearman,month_median,10,9,0.0285,2000
main_month_median_spearman,Changjiang,昌江,Winter,13,spearman,month_median,10,10,0,2000
main_month_median_spearman,Changjiang,昌江,Winter,13,spearman,month_median,15,0,0,2000
main_month_median_spearman,Changjiang,昌江,Winter,13,spearman,month_median,15,1,0.018,2000
main_month_median_spearman,Changjiang,昌江,Winter,13,spearman,month_median,15,2,0.4025,2000
main_month_median_spearman,Changjiang,昌江,Winter,13,spearman,month_median,15,3,0.1975,2000
main_month_median_spearman,Changjiang,昌江,Winter,13,spearman,month_median,15,4,0.098,2000
main_month_median_spearman,Changjiang,昌江,Winter,13,spearman,month_median,15,5,0.0925,2000
main_month_median_spearman,Changjiang,昌江,Winter,13,spearman,month_median,15,6,0.0165,2000
main_month_median_spearman,Changjiang,昌江,Winter,13,spearman,month_median,15,7,0.1275,2000
main_month_median_spearman,Changjiang,昌江,Winter,13,spearman,month_median,15,8,0.019,2000
main_month_median_spearman,Changjiang,昌江,Winter,13,spearman,month_median,15,9,0.0285,2000
main_month_median_spearman,Changjiang,昌江,Winter,13,spearman,month_median,15,10,0,2000
main_month_median_spearman,Changjiang,昌江,Winter,13,spearman,month_median,15,11,0,2000
main_month_median_spearman,Changjiang,昌江,Winter,13,spearman,month_median,15,12,0,2000
main_month_median_spearman,Changjiang,昌江,Winter,13,spearman,month_median,15,13,0,2000
main_month_median_spearman,Changjiang,昌江,Winter,13,spearman,month_median,15,14,0,2000
main_month_median_spearman,Changjiang,昌江,Winter,13,spearman,month_median,15,15,0,2000
main_month_median_spearman,Changjiang,昌江,Winter,13,spearman,month_median,20,0,0,2000
main_month_median_spearman,Changjiang,昌江,Winter,13,spearman,month_median,20,1,0.018,2000
main_month_median_spearman,Changjiang,昌江,Winter,13,spearman,month_median,20,2,0.4025,2000
main_month_median_spearman,Changjiang,昌江,Winter,13,spearman,month_median,20,3,0.1975,2000
main_month_median_spearman,Changjiang,昌江,Winter,13,spearman,month_median,20,4,0.098,2000
main_month_median_spearman,Changjiang,昌江,Winter,13,spearman,month_median,20,5,0.0925,2000
main_month_median_spearman,Changjiang,昌江,Winter,13,spearman,month_median,20,6,0.0165,2000
main_month_median_spearman,Changjiang,昌江,Winter,13,spearman,month_median,20,7,0.1275,2000
main_month_median_spearman,Changjiang,昌江,Winter,13,spearman,month_median,20,8,0.019,2000
main_month_median_spearman,Changjiang,昌江,Winter,13,spearman,month_median,20,9,0.0285,2000
main_month_median_spearman,Changjiang,昌江,Winter,13,spearman,month_median,20,10,0,2000
main_month_median_spearman,Changjiang,昌江,Winter,13,spearman,month_median,20,11,0,2000
main_month_median_spearman,Changjiang,昌江,Winter,13,spearman,month_median,20,12,0,2000
main_month_median_spearman,Changjiang,昌江,Winter,13,spearman,month_median,20,13,0,2000
main_month_median_spearman,Changjiang,昌江,Winter,13,spearman,month_median,20,14,0,2000
main_month_median_spearman,Changjiang,昌江,Winter,13,spearman,month_median,20,15,0,2000
main_month_median_spearman,Changjiang,昌江,Winter,13,spearman,month_median,20,16,0,2000
main_month_median_spearman,Changjiang,昌江,Winter,13,spearman,month_median,20,17,0,2000
main_month_median_spearman,Changjiang,昌江,Winter,13,spearman,month_median,20,18,0,2000
main_month_median_spearman,Changjiang,昌江,Winter,13,spearman,month_median,20,19,0,2000
main_month_median_spearman,Changjiang,昌江,Winter,13,spearman,month_median,20,20,0,2000
main_month_median_spearman,Fuhe,抚河,All,14,spearman,month_median,10,0,0,2000
main_month_median_spearman,Fuhe,抚河,All,14,spearman,month_median,10,1,0,2000
main_month_median_spearman,Fuhe,抚河,All,14,spearman,month_median,10,2,0.9985,2000
main_month_median_spearman,Fuhe,抚河,All,14,spearman,month_median,10,3,0.0015,2000
main_month_median_spearman,Fuhe,抚河,All,14,spearman,month_median,10,4,0,2000
main_month_median_spearman,Fuhe,抚河,All,14,spearman,month_median,10,5,0,2000
main_month_median_spearman,Fuhe,抚河,All,14,spearman,month_median,10,6,0,2000
main_month_median_spearman,Fuhe,抚河,All,14,spearman,month_median,10,7,0,2000
main_month_median_spearman,Fuhe,抚河,All,14,spearman,month_median,10,8,0,2000
main_month_median_spearman,Fuhe,抚河,All,14,spearman,month_median,10,9,0,2000
main_month_median_spearman,Fuhe,抚河,All,14,spearman,month_median,10,10,0,2000
main_month_median_spearman,Fuhe,抚河,All,14,spearman,month_median,15,0,0,2000
main_month_median_spearman,Fuhe,抚河,All,14,spearman,month_median,15,1,0,2000
main_month_median_spearman,Fuhe,抚河,All,14,spearman,month_median,15,2,0.9985,2000
main_month_median_spearman,Fuhe,抚河,All,14,spearman,month_median,15,3,0.0015,2000
main_month_median_spearman,Fuhe,抚河,All,14,spearman,month_median,15,4,0,2000
main_month_median_spearman,Fuhe,抚河,All,14,spearman,month_median,15,5,0,2000
main_month_median_spearman,Fuhe,抚河,All,14,spearman,month_median,15,6,0,2000
main_month_median_spearman,Fuhe,抚河,All,14,spearman,month_median,15,7,0,2000
main_month_median_spearman,Fuhe,抚河,All,14,spearman,month_median,15,8,0,2000
main_month_median_spearman,Fuhe,抚河,All,14,spearman,month_median,15,9,0,2000
main_month_median_spearman,Fuhe,抚河,All,14,spearman,month_median,15,10,0,2000
main_month_median_spearman,Fuhe,抚河,All,14,spearman,month_median,15,11,0,2000
main_month_median_spearman,Fuhe,抚河,All,14,spearman,month_median,15,12,0,2000
main_month_median_spearman,Fuhe,抚河,All,14,spearman,month_median,15,13,0,2000
main_month_median_spearman,Fuhe,抚河,All,14,spearman,month_median,15,14,0,2000
main_month_median_spearman,Fuhe,抚河,All,14,spearman,month_median,15,15,0,2000
main_month_median_spearman,Fuhe,抚河,All,14,spearman,month_median,20,0,0,2000
main_month_median_spearman,Fuhe,抚河,All,14,spearman,month_median,20,1,0,2000
main_month_median_spearman,Fuhe,抚河,All,14,spearman,month_median,20,2,0.9985,2000
main_month_median_spearman,Fuhe,抚河,All,14,spearman,month_median,20,3,0.0015,2000
main_month_median_spearman,Fuhe,抚河,All,14,spearman,month_median,20,4,0,2000
main_month_median_spearman,Fuhe,抚河,All,14,spearman,month_median,20,5,0,2000
main_month_median_spearman,Fuhe,抚河,All,14,spearman,month_median,20,6,0,2000
main_month_median_spearman,Fuhe,抚河,All,14,spearman,month_median,20,7,0,2000
main_month_median_spearman,Fuhe,抚河,All,14,spearman,month_median,20,8,0,2000
main_month_median_spearman,Fuhe,抚河,All,14,spearman,month_median,20,9,0,2000
main_month_median_spearman,Fuhe,抚河,All,14,spearman,month_median,20,10,0,2000
main_month_median_spearman,Fuhe,抚河,All,14,spearman,month_median,20,11,0,2000
main_month_median_spearman,Fuhe,抚河,All,14,spearman,month_median,20,12,0,2000
main_month_median_spearman,Fuhe,抚河,All,14,spearman,month_median,20,13,0,2000
main_month_median_spearman,Fuhe,抚河,All,14,spearman,month_median,20,14,0,2000
main_month_median_spearman,Fuhe,抚河,All,14,spearman,month_median,20,15,0,2000
main_month_median_spearman,Fuhe,抚河,All,14,spearman,month_median,20,16,0,2000
main_month_median_spearman,Fuhe,抚河,All,14,spearman,month_median,20,17,0,2000
main_month_median_spearman,Fuhe,抚河,All,14,spearman,month_median,20,18,0,2000
main_month_median_spearman,Fuhe,抚河,All,14,spearman,month_median,20,19,0,2000
main_month_median_spearman,Fuhe,抚河,All,14,spearman,month_median,20,20,0,2000
main_month_median_spearman,Fuhe,抚河,Autumn,14,spearman,month_median,10,0,0,2000
main_month_median_spearman,Fuhe,抚河,Autumn,14,spearman,month_median,10,1,0,2000
main_month_median_spearman,Fuhe,抚河,Autumn,14,spearman,month_median,10,2,0.052,2000
main_month_median_spearman,Fuhe,抚河,Autumn,14,spearman,month_median,10,3,0.879,2000
main_month_median_spearman,Fuhe,抚河,Autumn,14,spearman,month_median,10,4,0.0655,2000
main_month_median_spearman,Fuhe,抚河,Autumn,14,spearman,month_median,10,5,0.0035,2000
main_month_median_spearman,Fuhe,抚河,Autumn,14,spearman,month_median,10,6,0,2000
main_month_median_spearman,Fuhe,抚河,Autumn,14,spearman,month_median,10,7,0,2000
main_month_median_spearman,Fuhe,抚河,Autumn,14,spearman,month_median,10,8,0,2000
main_month_median_spearman,Fuhe,抚河,Autumn,14,spearman,month_median,10,9,0,2000
main_month_median_spearman,Fuhe,抚河,Autumn,14,spearman,month_median,10,10,0,2000
main_month_median_spearman,Fuhe,抚河,Autumn,14,spearman,month_median,15,0,0,2000
main_month_median_spearman,Fuhe,抚河,Autumn,14,spearman,month_median,15,1,0,2000
main_month_median_spearman,Fuhe,抚河,Autumn,14,spearman,month_median,15,2,0.052,2000
main_month_median_spearman,Fuhe,抚河,Autumn,14,spearman,month_median,15,3,0.879,2000
main_month_median_spearman,Fuhe,抚河,Autumn,14,spearman,month_median,15,4,0.0655,2000
main_month_median_spearman,Fuhe,抚河,Autumn,14,spearman,month_median,15,5,0.0035,2000
main_month_median_spearman,Fuhe,抚河,Autumn,14,spearman,month_median,15,6,0,2000
main_month_median_spearman,Fuhe,抚河,Autumn,14,spearman,month_median,15,7,0,2000
main_month_median_spearman,Fuhe,抚河,Autumn,14,spearman,month_median,15,8,0,2000
main_month_median_spearman,Fuhe,抚河,Autumn,14,spearman,month_median,15,9,0,2000
main_month_median_spearman,Fuhe,抚河,Autumn,14,spearman,month_median,15,10,0,2000
main_month_median_spearman,Fuhe,抚河,Autumn,14,spearman,month_median,15,11,0,2000
main_month_median_spearman,Fuhe,抚河,Autumn,14,spearman,month_median,15,12,0,2000
main_month_median_spearman,Fuhe,抚河,Autumn,14,spearman,month_median,15,13,0,2000
main_month_median_spearman,Fuhe,抚河,Autumn,14,spearman,month_median,15,14,0,2000
main_month_median_spearman,Fuhe,抚河,Autumn,14,spearman,month_median,15,15,0,2000
main_month_median_spearman,Fuhe,抚河,Autumn,14,spearman,month_median,20,0,0,2000
main_month_median_spearman,Fuhe,抚河,Autumn,14,spearman,month_median,20,1,0,2000
main_month_median_spearman,Fuhe,抚河,Autumn,14,spearman,month_median,20,2,0.052,2000
main_month_median_spearman,Fuhe,抚河,Autumn,14,spearman,month_median,20,3,0.879,2000
main_month_median_spearman,Fuhe,抚河,Autumn,14,spearman,month_median,20,4,0.0655,2000
main_month_median_spearman,Fuhe,抚河,Autumn,14,spearman,month_median,20,5,0.0035,2000
main_month_median_spearman,Fuhe,抚河,Autumn,14,spearman,month_median,20,6,0,2000
main_month_median_spearman,Fuhe,抚河,Autumn,14,spearman,month_median,20,7,0,2000
main_month_median_spearman,Fuhe,抚河,Autumn,14,spearman,month_median,20,8,0,2000
main_month_median_spearman,Fuhe,抚河,Autumn,14,spearman,month_median,20,9,0,2000
main_month_median_spearman,Fuhe,抚河,Autumn,14,spearman,month_median,20,10,0,2000
main_month_median_spearman,Fuhe,抚河,Autumn,14,spearman,month_median,20,11,0,2000
main_month_median_spearman,Fuhe,抚河,Autumn,14,spearman,month_median,20,12,0,2000
main_month_median_spearman,Fuhe,抚河,Autumn,14,spearman,month_median,20,13,0,2000
main_month_median_spearman,Fuhe,抚河,Autumn,14,spearman,month_median,20,14,0,2000
main_month_median_spearman,Fuhe,抚河,Autumn,14,spearman,month_median,20,15,0,2000
main_month_median_spearman,Fuhe,抚河,Autumn,14,spearman,month_median,20,16,0,2000
main_month_median_spearman,Fuhe,抚河,Autumn,14,spearman,month_median,20,17,0,2000
main_month_median_spearman,Fuhe,抚河,Autumn,14,spearman,month_median,20,18,0,2000
main_month_median_spearman,Fuhe,抚河,Autumn,14,spearman,month_median,20,19,0,2000
main_month_median_spearman,Fuhe,抚河,Autumn,14,spearman,month_median,20,20,0,2000
main_month_median_spearman,Fuhe,抚河,Spring,14,spearman,month_median,10,0,0,2000
main_month_median_spearman,Fuhe,抚河,Spring,14,spearman,month_median,10,1,0,2000
main_month_median_spearman,Fuhe,抚河,Spring,14,spearman,month_median,10,2,1,2000
main_month_median_spearman,Fuhe,抚河,Spring,14,spearman,month_median,10,3,0,2000
main_month_median_spearman,Fuhe,抚河,Spring,14,spearman,month_median,10,4,0,2000
main_month_median_spearman,Fuhe,抚河,Spring,14,spearman,month_median,10,5,0,2000
main_month_median_spearman,Fuhe,抚河,Spring,14,spearman,month_median,10,6,0,2000
main_month_median_spearman,Fuhe,抚河,Spring,14,spearman,month_median,10,7,0,2000
main_month_median_spearman,Fuhe,抚河,Spring,14,spearman,month_median,10,8,0,2000
main_month_median_spearman,Fuhe,抚河,Spring,14,spearman,month_median,10,9,0,2000
main_month_median_spearman,Fuhe,抚河,Spring,14,spearman,month_median,10,10,0,2000
main_month_median_spearman,Fuhe,抚河,Spring,14,spearman,month_median,15,0,0,2000
main_month_median_spearman,Fuhe,抚河,Spring,14,spearman,month_median,15,1,0,2000
main_month_median_spearman,Fuhe,抚河,Spring,14,spearman,month_median,15,2,1,2000
main_month_median_spearman,Fuhe,抚河,Spring,14,spearman,month_median,15,3,0,2000
main_month_median_spearman,Fuhe,抚河,Spring,14,spearman,month_median,15,4,0,2000
main_month_median_spearman,Fuhe,抚河,Spring,14,spearman,month_median,15,5,0,2000
main_month_median_spearman,Fuhe,抚河,Spring,14,spearman,month_median,15,6,0,2000
main_month_median_spearman,Fuhe,抚河,Spring,14,spearman,month_median,15,7,0,2000
main_month_median_spearman,Fuhe,抚河,Spring,14,spearman,month_median,15,8,0,2000
main_month_median_spearman,Fuhe,抚河,Spring,14,spearman,month_median,15,9,0,2000
main_month_median_spearman,Fuhe,抚河,Spring,14,spearman,month_median,15,10,0,2000
main_month_median_spearman,Fuhe,抚河,Spring,14,spearman,month_median,15,11,0,2000
main_month_median_spearman,Fuhe,抚河,Spring,14,spearman,month_median,15,12,0,2000
main_month_median_spearman,Fuhe,抚河,Spring,14,spearman,month_median,15,13,0,2000
main_month_median_spearman,Fuhe,抚河,Spring,14,spearman,month_median,15,14,0,2000
main_month_median_spearman,Fuhe,抚河,Spring,14,spearman,month_median,15,15,0,2000
main_month_median_spearman,Fuhe,抚河,Spring,14,spearman,month_median,20,0,0,2000
main_month_median_spearman,Fuhe,抚河,Spring,14,spearman,month_median,20,1,0,2000
main_month_median_spearman,Fuhe,抚河,Spring,14,spearman,month_median,20,2,1,2000
main_month_median_spearman,Fuhe,抚河,Spring,14,spearman,month_median,20,3,0,2000
main_month_median_spearman,Fuhe,抚河,Spring,14,spearman,month_median,20,4,0,2000
main_month_median_spearman,Fuhe,抚河,Spring,14,spearman,month_median,20,5,0,2000
main_month_median_spearman,Fuhe,抚河,Spring,14,spearman,month_median,20,6,0,2000
main_month_median_spearman,Fuhe,抚河,Spring,14,spearman,month_median,20,7,0,2000
main_month_median_spearman,Fuhe,抚河,Spring,14,spearman,month_median,20,8,0,2000
main_month_median_spearman,Fuhe,抚河,Spring,14,spearman,month_median,20,9,0,2000
main_month_median_spearman,Fuhe,抚河,Spring,14,spearman,month_median,20,10,0,2000
main_month_median_spearman,Fuhe,抚河,Spring,14,spearman,month_median,20,11,0,2000
main_month_median_spearman,Fuhe,抚河,Spring,14,spearman,month_median,20,12,0,2000
main_month_median_spearman,Fuhe,抚河,Spring,14,spearman,month_median,20,13,0,2000
main_month_median_spearman,Fuhe,抚河,Spring,14,spearman,month_median,20,14,0,2000
main_month_median_spearman,Fuhe,抚河,Spring,14,spearman,month_median,20,15,0,2000
main_month_median_spearman,Fuhe,抚河,Spring,14,spearman,month_median,20,16,0,2000
main_month_median_spearman,Fuhe,抚河,Spring,14,spearman,month_median,20,17,0,2000
main_month_median_spearman,Fuhe,抚河,Spring,14,spearman,month_median,20,18,0,2000
main_month_median_spearman,Fuhe,抚河,Spring,14,spearman,month_median,20,19,0,2000
main_month_median_spearman,Fuhe,抚河,Spring,14,spearman,month_median,20,20,0,2000
main_month_median_spearman,Fuhe,抚河,Summer,14,spearman,month_median,10,0,0,2000
main_month_median_spearman,Fuhe,抚河,Summer,14,spearman,month_median,10,1,0,2000
main_month_median_spearman,Fuhe,抚河,Summer,14,spearman,month_median,10,2,0.956,2000
main_month_median_spearman,Fuhe,抚河,Summer,14,spearman,month_median,10,3,0.044,2000
main_month_median_spearman,Fuhe,抚河,Summer,14,spearman,month_median,10,4,0,2000
main_month_median_spearman,Fuhe,抚河,Summer,14,spearman,month_median,10,5,0,2000
main_month_median_spearman,Fuhe,抚河,Summer,14,spearman,month_median,10,6,0,2000
main_month_median_spearman,Fuhe,抚河,Summer,14,spearman,month_median,10,7,0,2000
main_month_median_spearman,Fuhe,抚河,Summer,14,spearman,month_median,10,8,0,2000
main_month_median_spearman,Fuhe,抚河,Summer,14,spearman,month_median,10,9,0,2000
main_month_median_spearman,Fuhe,抚河,Summer,14,spearman,month_median,10,10,0,2000
main_month_median_spearman,Fuhe,抚河,Summer,14,spearman,month_median,15,0,0,2000
main_month_median_spearman,Fuhe,抚河,Summer,14,spearman,month_median,15,1,0,2000
main_month_median_spearman,Fuhe,抚河,Summer,14,spearman,month_median,15,2,0.956,2000
main_month_median_spearman,Fuhe,抚河,Summer,14,spearman,month_median,15,3,0.044,2000
main_month_median_spearman,Fuhe,抚河,Summer,14,spearman,month_median,15,4,0,2000
main_month_median_spearman,Fuhe,抚河,Summer,14,spearman,month_median,15,5,0,2000
main_month_median_spearman,Fuhe,抚河,Summer,14,spearman,month_median,15,6,0,2000
main_month_median_spearman,Fuhe,抚河,Summer,14,spearman,month_median,15,7,0,2000
main_month_median_spearman,Fuhe,抚河,Summer,14,spearman,month_median,15,8,0,2000
main_month_median_spearman,Fuhe,抚河,Summer,14,spearman,month_median,15,9,0,2000
main_month_median_spearman,Fuhe,抚河,Summer,14,spearman,month_median,15,10,0,2000
main_month_median_spearman,Fuhe,抚河,Summer,14,spearman,month_median,15,11,0,2000
main_month_median_spearman,Fuhe,抚河,Summer,14,spearman,month_median,15,12,0,2000
main_month_median_spearman,Fuhe,抚河,Summer,14,spearman,month_median,15,13,0,2000
main_month_median_spearman,Fuhe,抚河,Summer,14,spearman,month_median,15,14,0,2000
main_month_median_spearman,Fuhe,抚河,Summer,14,spearman,month_median,15,15,0,2000
main_month_median_spearman,Fuhe,抚河,Summer,14,spearman,month_median,20,0,0,2000
main_month_median_spearman,Fuhe,抚河,Summer,14,spearman,month_median,20,1,0,2000
main_month_median_spearman,Fuhe,抚河,Summer,14,spearman,month_median,20,2,0.956,2000
main_month_median_spearman,Fuhe,抚河,Summer,14,spearman,month_median,20,3,0.044,2000
main_month_median_spearman,Fuhe,抚河,Summer,14,spearman,month_median,20,4,0,2000
main_month_median_spearman,Fuhe,抚河,Summer,14,spearman,month_median,20,5,0,2000
main_month_median_spearman,Fuhe,抚河,Summer,14,spearman,month_median,20,6,0,2000
main_month_median_spearman,Fuhe,抚河,Summer,14,spearman,month_median,20,7,0,2000
main_month_median_spearman,Fuhe,抚河,Summer,14,spearman,month_median,20,8,0,2000
main_month_median_spearman,Fuhe,抚河,Summer,14,spearman,month_median,20,9,0,2000
main_month_median_spearman,Fuhe,抚河,Summer,14,spearman,month_median,20,10,0,2000
main_month_median_spearman,Fuhe,抚河,Summer,14,spearman,month_median,20,11,0,2000
main_month_median_spearman,Fuhe,抚河,Summer,14,spearman,month_median,20,12,0,2000
main_month_median_spearman,Fuhe,抚河,Summer,14,spearman,month_median,20,13,0,2000
main_month_median_spearman,Fuhe,抚河,Summer,14,spearman,month_median,20,14,0,2000
main_month_median_spearman,Fuhe,抚河,Summer,14,spearman,month_median,20,15,0,2000
main_month_median_spearman,Fuhe,抚河,Summer,14,spearman,month_median,20,16,0,2000
main_month_median_spearman,Fuhe,抚河,Summer,14,spearman,month_median,20,17,0,2000
main_month_median_spearman,Fuhe,抚河,Summer,14,spearman,month_median,20,18,0,2000
main_month_median_spearman,Fuhe,抚河,Summer,14,spearman,month_median,20,19,0,2000
main_month_median_spearman,Fuhe,抚河,Summer,14,spearman,month_median,20,20,0,2000
main_month_median_spearman,Fuhe,抚河,Winter,13,spearman,month_median,10,0,0,2000
main_month_median_spearman,Fuhe,抚河,Winter,13,spearman,month_median,10,1,0,2000
main_month_median_spearman,Fuhe,抚河,Winter,13,spearman,month_median,10,2,0.018,2000
main_month_median_spearman,Fuhe,抚河,Winter,13,spearman,month_median,10,3,0.488,2000
main_month_median_spearman,Fuhe,抚河,Winter,13,spearman,month_median,10,4,0.343,2000
main_month_median_spearman,Fuhe,抚河,Winter,13,spearman,month_median,10,5,0.0665,2000
main_month_median_spearman,Fuhe,抚河,Winter,13,spearman,month_median,10,6,0.0795,2000
main_month_median_spearman,Fuhe,抚河,Winter,13,spearman,month_median,10,7,0.0025,2000
main_month_median_spearman,Fuhe,抚河,Winter,13,spearman,month_median,10,8,0,2000
main_month_median_spearman,Fuhe,抚河,Winter,13,spearman,month_median,10,9,0.0025,2000
main_month_median_spearman,Fuhe,抚河,Winter,13,spearman,month_median,10,10,0,2000
main_month_median_spearman,Fuhe,抚河,Winter,13,spearman,month_median,15,0,0,2000
main_month_median_spearman,Fuhe,抚河,Winter,13,spearman,month_median,15,1,0,2000
main_month_median_spearman,Fuhe,抚河,Winter,13,spearman,month_median,15,2,0.018,2000
main_month_median_spearman,Fuhe,抚河,Winter,13,spearman,month_median,15,3,0.488,2000
main_month_median_spearman,Fuhe,抚河,Winter,13,spearman,month_median,15,4,0.343,2000
main_month_median_spearman,Fuhe,抚河,Winter,13,spearman,month_median,15,5,0.0665,2000
main_month_median_spearman,Fuhe,抚河,Winter,13,spearman,month_median,15,6,0.0795,2000
main_month_median_spearman,Fuhe,抚河,Winter,13,spearman,month_median,15,7,0.0025,2000
main_month_median_spearman,Fuhe,抚河,Winter,13,spearman,month_median,15,8,0,2000
main_month_median_spearman,Fuhe,抚河,Winter,13,spearman,month_median,15,9,0.0025,2000
main_month_median_spearman,Fuhe,抚河,Winter,13,spearman,month_median,15,10,0,2000
main_month_median_spearman,Fuhe,抚河,Winter,13,spearman,month_median,15,11,0,2000
main_month_median_spearman,Fuhe,抚河,Winter,13,spearman,month_median,15,12,0,2000
main_month_median_spearman,Fuhe,抚河,Winter,13,spearman,month_median,15,13,0,2000
main_month_median_spearman,Fuhe,抚河,Winter,13,spearman,month_median,15,14,0,2000
main_month_median_spearman,Fuhe,抚河,Winter,13,spearman,month_median,15,15,0,2000
main_month_median_spearman,Fuhe,抚河,Winter,13,spearman,month_median,20,0,0,2000
main_month_median_spearman,Fuhe,抚河,Winter,13,spearman,month_median,20,1,0,2000
main_month_median_spearman,Fuhe,抚河,Winter,13,spearman,month_median,20,2,0.018,2000
main_month_median_spearman,Fuhe,抚河,Winter,13,spearman,month_median,20,3,0.488,2000
main_month_median_spearman,Fuhe,抚河,Winter,13,spearman,month_median,20,4,0.343,2000
main_month_median_spearman,Fuhe,抚河,Winter,13,spearman,month_median,20,5,0.0665,2000
main_month_median_spearman,Fuhe,抚河,Winter,13,spearman,month_median,20,6,0.0795,2000
main_month_median_spearman,Fuhe,抚河,Winter,13,spearman,month_median,20,7,0.0025,2000
main_month_median_spearman,Fuhe,抚河,Winter,13,spearman,month_median,20,8,0,2000
main_month_median_spearman,Fuhe,抚河,Winter,13,spearman,month_median,20,9,0.0025,2000
main_month_median_spearman,Fuhe,抚河,Winter,13,spearman,month_median,20,10,0,2000
main_month_median_spearman,Fuhe,抚河,Winter,13,spearman,month_median,20,11,0,2000
main_month_median_spearman,Fuhe,抚河,Winter,13,spearman,month_median,20,12,0,2000
main_month_median_spearman,Fuhe,抚河,Winter,13,spearman,month_median,20,13,0,2000
main_month_median_spearman,Fuhe,抚河,Winter,13,spearman,month_median,20,14,0,2000
main_month_median_spearman,Fuhe,抚河,Winter,13,spearman,month_median,20,15,0,2000
main_month_median_spearman,Fuhe,抚河,Winter,13,spearman,month_median,20,16,0,2000
main_month_median_spearman,Fuhe,抚河,Winter,13,spearman,month_median,20,17,0,2000
main_month_median_spearman,Fuhe,抚河,Winter,13,spearman,month_median,20,18,0,2000
main_month_median_spearman,Fuhe,抚河,Winter,13,spearman,month_median,20,19,0,2000
main_month_median_spearman,Fuhe,抚河,Winter,13,spearman,month_median,20,20,0,2000
main_month_median_spearman,Ganjiang,赣江,All,14,spearman,month_median,10,0,0,2000
main_month_median_spearman,Ganjiang,赣江,All,14,spearman,month_median,10,1,0,2000
main_month_median_spearman,Ganjiang,赣江,All,14,spearman,month_median,10,2,0,2000
main_month_median_spearman,Ganjiang,赣江,All,14,spearman,month_median,10,3,0.002,2000
main_month_median_spearman,Ganjiang,赣江,All,14,spearman,month_median,10,4,0.539,2000
main_month_median_spearman,Ganjiang,赣江,All,14,spearman,month_median,10,5,0.456,2000
main_month_median_spearman,Ganjiang,赣江,All,14,spearman,month_median,10,6,0.003,2000
main_month_median_spearman,Ganjiang,赣江,All,14,spearman,month_median,10,7,0,2000
main_month_median_spearman,Ganjiang,赣江,All,14,spearman,month_median,10,8,0,2000
main_month_median_spearman,Ganjiang,赣江,All,14,spearman,month_median,10,9,0,2000
main_month_median_spearman,Ganjiang,赣江,All,14,spearman,month_median,10,10,0,2000
main_month_median_spearman,Ganjiang,赣江,All,14,spearman,month_median,15,0,0,2000
main_month_median_spearman,Ganjiang,赣江,All,14,spearman,month_median,15,1,0,2000
main_month_median_spearman,Ganjiang,赣江,All,14,spearman,month_median,15,2,0,2000
main_month_median_spearman,Ganjiang,赣江,All,14,spearman,month_median,15,3,0.002,2000
main_month_median_spearman,Ganjiang,赣江,All,14,spearman,month_median,15,4,0.539,2000
main_month_median_spearman,Ganjiang,赣江,All,14,spearman,month_median,15,5,0.456,2000
main_month_median_spearman,Ganjiang,赣江,All,14,spearman,month_median,15,6,0.003,2000
main_month_median_spearman,Ganjiang,赣江,All,14,spearman,month_median,15,7,0,2000
main_month_median_spearman,Ganjiang,赣江,All,14,spearman,month_median,15,8,0,2000
main_month_median_spearman,Ganjiang,赣江,All,14,spearman,month_median,15,9,0,2000
main_month_median_spearman,Ganjiang,赣江,All,14,spearman,month_median,15,10,0,2000
main_month_median_spearman,Ganjiang,赣江,All,14,spearman,month_median,15,11,0,2000
main_month_median_spearman,Ganjiang,赣江,All,14,spearman,month_median,15,12,0,2000
main_month_median_spearman,Ganjiang,赣江,All,14,spearman,month_median,15,13,0,2000
main_month_median_spearman,Ganjiang,赣江,All,14,spearman,month_median,15,14,0,2000
main_month_median_spearman,Ganjiang,赣江,All,14,spearman,month_median,15,15,0,2000
main_month_median_spearman,Ganjiang,赣江,All,14,spearman,month_median,20,0,0,2000
main_month_median_spearman,Ganjiang,赣江,All,14,spearman,month_median,20,1,0,2000
main_month_median_spearman,Ganjiang,赣江,All,14,spearman,month_median,20,2,0,2000
main_month_median_spearman,Ganjiang,赣江,All,14,spearman,month_median,20,3,0.002,2000
main_month_median_spearman,Ganjiang,赣江,All,14,spearman,month_median,20,4,0.539,2000
main_month_median_spearman,Ganjiang,赣江,All,14,spearman,month_median,20,5,0.456,2000
main_month_median_spearman,Ganjiang,赣江,All,14,spearman,month_median,20,6,0.003,2000
main_month_median_spearman,Ganjiang,赣江,All,14,spearman,month_median,20,7,0,2000
main_month_median_spearman,Ganjiang,赣江,All,14,spearman,month_median,20,8,0,2000
main_month_median_spearman,Ganjiang,赣江,All,14,spearman,month_median,20,9,0,2000
main_month_median_spearman,Ganjiang,赣江,All,14,spearman,month_median,20,10,0,2000
main_month_median_spearman,Ganjiang,赣江,All,14,spearman,month_median,20,11,0,2000
main_month_median_spearman,Ganjiang,赣江,All,14,spearman,month_median,20,12,0,2000
main_month_median_spearman,Ganjiang,赣江,All,14,spearman,month_median,20,13,0,2000
main_month_median_spearman,Ganjiang,赣江,All,14,spearman,month_median,20,14,0,2000
main_month_median_spearman,Ganjiang,赣江,All,14,spearman,month_median,20,15,0,2000
main_month_median_spearman,Ganjiang,赣江,All,14,spearman,month_median,20,16,0,2000
main_month_median_spearman,Ganjiang,赣江,All,14,spearman,month_median,20,17,0,2000
main_month_median_spearman,Ganjiang,赣江,All,14,spearman,month_median,20,18,0,2000
main_month_median_spearman,Ganjiang,赣江,All,14,spearman,month_median,20,19,0,2000
main_month_median_spearman,Ganjiang,赣江,All,14,spearman,month_median,20,20,0,2000
main_month_median_spearman,Ganjiang,赣江,Autumn,14,spearman,month_median,10,0,0,2000
main_month_median_spearman,Ganjiang,赣江,Autumn,14,spearman,month_median,10,1,0,2000
main_month_median_spearman,Ganjiang,赣江,Autumn,14,spearman,month_median,10,2,0,2000
main_month_median_spearman,Ganjiang,赣江,Autumn,14,spearman,month_median,10,3,0.057,2000
main_month_median_spearman,Ganjiang,赣江,Autumn,14,spearman,month_median,10,4,0.26,2000
main_month_median_spearman,Ganjiang,赣江,Autumn,14,spearman,month_median,10,5,0.403,2000
main_month_median_spearman,Ganjiang,赣江,Autumn,14,spearman,month_median,10,6,0.1805,2000
main_month_median_spearman,Ganjiang,赣江,Autumn,14,spearman,month_median,10,7,0.0295,2000
main_month_median_spearman,Ganjiang,赣江,Autumn,14,spearman,month_median,10,8,0.067,2000
main_month_median_spearman,Ganjiang,赣江,Autumn,14,spearman,month_median,10,9,0.002,2000
main_month_median_spearman,Ganjiang,赣江,Autumn,14,spearman,month_median,10,10,0.001,2000
main_month_median_spearman,Ganjiang,赣江,Autumn,14,spearman,month_median,15,0,0,2000
main_month_median_spearman,Ganjiang,赣江,Autumn,14,spearman,month_median,15,1,0,2000
main_month_median_spearman,Ganjiang,赣江,Autumn,14,spearman,month_median,15,2,0,2000
main_month_median_spearman,Ganjiang,赣江,Autumn,14,spearman,month_median,15,3,0.057,2000
main_month_median_spearman,Ganjiang,赣江,Autumn,14,spearman,month_median,15,4,0.26,2000
main_month_median_spearman,Ganjiang,赣江,Autumn,14,spearman,month_median,15,5,0.403,2000
main_month_median_spearman,Ganjiang,赣江,Autumn,14,spearman,month_median,15,6,0.1805,2000
main_month_median_spearman,Ganjiang,赣江,Autumn,14,spearman,month_median,15,7,0.0295,2000
main_month_median_spearman,Ganjiang,赣江,Autumn,14,spearman,month_median,15,8,0.067,2000
main_month_median_spearman,Ganjiang,赣江,Autumn,14,spearman,month_median,15,9,0.002,2000
main_month_median_spearman,Ganjiang,赣江,Autumn,14,spearman,month_median,15,10,0.001,2000
main_month_median_spearman,Ganjiang,赣江,Autumn,14,spearman,month_median,15,11,0,2000
main_month_median_spearman,Ganjiang,赣江,Autumn,14,spearman,month_median,15,12,0,2000
main_month_median_spearman,Ganjiang,赣江,Autumn,14,spearman,month_median,15,13,0,2000
main_month_median_spearman,Ganjiang,赣江,Autumn,14,spearman,month_median,15,14,0,2000
main_month_median_spearman,Ganjiang,赣江,Autumn,14,spearman,month_median,15,15,0,2000
main_month_median_spearman,Ganjiang,赣江,Autumn,14,spearman,month_median,20,0,0,2000
main_month_median_spearman,Ganjiang,赣江,Autumn,14,spearman,month_median,20,1,0,2000
main_month_median_spearman,Ganjiang,赣江,Autumn,14,spearman,month_median,20,2,0,2000
main_month_median_spearman,Ganjiang,赣江,Autumn,14,spearman,month_median,20,3,0.057,2000
main_month_median_spearman,Ganjiang,赣江,Autumn,14,spearman,month_median,20,4,0.26,2000
main_month_median_spearman,Ganjiang,赣江,Autumn,14,spearman,month_median,20,5,0.403,2000
main_month_median_spearman,Ganjiang,赣江,Autumn,14,spearman,month_median,20,6,0.1805,2000
main_month_median_spearman,Ganjiang,赣江,Autumn,14,spearman,month_median,20,7,0.0295,2000
main_month_median_spearman,Ganjiang,赣江,Autumn,14,spearman,month_median,20,8,0.067,2000
main_month_median_spearman,Ganjiang,赣江,Autumn,14,spearman,month_median,20,9,0.002,2000
main_month_median_spearman,Ganjiang,赣江,Autumn,14,spearman,month_median,20,10,0.001,2000
main_month_median_spearman,Ganjiang,赣江,Autumn,14,spearman,month_median,20,11,0,2000
main_month_median_spearman,Ganjiang,赣江,Autumn,14,spearman,month_median,20,12,0,2000
main_month_median_spearman,Ganjiang,赣江,Autumn,14,spearman,month_median,20,13,0,2000
main_month_median_spearman,Ganjiang,赣江,Autumn,14,spearman,month_median,20,14,0,2000
main_month_median_spearman,Ganjiang,赣江,Autumn,14,spearman,month_median,20,15,0,2000
main_month_median_spearman,Ganjiang,赣江,Autumn,14,spearman,month_median,20,16,0,2000
main_month_median_spearman,Ganjiang,赣江,Autumn,14,spearman,month_median,20,17,0,2000
main_month_median_spearman,Ganjiang,赣江,Autumn,14,spearman,month_median,20,18,0,2000
main_month_median_spearman,Ganjiang,赣江,Autumn,14,spearman,month_median,20,19,0,2000
main_month_median_spearman,Ganjiang,赣江,Autumn,14,spearman,month_median,20,20,0,2000
main_month_median_spearman,Ganjiang,赣江,Spring,14,spearman,month_median,10,0,0,2000
main_month_median_spearman,Ganjiang,赣江,Spring,14,spearman,month_median,10,1,0,2000
main_month_median_spearman,Ganjiang,赣江,Spring,14,spearman,month_median,10,2,0,2000
main_month_median_spearman,Ganjiang,赣江,Spring,14,spearman,month_median,10,3,0.021,2000
main_month_median_spearman,Ganjiang,赣江,Spring,14,spearman,month_median,10,4,0.179,2000
main_month_median_spearman,Ganjiang,赣江,Spring,14,spearman,month_median,10,5,0.745,2000
main_month_median_spearman,Ganjiang,赣江,Spring,14,spearman,month_median,10,6,0.045,2000
main_month_median_spearman,Ganjiang,赣江,Spring,14,spearman,month_median,10,7,0.0075,2000
main_month_median_spearman,Ganjiang,赣江,Spring,14,spearman,month_median,10,8,0.0005,2000
main_month_median_spearman,Ganjiang,赣江,Spring,14,spearman,month_median,10,9,0,2000
main_month_median_spearman,Ganjiang,赣江,Spring,14,spearman,month_median,10,10,0.002,2000
main_month_median_spearman,Ganjiang,赣江,Spring,14,spearman,month_median,15,0,0,2000
main_month_median_spearman,Ganjiang,赣江,Spring,14,spearman,month_median,15,1,0,2000
main_month_median_spearman,Ganjiang,赣江,Spring,14,spearman,month_median,15,2,0,2000
main_month_median_spearman,Ganjiang,赣江,Spring,14,spearman,month_median,15,3,0.021,2000
main_month_median_spearman,Ganjiang,赣江,Spring,14,spearman,month_median,15,4,0.179,2000
main_month_median_spearman,Ganjiang,赣江,Spring,14,spearman,month_median,15,5,0.745,2000
main_month_median_spearman,Ganjiang,赣江,Spring,14,spearman,month_median,15,6,0.045,2000
main_month_median_spearman,Ganjiang,赣江,Spring,14,spearman,month_median,15,7,0.0075,2000
main_month_median_spearman,Ganjiang,赣江,Spring,14,spearman,month_median,15,8,0.0005,2000
main_month_median_spearman,Ganjiang,赣江,Spring,14,spearman,month_median,15,9,0,2000
main_month_median_spearman,Ganjiang,赣江,Spring,14,spearman,month_median,15,10,0.002,2000
main_month_median_spearman,Ganjiang,赣江,Spring,14,spearman,month_median,15,11,0,2000
main_month_median_spearman,Ganjiang,赣江,Spring,14,spearman,month_median,15,12,0,2000
main_month_median_spearman,Ganjiang,赣江,Spring,14,spearman,month_median,15,13,0,2000
main_month_median_spearman,Ganjiang,赣江,Spring,14,spearman,month_median,15,14,0,2000
main_month_median_spearman,Ganjiang,赣江,Spring,14,spearman,month_median,15,15,0,2000
main_month_median_spearman,Ganjiang,赣江,Spring,14,spearman,month_median,20,0,0,2000
main_month_median_spearman,Ganjiang,赣江,Spring,14,spearman,month_median,20,1,0,2000
main_month_median_spearman,Ganjiang,赣江,Spring,14,spearman,month_median,20,2,0,2000
main_month_median_spearman,Ganjiang,赣江,Spring,14,spearman,month_median,20,3,0.021,2000
main_month_median_spearman,Ganjiang,赣江,Spring,14,spearman,month_median,20,4,0.179,2000
main_month_median_spearman,Ganjiang,赣江,Spring,14,spearman,month_median,20,5,0.745,2000
main_month_median_spearman,Ganjiang,赣江,Spring,14,spearman,month_median,20,6,0.045,2000
main_month_median_spearman,Ganjiang,赣江,Spring,14,spearman,month_median,20,7,0.0075,2000
main_month_median_spearman,Ganjiang,赣江,Spring,14,spearman,month_median,20,8,0.0005,2000
main_month_median_spearman,Ganjiang,赣江,Spring,14,spearman,month_median,20,9,0,2000
main_month_median_spearman,Ganjiang,赣江,Spring,14,spearman,month_median,20,10,0.002,2000
main_month_median_spearman,Ganjiang,赣江,Spring,14,spearman,month_median,20,11,0,2000
main_month_median_spearman,Ganjiang,赣江,Spring,14,spearman,month_median,20,12,0,2000
main_month_median_spearman,Ganjiang,赣江,Spring,14,spearman,month_median,20,13,0,2000
main_month_median_spearman,Ganjiang,赣江,Spring,14,spearman,month_median,20,14,0,2000
main_month_median_spearman,Ganjiang,赣江,Spring,14,spearman,month_median,20,15,0,2000
main_month_median_spearman,Ganjiang,赣江,Spring,14,spearman,month_median,20,16,0,2000
main_month_median_spearman,Ganjiang,赣江,Spring,14,spearman,month_median,20,17,0,2000
main_month_median_spearman,Ganjiang,赣江,Spring,14,spearman,month_median,20,18,0,2000
main_month_median_spearman,Ganjiang,赣江,Spring,14,spearman,month_median,20,19,0,2000
main_month_median_spearman,Ganjiang,赣江,Spring,14,spearman,month_median,20,20,0,2000
main_month_median_spearman,Ganjiang,赣江,Summer,14,spearman,month_median,10,0,0,2000
main_month_median_spearman,Ganjiang,赣江,Summer,14,spearman,month_median,10,1,0,2000
main_month_median_spearman,Ganjiang,赣江,Summer,14,spearman,month_median,10,2,0,2000
main_month_median_spearman,Ganjiang,赣江,Summer,14,spearman,month_median,10,3,0.0545,2000
main_month_median_spearman,Ganjiang,赣江,Summer,14,spearman,month_median,10,4,0.926,2000
main_month_median_spearman,Ganjiang,赣江,Summer,14,spearman,month_median,10,5,0.018,2000
main_month_median_spearman,Ganjiang,赣江,Summer,14,spearman,month_median,10,6,0.0015,2000
main_month_median_spearman,Ganjiang,赣江,Summer,14,spearman,month_median,10,7,0,2000
main_month_median_spearman,Ganjiang,赣江,Summer,14,spearman,month_median,10,8,0,2000
main_month_median_spearman,Ganjiang,赣江,Summer,14,spearman,month_median,10,9,0,2000
main_month_median_spearman,Ganjiang,赣江,Summer,14,spearman,month_median,10,10,0,2000
main_month_median_spearman,Ganjiang,赣江,Summer,14,spearman,month_median,15,0,0,2000
main_month_median_spearman,Ganjiang,赣江,Summer,14,spearman,month_median,15,1,0,2000
main_month_median_spearman,Ganjiang,赣江,Summer,14,spearman,month_median,15,2,0,2000
main_month_median_spearman,Ganjiang,赣江,Summer,14,spearman,month_median,15,3,0.0545,2000
main_month_median_spearman,Ganjiang,赣江,Summer,14,spearman,month_median,15,4,0.926,2000
main_month_median_spearman,Ganjiang,赣江,Summer,14,spearman,month_median,15,5,0.018,2000
main_month_median_spearman,Ganjiang,赣江,Summer,14,spearman,month_median,15,6,0.0015,2000
main_month_median_spearman,Ganjiang,赣江,Summer,14,spearman,month_median,15,7,0,2000
main_month_median_spearman,Ganjiang,赣江,Summer,14,spearman,month_median,15,8,0,2000
main_month_median_spearman,Ganjiang,赣江,Summer,14,spearman,month_median,15,9,0,2000
main_month_median_spearman,Ganjiang,赣江,Summer,14,spearman,month_median,15,10,0,2000
main_month_median_spearman,Ganjiang,赣江,Summer,14,spearman,month_median,15,11,0,2000
main_month_median_spearman,Ganjiang,赣江,Summer,14,spearman,month_median,15,12,0,2000
main_month_median_spearman,Ganjiang,赣江,Summer,14,spearman,month_median,15,13,0,2000
main_month_median_spearman,Ganjiang,赣江,Summer,14,spearman,month_median,15,14,0,2000
main_month_median_spearman,Ganjiang,赣江,Summer,14,spearman,month_median,15,15,0,2000
main_month_median_spearman,Ganjiang,赣江,Summer,14,spearman,month_median,20,0,0,2000
main_month_median_spearman,Ganjiang,赣江,Summer,14,spearman,month_median,20,1,0,2000
main_month_median_spearman,Ganjiang,赣江,Summer,14,spearman,month_median,20,2,0,2000
main_month_median_spearman,Ganjiang,赣江,Summer,14,spearman,month_median,20,3,0.0545,2000
main_month_median_spearman,Ganjiang,赣江,Summer,14,spearman,month_median,20,4,0.926,2000
main_month_median_spearman,Ganjiang,赣江,Summer,14,spearman,month_median,20,5,0.018,2000
main_month_median_spearman,Ganjiang,赣江,Summer,14,spearman,month_median,20,6,0.0015,2000
main_month_median_spearman,Ganjiang,赣江,Summer,14,spearman,month_median,20,7,0,2000
main_month_median_spearman,Ganjiang,赣江,Summer,14,spearman,month_median,20,8,0,2000
main_month_median_spearman,Ganjiang,赣江,Summer,14,spearman,month_median,20,9,0,2000
main_month_median_spearman,Ganjiang,赣江,Summer,14,spearman,month_median,20,10,0,2000
main_month_median_spearman,Ganjiang,赣江,Summer,14,spearman,month_median,20,11,0,2000
main_month_median_spearman,Ganjiang,赣江,Summer,14,spearman,month_median,20,12,0,2000
main_month_median_spearman,Ganjiang,赣江,Summer,14,spearman,month_median,20,13,0,2000
main_month_median_spearman,Ganjiang,赣江,Summer,14,spearman,month_median,20,14,0,2000
main_month_median_spearman,Ganjiang,赣江,Summer,14,spearman,month_median,20,15,0,2000
main_month_median_spearman,Ganjiang,赣江,Summer,14,spearman,month_median,20,16,0,2000
main_month_median_spearman,Ganjiang,赣江,Summer,14,spearman,month_median,20,17,0,2000
main_month_median_spearman,Ganjiang,赣江,Summer,14,spearman,month_median,20,18,0,2000
main_month_median_spearman,Ganjiang,赣江,Summer,14,spearman,month_median,20,19,0,2000
main_month_median_spearman,Ganjiang,赣江,Summer,14,spearman,month_median,20,20,0,2000
main_month_median_spearman,Ganjiang,赣江,Winter,13,spearman,month_median,10,0,0,2000
main_month_median_spearman,Ganjiang,赣江,Winter,13,spearman,month_median,10,1,0,2000
main_month_median_spearman,Ganjiang,赣江,Winter,13,spearman,month_median,10,2,0,2000
main_month_median_spearman,Ganjiang,赣江,Winter,13,spearman,month_median,10,3,0,2000
main_month_median_spearman,Ganjiang,赣江,Winter,13,spearman,month_median,10,4,0,2000
main_month_median_spearman,Ganjiang,赣江,Winter,13,spearman,month_median,10,5,0.008,2000
main_month_median_spearman,Ganjiang,赣江,Winter,13,spearman,month_median,10,6,0.576,2000
main_month_median_spearman,Ganjiang,赣江,Winter,13,spearman,month_median,10,7,0.119,2000
main_month_median_spearman,Ganjiang,赣江,Winter,13,spearman,month_median,10,8,0.033,2000
main_month_median_spearman,Ganjiang,赣江,Winter,13,spearman,month_median,10,9,0.1735,2000
main_month_median_spearman,Ganjiang,赣江,Winter,13,spearman,month_median,10,10,0.0905,2000
main_month_median_spearman,Ganjiang,赣江,Winter,13,spearman,month_median,15,0,0,2000
main_month_median_spearman,Ganjiang,赣江,Winter,13,spearman,month_median,15,1,0,2000
main_month_median_spearman,Ganjiang,赣江,Winter,13,spearman,month_median,15,2,0,2000
main_month_median_spearman,Ganjiang,赣江,Winter,13,spearman,month_median,15,3,0,2000
main_month_median_spearman,Ganjiang,赣江,Winter,13,spearman,month_median,15,4,0,2000
main_month_median_spearman,Ganjiang,赣江,Winter,13,spearman,month_median,15,5,0.008,2000
main_month_median_spearman,Ganjiang,赣江,Winter,13,spearman,month_median,15,6,0.5665,2000
main_month_median_spearman,Ganjiang,赣江,Winter,13,spearman,month_median,15,7,0.119,2000
main_month_median_spearman,Ganjiang,赣江,Winter,13,spearman,month_median,15,8,0.0325,2000
main_month_median_spearman,Ganjiang,赣江,Winter,13,spearman,month_median,15,9,0.1725,2000
main_month_median_spearman,Ganjiang,赣江,Winter,13,spearman,month_median,15,10,0.077,2000
main_month_median_spearman,Ganjiang,赣江,Winter,13,spearman,month_median,15,11,0.001,2000
main_month_median_spearman,Ganjiang,赣江,Winter,13,spearman,month_median,15,12,0.005,2000
main_month_median_spearman,Ganjiang,赣江,Winter,13,spearman,month_median,15,13,0.0175,2000
main_month_median_spearman,Ganjiang,赣江,Winter,13,spearman,month_median,15,14,0.001,2000
main_month_median_spearman,Ganjiang,赣江,Winter,13,spearman,month_median,15,15,0,2000
main_month_median_spearman,Ganjiang,赣江,Winter,13,spearman,month_median,20,0,0,2000
main_month_median_spearman,Ganjiang,赣江,Winter,13,spearman,month_median,20,1,0,2000
main_month_median_spearman,Ganjiang,赣江,Winter,13,spearman,month_median,20,2,0,2000
main_month_median_spearman,Ganjiang,赣江,Winter,13,spearman,month_median,20,3,0,2000
main_month_median_spearman,Ganjiang,赣江,Winter,13,spearman,month_median,20,4,0,2000
main_month_median_spearman,Ganjiang,赣江,Winter,13,spearman,month_median,20,5,0.008,2000
main_month_median_spearman,Ganjiang,赣江,Winter,13,spearman,month_median,20,6,0.5665,2000
main_month_median_spearman,Ganjiang,赣江,Winter,13,spearman,month_median,20,7,0.119,2000
main_month_median_spearman,Ganjiang,赣江,Winter,13,spearman,month_median,20,8,0.0325,2000
main_month_median_spearman,Ganjiang,赣江,Winter,13,spearman,month_median,20,9,0.1725,2000
main_month_median_spearman,Ganjiang,赣江,Winter,13,spearman,month_median,20,10,0.077,2000
main_month_median_spearman,Ganjiang,赣江,Winter,13,spearman,month_median,20,11,0.001,2000
main_month_median_spearman,Ganjiang,赣江,Winter,13,spearman,month_median,20,12,0.005,2000
main_month_median_spearman,Ganjiang,赣江,Winter,13,spearman,month_median,20,13,0.0175,2000
main_month_median_spearman,Ganjiang,赣江,Winter,13,spearman,month_median,20,14,0.001,2000
main_month_median_spearman,Ganjiang,赣江,Winter,13,spearman,month_median,20,15,0,2000
main_month_median_spearman,Ganjiang,赣江,Winter,13,spearman,month_median,20,16,0,2000
main_month_median_spearman,Ganjiang,赣江,Winter,13,spearman,month_median,20,17,0,2000
main_month_median_spearman,Ganjiang,赣江,Winter,13,spearman,month_median,20,18,0,2000
main_month_median_spearman,Ganjiang,赣江,Winter,13,spearman,month_median,20,19,0,2000
main_month_median_spearman,Ganjiang,赣江,Winter,13,spearman,month_median,20,20,0,2000
main_month_median_spearman,Le'anhe,乐安河,All,14,spearman,month_median,10,0,0,2000
main_month_median_spearman,Le'anhe,乐安河,All,14,spearman,month_median,10,1,0,2000
main_month_median_spearman,Le'anhe,乐安河,All,14,spearman,month_median,10,2,1,2000
main_month_median_spearman,Le'anhe,乐安河,All,14,spearman,month_median,10,3,0,2000
main_month_median_spearman,Le'anhe,乐安河,All,14,spearman,month_median,10,4,0,2000
main_month_median_spearman,Le'anhe,乐安河,All,14,spearman,month_median,10,5,0,2000
main_month_median_spearman,Le'anhe,乐安河,All,14,spearman,month_median,10,6,0,2000
main_month_median_spearman,Le'anhe,乐安河,All,14,spearman,month_median,10,7,0,2000
main_month_median_spearman,Le'anhe,乐安河,All,14,spearman,month_median,10,8,0,2000
main_month_median_spearman,Le'anhe,乐安河,All,14,spearman,month_median,10,9,0,2000
main_month_median_spearman,Le'anhe,乐安河,All,14,spearman,month_median,10,10,0,2000
main_month_median_spearman,Le'anhe,乐安河,All,14,spearman,month_median,15,0,0,2000
main_month_median_spearman,Le'anhe,乐安河,All,14,spearman,month_median,15,1,0,2000
main_month_median_spearman,Le'anhe,乐安河,All,14,spearman,month_median,15,2,1,2000
main_month_median_spearman,Le'anhe,乐安河,All,14,spearman,month_median,15,3,0,2000
main_month_median_spearman,Le'anhe,乐安河,All,14,spearman,month_median,15,4,0,2000
main_month_median_spearman,Le'anhe,乐安河,All,14,spearman,month_median,15,5,0,2000
main_month_median_spearman,Le'anhe,乐安河,All,14,spearman,month_median,15,6,0,2000
main_month_median_spearman,Le'anhe,乐安河,All,14,spearman,month_median,15,7,0,2000
main_month_median_spearman,Le'anhe,乐安河,All,14,spearman,month_median,15,8,0,2000
main_month_median_spearman,Le'anhe,乐安河,All,14,spearman,month_median,15,9,0,2000
main_month_median_spearman,Le'anhe,乐安河,All,14,spearman,month_median,15,10,0,2000
main_month_median_spearman,Le'anhe,乐安河,All,14,spearman,month_median,15,11,0,2000
main_month_median_spearman,Le'anhe,乐安河,All,14,spearman,month_median,15,12,0,2000
main_month_median_spearman,Le'anhe,乐安河,All,14,spearman,month_median,15,13,0,2000
main_month_median_spearman,Le'anhe,乐安河,All,14,spearman,month_median,15,14,0,2000
main_month_median_spearman,Le'anhe,乐安河,All,14,spearman,month_median,15,15,0,2000
main_month_median_spearman,Le'anhe,乐安河,All,14,spearman,month_median,20,0,0,2000
main_month_median_spearman,Le'anhe,乐安河,All,14,spearman,month_median,20,1,0,2000
main_month_median_spearman,Le'anhe,乐安河,All,14,spearman,month_median,20,2,1,2000
main_month_median_spearman,Le'anhe,乐安河,All,14,spearman,month_median,20,3,0,2000
main_month_median_spearman,Le'anhe,乐安河,All,14,spearman,month_median,20,4,0,2000
main_month_median_spearman,Le'anhe,乐安河,All,14,spearman,month_median,20,5,0,2000
main_month_median_spearman,Le'anhe,乐安河,All,14,spearman,month_median,20,6,0,2000
main_month_median_spearman,Le'anhe,乐安河,All,14,spearman,month_median,20,7,0,2000
main_month_median_spearman,Le'anhe,乐安河,All,14,spearman,month_median,20,8,0,2000
main_month_median_spearman,Le'anhe,乐安河,All,14,spearman,month_median,20,9,0,2000
main_month_median_spearman,Le'anhe,乐安河,All,14,spearman,month_median,20,10,0,2000
main_month_median_spearman,Le'anhe,乐安河,All,14,spearman,month_median,20,11,0,2000
main_month_median_spearman,Le'anhe,乐安河,All,14,spearman,month_median,20,12,0,2000
main_month_median_spearman,Le'anhe,乐安河,All,14,spearman,month_median,20,13,0,2000
main_month_median_spearman,Le'anhe,乐安河,All,14,spearman,month_median,20,14,0,2000
main_month_median_spearman,Le'anhe,乐安河,All,14,spearman,month_median,20,15,0,2000
main_month_median_spearman,Le'anhe,乐安河,All,14,spearman,month_median,20,16,0,2000
main_month_median_spearman,Le'anhe,乐安河,All,14,spearman,month_median,20,17,0,2000
main_month_median_spearman,Le'anhe,乐安河,All,14,spearman,month_median,20,18,0,2000
main_month_median_spearman,Le'anhe,乐安河,All,14,spearman,month_median,20,19,0,2000
main_month_median_spearman,Le'anhe,乐安河,All,14,spearman,month_median,20,20,0,2000
main_month_median_spearman,Le'anhe,乐安河,Autumn,14,spearman,month_median,10,0,0,2000
main_month_median_spearman,Le'anhe,乐安河,Autumn,14,spearman,month_median,10,1,0,2000
main_month_median_spearman,Le'anhe,乐安河,Autumn,14,spearman,month_median,10,2,0.1105,2000
main_month_median_spearman,Le'anhe,乐安河,Autumn,14,spearman,month_median,10,3,0.8005,2000
main_month_median_spearman,Le'anhe,乐安河,Autumn,14,spearman,month_median,10,4,0.064,2000
main_month_median_spearman,Le'anhe,乐安河,Autumn,14,spearman,month_median,10,5,0.009,2000
main_month_median_spearman,Le'anhe,乐安河,Autumn,14,spearman,month_median,10,6,0.0015,2000
main_month_median_spearman,Le'anhe,乐安河,Autumn,14,spearman,month_median,10,7,0.004,2000
main_month_median_spearman,Le'anhe,乐安河,Autumn,14,spearman,month_median,10,8,0.0015,2000
main_month_median_spearman,Le'anhe,乐安河,Autumn,14,spearman,month_median,10,9,0.0065,2000
main_month_median_spearman,Le'anhe,乐安河,Autumn,14,spearman,month_median,10,10,0.0025,2000
main_month_median_spearman,Le'anhe,乐安河,Autumn,14,spearman,month_median,15,0,0,2000
main_month_median_spearman,Le'anhe,乐安河,Autumn,14,spearman,month_median,15,1,0,2000
main_month_median_spearman,Le'anhe,乐安河,Autumn,14,spearman,month_median,15,2,0.1085,2000
main_month_median_spearman,Le'anhe,乐安河,Autumn,14,spearman,month_median,15,3,0.7975,2000
main_month_median_spearman,Le'anhe,乐安河,Autumn,14,spearman,month_median,15,4,0.063,2000
main_month_median_spearman,Le'anhe,乐安河,Autumn,14,spearman,month_median,15,5,0.008,2000
main_month_median_spearman,Le'anhe,乐安河,Autumn,14,spearman,month_median,15,6,0.0015,2000
main_month_median_spearman,Le'anhe,乐安河,Autumn,14,spearman,month_median,15,7,0.004,2000
main_month_median_spearman,Le'anhe,乐安河,Autumn,14,spearman,month_median,15,8,0.001,2000
main_month_median_spearman,Le'anhe,乐安河,Autumn,14,spearman,month_median,15,9,0.004,2000
main_month_median_spearman,Le'anhe,乐安河,Autumn,14,spearman,month_median,15,10,0,2000
main_month_median_spearman,Le'anhe,乐安河,Autumn,14,spearman,month_median,15,11,0.0075,2000
main_month_median_spearman,Le'anhe,乐安河,Autumn,14,spearman,month_median,15,12,0.005,2000
main_month_median_spearman,Le'anhe,乐安河,Autumn,14,spearman,month_median,15,13,0,2000
main_month_median_spearman,Le'anhe,乐安河,Autumn,14,spearman,month_median,15,14,0,2000
main_month_median_spearman,Le'anhe,乐安河,Autumn,14,spearman,month_median,15,15,0,2000
main_month_median_spearman,Le'anhe,乐安河,Autumn,14,spearman,month_median,20,0,0,2000
main_month_median_spearman,Le'anhe,乐安河,Autumn,14,spearman,month_median,20,1,0,2000
main_month_median_spearman,Le'anhe,乐安河,Autumn,14,spearman,month_median,20,2,0.1085,2000
main_month_median_spearman,Le'anhe,乐安河,Autumn,14,spearman,month_median,20,3,0.7975,2000
main_month_median_spearman,Le'anhe,乐安河,Autumn,14,spearman,month_median,20,4,0.063,2000
main_month_median_spearman,Le'anhe,乐安河,Autumn,14,spearman,month_median,20,5,0.008,2000
main_month_median_spearman,Le'anhe,乐安河,Autumn,14,spearman,month_median,20,6,0.0015,2000
main_month_median_spearman,Le'anhe,乐安河,Autumn,14,spearman,month_median,20,7,0.004,2000
main_month_median_spearman,Le'anhe,乐安河,Autumn,14,spearman,month_median,20,8,0.001,2000
main_month_median_spearman,Le'anhe,乐安河,Autumn,14,spearman,month_median,20,9,0.004,2000
main_month_median_spearman,Le'anhe,乐安河,Autumn,14,spearman,month_median,20,10,0,2000
main_month_median_spearman,Le'anhe,乐安河,Autumn,14,spearman,month_median,20,11,0.0075,2000
main_month_median_spearman,Le'anhe,乐安河,Autumn,14,spearman,month_median,20,12,0.005,2000
main_month_median_spearman,Le'anhe,乐安河,Autumn,14,spearman,month_median,20,13,0,2000
main_month_median_spearman,Le'anhe,乐安河,Autumn,14,spearman,month_median,20,14,0,2000
main_month_median_spearman,Le'anhe,乐安河,Autumn,14,spearman,month_median,20,15,0,2000
main_month_median_spearman,Le'anhe,乐安河,Autumn,14,spearman,month_median,20,16,0,2000
main_month_median_spearman,Le'anhe,乐安河,Autumn,14,spearman,month_median,20,17,0,2000
main_month_median_spearman,Le'anhe,乐安河,Autumn,14,spearman,month_median,20,18,0,2000
main_month_median_spearman,Le'anhe,乐安河,Autumn,14,spearman,month_median,20,19,0,2000
main_month_median_spearman,Le'anhe,乐安河,Autumn,14,spearman,month_median,20,20,0,2000
main_month_median_spearman,Le'anhe,乐安河,Spring,14,spearman,month_median,10,0,0,2000
main_month_median_spearman,Le'anhe,乐安河,Spring,14,spearman,month_median,10,1,0.046,2000
main_month_median_spearman,Le'anhe,乐安河,Spring,14,spearman,month_median,10,2,0.951,2000
main_month_median_spearman,Le'anhe,乐安河,Spring,14,spearman,month_median,10,3,0.0005,2000
main_month_median_spearman,Le'anhe,乐安河,Spring,14,spearman,month_median,10,4,0,2000
main_month_median_spearman,Le'anhe,乐安河,Spring,14,spearman,month_median,10,5,0.0015,2000
main_month_median_spearman,Le'anhe,乐安河,Spring,14,spearman,month_median,10,6,0,2000
main_month_median_spearman,Le'anhe,乐安河,Spring,14,spearman,month_median,10,7,0,2000
main_month_median_spearman,Le'anhe,乐安河,Spring,14,spearman,month_median,10,8,0,2000
main_month_median_spearman,Le'anhe,乐安河,Spring,14,spearman,month_median,10,9,0.0005,2000
main_month_median_spearman,Le'anhe,乐安河,Spring,14,spearman,month_median,10,10,0.0005,2000
main_month_median_spearman,Le'anhe,乐安河,Spring,14,spearman,month_median,15,0,0,2000
main_month_median_spearman,Le'anhe,乐安河,Spring,14,spearman,month_median,15,1,0.046,2000
main_month_median_spearman,Le'anhe,乐安河,Spring,14,spearman,month_median,15,2,0.951,2000
main_month_median_spearman,Le'anhe,乐安河,Spring,14,spearman,month_median,15,3,0.0005,2000
main_month_median_spearman,Le'anhe,乐安河,Spring,14,spearman,month_median,15,4,0,2000
main_month_median_spearman,Le'anhe,乐安河,Spring,14,spearman,month_median,15,5,0.0015,2000
main_month_median_spearman,Le'anhe,乐安河,Spring,14,spearman,month_median,15,6,0,2000
main_month_median_spearman,Le'anhe,乐安河,Spring,14,spearman,month_median,15,7,0,2000
main_month_median_spearman,Le'anhe,乐安河,Spring,14,spearman,month_median,15,8,0,2000
main_month_median_spearman,Le'anhe,乐安河,Spring,14,spearman,month_median,15,9,0.0005,2000
main_month_median_spearman,Le'anhe,乐安河,Spring,14,spearman,month_median,15,10,0.0005,2000
main_month_median_spearman,Le'anhe,乐安河,Spring,14,spearman,month_median,15,11,0,2000
main_month_median_spearman,Le'anhe,乐安河,Spring,14,spearman,month_median,15,12,0,2000
main_month_median_spearman,Le'anhe,乐安河,Spring,14,spearman,month_median,15,13,0,2000
main_month_median_spearman,Le'anhe,乐安河,Spring,14,spearman,month_median,15,14,0,2000
main_month_median_spearman,Le'anhe,乐安河,Spring,14,spearman,month_median,15,15,0,2000
main_month_median_spearman,Le'anhe,乐安河,Spring,14,spearman,month_median,20,0,0,2000
main_month_median_spearman,Le'anhe,乐安河,Spring,14,spearman,month_median,20,1,0.046,2000
main_month_median_spearman,Le'anhe,乐安河,Spring,14,spearman,month_median,20,2,0.951,2000
main_month_median_spearman,Le'anhe,乐安河,Spring,14,spearman,month_median,20,3,0.0005,2000
main_month_median_spearman,Le'anhe,乐安河,Spring,14,spearman,month_median,20,4,0,2000
main_month_median_spearman,Le'anhe,乐安河,Spring,14,spearman,month_median,20,5,0.0015,2000
main_month_median_spearman,Le'anhe,乐安河,Spring,14,spearman,month_median,20,6,0,2000
main_month_median_spearman,Le'anhe,乐安河,Spring,14,spearman,month_median,20,7,0,2000
main_month_median_spearman,Le'anhe,乐安河,Spring,14,spearman,month_median,20,8,0,2000
main_month_median_spearman,Le'anhe,乐安河,Spring,14,spearman,month_median,20,9,0.0005,2000
main_month_median_spearman,Le'anhe,乐安河,Spring,14,spearman,month_median,20,10,0.0005,2000
main_month_median_spearman,Le'anhe,乐安河,Spring,14,spearman,month_median,20,11,0,2000
main_month_median_spearman,Le'anhe,乐安河,Spring,14,spearman,month_median,20,12,0,2000
main_month_median_spearman,Le'anhe,乐安河,Spring,14,spearman,month_median,20,13,0,2000
main_month_median_spearman,Le'anhe,乐安河,Spring,14,spearman,month_median,20,14,0,2000
main_month_median_spearman,Le'anhe,乐安河,Spring,14,spearman,month_median,20,15,0,2000
main_month_median_spearman,Le'anhe,乐安河,Spring,14,spearman,month_median,20,16,0,2000
main_month_median_spearman,Le'anhe,乐安河,Spring,14,spearman,month_median,20,17,0,2000
main_month_median_spearman,Le'anhe,乐安河,Spring,14,spearman,month_median,20,18,0,2000
main_month_median_spearman,Le'anhe,乐安河,Spring,14,spearman,month_median,20,19,0,2000
main_month_median_spearman,Le'anhe,乐安河,Spring,14,spearman,month_median,20,20,0,2000
main_month_median_spearman,Le'anhe,乐安河,Summer,14,spearman,month_median,10,0,0,2000
main_month_median_spearman,Le'anhe,乐安河,Summer,14,spearman,month_median,10,1,0.0605,2000
main_month_median_spearman,Le'anhe,乐安河,Summer,14,spearman,month_median,10,2,0.9395,2000
main_month_median_spearman,Le'anhe,乐安河,Summer,14,spearman,month_median,10,3,0,2000
main_month_median_spearman,Le'anhe,乐安河,Summer,14,spearman,month_median,10,4,0,2000
main_month_median_spearman,Le'anhe,乐安河,Summer,14,spearman,month_median,10,5,0,2000
main_month_median_spearman,Le'anhe,乐安河,Summer,14,spearman,month_median,10,6,0,2000
main_month_median_spearman,Le'anhe,乐安河,Summer,14,spearman,month_median,10,7,0,2000
main_month_median_spearman,Le'anhe,乐安河,Summer,14,spearman,month_median,10,8,0,2000
main_month_median_spearman,Le'anhe,乐安河,Summer,14,spearman,month_median,10,9,0,2000
main_month_median_spearman,Le'anhe,乐安河,Summer,14,spearman,month_median,10,10,0,2000
main_month_median_spearman,Le'anhe,乐安河,Summer,14,spearman,month_median,15,0,0,2000
main_month_median_spearman,Le'anhe,乐安河,Summer,14,spearman,month_median,15,1,0.0605,2000
main_month_median_spearman,Le'anhe,乐安河,Summer,14,spearman,month_median,15,2,0.9395,2000
main_month_median_spearman,Le'anhe,乐安河,Summer,14,spearman,month_median,15,3,0,2000
main_month_median_spearman,Le'anhe,乐安河,Summer,14,spearman,month_median,15,4,0,2000
main_month_median_spearman,Le'anhe,乐安河,Summer,14,spearman,month_median,15,5,0,2000
main_month_median_spearman,Le'anhe,乐安河,Summer,14,spearman,month_median,15,6,0,2000
main_month_median_spearman,Le'anhe,乐安河,Summer,14,spearman,month_median,15,7,0,2000
main_month_median_spearman,Le'anhe,乐安河,Summer,14,spearman,month_median,15,8,0,2000
main_month_median_spearman,Le'anhe,乐安河,Summer,14,spearman,month_median,15,9,0,2000
main_month_median_spearman,Le'anhe,乐安河,Summer,14,spearman,month_median,15,10,0,2000
main_month_median_spearman,Le'anhe,乐安河,Summer,14,spearman,month_median,15,11,0,2000
main_month_median_spearman,Le'anhe,乐安河,Summer,14,spearman,month_median,15,12,0,2000
main_month_median_spearman,Le'anhe,乐安河,Summer,14,spearman,month_median,15,13,0,2000
main_month_median_spearman,Le'anhe,乐安河,Summer,14,spearman,month_median,15,14,0,2000
main_month_median_spearman,Le'anhe,乐安河,Summer,14,spearman,month_median,15,15,0,2000
main_month_median_spearman,Le'anhe,乐安河,Summer,14,spearman,month_median,20,0,0,2000
main_month_median_spearman,Le'anhe,乐安河,Summer,14,spearman,month_median,20,1,0.0605,2000
main_month_median_spearman,Le'anhe,乐安河,Summer,14,spearman,month_median,20,2,0.9395,2000
main_month_median_spearman,Le'anhe,乐安河,Summer,14,spearman,month_median,20,3,0,2000
main_month_median_spearman,Le'anhe,乐安河,Summer,14,spearman,month_median,20,4,0,2000
main_month_median_spearman,Le'anhe,乐安河,Summer,14,spearman,month_median,20,5,0,2000
main_month_median_spearman,Le'anhe,乐安河,Summer,14,spearman,month_median,20,6,0,2000
main_month_median_spearman,Le'anhe,乐安河,Summer,14,spearman,month_median,20,7,0,2000
main_month_median_spearman,Le'anhe,乐安河,Summer,14,spearman,month_median,20,8,0,2000
main_month_median_spearman,Le'anhe,乐安河,Summer,14,spearman,month_median,20,9,0,2000
main_month_median_spearman,Le'anhe,乐安河,Summer,14,spearman,month_median,20,10,0,2000
main_month_median_spearman,Le'anhe,乐安河,Summer,14,spearman,month_median,20,11,0,2000
main_month_median_spearman,Le'anhe,乐安河,Summer,14,spearman,month_median,20,12,0,2000
main_month_median_spearman,Le'anhe,乐安河,Summer,14,spearman,month_median,20,13,0,2000
main_month_median_spearman,Le'anhe,乐安河,Summer,14,spearman,month_median,20,14,0,2000
main_month_median_spearman,Le'anhe,乐安河,Summer,14,spearman,month_median,20,15,0,2000
main_month_median_spearman,Le'anhe,乐安河,Summer,14,spearman,month_median,20,16,0,2000
main_month_median_spearman,Le'anhe,乐安河,Summer,14,spearman,month_median,20,17,0,2000
main_month_median_spearman,Le'anhe,乐安河,Summer,14,spearman,month_median,20,18,0,2000
main_month_median_spearman,Le'anhe,乐安河,Summer,14,spearman,month_median,20,19,0,2000
main_month_median_spearman,Le'anhe,乐安河,Summer,14,spearman,month_median,20,20,0,2000
main_month_median_spearman,Le'anhe,乐安河,Winter,13,spearman,month_median,10,0,0,2000
main_month_median_spearman,Le'anhe,乐安河,Winter,13,spearman,month_median,10,1,0,2000
main_month_median_spearman,Le'anhe,乐安河,Winter,13,spearman,month_median,10,2,0.052,2000
main_month_median_spearman,Le'anhe,乐安河,Winter,13,spearman,month_median,10,3,0.868,2000
main_month_median_spearman,Le'anhe,乐安河,Winter,13,spearman,month_median,10,4,0.0065,2000
main_month_median_spearman,Le'anhe,乐安河,Winter,13,spearman,month_median,10,5,0.033,2000
main_month_median_spearman,Le'anhe,乐安河,Winter,13,spearman,month_median,10,6,0.008,2000
main_month_median_spearman,Le'anhe,乐安河,Winter,13,spearman,month_median,10,7,0,2000
main_month_median_spearman,Le'anhe,乐安河,Winter,13,spearman,month_median,10,8,0,2000
main_month_median_spearman,Le'anhe,乐安河,Winter,13,spearman,month_median,10,9,0.0045,2000
main_month_median_spearman,Le'anhe,乐安河,Winter,13,spearman,month_median,10,10,0.028,2000
main_month_median_spearman,Le'anhe,乐安河,Winter,13,spearman,month_median,15,0,0,2000
main_month_median_spearman,Le'anhe,乐安河,Winter,13,spearman,month_median,15,1,0,2000
main_month_median_spearman,Le'anhe,乐安河,Winter,13,spearman,month_median,15,2,0.052,2000
main_month_median_spearman,Le'anhe,乐安河,Winter,13,spearman,month_median,15,3,0.865,2000
main_month_median_spearman,Le'anhe,乐安河,Winter,13,spearman,month_median,15,4,0.0065,2000
main_month_median_spearman,Le'anhe,乐安河,Winter,13,spearman,month_median,15,5,0.033,2000
main_month_median_spearman,Le'anhe,乐安河,Winter,13,spearman,month_median,15,6,0.008,2000
main_month_median_spearman,Le'anhe,乐安河,Winter,13,spearman,month_median,15,7,0,2000
main_month_median_spearman,Le'anhe,乐安河,Winter,13,spearman,month_median,15,8,0,2000
main_month_median_spearman,Le'anhe,乐安河,Winter,13,spearman,month_median,15,9,0.004,2000
main_month_median_spearman,Le'anhe,乐安河,Winter,13,spearman,month_median,15,10,0.0195,2000
main_month_median_spearman,Le'anhe,乐安河,Winter,13,spearman,month_median,15,11,0.01,2000
main_month_median_spearman,Le'anhe,乐安河,Winter,13,spearman,month_median,15,12,0.0005,2000
main_month_median_spearman,Le'anhe,乐安河,Winter,13,spearman,month_median,15,13,0.0005,2000
main_month_median_spearman,Le'anhe,乐安河,Winter,13,spearman,month_median,15,14,0.0005,2000
main_month_median_spearman,Le'anhe,乐安河,Winter,13,spearman,month_median,15,15,0.0005,2000
main_month_median_spearman,Le'anhe,乐安河,Winter,13,spearman,month_median,20,0,0,2000
main_month_median_spearman,Le'anhe,乐安河,Winter,13,spearman,month_median,20,1,0,2000
main_month_median_spearman,Le'anhe,乐安河,Winter,13,spearman,month_median,20,2,0.052,2000
main_month_median_spearman,Le'anhe,乐安河,Winter,13,spearman,month_median,20,3,0.8615,2000
main_month_median_spearman,Le'anhe,乐安河,Winter,13,spearman,month_median,20,4,0.0065,2000
main_month_median_spearman,Le'anhe,乐安河,Winter,13,spearman,month_median,20,5,0.033,2000
main_month_median_spearman,Le'anhe,乐安河,Winter,13,spearman,month_median,20,6,0.008,2000
main_month_median_spearman,Le'anhe,乐安河,Winter,13,spearman,month_median,20,7,0,2000
main_month_median_spearman,Le'anhe,乐安河,Winter,13,spearman,month_median,20,8,0,2000
main_month_median_spearman,Le'anhe,乐安河,Winter,13,spearman,month_median,20,9,0.004,2000
main_month_median_spearman,Le'anhe,乐安河,Winter,13,spearman,month_median,20,10,0.0185,2000
main_month_median_spearman,Le'anhe,乐安河,Winter,13,spearman,month_median,20,11,0.0095,2000
main_month_median_spearman,Le'anhe,乐安河,Winter,13,spearman,month_median,20,12,0.0005,2000
main_month_median_spearman,Le'anhe,乐安河,Winter,13,spearman,month_median,20,13,0.0005,2000
main_month_median_spearman,Le'anhe,乐安河,Winter,13,spearman,month_median,20,14,0,2000
main_month_median_spearman,Le'anhe,乐安河,Winter,13,spearman,month_median,20,15,0,2000
main_month_median_spearman,Le'anhe,乐安河,Winter,13,spearman,month_median,20,16,0,2000
main_month_median_spearman,Le'anhe,乐安河,Winter,13,spearman,month_median,20,17,0,2000
main_month_median_spearman,Le'anhe,乐安河,Winter,13,spearman,month_median,20,18,0,2000
main_month_median_spearman,Le'anhe,乐安河,Winter,13,spearman,month_median,20,19,0.0025,2000
main_month_median_spearman,Le'anhe,乐安河,Winter,13,spearman,month_median,20,20,0.0035,2000
main_month_median_spearman,Liaohe,潦河,All,14,spearman,month_median,10,0,0,2000
main_month_median_spearman,Liaohe,潦河,All,14,spearman,month_median,10,1,0.992,2000
main_month_median_spearman,Liaohe,潦河,All,14,spearman,month_median,10,2,0.008,2000
main_month_median_spearman,Liaohe,潦河,All,14,spearman,month_median,10,3,0,2000
main_month_median_spearman,Liaohe,潦河,All,14,spearman,month_median,10,4,0,2000
main_month_median_spearman,Liaohe,潦河,All,14,spearman,month_median,10,5,0,2000
main_month_median_spearman,Liaohe,潦河,All,14,spearman,month_median,10,6,0,2000
main_month_median_spearman,Liaohe,潦河,All,14,spearman,month_median,10,7,0,2000
main_month_median_spearman,Liaohe,潦河,All,14,spearman,month_median,10,8,0,2000
main_month_median_spearman,Liaohe,潦河,All,14,spearman,month_median,10,9,0,2000
main_month_median_spearman,Liaohe,潦河,All,14,spearman,month_median,10,10,0,2000
main_month_median_spearman,Liaohe,潦河,All,14,spearman,month_median,15,0,0,2000
main_month_median_spearman,Liaohe,潦河,All,14,spearman,month_median,15,1,0.992,2000
main_month_median_spearman,Liaohe,潦河,All,14,spearman,month_median,15,2,0.008,2000
main_month_median_spearman,Liaohe,潦河,All,14,spearman,month_median,15,3,0,2000
main_month_median_spearman,Liaohe,潦河,All,14,spearman,month_median,15,4,0,2000
main_month_median_spearman,Liaohe,潦河,All,14,spearman,month_median,15,5,0,2000
main_month_median_spearman,Liaohe,潦河,All,14,spearman,month_median,15,6,0,2000
main_month_median_spearman,Liaohe,潦河,All,14,spearman,month_median,15,7,0,2000
main_month_median_spearman,Liaohe,潦河,All,14,spearman,month_median,15,8,0,2000
main_month_median_spearman,Liaohe,潦河,All,14,spearman,month_median,15,9,0,2000
main_month_median_spearman,Liaohe,潦河,All,14,spearman,month_median,15,10,0,2000
main_month_median_spearman,Liaohe,潦河,All,14,spearman,month_median,15,11,0,2000
main_month_median_spearman,Liaohe,潦河,All,14,spearman,month_median,15,12,0,2000
main_month_median_spearman,Liaohe,潦河,All,14,spearman,month_median,15,13,0,2000
main_month_median_spearman,Liaohe,潦河,All,14,spearman,month_median,15,14,0,2000
main_month_median_spearman,Liaohe,潦河,All,14,spearman,month_median,15,15,0,2000
main_month_median_spearman,Liaohe,潦河,All,14,spearman,month_median,20,0,0,2000
main_month_median_spearman,Liaohe,潦河,All,14,spearman,month_median,20,1,0.992,2000
main_month_median_spearman,Liaohe,潦河,All,14,spearman,month_median,20,2,0.008,2000
main_month_median_spearman,Liaohe,潦河,All,14,spearman,month_median,20,3,0,2000
main_month_median_spearman,Liaohe,潦河,All,14,spearman,month_median,20,4,0,2000
main_month_median_spearman,Liaohe,潦河,All,14,spearman,month_median,20,5,0,2000
main_month_median_spearman,Liaohe,潦河,All,14,spearman,month_median,20,6,0,2000
main_month_median_spearman,Liaohe,潦河,All,14,spearman,month_median,20,7,0,2000
main_month_median_spearman,Liaohe,潦河,All,14,spearman,month_median,20,8,0,2000
main_month_median_spearman,Liaohe,潦河,All,14,spearman,month_median,20,9,0,2000
main_month_median_spearman,Liaohe,潦河,All,14,spearman,month_median,20,10,0,2000
main_month_median_spearman,Liaohe,潦河,All,14,spearman,month_median,20,11,0,2000
main_month_median_spearman,Liaohe,潦河,All,14,spearman,month_median,20,12,0,2000
main_month_median_spearman,Liaohe,潦河,All,14,spearman,month_median,20,13,0,2000
main_month_median_spearman,Liaohe,潦河,All,14,spearman,month_median,20,14,0,2000
main_month_median_spearman,Liaohe,潦河,All,14,spearman,month_median,20,15,0,2000
main_month_median_spearman,Liaohe,潦河,All,14,spearman,month_median,20,16,0,2000
main_month_median_spearman,Liaohe,潦河,All,14,spearman,month_median,20,17,0,2000
main_month_median_spearman,Liaohe,潦河,All,14,spearman,month_median,20,18,0,2000
main_month_median_spearman,Liaohe,潦河,All,14,spearman,month_median,20,19,0,2000
main_month_median_spearman,Liaohe,潦河,All,14,spearman,month_median,20,20,0,2000
main_month_median_spearman,Liaohe,潦河,Autumn,14,spearman,month_median,10,0,0,2000
main_month_median_spearman,Liaohe,潦河,Autumn,14,spearman,month_median,10,1,0,2000
main_month_median_spearman,Liaohe,潦河,Autumn,14,spearman,month_median,10,2,0.979,2000
main_month_median_spearman,Liaohe,潦河,Autumn,14,spearman,month_median,10,3,0.021,2000
main_month_median_spearman,Liaohe,潦河,Autumn,14,spearman,month_median,10,4,0,2000
main_month_median_spearman,Liaohe,潦河,Autumn,14,spearman,month_median,10,5,0,2000
main_month_median_spearman,Liaohe,潦河,Autumn,14,spearman,month_median,10,6,0,2000
main_month_median_spearman,Liaohe,潦河,Autumn,14,spearman,month_median,10,7,0,2000
main_month_median_spearman,Liaohe,潦河,Autumn,14,spearman,month_median,10,8,0,2000
main_month_median_spearman,Liaohe,潦河,Autumn,14,spearman,month_median,10,9,0,2000
main_month_median_spearman,Liaohe,潦河,Autumn,14,spearman,month_median,10,10,0,2000
main_month_median_spearman,Liaohe,潦河,Autumn,14,spearman,month_median,15,0,0,2000
main_month_median_spearman,Liaohe,潦河,Autumn,14,spearman,month_median,15,1,0,2000
main_month_median_spearman,Liaohe,潦河,Autumn,14,spearman,month_median,15,2,0.976,2000
main_month_median_spearman,Liaohe,潦河,Autumn,14,spearman,month_median,15,3,0.021,2000
main_month_median_spearman,Liaohe,潦河,Autumn,14,spearman,month_median,15,4,0,2000
main_month_median_spearman,Liaohe,潦河,Autumn,14,spearman,month_median,15,5,0,2000
main_month_median_spearman,Liaohe,潦河,Autumn,14,spearman,month_median,15,6,0,2000
main_month_median_spearman,Liaohe,潦河,Autumn,14,spearman,month_median,15,7,0,2000
main_month_median_spearman,Liaohe,潦河,Autumn,14,spearman,month_median,15,8,0,2000
main_month_median_spearman,Liaohe,潦河,Autumn,14,spearman,month_median,15,9,0,2000
main_month_median_spearman,Liaohe,潦河,Autumn,14,spearman,month_median,15,10,0,2000
main_month_median_spearman,Liaohe,潦河,Autumn,14,spearman,month_median,15,11,0,2000
main_month_median_spearman,Liaohe,潦河,Autumn,14,spearman,month_median,15,12,0.0005,2000
main_month_median_spearman,Liaohe,潦河,Autumn,14,spearman,month_median,15,13,0,2000
main_month_median_spearman,Liaohe,潦河,Autumn,14,spearman,month_median,15,14,0.0025,2000
main_month_median_spearman,Liaohe,潦河,Autumn,14,spearman,month_median,15,15,0,2000
main_month_median_spearman,Liaohe,潦河,Autumn,14,spearman,month_median,20,0,0,2000
main_month_median_spearman,Liaohe,潦河,Autumn,14,spearman,month_median,20,1,0,2000
main_month_median_spearman,Liaohe,潦河,Autumn,14,spearman,month_median,20,2,0.976,2000
main_month_median_spearman,Liaohe,潦河,Autumn,14,spearman,month_median,20,3,0.021,2000
main_month_median_spearman,Liaohe,潦河,Autumn,14,spearman,month_median,20,4,0,2000
main_month_median_spearman,Liaohe,潦河,Autumn,14,spearman,month_median,20,5,0,2000
main_month_median_spearman,Liaohe,潦河,Autumn,14,spearman,month_median,20,6,0,2000
main_month_median_spearman,Liaohe,潦河,Autumn,14,spearman,month_median,20,7,0,2000
main_month_median_spearman,Liaohe,潦河,Autumn,14,spearman,month_median,20,8,0,2000
main_month_median_spearman,Liaohe,潦河,Autumn,14,spearman,month_median,20,9,0,2000
main_month_median_spearman,Liaohe,潦河,Autumn,14,spearman,month_median,20,10,0,2000
main_month_median_spearman,Liaohe,潦河,Autumn,14,spearman,month_median,20,11,0,2000
main_month_median_spearman,Liaohe,潦河,Autumn,14,spearman,month_median,20,12,0.0005,2000
main_month_median_spearman,Liaohe,潦河,Autumn,14,spearman,month_median,20,13,0,2000
main_month_median_spearman,Liaohe,潦河,Autumn,14,spearman,month_median,20,14,0.0025,2000
main_month_median_spearman,Liaohe,潦河,Autumn,14,spearman,month_median,20,15,0,2000
main_month_median_spearman,Liaohe,潦河,Autumn,14,spearman,month_median,20,16,0,2000
main_month_median_spearman,Liaohe,潦河,Autumn,14,spearman,month_median,20,17,0,2000
main_month_median_spearman,Liaohe,潦河,Autumn,14,spearman,month_median,20,18,0,2000
main_month_median_spearman,Liaohe,潦河,Autumn,14,spearman,month_median,20,19,0,2000
main_month_median_spearman,Liaohe,潦河,Autumn,14,spearman,month_median,20,20,0,2000
main_month_median_spearman,Liaohe,潦河,Spring,14,spearman,month_median,10,0,0,2000
main_month_median_spearman,Liaohe,潦河,Spring,14,spearman,month_median,10,1,1,2000
main_month_median_spearman,Liaohe,潦河,Spring,14,spearman,month_median,10,2,0,2000
main_month_median_spearman,Liaohe,潦河,Spring,14,spearman,month_median,10,3,0,2000
main_month_median_spearman,Liaohe,潦河,Spring,14,spearman,month_median,10,4,0,2000
main_month_median_spearman,Liaohe,潦河,Spring,14,spearman,month_median,10,5,0,2000
main_month_median_spearman,Liaohe,潦河,Spring,14,spearman,month_median,10,6,0,2000
main_month_median_spearman,Liaohe,潦河,Spring,14,spearman,month_median,10,7,0,2000
main_month_median_spearman,Liaohe,潦河,Spring,14,spearman,month_median,10,8,0,2000
main_month_median_spearman,Liaohe,潦河,Spring,14,spearman,month_median,10,9,0,2000
main_month_median_spearman,Liaohe,潦河,Spring,14,spearman,month_median,10,10,0,2000
main_month_median_spearman,Liaohe,潦河,Spring,14,spearman,month_median,15,0,0,2000
main_month_median_spearman,Liaohe,潦河,Spring,14,spearman,month_median,15,1,1,2000
main_month_median_spearman,Liaohe,潦河,Spring,14,spearman,month_median,15,2,0,2000
main_month_median_spearman,Liaohe,潦河,Spring,14,spearman,month_median,15,3,0,2000
main_month_median_spearman,Liaohe,潦河,Spring,14,spearman,month_median,15,4,0,2000
main_month_median_spearman,Liaohe,潦河,Spring,14,spearman,month_median,15,5,0,2000
main_month_median_spearman,Liaohe,潦河,Spring,14,spearman,month_median,15,6,0,2000
main_month_median_spearman,Liaohe,潦河,Spring,14,spearman,month_median,15,7,0,2000
main_month_median_spearman,Liaohe,潦河,Spring,14,spearman,month_median,15,8,0,2000
main_month_median_spearman,Liaohe,潦河,Spring,14,spearman,month_median,15,9,0,2000
main_month_median_spearman,Liaohe,潦河,Spring,14,spearman,month_median,15,10,0,2000
main_month_median_spearman,Liaohe,潦河,Spring,14,spearman,month_median,15,11,0,2000
main_month_median_spearman,Liaohe,潦河,Spring,14,spearman,month_median,15,12,0,2000
main_month_median_spearman,Liaohe,潦河,Spring,14,spearman,month_median,15,13,0,2000
main_month_median_spearman,Liaohe,潦河,Spring,14,spearman,month_median,15,14,0,2000
main_month_median_spearman,Liaohe,潦河,Spring,14,spearman,month_median,15,15,0,2000
main_month_median_spearman,Liaohe,潦河,Spring,14,spearman,month_median,20,0,0,2000
main_month_median_spearman,Liaohe,潦河,Spring,14,spearman,month_median,20,1,1,2000
main_month_median_spearman,Liaohe,潦河,Spring,14,spearman,month_median,20,2,0,2000
main_month_median_spearman,Liaohe,潦河,Spring,14,spearman,month_median,20,3,0,2000
main_month_median_spearman,Liaohe,潦河,Spring,14,spearman,month_median,20,4,0,2000
main_month_median_spearman,Liaohe,潦河,Spring,14,spearman,month_median,20,5,0,2000
main_month_median_spearman,Liaohe,潦河,Spring,14,spearman,month_median,20,6,0,2000
main_month_median_spearman,Liaohe,潦河,Spring,14,spearman,month_median,20,7,0,2000
main_month_median_spearman,Liaohe,潦河,Spring,14,spearman,month_median,20,8,0,2000
main_month_median_spearman,Liaohe,潦河,Spring,14,spearman,month_median,20,9,0,2000
main_month_median_spearman,Liaohe,潦河,Spring,14,spearman,month_median,20,10,0,2000
main_month_median_spearman,Liaohe,潦河,Spring,14,spearman,month_median,20,11,0,2000
main_month_median_spearman,Liaohe,潦河,Spring,14,spearman,month_median,20,12,0,2000
main_month_median_spearman,Liaohe,潦河,Spring,14,spearman,month_median,20,13,0,2000
main_month_median_spearman,Liaohe,潦河,Spring,14,spearman,month_median,20,14,0,2000
main_month_median_spearman,Liaohe,潦河,Spring,14,spearman,month_median,20,15,0,2000
main_month_median_spearman,Liaohe,潦河,Spring,14,spearman,month_median,20,16,0,2000
main_month_median_spearman,Liaohe,潦河,Spring,14,spearman,month_median,20,17,0,2000
main_month_median_spearman,Liaohe,潦河,Spring,14,spearman,month_median,20,18,0,2000
main_month_median_spearman,Liaohe,潦河,Spring,14,spearman,month_median,20,19,0,2000
main_month_median_spearman,Liaohe,潦河,Spring,14,spearman,month_median,20,20,0,2000
main_month_median_spearman,Liaohe,潦河,Summer,14,spearman,month_median,10,0,0,2000
main_month_median_spearman,Liaohe,潦河,Summer,14,spearman,month_median,10,1,1,2000
main_month_median_spearman,Liaohe,潦河,Summer,14,spearman,month_median,10,2,0,2000
main_month_median_spearman,Liaohe,潦河,Summer,14,spearman,month_median,10,3,0,2000
main_month_median_spearman,Liaohe,潦河,Summer,14,spearman,month_median,10,4,0,2000
main_month_median_spearman,Liaohe,潦河,Summer,14,spearman,month_median,10,5,0,2000
main_month_median_spearman,Liaohe,潦河,Summer,14,spearman,month_median,10,6,0,2000
main_month_median_spearman,Liaohe,潦河,Summer,14,spearman,month_median,10,7,0,2000
main_month_median_spearman,Liaohe,潦河,Summer,14,spearman,month_median,10,8,0,2000
main_month_median_spearman,Liaohe,潦河,Summer,14,spearman,month_median,10,9,0,2000
main_month_median_spearman,Liaohe,潦河,Summer,14,spearman,month_median,10,10,0,2000
main_month_median_spearman,Liaohe,潦河,Summer,14,spearman,month_median,15,0,0,2000
main_month_median_spearman,Liaohe,潦河,Summer,14,spearman,month_median,15,1,1,2000
main_month_median_spearman,Liaohe,潦河,Summer,14,spearman,month_median,15,2,0,2000
main_month_median_spearman,Liaohe,潦河,Summer,14,spearman,month_median,15,3,0,2000
main_month_median_spearman,Liaohe,潦河,Summer,14,spearman,month_median,15,4,0,2000
main_month_median_spearman,Liaohe,潦河,Summer,14,spearman,month_median,15,5,0,2000
main_month_median_spearman,Liaohe,潦河,Summer,14,spearman,month_median,15,6,0,2000
main_month_median_spearman,Liaohe,潦河,Summer,14,spearman,month_median,15,7,0,2000
main_month_median_spearman,Liaohe,潦河,Summer,14,spearman,month_median,15,8,0,2000
main_month_median_spearman,Liaohe,潦河,Summer,14,spearman,month_median,15,9,0,2000
main_month_median_spearman,Liaohe,潦河,Summer,14,spearman,month_median,15,10,0,2000
main_month_median_spearman,Liaohe,潦河,Summer,14,spearman,month_median,15,11,0,2000
main_month_median_spearman,Liaohe,潦河,Summer,14,spearman,month_median,15,12,0,2000
main_month_median_spearman,Liaohe,潦河,Summer,14,spearman,month_median,15,13,0,2000
main_month_median_spearman,Liaohe,潦河,Summer,14,spearman,month_median,15,14,0,2000
main_month_median_spearman,Liaohe,潦河,Summer,14,spearman,month_median,15,15,0,2000
main_month_median_spearman,Liaohe,潦河,Summer,14,spearman,month_median,20,0,0,2000
main_month_median_spearman,Liaohe,潦河,Summer,14,spearman,month_median,20,1,1,2000
main_month_median_spearman,Liaohe,潦河,Summer,14,spearman,month_median,20,2,0,2000
main_month_median_spearman,Liaohe,潦河,Summer,14,spearman,month_median,20,3,0,2000
main_month_median_spearman,Liaohe,潦河,Summer,14,spearman,month_median,20,4,0,2000
main_month_median_spearman,Liaohe,潦河,Summer,14,spearman,month_median,20,5,0,2000
main_month_median_spearman,Liaohe,潦河,Summer,14,spearman,month_median,20,6,0,2000
main_month_median_spearman,Liaohe,潦河,Summer,14,spearman,month_median,20,7,0,2000
main_month_median_spearman,Liaohe,潦河,Summer,14,spearman,month_median,20,8,0,2000
main_month_median_spearman,Liaohe,潦河,Summer,14,spearman,month_median,20,9,0,2000
main_month_median_spearman,Liaohe,潦河,Summer,14,spearman,month_median,20,10,0,2000
main_month_median_spearman,Liaohe,潦河,Summer,14,spearman,month_median,20,11,0,2000
main_month_median_spearman,Liaohe,潦河,Summer,14,spearman,month_median,20,12,0,2000
main_month_median_spearman,Liaohe,潦河,Summer,14,spearman,month_median,20,13,0,2000
main_month_median_spearman,Liaohe,潦河,Summer,14,spearman,month_median,20,14,0,2000
main_month_median_spearman,Liaohe,潦河,Summer,14,spearman,month_median,20,15,0,2000
main_month_median_spearman,Liaohe,潦河,Summer,14,spearman,month_median,20,16,0,2000
main_month_median_spearman,Liaohe,潦河,Summer,14,spearman,month_median,20,17,0,2000
main_month_median_spearman,Liaohe,潦河,Summer,14,spearman,month_median,20,18,0,2000
main_month_median_spearman,Liaohe,潦河,Summer,14,spearman,month_median,20,19,0,2000
main_month_median_spearman,Liaohe,潦河,Summer,14,spearman,month_median,20,20,0,2000
main_month_median_spearman,Liaohe,潦河,Winter,13,spearman,month_median,10,0,0,2000
main_month_median_spearman,Liaohe,潦河,Winter,13,spearman,month_median,10,1,0.0005,2000
main_month_median_spearman,Liaohe,潦河,Winter,13,spearman,month_median,10,2,0.918,2000
main_month_median_spearman,Liaohe,潦河,Winter,13,spearman,month_median,10,3,0.066,2000
main_month_median_spearman,Liaohe,潦河,Winter,13,spearman,month_median,10,4,0,2000
main_month_median_spearman,Liaohe,潦河,Winter,13,spearman,month_median,10,5,0,2000
main_month_median_spearman,Liaohe,潦河,Winter,13,spearman,month_median,10,6,0,2000
main_month_median_spearman,Liaohe,潦河,Winter,13,spearman,month_median,10,7,0.002,2000
main_month_median_spearman,Liaohe,潦河,Winter,13,spearman,month_median,10,8,0.0085,2000
main_month_median_spearman,Liaohe,潦河,Winter,13,spearman,month_median,10,9,0.0045,2000
main_month_median_spearman,Liaohe,潦河,Winter,13,spearman,month_median,10,10,0.0005,2000
main_month_median_spearman,Liaohe,潦河,Winter,13,spearman,month_median,15,0,0,2000
main_month_median_spearman,Liaohe,潦河,Winter,13,spearman,month_median,15,1,0.0005,2000
main_month_median_spearman,Liaohe,潦河,Winter,13,spearman,month_median,15,2,0.918,2000
main_month_median_spearman,Liaohe,潦河,Winter,13,spearman,month_median,15,3,0.066,2000
main_month_median_spearman,Liaohe,潦河,Winter,13,spearman,month_median,15,4,0,2000
main_month_median_spearman,Liaohe,潦河,Winter,13,spearman,month_median,15,5,0,2000
main_month_median_spearman,Liaohe,潦河,Winter,13,spearman,month_median,15,6,0,2000
main_month_median_spearman,Liaohe,潦河,Winter,13,spearman,month_median,15,7,0.002,2000
main_month_median_spearman,Liaohe,潦河,Winter,13,spearman,month_median,15,8,0.0085,2000
main_month_median_spearman,Liaohe,潦河,Winter,13,spearman,month_median,15,9,0.0045,2000
main_month_median_spearman,Liaohe,潦河,Winter,13,spearman,month_median,15,10,0.0005,2000
main_month_median_spearman,Liaohe,潦河,Winter,13,spearman,month_median,15,11,0,2000
main_month_median_spearman,Liaohe,潦河,Winter,13,spearman,month_median,15,12,0,2000
main_month_median_spearman,Liaohe,潦河,Winter,13,spearman,month_median,15,13,0,2000
main_month_median_spearman,Liaohe,潦河,Winter,13,spearman,month_median,15,14,0,2000
main_month_median_spearman,Liaohe,潦河,Winter,13,spearman,month_median,15,15,0,2000
main_month_median_spearman,Liaohe,潦河,Winter,13,spearman,month_median,20,0,0,2000
main_month_median_spearman,Liaohe,潦河,Winter,13,spearman,month_median,20,1,0.0005,2000
main_month_median_spearman,Liaohe,潦河,Winter,13,spearman,month_median,20,2,0.918,2000
main_month_median_spearman,Liaohe,潦河,Winter,13,spearman,month_median,20,3,0.066,2000
main_month_median_spearman,Liaohe,潦河,Winter,13,spearman,month_median,20,4,0,2000
main_month_median_spearman,Liaohe,潦河,Winter,13,spearman,month_median,20,5,0,2000
main_month_median_spearman,Liaohe,潦河,Winter,13,spearman,month_median,20,6,0,2000
main_month_median_spearman,Liaohe,潦河,Winter,13,spearman,month_median,20,7,0.002,2000
main_month_median_spearman,Liaohe,潦河,Winter,13,spearman,month_median,20,8,0.0085,2000
main_month_median_spearman,Liaohe,潦河,Winter,13,spearman,month_median,20,9,0.0045,2000
main_month_median_spearman,Liaohe,潦河,Winter,13,spearman,month_median,20,10,0.0005,2000
main_month_median_spearman,Liaohe,潦河,Winter,13,spearman,month_median,20,11,0,2000
main_month_median_spearman,Liaohe,潦河,Winter,13,spearman,month_median,20,12,0,2000
main_month_median_spearman,Liaohe,潦河,Winter,13,spearman,month_median,20,13,0,2000
main_month_median_spearman,Liaohe,潦河,Winter,13,spearman,month_median,20,14,0,2000
main_month_median_spearman,Liaohe,潦河,Winter,13,spearman,month_median,20,15,0,2000
main_month_median_spearman,Liaohe,潦河,Winter,13,spearman,month_median,20,16,0,2000
main_month_median_spearman,Liaohe,潦河,Winter,13,spearman,month_median,20,17,0,2000
main_month_median_spearman,Liaohe,潦河,Winter,13,spearman,month_median,20,18,0,2000
main_month_median_spearman,Liaohe,潦河,Winter,13,spearman,month_median,20,19,0,2000
main_month_median_spearman,Liaohe,潦河,Winter,13,spearman,month_median,20,20,0,2000
main_month_median_spearman,Xinjiang,信江,All,14,spearman,month_median,10,0,0,2000
main_month_median_spearman,Xinjiang,信江,All,14,spearman,month_median,10,1,0,2000
main_month_median_spearman,Xinjiang,信江,All,14,spearman,month_median,10,2,1,2000
main_month_median_spearman,Xinjiang,信江,All,14,spearman,month_median,10,3,0,2000
main_month_median_spearman,Xinjiang,信江,All,14,spearman,month_median,10,4,0,2000
main_month_median_spearman,Xinjiang,信江,All,14,spearman,month_median,10,5,0,2000
main_month_median_spearman,Xinjiang,信江,All,14,spearman,month_median,10,6,0,2000
main_month_median_spearman,Xinjiang,信江,All,14,spearman,month_median,10,7,0,2000
main_month_median_spearman,Xinjiang,信江,All,14,spearman,month_median,10,8,0,2000
main_month_median_spearman,Xinjiang,信江,All,14,spearman,month_median,10,9,0,2000
main_month_median_spearman,Xinjiang,信江,All,14,spearman,month_median,10,10,0,2000
main_month_median_spearman,Xinjiang,信江,All,14,spearman,month_median,15,0,0,2000
main_month_median_spearman,Xinjiang,信江,All,14,spearman,month_median,15,1,0,2000
main_month_median_spearman,Xinjiang,信江,All,14,spearman,month_median,15,2,1,2000
main_month_median_spearman,Xinjiang,信江,All,14,spearman,month_median,15,3,0,2000
main_month_median_spearman,Xinjiang,信江,All,14,spearman,month_median,15,4,0,2000
main_month_median_spearman,Xinjiang,信江,All,14,spearman,month_median,15,5,0,2000
main_month_median_spearman,Xinjiang,信江,All,14,spearman,month_median,15,6,0,2000
main_month_median_spearman,Xinjiang,信江,All,14,spearman,month_median,15,7,0,2000
main_month_median_spearman,Xinjiang,信江,All,14,spearman,month_median,15,8,0,2000
main_month_median_spearman,Xinjiang,信江,All,14,spearman,month_median,15,9,0,2000
main_month_median_spearman,Xinjiang,信江,All,14,spearman,month_median,15,10,0,2000
main_month_median_spearman,Xinjiang,信江,All,14,spearman,month_median,15,11,0,2000
main_month_median_spearman,Xinjiang,信江,All,14,spearman,month_median,15,12,0,2000
main_month_median_spearman,Xinjiang,信江,All,14,spearman,month_median,15,13,0,2000
main_month_median_spearman,Xinjiang,信江,All,14,spearman,month_median,15,14,0,2000
main_month_median_spearman,Xinjiang,信江,All,14,spearman,month_median,15,15,0,2000
main_month_median_spearman,Xinjiang,信江,All,14,spearman,month_median,20,0,0,2000
main_month_median_spearman,Xinjiang,信江,All,14,spearman,month_median,20,1,0,2000
main_month_median_spearman,Xinjiang,信江,All,14,spearman,month_median,20,2,1,2000
main_month_median_spearman,Xinjiang,信江,All,14,spearman,month_median,20,3,0,2000
main_month_median_spearman,Xinjiang,信江,All,14,spearman,month_median,20,4,0,2000
main_month_median_spearman,Xinjiang,信江,All,14,spearman,month_median,20,5,0,2000
main_month_median_spearman,Xinjiang,信江,All,14,spearman,month_median,20,6,0,2000
main_month_median_spearman,Xinjiang,信江,All,14,spearman,month_median,20,7,0,2000
main_month_median_spearman,Xinjiang,信江,All,14,spearman,month_median,20,8,0,2000
main_month_median_spearman,Xinjiang,信江,All,14,spearman,month_median,20,9,0,2000
main_month_median_spearman,Xinjiang,信江,All,14,spearman,month_median,20,10,0,2000
main_month_median_spearman,Xinjiang,信江,All,14,spearman,month_median,20,11,0,2000
main_month_median_spearman,Xinjiang,信江,All,14,spearman,month_median,20,12,0,2000
main_month_median_spearman,Xinjiang,信江,All,14,spearman,month_median,20,13,0,2000
main_month_median_spearman,Xinjiang,信江,All,14,spearman,month_median,20,14,0,2000
main_month_median_spearman,Xinjiang,信江,All,14,spearman,month_median,20,15,0,2000
main_month_median_spearman,Xinjiang,信江,All,14,spearman,month_median,20,16,0,2000
main_month_median_spearman,Xinjiang,信江,All,14,spearman,month_median,20,17,0,2000
main_month_median_spearman,Xinjiang,信江,All,14,spearman,month_median,20,18,0,2000
main_month_median_spearman,Xinjiang,信江,All,14,spearman,month_median,20,19,0,2000
main_month_median_spearman,Xinjiang,信江,All,14,spearman,month_median,20,20,0,2000
main_month_median_spearman,Xinjiang,信江,Autumn,14,spearman,month_median,10,0,0,2000
main_month_median_spearman,Xinjiang,信江,Autumn,14,spearman,month_median,10,1,0,2000
main_month_median_spearman,Xinjiang,信江,Autumn,14,spearman,month_median,10,2,0.0195,2000
main_month_median_spearman,Xinjiang,信江,Autumn,14,spearman,month_median,10,3,0.8975,2000
main_month_median_spearman,Xinjiang,信江,Autumn,14,spearman,month_median,10,4,0.057,2000
main_month_median_spearman,Xinjiang,信江,Autumn,14,spearman,month_median,10,5,0.026,2000
main_month_median_spearman,Xinjiang,信江,Autumn,14,spearman,month_median,10,6,0,2000
main_month_median_spearman,Xinjiang,信江,Autumn,14,spearman,month_median,10,7,0,2000
main_month_median_spearman,Xinjiang,信江,Autumn,14,spearman,month_median,10,8,0,2000
main_month_median_spearman,Xinjiang,信江,Autumn,14,spearman,month_median,10,9,0,2000
main_month_median_spearman,Xinjiang,信江,Autumn,14,spearman,month_median,10,10,0,2000
main_month_median_spearman,Xinjiang,信江,Autumn,14,spearman,month_median,15,0,0,2000
main_month_median_spearman,Xinjiang,信江,Autumn,14,spearman,month_median,15,1,0,2000
main_month_median_spearman,Xinjiang,信江,Autumn,14,spearman,month_median,15,2,0.0195,2000
main_month_median_spearman,Xinjiang,信江,Autumn,14,spearman,month_median,15,3,0.8975,2000
main_month_median_spearman,Xinjiang,信江,Autumn,14,spearman,month_median,15,4,0.057,2000
main_month_median_spearman,Xinjiang,信江,Autumn,14,spearman,month_median,15,5,0.026,2000
main_month_median_spearman,Xinjiang,信江,Autumn,14,spearman,month_median,15,6,0,2000
main_month_median_spearman,Xinjiang,信江,Autumn,14,spearman,month_median,15,7,0,2000
main_month_median_spearman,Xinjiang,信江,Autumn,14,spearman,month_median,15,8,0,2000
main_month_median_spearman,Xinjiang,信江,Autumn,14,spearman,month_median,15,9,0,2000
main_month_median_spearman,Xinjiang,信江,Autumn,14,spearman,month_median,15,10,0,2000
main_month_median_spearman,Xinjiang,信江,Autumn,14,spearman,month_median,15,11,0,2000
main_month_median_spearman,Xinjiang,信江,Autumn,14,spearman,month_median,15,12,0,2000
main_month_median_spearman,Xinjiang,信江,Autumn,14,spearman,month_median,15,13,0,2000
main_month_median_spearman,Xinjiang,信江,Autumn,14,spearman,month_median,15,14,0,2000
main_month_median_spearman,Xinjiang,信江,Autumn,14,spearman,month_median,15,15,0,2000
main_month_median_spearman,Xinjiang,信江,Autumn,14,spearman,month_median,20,0,0,2000
main_month_median_spearman,Xinjiang,信江,Autumn,14,spearman,month_median,20,1,0,2000
main_month_median_spearman,Xinjiang,信江,Autumn,14,spearman,month_median,20,2,0.0195,2000
main_month_median_spearman,Xinjiang,信江,Autumn,14,spearman,month_median,20,3,0.8975,2000
main_month_median_spearman,Xinjiang,信江,Autumn,14,spearman,month_median,20,4,0.057,2000
main_month_median_spearman,Xinjiang,信江,Autumn,14,spearman,month_median,20,5,0.026,2000
main_month_median_spearman,Xinjiang,信江,Autumn,14,spearman,month_median,20,6,0,2000
main_month_median_spearman,Xinjiang,信江,Autumn,14,spearman,month_median,20,7,0,2000
main_month_median_spearman,Xinjiang,信江,Autumn,14,spearman,month_median,20,8,0,2000
main_month_median_spearman,Xinjiang,信江,Autumn,14,spearman,month_median,20,9,0,2000
main_month_median_spearman,Xinjiang,信江,Autumn,14,spearman,month_median,20,10,0,2000
main_month_median_spearman,Xinjiang,信江,Autumn,14,spearman,month_median,20,11,0,2000
main_month_median_spearman,Xinjiang,信江,Autumn,14,spearman,month_median,20,12,0,2000
main_month_median_spearman,Xinjiang,信江,Autumn,14,spearman,month_median,20,13,0,2000
main_month_median_spearman,Xinjiang,信江,Autumn,14,spearman,month_median,20,14,0,2000
main_month_median_spearman,Xinjiang,信江,Autumn,14,spearman,month_median,20,15,0,2000
main_month_median_spearman,Xinjiang,信江,Autumn,14,spearman,month_median,20,16,0,2000
main_month_median_spearman,Xinjiang,信江,Autumn,14,spearman,month_median,20,17,0,2000
main_month_median_spearman,Xinjiang,信江,Autumn,14,spearman,month_median,20,18,0,2000
main_month_median_spearman,Xinjiang,信江,Autumn,14,spearman,month_median,20,19,0,2000
main_month_median_spearman,Xinjiang,信江,Autumn,14,spearman,month_median,20,20,0,2000
main_month_median_spearman,Xinjiang,信江,Spring,14,spearman,month_median,10,0,0,2000
main_month_median_spearman,Xinjiang,信江,Spring,14,spearman,month_median,10,1,0,2000
main_month_median_spearman,Xinjiang,信江,Spring,14,spearman,month_median,10,2,1,2000
main_month_median_spearman,Xinjiang,信江,Spring,14,spearman,month_median,10,3,0,2000
main_month_median_spearman,Xinjiang,信江,Spring,14,spearman,month_median,10,4,0,2000
main_month_median_spearman,Xinjiang,信江,Spring,14,spearman,month_median,10,5,0,2000
main_month_median_spearman,Xinjiang,信江,Spring,14,spearman,month_median,10,6,0,2000
main_month_median_spearman,Xinjiang,信江,Spring,14,spearman,month_median,10,7,0,2000
main_month_median_spearman,Xinjiang,信江,Spring,14,spearman,month_median,10,8,0,2000
main_month_median_spearman,Xinjiang,信江,Spring,14,spearman,month_median,10,9,0,2000
main_month_median_spearman,Xinjiang,信江,Spring,14,spearman,month_median,10,10,0,2000
main_month_median_spearman,Xinjiang,信江,Spring,14,spearman,month_median,15,0,0,2000
main_month_median_spearman,Xinjiang,信江,Spring,14,spearman,month_median,15,1,0,2000
main_month_median_spearman,Xinjiang,信江,Spring,14,spearman,month_median,15,2,1,2000
main_month_median_spearman,Xinjiang,信江,Spring,14,spearman,month_median,15,3,0,2000
main_month_median_spearman,Xinjiang,信江,Spring,14,spearman,month_median,15,4,0,2000
main_month_median_spearman,Xinjiang,信江,Spring,14,spearman,month_median,15,5,0,2000
main_month_median_spearman,Xinjiang,信江,Spring,14,spearman,month_median,15,6,0,2000
main_month_median_spearman,Xinjiang,信江,Spring,14,spearman,month_median,15,7,0,2000
main_month_median_spearman,Xinjiang,信江,Spring,14,spearman,month_median,15,8,0,2000
main_month_median_spearman,Xinjiang,信江,Spring,14,spearman,month_median,15,9,0,2000
main_month_median_spearman,Xinjiang,信江,Spring,14,spearman,month_median,15,10,0,2000
main_month_median_spearman,Xinjiang,信江,Spring,14,spearman,month_median,15,11,0,2000
main_month_median_spearman,Xinjiang,信江,Spring,14,spearman,month_median,15,12,0,2000
main_month_median_spearman,Xinjiang,信江,Spring,14,spearman,month_median,15,13,0,2000
main_month_median_spearman,Xinjiang,信江,Spring,14,spearman,month_median,15,14,0,2000
main_month_median_spearman,Xinjiang,信江,Spring,14,spearman,month_median,15,15,0,2000
main_month_median_spearman,Xinjiang,信江,Spring,14,spearman,month_median,20,0,0,2000
main_month_median_spearman,Xinjiang,信江,Spring,14,spearman,month_median,20,1,0,2000
main_month_median_spearman,Xinjiang,信江,Spring,14,spearman,month_median,20,2,1,2000
main_month_median_spearman,Xinjiang,信江,Spring,14,spearman,month_median,20,3,0,2000
main_month_median_spearman,Xinjiang,信江,Spring,14,spearman,month_median,20,4,0,2000
main_month_median_spearman,Xinjiang,信江,Spring,14,spearman,month_median,20,5,0,2000
main_month_median_spearman,Xinjiang,信江,Spring,14,spearman,month_median,20,6,0,2000
main_month_median_spearman,Xinjiang,信江,Spring,14,spearman,month_median,20,7,0,2000
main_month_median_spearman,Xinjiang,信江,Spring,14,spearman,month_median,20,8,0,2000
main_month_median_spearman,Xinjiang,信江,Spring,14,spearman,month_median,20,9,0,2000
main_month_median_spearman,Xinjiang,信江,Spring,14,spearman,month_median,20,10,0,2000
main_month_median_spearman,Xinjiang,信江,Spring,14,spearman,month_median,20,11,0,2000
main_month_median_spearman,Xinjiang,信江,Spring,14,spearman,month_median,20,12,0,2000
main_month_median_spearman,Xinjiang,信江,Spring,14,spearman,month_median,20,13,0,2000
main_month_median_spearman,Xinjiang,信江,Spring,14,spearman,month_median,20,14,0,2000
main_month_median_spearman,Xinjiang,信江,Spring,14,spearman,month_median,20,15,0,2000
main_month_median_spearman,Xinjiang,信江,Spring,14,spearman,month_median,20,16,0,2000
main_month_median_spearman,Xinjiang,信江,Spring,14,spearman,month_median,20,17,0,2000
main_month_median_spearman,Xinjiang,信江,Spring,14,spearman,month_median,20,18,0,2000
main_month_median_spearman,Xinjiang,信江,Spring,14,spearman,month_median,20,19,0,2000
main_month_median_spearman,Xinjiang,信江,Spring,14,spearman,month_median,20,20,0,2000
main_month_median_spearman,Xinjiang,信江,Summer,14,spearman,month_median,10,0,0,2000
main_month_median_spearman,Xinjiang,信江,Summer,14,spearman,month_median,10,1,0,2000
main_month_median_spearman,Xinjiang,信江,Summer,14,spearman,month_median,10,2,1,2000
main_month_median_spearman,Xinjiang,信江,Summer,14,spearman,month_median,10,3,0,2000
main_month_median_spearman,Xinjiang,信江,Summer,14,spearman,month_median,10,4,0,2000
main_month_median_spearman,Xinjiang,信江,Summer,14,spearman,month_median,10,5,0,2000
main_month_median_spearman,Xinjiang,信江,Summer,14,spearman,month_median,10,6,0,2000
main_month_median_spearman,Xinjiang,信江,Summer,14,spearman,month_median,10,7,0,2000
main_month_median_spearman,Xinjiang,信江,Summer,14,spearman,month_median,10,8,0,2000
main_month_median_spearman,Xinjiang,信江,Summer,14,spearman,month_median,10,9,0,2000
main_month_median_spearman,Xinjiang,信江,Summer,14,spearman,month_median,10,10,0,2000
main_month_median_spearman,Xinjiang,信江,Summer,14,spearman,month_median,15,0,0,2000
main_month_median_spearman,Xinjiang,信江,Summer,14,spearman,month_median,15,1,0,2000
main_month_median_spearman,Xinjiang,信江,Summer,14,spearman,month_median,15,2,1,2000
main_month_median_spearman,Xinjiang,信江,Summer,14,spearman,month_median,15,3,0,2000
main_month_median_spearman,Xinjiang,信江,Summer,14,spearman,month_median,15,4,0,2000
main_month_median_spearman,Xinjiang,信江,Summer,14,spearman,month_median,15,5,0,2000
main_month_median_spearman,Xinjiang,信江,Summer,14,spearman,month_median,15,6,0,2000
main_month_median_spearman,Xinjiang,信江,Summer,14,spearman,month_median,15,7,0,2000
main_month_median_spearman,Xinjiang,信江,Summer,14,spearman,month_median,15,8,0,2000
main_month_median_spearman,Xinjiang,信江,Summer,14,spearman,month_median,15,9,0,2000
main_month_median_spearman,Xinjiang,信江,Summer,14,spearman,month_median,15,10,0,2000
main_month_median_spearman,Xinjiang,信江,Summer,14,spearman,month_median,15,11,0,2000
main_month_median_spearman,Xinjiang,信江,Summer,14,spearman,month_median,15,12,0,2000
main_month_median_spearman,Xinjiang,信江,Summer,14,spearman,month_median,15,13,0,2000
main_month_median_spearman,Xinjiang,信江,Summer,14,spearman,month_median,15,14,0,2000
main_month_median_spearman,Xinjiang,信江,Summer,14,spearman,month_median,15,15,0,2000
main_month_median_spearman,Xinjiang,信江,Summer,14,spearman,month_median,20,0,0,2000
main_month_median_spearman,Xinjiang,信江,Summer,14,spearman,month_median,20,1,0,2000
main_month_median_spearman,Xinjiang,信江,Summer,14,spearman,month_median,20,2,1,2000
main_month_median_spearman,Xinjiang,信江,Summer,14,spearman,month_median,20,3,0,2000
main_month_median_spearman,Xinjiang,信江,Summer,14,spearman,month_median,20,4,0,2000
main_month_median_spearman,Xinjiang,信江,Summer,14,spearman,month_median,20,5,0,2000
main_month_median_spearman,Xinjiang,信江,Summer,14,spearman,month_median,20,6,0,2000
main_month_median_spearman,Xinjiang,信江,Summer,14,spearman,month_median,20,7,0,2000
main_month_median_spearman,Xinjiang,信江,Summer,14,spearman,month_median,20,8,0,2000
main_month_median_spearman,Xinjiang,信江,Summer,14,spearman,month_median,20,9,0,2000
main_month_median_spearman,Xinjiang,信江,Summer,14,spearman,month_median,20,10,0,2000
main_month_median_spearman,Xinjiang,信江,Summer,14,spearman,month_median,20,11,0,2000
main_month_median_spearman,Xinjiang,信江,Summer,14,spearman,month_median,20,12,0,2000
main_month_median_spearman,Xinjiang,信江,Summer,14,spearman,month_median,20,13,0,2000
main_month_median_spearman,Xinjiang,信江,Summer,14,spearman,month_median,20,14,0,2000
main_month_median_spearman,Xinjiang,信江,Summer,14,spearman,month_median,20,15,0,2000
main_month_median_spearman,Xinjiang,信江,Summer,14,spearman,month_median,20,16,0,2000
main_month_median_spearman,Xinjiang,信江,Summer,14,spearman,month_median,20,17,0,2000
main_month_median_spearman,Xinjiang,信江,Summer,14,spearman,month_median,20,18,0,2000
main_month_median_spearman,Xinjiang,信江,Summer,14,spearman,month_median,20,19,0,2000
main_month_median_spearman,Xinjiang,信江,Summer,14,spearman,month_median,20,20,0,2000
main_month_median_spearman,Xinjiang,信江,Winter,13,spearman,month_median,10,0,0,2000
main_month_median_spearman,Xinjiang,信江,Winter,13,spearman,month_median,10,1,0,2000
main_month_median_spearman,Xinjiang,信江,Winter,13,spearman,month_median,10,2,0.1465,2000
main_month_median_spearman,Xinjiang,信江,Winter,13,spearman,month_median,10,3,0.4755,2000
main_month_median_spearman,Xinjiang,信江,Winter,13,spearman,month_median,10,4,0.236,2000
main_month_median_spearman,Xinjiang,信江,Winter,13,spearman,month_median,10,5,0.0425,2000
main_month_median_spearman,Xinjiang,信江,Winter,13,spearman,month_median,10,6,0.008,2000
main_month_median_spearman,Xinjiang,信江,Winter,13,spearman,month_median,10,7,0.017,2000
main_month_median_spearman,Xinjiang,信江,Winter,13,spearman,month_median,10,8,0.0425,2000
main_month_median_spearman,Xinjiang,信江,Winter,13,spearman,month_median,10,9,0.0105,2000
main_month_median_spearman,Xinjiang,信江,Winter,13,spearman,month_median,10,10,0.0215,2000
main_month_median_spearman,Xinjiang,信江,Winter,13,spearman,month_median,15,0,0,2000
main_month_median_spearman,Xinjiang,信江,Winter,13,spearman,month_median,15,1,0,2000
main_month_median_spearman,Xinjiang,信江,Winter,13,spearman,month_median,15,2,0.1465,2000
main_month_median_spearman,Xinjiang,信江,Winter,13,spearman,month_median,15,3,0.4755,2000
main_month_median_spearman,Xinjiang,信江,Winter,13,spearman,month_median,15,4,0.236,2000
main_month_median_spearman,Xinjiang,信江,Winter,13,spearman,month_median,15,5,0.0425,2000
main_month_median_spearman,Xinjiang,信江,Winter,13,spearman,month_median,15,6,0.008,2000
main_month_median_spearman,Xinjiang,信江,Winter,13,spearman,month_median,15,7,0.017,2000
main_month_median_spearman,Xinjiang,信江,Winter,13,spearman,month_median,15,8,0.0425,2000
main_month_median_spearman,Xinjiang,信江,Winter,13,spearman,month_median,15,9,0.0105,2000
main_month_median_spearman,Xinjiang,信江,Winter,13,spearman,month_median,15,10,0.018,2000
main_month_median_spearman,Xinjiang,信江,Winter,13,spearman,month_median,15,11,0.0035,2000
main_month_median_spearman,Xinjiang,信江,Winter,13,spearman,month_median,15,12,0,2000
main_month_median_spearman,Xinjiang,信江,Winter,13,spearman,month_median,15,13,0,2000
main_month_median_spearman,Xinjiang,信江,Winter,13,spearman,month_median,15,14,0,2000
main_month_median_spearman,Xinjiang,信江,Winter,13,spearman,month_median,15,15,0,2000
main_month_median_spearman,Xinjiang,信江,Winter,13,spearman,month_median,20,0,0,2000
main_month_median_spearman,Xinjiang,信江,Winter,13,spearman,month_median,20,1,0,2000
main_month_median_spearman,Xinjiang,信江,Winter,13,spearman,month_median,20,2,0.1465,2000
main_month_median_spearman,Xinjiang,信江,Winter,13,spearman,month_median,20,3,0.4755,2000
main_month_median_spearman,Xinjiang,信江,Winter,13,spearman,month_median,20,4,0.236,2000
main_month_median_spearman,Xinjiang,信江,Winter,13,spearman,month_median,20,5,0.0425,2000
main_month_median_spearman,Xinjiang,信江,Winter,13,spearman,month_median,20,6,0.008,2000
main_month_median_spearman,Xinjiang,信江,Winter,13,spearman,month_median,20,7,0.017,2000
main_month_median_spearman,Xinjiang,信江,Winter,13,spearman,month_median,20,8,0.0425,2000
main_month_median_spearman,Xinjiang,信江,Winter,13,spearman,month_median,20,9,0.0105,2000
main_month_median_spearman,Xinjiang,信江,Winter,13,spearman,month_median,20,10,0.018,2000
main_month_median_spearman,Xinjiang,信江,Winter,13,spearman,month_median,20,11,0.0035,2000
main_month_median_spearman,Xinjiang,信江,Winter,13,spearman,month_median,20,12,0,2000
main_month_median_spearman,Xinjiang,信江,Winter,13,spearman,month_median,20,13,0,2000
main_month_median_spearman,Xinjiang,信江,Winter,13,spearman,month_median,20,14,0,2000
main_month_median_spearman,Xinjiang,信江,Winter,13,spearman,month_median,20,15,0,2000
main_month_median_spearman,Xinjiang,信江,Winter,13,spearman,month_median,20,16,0,2000
main_month_median_spearman,Xinjiang,信江,Winter,13,spearman,month_median,20,17,0,2000
main_month_median_spearman,Xinjiang,信江,Winter,13,spearman,month_median,20,18,0,2000
main_month_median_spearman,Xinjiang,信江,Winter,13,spearman,month_median,20,19,0,2000
main_month_median_spearman,Xinjiang,信江,Winter,13,spearman,month_median,20,20,0,2000
main_month_median_spearman,Xiushui,修水,All,14,spearman,month_median,10,0,0,2000
main_month_median_spearman,Xiushui,修水,All,14,spearman,month_median,10,1,0.0005,2000
main_month_median_spearman,Xiushui,修水,All,14,spearman,month_median,10,2,0.0025,2000
main_month_median_spearman,Xiushui,修水,All,14,spearman,month_median,10,3,0.1065,2000
main_month_median_spearman,Xiushui,修水,All,14,spearman,month_median,10,4,0.061,2000
main_month_median_spearman,Xiushui,修水,All,14,spearman,month_median,10,5,0.034,2000
main_month_median_spearman,Xiushui,修水,All,14,spearman,month_median,10,6,0.0055,2000
main_month_median_spearman,Xiushui,修水,All,14,spearman,month_median,10,7,0.4095,2000
main_month_median_spearman,Xiushui,修水,All,14,spearman,month_median,10,8,0.35,2000
main_month_median_spearman,Xiushui,修水,All,14,spearman,month_median,10,9,0.004,2000
main_month_median_spearman,Xiushui,修水,All,14,spearman,month_median,10,10,0.0265,2000
main_month_median_spearman,Xiushui,修水,All,14,spearman,month_median,15,0,0,2000
main_month_median_spearman,Xiushui,修水,All,14,spearman,month_median,15,1,0.0005,2000
main_month_median_spearman,Xiushui,修水,All,14,spearman,month_median,15,2,0.0025,2000
main_month_median_spearman,Xiushui,修水,All,14,spearman,month_median,15,3,0.105,2000
main_month_median_spearman,Xiushui,修水,All,14,spearman,month_median,15,4,0.061,2000
main_month_median_spearman,Xiushui,修水,All,14,spearman,month_median,15,5,0.0335,2000
main_month_median_spearman,Xiushui,修水,All,14,spearman,month_median,15,6,0.0055,2000
main_month_median_spearman,Xiushui,修水,All,14,spearman,month_median,15,7,0.408,2000
main_month_median_spearman,Xiushui,修水,All,14,spearman,month_median,15,8,0.35,2000
main_month_median_spearman,Xiushui,修水,All,14,spearman,month_median,15,9,0.004,2000
main_month_median_spearman,Xiushui,修水,All,14,spearman,month_median,15,10,0.026,2000
main_month_median_spearman,Xiushui,修水,All,14,spearman,month_median,15,11,0,2000
main_month_median_spearman,Xiushui,修水,All,14,spearman,month_median,15,12,0,2000
main_month_median_spearman,Xiushui,修水,All,14,spearman,month_median,15,13,0,2000
main_month_median_spearman,Xiushui,修水,All,14,spearman,month_median,15,14,0.0025,2000
main_month_median_spearman,Xiushui,修水,All,14,spearman,month_median,15,15,0.0015,2000
main_month_median_spearman,Xiushui,修水,All,14,spearman,month_median,20,0,0,2000
main_month_median_spearman,Xiushui,修水,All,14,spearman,month_median,20,1,0.0005,2000
main_month_median_spearman,Xiushui,修水,All,14,spearman,month_median,20,2,0.0025,2000
main_month_median_spearman,Xiushui,修水,All,14,spearman,month_median,20,3,0.105,2000
main_month_median_spearman,Xiushui,修水,All,14,spearman,month_median,20,4,0.061,2000
main_month_median_spearman,Xiushui,修水,All,14,spearman,month_median,20,5,0.0335,2000
main_month_median_spearman,Xiushui,修水,All,14,spearman,month_median,20,6,0.0055,2000
main_month_median_spearman,Xiushui,修水,All,14,spearman,month_median,20,7,0.408,2000
main_month_median_spearman,Xiushui,修水,All,14,spearman,month_median,20,8,0.35,2000
main_month_median_spearman,Xiushui,修水,All,14,spearman,month_median,20,9,0.004,2000
main_month_median_spearman,Xiushui,修水,All,14,spearman,month_median,20,10,0.026,2000
main_month_median_spearman,Xiushui,修水,All,14,spearman,month_median,20,11,0,2000
main_month_median_spearman,Xiushui,修水,All,14,spearman,month_median,20,12,0,2000
main_month_median_spearman,Xiushui,修水,All,14,spearman,month_median,20,13,0,2000
main_month_median_spearman,Xiushui,修水,All,14,spearman,month_median,20,14,0.0025,2000
main_month_median_spearman,Xiushui,修水,All,14,spearman,month_median,20,15,0.0015,2000
main_month_median_spearman,Xiushui,修水,All,14,spearman,month_median,20,16,0,2000
main_month_median_spearman,Xiushui,修水,All,14,spearman,month_median,20,17,0,2000
main_month_median_spearman,Xiushui,修水,All,14,spearman,month_median,20,18,0,2000
main_month_median_spearman,Xiushui,修水,All,14,spearman,month_median,20,19,0,2000
main_month_median_spearman,Xiushui,修水,All,14,spearman,month_median,20,20,0,2000
main_month_median_spearman,Xiushui,修水,Autumn,14,spearman,month_median,10,0,0.3955,2000
main_month_median_spearman,Xiushui,修水,Autumn,14,spearman,month_median,10,1,0.0045,2000
main_month_median_spearman,Xiushui,修水,Autumn,14,spearman,month_median,10,2,0.01,2000
main_month_median_spearman,Xiushui,修水,Autumn,14,spearman,month_median,10,3,0.0695,2000
main_month_median_spearman,Xiushui,修水,Autumn,14,spearman,month_median,10,4,0.006,2000
main_month_median_spearman,Xiushui,修水,Autumn,14,spearman,month_median,10,5,0.0155,2000
main_month_median_spearman,Xiushui,修水,Autumn,14,spearman,month_median,10,6,0.036,2000
main_month_median_spearman,Xiushui,修水,Autumn,14,spearman,month_median,10,7,0.4,2000
main_month_median_spearman,Xiushui,修水,Autumn,14,spearman,month_median,10,8,0.047,2000
main_month_median_spearman,Xiushui,修水,Autumn,14,spearman,month_median,10,9,0.0055,2000
main_month_median_spearman,Xiushui,修水,Autumn,14,spearman,month_median,10,10,0.0105,2000
main_month_median_spearman,Xiushui,修水,Autumn,14,spearman,month_median,15,0,0.224,2000
main_month_median_spearman,Xiushui,修水,Autumn,14,spearman,month_median,15,1,0.0035,2000
main_month_median_spearman,Xiushui,修水,Autumn,14,spearman,month_median,15,2,0.0045,2000
main_month_median_spearman,Xiushui,修水,Autumn,14,spearman,month_median,15,3,0.037,2000
main_month_median_spearman,Xiushui,修水,Autumn,14,spearman,month_median,15,4,0.001,2000
main_month_median_spearman,Xiushui,修水,Autumn,14,spearman,month_median,15,5,0.004,2000
main_month_median_spearman,Xiushui,修水,Autumn,14,spearman,month_median,15,6,0.008,2000
main_month_median_spearman,Xiushui,修水,Autumn,14,spearman,month_median,15,7,0.1695,2000
main_month_median_spearman,Xiushui,修水,Autumn,14,spearman,month_median,15,8,0.011,2000
main_month_median_spearman,Xiushui,修水,Autumn,14,spearman,month_median,15,9,0,2000
main_month_median_spearman,Xiushui,修水,Autumn,14,spearman,month_median,15,10,0.0005,2000
main_month_median_spearman,Xiushui,修水,Autumn,14,spearman,month_median,15,11,0,2000
main_month_median_spearman,Xiushui,修水,Autumn,14,spearman,month_median,15,12,0,2000
main_month_median_spearman,Xiushui,修水,Autumn,14,spearman,month_median,15,13,0.1335,2000
main_month_median_spearman,Xiushui,修水,Autumn,14,spearman,month_median,15,14,0.132,2000
main_month_median_spearman,Xiushui,修水,Autumn,14,spearman,month_median,15,15,0.2715,2000
main_month_median_spearman,Xiushui,修水,Autumn,14,spearman,month_median,20,0,0.0685,2000
main_month_median_spearman,Xiushui,修水,Autumn,14,spearman,month_median,20,1,0.0025,2000
main_month_median_spearman,Xiushui,修水,Autumn,14,spearman,month_median,20,2,0.0025,2000
main_month_median_spearman,Xiushui,修水,Autumn,14,spearman,month_median,20,3,0.0025,2000
main_month_median_spearman,Xiushui,修水,Autumn,14,spearman,month_median,20,4,0,2000
main_month_median_spearman,Xiushui,修水,Autumn,14,spearman,month_median,20,5,0.0005,2000
main_month_median_spearman,Xiushui,修水,Autumn,14,spearman,month_median,20,6,0.001,2000
main_month_median_spearman,Xiushui,修水,Autumn,14,spearman,month_median,20,7,0.0565,2000
main_month_median_spearman,Xiushui,修水,Autumn,14,spearman,month_median,20,8,0.0005,2000
main_month_median_spearman,Xiushui,修水,Autumn,14,spearman,month_median,20,9,0,2000
main_month_median_spearman,Xiushui,修水,Autumn,14,spearman,month_median,20,10,0,2000
main_month_median_spearman,Xiushui,修水,Autumn,14,spearman,month_median,20,11,0,2000
main_month_median_spearman,Xiushui,修水,Autumn,14,spearman,month_median,20,12,0,2000
main_month_median_spearman,Xiushui,修水,Autumn,14,spearman,month_median,20,13,0.042,2000
main_month_median_spearman,Xiushui,修水,Autumn,14,spearman,month_median,20,14,0.021,2000
main_month_median_spearman,Xiushui,修水,Autumn,14,spearman,month_median,20,15,0.018,2000
main_month_median_spearman,Xiushui,修水,Autumn,14,spearman,month_median,20,16,0.027,2000
main_month_median_spearman,Xiushui,修水,Autumn,14,spearman,month_median,20,17,0.0215,2000
main_month_median_spearman,Xiushui,修水,Autumn,14,spearman,month_median,20,18,0.0045,2000
main_month_median_spearman,Xiushui,修水,Autumn,14,spearman,month_median,20,19,0.0085,2000
main_month_median_spearman,Xiushui,修水,Autumn,14,spearman,month_median,20,20,0.723,2000
main_month_median_spearman,Xiushui,修水,Spring,14,spearman,month_median,10,0,0,2000
main_month_median_spearman,Xiushui,修水,Spring,14,spearman,month_median,10,1,0.0005,2000
main_month_median_spearman,Xiushui,修水,Spring,14,spearman,month_median,10,2,0.0105,2000
main_month_median_spearman,Xiushui,修水,Spring,14,spearman,month_median,10,3,0.002,2000
main_month_median_spearman,Xiushui,修水,Spring,14,spearman,month_median,10,4,0.0065,2000
main_month_median_spearman,Xiushui,修水,Spring,14,spearman,month_median,10,5,0.013,2000
main_month_median_spearman,Xiushui,修水,Spring,14,spearman,month_median,10,6,0.0445,2000
main_month_median_spearman,Xiushui,修水,Spring,14,spearman,month_median,10,7,0.159,2000
main_month_median_spearman,Xiushui,修水,Spring,14,spearman,month_median,10,8,0.612,2000
main_month_median_spearman,Xiushui,修水,Spring,14,spearman,month_median,10,9,0.1455,2000
main_month_median_spearman,Xiushui,修水,Spring,14,spearman,month_median,10,10,0.0065,2000
main_month_median_spearman,Xiushui,修水,Spring,14,spearman,month_median,15,0,0,2000
main_month_median_spearman,Xiushui,修水,Spring,14,spearman,month_median,15,1,0.0005,2000
main_month_median_spearman,Xiushui,修水,Spring,14,spearman,month_median,15,2,0.0105,2000
main_month_median_spearman,Xiushui,修水,Spring,14,spearman,month_median,15,3,0.002,2000
main_month_median_spearman,Xiushui,修水,Spring,14,spearman,month_median,15,4,0.0065,2000
main_month_median_spearman,Xiushui,修水,Spring,14,spearman,month_median,15,5,0.013,2000
main_month_median_spearman,Xiushui,修水,Spring,14,spearman,month_median,15,6,0.044,2000
main_month_median_spearman,Xiushui,修水,Spring,14,spearman,month_median,15,7,0.1585,2000
main_month_median_spearman,Xiushui,修水,Spring,14,spearman,month_median,15,8,0.6065,2000
main_month_median_spearman,Xiushui,修水,Spring,14,spearman,month_median,15,9,0.143,2000
main_month_median_spearman,Xiushui,修水,Spring,14,spearman,month_median,15,10,0.005,2000
main_month_median_spearman,Xiushui,修水,Spring,14,spearman,month_median,15,11,0.006,2000
main_month_median_spearman,Xiushui,修水,Spring,14,spearman,month_median,15,12,0,2000
main_month_median_spearman,Xiushui,修水,Spring,14,spearman,month_median,15,13,0.0015,2000
main_month_median_spearman,Xiushui,修水,Spring,14,spearman,month_median,15,14,0,2000
main_month_median_spearman,Xiushui,修水,Spring,14,spearman,month_median,15,15,0.003,2000
main_month_median_spearman,Xiushui,修水,Spring,14,spearman,month_median,20,0,0,2000
main_month_median_spearman,Xiushui,修水,Spring,14,spearman,month_median,20,1,0.0005,2000
main_month_median_spearman,Xiushui,修水,Spring,14,spearman,month_median,20,2,0.0105,2000
main_month_median_spearman,Xiushui,修水,Spring,14,spearman,month_median,20,3,0.002,2000
main_month_median_spearman,Xiushui,修水,Spring,14,spearman,month_median,20,4,0.0065,2000
main_month_median_spearman,Xiushui,修水,Spring,14,spearman,month_median,20,5,0.013,2000
main_month_median_spearman,Xiushui,修水,Spring,14,spearman,month_median,20,6,0.044,2000
main_month_median_spearman,Xiushui,修水,Spring,14,spearman,month_median,20,7,0.1585,2000
main_month_median_spearman,Xiushui,修水,Spring,14,spearman,month_median,20,8,0.6065,2000
main_month_median_spearman,Xiushui,修水,Spring,14,spearman,month_median,20,9,0.143,2000
main_month_median_spearman,Xiushui,修水,Spring,14,spearman,month_median,20,10,0.005,2000
main_month_median_spearman,Xiushui,修水,Spring,14,spearman,month_median,20,11,0.006,2000
main_month_median_spearman,Xiushui,修水,Spring,14,spearman,month_median,20,12,0,2000
main_month_median_spearman,Xiushui,修水,Spring,14,spearman,month_median,20,13,0.0015,2000
main_month_median_spearman,Xiushui,修水,Spring,14,spearman,month_median,20,14,0,2000
main_month_median_spearman,Xiushui,修水,Spring,14,spearman,month_median,20,15,0.003,2000
main_month_median_spearman,Xiushui,修水,Spring,14,spearman,month_median,20,16,0,2000
main_month_median_spearman,Xiushui,修水,Spring,14,spearman,month_median,20,17,0,2000
main_month_median_spearman,Xiushui,修水,Spring,14,spearman,month_median,20,18,0,2000
main_month_median_spearman,Xiushui,修水,Spring,14,spearman,month_median,20,19,0,2000
main_month_median_spearman,Xiushui,修水,Spring,14,spearman,month_median,20,20,0,2000
main_month_median_spearman,Xiushui,修水,Summer,14,spearman,month_median,10,0,0,2000
main_month_median_spearman,Xiushui,修水,Summer,14,spearman,month_median,10,1,0.0155,2000
main_month_median_spearman,Xiushui,修水,Summer,14,spearman,month_median,10,2,0.0295,2000
main_month_median_spearman,Xiushui,修水,Summer,14,spearman,month_median,10,3,0.7615,2000
main_month_median_spearman,Xiushui,修水,Summer,14,spearman,month_median,10,4,0.158,2000
main_month_median_spearman,Xiushui,修水,Summer,14,spearman,month_median,10,5,0.02,2000
main_month_median_spearman,Xiushui,修水,Summer,14,spearman,month_median,10,6,0,2000
main_month_median_spearman,Xiushui,修水,Summer,14,spearman,month_median,10,7,0.0005,2000
main_month_median_spearman,Xiushui,修水,Summer,14,spearman,month_median,10,8,0,2000
main_month_median_spearman,Xiushui,修水,Summer,14,spearman,month_median,10,9,0,2000
main_month_median_spearman,Xiushui,修水,Summer,14,spearman,month_median,10,10,0.015,2000
main_month_median_spearman,Xiushui,修水,Summer,14,spearman,month_median,15,0,0,2000
main_month_median_spearman,Xiushui,修水,Summer,14,spearman,month_median,15,1,0.0155,2000
main_month_median_spearman,Xiushui,修水,Summer,14,spearman,month_median,15,2,0.0295,2000
main_month_median_spearman,Xiushui,修水,Summer,14,spearman,month_median,15,3,0.684,2000
main_month_median_spearman,Xiushui,修水,Summer,14,spearman,month_median,15,4,0.1535,2000
main_month_median_spearman,Xiushui,修水,Summer,14,spearman,month_median,15,5,0.015,2000
main_month_median_spearman,Xiushui,修水,Summer,14,spearman,month_median,15,6,0,2000
main_month_median_spearman,Xiushui,修水,Summer,14,spearman,month_median,15,7,0,2000
main_month_median_spearman,Xiushui,修水,Summer,14,spearman,month_median,15,8,0,2000
main_month_median_spearman,Xiushui,修水,Summer,14,spearman,month_median,15,9,0,2000
main_month_median_spearman,Xiushui,修水,Summer,14,spearman,month_median,15,10,0.001,2000
main_month_median_spearman,Xiushui,修水,Summer,14,spearman,month_median,15,11,0.018,2000
main_month_median_spearman,Xiushui,修水,Summer,14,spearman,month_median,15,12,0.015,2000
main_month_median_spearman,Xiushui,修水,Summer,14,spearman,month_median,15,13,0.0095,2000
main_month_median_spearman,Xiushui,修水,Summer,14,spearman,month_median,15,14,0.0285,2000
main_month_median_spearman,Xiushui,修水,Summer,14,spearman,month_median,15,15,0.0305,2000
main_month_median_spearman,Xiushui,修水,Summer,14,spearman,month_median,20,0,0,2000
main_month_median_spearman,Xiushui,修水,Summer,14,spearman,month_median,20,1,0.0155,2000
main_month_median_spearman,Xiushui,修水,Summer,14,spearman,month_median,20,2,0.029,2000
main_month_median_spearman,Xiushui,修水,Summer,14,spearman,month_median,20,3,0.6785,2000
main_month_median_spearman,Xiushui,修水,Summer,14,spearman,month_median,20,4,0.1525,2000
main_month_median_spearman,Xiushui,修水,Summer,14,spearman,month_median,20,5,0.0145,2000
main_month_median_spearman,Xiushui,修水,Summer,14,spearman,month_median,20,6,0,2000
main_month_median_spearman,Xiushui,修水,Summer,14,spearman,month_median,20,7,0,2000
main_month_median_spearman,Xiushui,修水,Summer,14,spearman,month_median,20,8,0,2000
main_month_median_spearman,Xiushui,修水,Summer,14,spearman,month_median,20,9,0,2000
main_month_median_spearman,Xiushui,修水,Summer,14,spearman,month_median,20,10,0.001,2000
main_month_median_spearman,Xiushui,修水,Summer,14,spearman,month_median,20,11,0.018,2000
main_month_median_spearman,Xiushui,修水,Summer,14,spearman,month_median,20,12,0.015,2000
main_month_median_spearman,Xiushui,修水,Summer,14,spearman,month_median,20,13,0.0095,2000
main_month_median_spearman,Xiushui,修水,Summer,14,spearman,month_median,20,14,0.027,2000
main_month_median_spearman,Xiushui,修水,Summer,14,spearman,month_median,20,15,0.03,2000
main_month_median_spearman,Xiushui,修水,Summer,14,spearman,month_median,20,16,0,2000
main_month_median_spearman,Xiushui,修水,Summer,14,spearman,month_median,20,17,0,2000
main_month_median_spearman,Xiushui,修水,Summer,14,spearman,month_median,20,18,0.0065,2000
main_month_median_spearman,Xiushui,修水,Summer,14,spearman,month_median,20,19,0.003,2000
main_month_median_spearman,Xiushui,修水,Summer,14,spearman,month_median,20,20,0,2000
main_month_median_spearman,Xiushui,修水,Winter,13,spearman,month_median,10,0,0.0015,2000
main_month_median_spearman,Xiushui,修水,Winter,13,spearman,month_median,10,1,0.16,2000
main_month_median_spearman,Xiushui,修水,Winter,13,spearman,month_median,10,2,0.018,2000
main_month_median_spearman,Xiushui,修水,Winter,13,spearman,month_median,10,3,0.0435,2000
main_month_median_spearman,Xiushui,修水,Winter,13,spearman,month_median,10,4,0.0325,2000
main_month_median_spearman,Xiushui,修水,Winter,13,spearman,month_median,10,5,0.27,2000
main_month_median_spearman,Xiushui,修水,Winter,13,spearman,month_median,10,6,0.2215,2000
main_month_median_spearman,Xiushui,修水,Winter,13,spearman,month_median,10,7,0.248,2000
main_month_median_spearman,Xiushui,修水,Winter,13,spearman,month_median,10,8,0,2000
main_month_median_spearman,Xiushui,修水,Winter,13,spearman,month_median,10,9,0,2000
main_month_median_spearman,Xiushui,修水,Winter,13,spearman,month_median,10,10,0.005,2000
main_month_median_spearman,Xiushui,修水,Winter,13,spearman,month_median,15,0,0.0015,2000
main_month_median_spearman,Xiushui,修水,Winter,13,spearman,month_median,15,1,0.14,2000
main_month_median_spearman,Xiushui,修水,Winter,13,spearman,month_median,15,2,0.0165,2000
main_month_median_spearman,Xiushui,修水,Winter,13,spearman,month_median,15,3,0.0375,2000
main_month_median_spearman,Xiushui,修水,Winter,13,spearman,month_median,15,4,0.019,2000
main_month_median_spearman,Xiushui,修水,Winter,13,spearman,month_median,15,5,0.2335,2000
main_month_median_spearman,Xiushui,修水,Winter,13,spearman,month_median,15,6,0.186,2000
main_month_median_spearman,Xiushui,修水,Winter,13,spearman,month_median,15,7,0.192,2000
main_month_median_spearman,Xiushui,修水,Winter,13,spearman,month_median,15,8,0,2000
main_month_median_spearman,Xiushui,修水,Winter,13,spearman,month_median,15,9,0,2000
main_month_median_spearman,Xiushui,修水,Winter,13,spearman,month_median,15,10,0.0005,2000
main_month_median_spearman,Xiushui,修水,Winter,13,spearman,month_median,15,11,0,2000
main_month_median_spearman,Xiushui,修水,Winter,13,spearman,month_median,15,12,0,2000
main_month_median_spearman,Xiushui,修水,Winter,13,spearman,month_median,15,13,0.168,2000
main_month_median_spearman,Xiushui,修水,Winter,13,spearman,month_median,15,14,0.0015,2000
main_month_median_spearman,Xiushui,修水,Winter,13,spearman,month_median,15,15,0.004,2000
main_month_median_spearman,Xiushui,修水,Winter,13,spearman,month_median,20,0,0.0015,2000
main_month_median_spearman,Xiushui,修水,Winter,13,spearman,month_median,20,1,0.14,2000
main_month_median_spearman,Xiushui,修水,Winter,13,spearman,month_median,20,2,0.0165,2000
main_month_median_spearman,Xiushui,修水,Winter,13,spearman,month_median,20,3,0.0375,2000
main_month_median_spearman,Xiushui,修水,Winter,13,spearman,month_median,20,4,0.019,2000
main_month_median_spearman,Xiushui,修水,Winter,13,spearman,month_median,20,5,0.2335,2000
main_month_median_spearman,Xiushui,修水,Winter,13,spearman,month_median,20,6,0.186,2000
main_month_median_spearman,Xiushui,修水,Winter,13,spearman,month_median,20,7,0.192,2000
main_month_median_spearman,Xiushui,修水,Winter,13,spearman,month_median,20,8,0,2000
main_month_median_spearman,Xiushui,修水,Winter,13,spearman,month_median,20,9,0,2000
main_month_median_spearman,Xiushui,修水,Winter,13,spearman,month_median,20,10,0.0005,2000
main_month_median_spearman,Xiushui,修水,Winter,13,spearman,month_median,20,11,0,2000
main_month_median_spearman,Xiushui,修水,Winter,13,spearman,month_median,20,12,0,2000
main_month_median_spearman,Xiushui,修水,Winter,13,spearman,month_median,20,13,0.168,2000
main_month_median_spearman,Xiushui,修水,Winter,13,spearman,month_median,20,14,0.001,2000
main_month_median_spearman,Xiushui,修水,Winter,13,spearman,month_median,20,15,0.003,2000
main_month_median_spearman,Xiushui,修水,Winter,13,spearman,month_median,20,16,0.001,2000
main_month_median_spearman,Xiushui,修水,Winter,13,spearman,month_median,20,17,0,2000
main_month_median_spearman,Xiushui,修水,Winter,13,spearman,month_median,20,18,0.0005,2000
main_month_median_spearman,Xiushui,修水,Winter,13,spearman,month_median,20,19,0,2000
main_month_median_spearman,Xiushui,修水,Winter,13,spearman,month_median,20,20,0,2000
main_raw_spearman,Changjiang,昌江,All,14,spearman,raw,10,0,0,2000
main_raw_spearman,Changjiang,昌江,All,14,spearman,raw,10,1,0,2000
main_raw_spearman,Changjiang,昌江,All,14,spearman,raw,10,2,0.9715,2000
main_raw_spearman,Changjiang,昌江,All,14,spearman,raw,10,3,0.0285,2000
main_raw_spearman,Changjiang,昌江,All,14,spearman,raw,10,4,0,2000
main_raw_spearman,Changjiang,昌江,All,14,spearman,raw,10,5,0,2000
main_raw_spearman,Changjiang,昌江,All,14,spearman,raw,10,6,0,2000
main_raw_spearman,Changjiang,昌江,All,14,spearman,raw,10,7,0,2000
main_raw_spearman,Changjiang,昌江,All,14,spearman,raw,10,8,0,2000
main_raw_spearman,Changjiang,昌江,All,14,spearman,raw,10,9,0,2000
main_raw_spearman,Changjiang,昌江,All,14,spearman,raw,10,10,0,2000
main_raw_spearman,Changjiang,昌江,All,14,spearman,raw,15,0,0,2000
main_raw_spearman,Changjiang,昌江,All,14,spearman,raw,15,1,0,2000
main_raw_spearman,Changjiang,昌江,All,14,spearman,raw,15,2,0.9715,2000
main_raw_spearman,Changjiang,昌江,All,14,spearman,raw,15,3,0.0285,2000
main_raw_spearman,Changjiang,昌江,All,14,spearman,raw,15,4,0,2000
main_raw_spearman,Changjiang,昌江,All,14,spearman,raw,15,5,0,2000
main_raw_spearman,Changjiang,昌江,All,14,spearman,raw,15,6,0,2000
main_raw_spearman,Changjiang,昌江,All,14,spearman,raw,15,7,0,2000
main_raw_spearman,Changjiang,昌江,All,14,spearman,raw,15,8,0,2000
main_raw_spearman,Changjiang,昌江,All,14,spearman,raw,15,9,0,2000
main_raw_spearman,Changjiang,昌江,All,14,spearman,raw,15,10,0,2000
main_raw_spearman,Changjiang,昌江,All,14,spearman,raw,15,11,0,2000
main_raw_spearman,Changjiang,昌江,All,14,spearman,raw,15,12,0,2000
main_raw_spearman,Changjiang,昌江,All,14,spearman,raw,15,13,0,2000
main_raw_spearman,Changjiang,昌江,All,14,spearman,raw,15,14,0,2000
main_raw_spearman,Changjiang,昌江,All,14,spearman,raw,15,15,0,2000
main_raw_spearman,Changjiang,昌江,All,14,spearman,raw,20,0,0,2000
main_raw_spearman,Changjiang,昌江,All,14,spearman,raw,20,1,0,2000
main_raw_spearman,Changjiang,昌江,All,14,spearman,raw,20,2,0.9715,2000
main_raw_spearman,Changjiang,昌江,All,14,spearman,raw,20,3,0.0285,2000
main_raw_spearman,Changjiang,昌江,All,14,spearman,raw,20,4,0,2000
main_raw_spearman,Changjiang,昌江,All,14,spearman,raw,20,5,0,2000
main_raw_spearman,Changjiang,昌江,All,14,spearman,raw,20,6,0,2000
main_raw_spearman,Changjiang,昌江,All,14,spearman,raw,20,7,0,2000
main_raw_spearman,Changjiang,昌江,All,14,spearman,raw,20,8,0,2000
main_raw_spearman,Changjiang,昌江,All,14,spearman,raw,20,9,0,2000
main_raw_spearman,Changjiang,昌江,All,14,spearman,raw,20,10,0,2000
main_raw_spearman,Changjiang,昌江,All,14,spearman,raw,20,11,0,2000
main_raw_spearman,Changjiang,昌江,All,14,spearman,raw,20,12,0,2000
main_raw_spearman,Changjiang,昌江,All,14,spearman,raw,20,13,0,2000
main_raw_spearman,Changjiang,昌江,All,14,spearman,raw,20,14,0,2000
main_raw_spearman,Changjiang,昌江,All,14,spearman,raw,20,15,0,2000
main_raw_spearman,Changjiang,昌江,All,14,spearman,raw,20,16,0,2000
main_raw_spearman,Changjiang,昌江,All,14,spearman,raw,20,17,0,2000
main_raw_spearman,Changjiang,昌江,All,14,spearman,raw,20,18,0,2000
main_raw_spearman,Changjiang,昌江,All,14,spearman,raw,20,19,0,2000
main_raw_spearman,Changjiang,昌江,All,14,spearman,raw,20,20,0,2000
main_raw_spearman,Changjiang,昌江,Autumn,14,spearman,raw,10,0,0,2000
main_raw_spearman,Changjiang,昌江,Autumn,14,spearman,raw,10,1,0.0005,2000
main_raw_spearman,Changjiang,昌江,Autumn,14,spearman,raw,10,2,0.5425,2000
main_raw_spearman,Changjiang,昌江,Autumn,14,spearman,raw,10,3,0.3235,2000
main_raw_spearman,Changjiang,昌江,Autumn,14,spearman,raw,10,4,0.124,2000
main_raw_spearman,Changjiang,昌江,Autumn,14,spearman,raw,10,5,0.003,2000
main_raw_spearman,Changjiang,昌江,Autumn,14,spearman,raw,10,6,0,2000
main_raw_spearman,Changjiang,昌江,Autumn,14,spearman,raw,10,7,0.0055,2000
main_raw_spearman,Changjiang,昌江,Autumn,14,spearman,raw,10,8,0.001,2000
main_raw_spearman,Changjiang,昌江,Autumn,14,spearman,raw,10,9,0,2000
main_raw_spearman,Changjiang,昌江,Autumn,14,spearman,raw,10,10,0,2000
main_raw_spearman,Changjiang,昌江,Autumn,14,spearman,raw,15,0,0,2000
main_raw_spearman,Changjiang,昌江,Autumn,14,spearman,raw,15,1,0.0005,2000
main_raw_spearman,Changjiang,昌江,Autumn,14,spearman,raw,15,2,0.539,2000
main_raw_spearman,Changjiang,昌江,Autumn,14,spearman,raw,15,3,0.32,2000
main_raw_spearman,Changjiang,昌江,Autumn,14,spearman,raw,15,4,0.119,2000
main_raw_spearman,Changjiang,昌江,Autumn,14,spearman,raw,15,5,0.0025,2000
main_raw_spearman,Changjiang,昌江,Autumn,14,spearman,raw,15,6,0,2000
main_raw_spearman,Changjiang,昌江,Autumn,14,spearman,raw,15,7,0.0045,2000
main_raw_spearman,Changjiang,昌江,Autumn,14,spearman,raw,15,8,0.001,2000
main_raw_spearman,Changjiang,昌江,Autumn,14,spearman,raw,15,9,0,2000
main_raw_spearman,Changjiang,昌江,Autumn,14,spearman,raw,15,10,0,2000
main_raw_spearman,Changjiang,昌江,Autumn,14,spearman,raw,15,11,0,2000
main_raw_spearman,Changjiang,昌江,Autumn,14,spearman,raw,15,12,0.0005,2000
main_raw_spearman,Changjiang,昌江,Autumn,14,spearman,raw,15,13,0.0125,2000
main_raw_spearman,Changjiang,昌江,Autumn,14,spearman,raw,15,14,0.0005,2000
main_raw_spearman,Changjiang,昌江,Autumn,14,spearman,raw,15,15,0,2000
main_raw_spearman,Changjiang,昌江,Autumn,14,spearman,raw,20,0,0,2000
main_raw_spearman,Changjiang,昌江,Autumn,14,spearman,raw,20,1,0.0005,2000
main_raw_spearman,Changjiang,昌江,Autumn,14,spearman,raw,20,2,0.5295,2000
main_raw_spearman,Changjiang,昌江,Autumn,14,spearman,raw,20,3,0.316,2000
main_raw_spearman,Changjiang,昌江,Autumn,14,spearman,raw,20,4,0.118,2000
main_raw_spearman,Changjiang,昌江,Autumn,14,spearman,raw,20,5,0.0025,2000
main_raw_spearman,Changjiang,昌江,Autumn,14,spearman,raw,20,6,0,2000
main_raw_spearman,Changjiang,昌江,Autumn,14,spearman,raw,20,7,0.0045,2000
main_raw_spearman,Changjiang,昌江,Autumn,14,spearman,raw,20,8,0.001,2000
main_raw_spearman,Changjiang,昌江,Autumn,14,spearman,raw,20,9,0,2000
main_raw_spearman,Changjiang,昌江,Autumn,14,spearman,raw,20,10,0,2000
main_raw_spearman,Changjiang,昌江,Autumn,14,spearman,raw,20,11,0,2000
main_raw_spearman,Changjiang,昌江,Autumn,14,spearman,raw,20,12,0.0005,2000
main_raw_spearman,Changjiang,昌江,Autumn,14,spearman,raw,20,13,0.0125,2000
main_raw_spearman,Changjiang,昌江,Autumn,14,spearman,raw,20,14,0.0005,2000
main_raw_spearman,Changjiang,昌江,Autumn,14,spearman,raw,20,15,0,2000
main_raw_spearman,Changjiang,昌江,Autumn,14,spearman,raw,20,16,0,2000
main_raw_spearman,Changjiang,昌江,Autumn,14,spearman,raw,20,17,0,2000
main_raw_spearman,Changjiang,昌江,Autumn,14,spearman,raw,20,18,0,2000
main_raw_spearman,Changjiang,昌江,Autumn,14,spearman,raw,20,19,0.0055,2000
main_raw_spearman,Changjiang,昌江,Autumn,14,spearman,raw,20,20,0.009,2000
main_raw_spearman,Changjiang,昌江,Spring,14,spearman,raw,10,0,0,2000
main_raw_spearman,Changjiang,昌江,Spring,14,spearman,raw,10,1,0.0935,2000
main_raw_spearman,Changjiang,昌江,Spring,14,spearman,raw,10,2,0.9065,2000
main_raw_spearman,Changjiang,昌江,Spring,14,spearman,raw,10,3,0,2000
main_raw_spearman,Changjiang,昌江,Spring,14,spearman,raw,10,4,0,2000
main_raw_spearman,Changjiang,昌江,Spring,14,spearman,raw,10,5,0,2000
main_raw_spearman,Changjiang,昌江,Spring,14,spearman,raw,10,6,0,2000
main_raw_spearman,Changjiang,昌江,Spring,14,spearman,raw,10,7,0,2000
main_raw_spearman,Changjiang,昌江,Spring,14,spearman,raw,10,8,0,2000
main_raw_spearman,Changjiang,昌江,Spring,14,spearman,raw,10,9,0,2000
main_raw_spearman,Changjiang,昌江,Spring,14,spearman,raw,10,10,0,2000
main_raw_spearman,Changjiang,昌江,Spring,14,spearman,raw,15,0,0,2000
main_raw_spearman,Changjiang,昌江,Spring,14,spearman,raw,15,1,0.0935,2000
main_raw_spearman,Changjiang,昌江,Spring,14,spearman,raw,15,2,0.9065,2000
main_raw_spearman,Changjiang,昌江,Spring,14,spearman,raw,15,3,0,2000
main_raw_spearman,Changjiang,昌江,Spring,14,spearman,raw,15,4,0,2000
main_raw_spearman,Changjiang,昌江,Spring,14,spearman,raw,15,5,0,2000
main_raw_spearman,Changjiang,昌江,Spring,14,spearman,raw,15,6,0,2000
main_raw_spearman,Changjiang,昌江,Spring,14,spearman,raw,15,7,0,2000
main_raw_spearman,Changjiang,昌江,Spring,14,spearman,raw,15,8,0,2000
main_raw_spearman,Changjiang,昌江,Spring,14,spearman,raw,15,9,0,2000
main_raw_spearman,Changjiang,昌江,Spring,14,spearman,raw,15,10,0,2000
main_raw_spearman,Changjiang,昌江,Spring,14,spearman,raw,15,11,0,2000
main_raw_spearman,Changjiang,昌江,Spring,14,spearman,raw,15,12,0,2000
main_raw_spearman,Changjiang,昌江,Spring,14,spearman,raw,15,13,0,2000
main_raw_spearman,Changjiang,昌江,Spring,14,spearman,raw,15,14,0,2000
main_raw_spearman,Changjiang,昌江,Spring,14,spearman,raw,15,15,0,2000
main_raw_spearman,Changjiang,昌江,Spring,14,spearman,raw,20,0,0,2000
main_raw_spearman,Changjiang,昌江,Spring,14,spearman,raw,20,1,0.0935,2000
main_raw_spearman,Changjiang,昌江,Spring,14,spearman,raw,20,2,0.9065,2000
main_raw_spearman,Changjiang,昌江,Spring,14,spearman,raw,20,3,0,2000
main_raw_spearman,Changjiang,昌江,Spring,14,spearman,raw,20,4,0,2000
main_raw_spearman,Changjiang,昌江,Spring,14,spearman,raw,20,5,0,2000
main_raw_spearman,Changjiang,昌江,Spring,14,spearman,raw,20,6,0,2000
main_raw_spearman,Changjiang,昌江,Spring,14,spearman,raw,20,7,0,2000
main_raw_spearman,Changjiang,昌江,Spring,14,spearman,raw,20,8,0,2000
main_raw_spearman,Changjiang,昌江,Spring,14,spearman,raw,20,9,0,2000
main_raw_spearman,Changjiang,昌江,Spring,14,spearman,raw,20,10,0,2000
main_raw_spearman,Changjiang,昌江,Spring,14,spearman,raw,20,11,0,2000
main_raw_spearman,Changjiang,昌江,Spring,14,spearman,raw,20,12,0,2000
main_raw_spearman,Changjiang,昌江,Spring,14,spearman,raw,20,13,0,2000
main_raw_spearman,Changjiang,昌江,Spring,14,spearman,raw,20,14,0,2000
main_raw_spearman,Changjiang,昌江,Spring,14,spearman,raw,20,15,0,2000
main_raw_spearman,Changjiang,昌江,Spring,14,spearman,raw,20,16,0,2000
main_raw_spearman,Changjiang,昌江,Spring,14,spearman,raw,20,17,0,2000
main_raw_spearman,Changjiang,昌江,Spring,14,spearman,raw,20,18,0,2000
main_raw_spearman,Changjiang,昌江,Spring,14,spearman,raw,20,19,0,2000
main_raw_spearman,Changjiang,昌江,Spring,14,spearman,raw,20,20,0,2000
main_raw_spearman,Changjiang,昌江,Summer,14,spearman,raw,10,0,0,2000
main_raw_spearman,Changjiang,昌江,Summer,14,spearman,raw,10,1,0.048,2000
main_raw_spearman,Changjiang,昌江,Summer,14,spearman,raw,10,2,0.952,2000
main_raw_spearman,Changjiang,昌江,Summer,14,spearman,raw,10,3,0,2000
main_raw_spearman,Changjiang,昌江,Summer,14,spearman,raw,10,4,0,2000
main_raw_spearman,Changjiang,昌江,Summer,14,spearman,raw,10,5,0,2000
main_raw_spearman,Changjiang,昌江,Summer,14,spearman,raw,10,6,0,2000
main_raw_spearman,Changjiang,昌江,Summer,14,spearman,raw,10,7,0,2000
main_raw_spearman,Changjiang,昌江,Summer,14,spearman,raw,10,8,0,2000
main_raw_spearman,Changjiang,昌江,Summer,14,spearman,raw,10,9,0,2000
main_raw_spearman,Changjiang,昌江,Summer,14,spearman,raw,10,10,0,2000
main_raw_spearman,Changjiang,昌江,Summer,14,spearman,raw,15,0,0,2000
main_raw_spearman,Changjiang,昌江,Summer,14,spearman,raw,15,1,0.048,2000
main_raw_spearman,Changjiang,昌江,Summer,14,spearman,raw,15,2,0.952,2000
main_raw_spearman,Changjiang,昌江,Summer,14,spearman,raw,15,3,0,2000
main_raw_spearman,Changjiang,昌江,Summer,14,spearman,raw,15,4,0,2000
main_raw_spearman,Changjiang,昌江,Summer,14,spearman,raw,15,5,0,2000
main_raw_spearman,Changjiang,昌江,Summer,14,spearman,raw,15,6,0,2000
main_raw_spearman,Changjiang,昌江,Summer,14,spearman,raw,15,7,0,2000
main_raw_spearman,Changjiang,昌江,Summer,14,spearman,raw,15,8,0,2000
main_raw_spearman,Changjiang,昌江,Summer,14,spearman,raw,15,9,0,2000
main_raw_spearman,Changjiang,昌江,Summer,14,spearman,raw,15,10,0,2000
main_raw_spearman,Changjiang,昌江,Summer,14,spearman,raw,15,11,0,2000
main_raw_spearman,Changjiang,昌江,Summer,14,spearman,raw,15,12,0,2000
main_raw_spearman,Changjiang,昌江,Summer,14,spearman,raw,15,13,0,2000
main_raw_spearman,Changjiang,昌江,Summer,14,spearman,raw,15,14,0,2000
main_raw_spearman,Changjiang,昌江,Summer,14,spearman,raw,15,15,0,2000
main_raw_spearman,Changjiang,昌江,Summer,14,spearman,raw,20,0,0,2000
main_raw_spearman,Changjiang,昌江,Summer,14,spearman,raw,20,1,0.048,2000
main_raw_spearman,Changjiang,昌江,Summer,14,spearman,raw,20,2,0.952,2000
main_raw_spearman,Changjiang,昌江,Summer,14,spearman,raw,20,3,0,2000
main_raw_spearman,Changjiang,昌江,Summer,14,spearman,raw,20,4,0,2000
main_raw_spearman,Changjiang,昌江,Summer,14,spearman,raw,20,5,0,2000
main_raw_spearman,Changjiang,昌江,Summer,14,spearman,raw,20,6,0,2000
main_raw_spearman,Changjiang,昌江,Summer,14,spearman,raw,20,7,0,2000
main_raw_spearman,Changjiang,昌江,Summer,14,spearman,raw,20,8,0,2000
main_raw_spearman,Changjiang,昌江,Summer,14,spearman,raw,20,9,0,2000
main_raw_spearman,Changjiang,昌江,Summer,14,spearman,raw,20,10,0,2000
main_raw_spearman,Changjiang,昌江,Summer,14,spearman,raw,20,11,0,2000
main_raw_spearman,Changjiang,昌江,Summer,14,spearman,raw,20,12,0,2000
main_raw_spearman,Changjiang,昌江,Summer,14,spearman,raw,20,13,0,2000
main_raw_spearman,Changjiang,昌江,Summer,14,spearman,raw,20,14,0,2000
main_raw_spearman,Changjiang,昌江,Summer,14,spearman,raw,20,15,0,2000
main_raw_spearman,Changjiang,昌江,Summer,14,spearman,raw,20,16,0,2000
main_raw_spearman,Changjiang,昌江,Summer,14,spearman,raw,20,17,0,2000
main_raw_spearman,Changjiang,昌江,Summer,14,spearman,raw,20,18,0,2000
main_raw_spearman,Changjiang,昌江,Summer,14,spearman,raw,20,19,0,2000
main_raw_spearman,Changjiang,昌江,Summer,14,spearman,raw,20,20,0,2000
main_raw_spearman,Changjiang,昌江,Winter,13,spearman,raw,10,0,0,2000
main_raw_spearman,Changjiang,昌江,Winter,13,spearman,raw,10,1,0.0005,2000
main_raw_spearman,Changjiang,昌江,Winter,13,spearman,raw,10,2,0.495,2000
main_raw_spearman,Changjiang,昌江,Winter,13,spearman,raw,10,3,0.2655,2000
main_raw_spearman,Changjiang,昌江,Winter,13,spearman,raw,10,4,0.0825,2000
main_raw_spearman,Changjiang,昌江,Winter,13,spearman,raw,10,5,0.12,2000
main_raw_spearman,Changjiang,昌江,Winter,13,spearman,raw,10,6,0.0095,2000
main_raw_spearman,Changjiang,昌江,Winter,13,spearman,raw,10,7,0.01,2000
main_raw_spearman,Changjiang,昌江,Winter,13,spearman,raw,10,8,0.0075,2000
main_raw_spearman,Changjiang,昌江,Winter,13,spearman,raw,10,9,0.009,2000
main_raw_spearman,Changjiang,昌江,Winter,13,spearman,raw,10,10,0.0005,2000
main_raw_spearman,Changjiang,昌江,Winter,13,spearman,raw,15,0,0,2000
main_raw_spearman,Changjiang,昌江,Winter,13,spearman,raw,15,1,0.0005,2000
main_raw_spearman,Changjiang,昌江,Winter,13,spearman,raw,15,2,0.495,2000
main_raw_spearman,Changjiang,昌江,Winter,13,spearman,raw,15,3,0.2655,2000
main_raw_spearman,Changjiang,昌江,Winter,13,spearman,raw,15,4,0.0825,2000
main_raw_spearman,Changjiang,昌江,Winter,13,spearman,raw,15,5,0.12,2000
main_raw_spearman,Changjiang,昌江,Winter,13,spearman,raw,15,6,0.0095,2000
main_raw_spearman,Changjiang,昌江,Winter,13,spearman,raw,15,7,0.01,2000
main_raw_spearman,Changjiang,昌江,Winter,13,spearman,raw,15,8,0.0075,2000
main_raw_spearman,Changjiang,昌江,Winter,13,spearman,raw,15,9,0.009,2000
main_raw_spearman,Changjiang,昌江,Winter,13,spearman,raw,15,10,0.0005,2000
main_raw_spearman,Changjiang,昌江,Winter,13,spearman,raw,15,11,0,2000
main_raw_spearman,Changjiang,昌江,Winter,13,spearman,raw,15,12,0,2000
main_raw_spearman,Changjiang,昌江,Winter,13,spearman,raw,15,13,0,2000
main_raw_spearman,Changjiang,昌江,Winter,13,spearman,raw,15,14,0,2000
main_raw_spearman,Changjiang,昌江,Winter,13,spearman,raw,15,15,0,2000
main_raw_spearman,Changjiang,昌江,Winter,13,spearman,raw,20,0,0,2000
main_raw_spearman,Changjiang,昌江,Winter,13,spearman,raw,20,1,0.0005,2000
main_raw_spearman,Changjiang,昌江,Winter,13,spearman,raw,20,2,0.494,2000
main_raw_spearman,Changjiang,昌江,Winter,13,spearman,raw,20,3,0.264,2000
main_raw_spearman,Changjiang,昌江,Winter,13,spearman,raw,20,4,0.0825,2000
main_raw_spearman,Changjiang,昌江,Winter,13,spearman,raw,20,5,0.12,2000
main_raw_spearman,Changjiang,昌江,Winter,13,spearman,raw,20,6,0.0095,2000
main_raw_spearman,Changjiang,昌江,Winter,13,spearman,raw,20,7,0.01,2000
main_raw_spearman,Changjiang,昌江,Winter,13,spearman,raw,20,8,0.0075,2000
main_raw_spearman,Changjiang,昌江,Winter,13,spearman,raw,20,9,0.009,2000
main_raw_spearman,Changjiang,昌江,Winter,13,spearman,raw,20,10,0.0005,2000
main_raw_spearman,Changjiang,昌江,Winter,13,spearman,raw,20,11,0,2000
main_raw_spearman,Changjiang,昌江,Winter,13,spearman,raw,20,12,0,2000
main_raw_spearman,Changjiang,昌江,Winter,13,spearman,raw,20,13,0,2000
main_raw_spearman,Changjiang,昌江,Winter,13,spearman,raw,20,14,0,2000
main_raw_spearman,Changjiang,昌江,Winter,13,spearman,raw,20,15,0,2000
main_raw_spearman,Changjiang,昌江,Winter,13,spearman,raw,20,16,0,2000
main_raw_spearman,Changjiang,昌江,Winter,13,spearman,raw,20,17,0,2000
main_raw_spearman,Changjiang,昌江,Winter,13,spearman,raw,20,18,0,2000
main_raw_spearman,Changjiang,昌江,Winter,13,spearman,raw,20,19,0,2000
main_raw_spearman,Changjiang,昌江,Winter,13,spearman,raw,20,20,0.0025,2000
main_raw_spearman,Fuhe,抚河,All,14,spearman,raw,10,0,0,2000
main_raw_spearman,Fuhe,抚河,All,14,spearman,raw,10,1,0,2000
main_raw_spearman,Fuhe,抚河,All,14,spearman,raw,10,2,0.909,2000
main_raw_spearman,Fuhe,抚河,All,14,spearman,raw,10,3,0.091,2000
main_raw_spearman,Fuhe,抚河,All,14,spearman,raw,10,4,0,2000
main_raw_spearman,Fuhe,抚河,All,14,spearman,raw,10,5,0,2000
main_raw_spearman,Fuhe,抚河,All,14,spearman,raw,10,6,0,2000
main_raw_spearman,Fuhe,抚河,All,14,spearman,raw,10,7,0,2000
main_raw_spearman,Fuhe,抚河,All,14,spearman,raw,10,8,0,2000
main_raw_spearman,Fuhe,抚河,All,14,spearman,raw,10,9,0,2000
main_raw_spearman,Fuhe,抚河,All,14,spearman,raw,10,10,0,2000
main_raw_spearman,Fuhe,抚河,All,14,spearman,raw,15,0,0,2000
main_raw_spearman,Fuhe,抚河,All,14,spearman,raw,15,1,0,2000
main_raw_spearman,Fuhe,抚河,All,14,spearman,raw,15,2,0.909,2000
main_raw_spearman,Fuhe,抚河,All,14,spearman,raw,15,3,0.091,2000
main_raw_spearman,Fuhe,抚河,All,14,spearman,raw,15,4,0,2000
main_raw_spearman,Fuhe,抚河,All,14,spearman,raw,15,5,0,2000
main_raw_spearman,Fuhe,抚河,All,14,spearman,raw,15,6,0,2000
main_raw_spearman,Fuhe,抚河,All,14,spearman,raw,15,7,0,2000
main_raw_spearman,Fuhe,抚河,All,14,spearman,raw,15,8,0,2000
main_raw_spearman,Fuhe,抚河,All,14,spearman,raw,15,9,0,2000
main_raw_spearman,Fuhe,抚河,All,14,spearman,raw,15,10,0,2000
main_raw_spearman,Fuhe,抚河,All,14,spearman,raw,15,11,0,2000
main_raw_spearman,Fuhe,抚河,All,14,spearman,raw,15,12,0,2000
main_raw_spearman,Fuhe,抚河,All,14,spearman,raw,15,13,0,2000
main_raw_spearman,Fuhe,抚河,All,14,spearman,raw,15,14,0,2000
main_raw_spearman,Fuhe,抚河,All,14,spearman,raw,15,15,0,2000
main_raw_spearman,Fuhe,抚河,All,14,spearman,raw,20,0,0,2000
main_raw_spearman,Fuhe,抚河,All,14,spearman,raw,20,1,0,2000
main_raw_spearman,Fuhe,抚河,All,14,spearman,raw,20,2,0.909,2000
main_raw_spearman,Fuhe,抚河,All,14,spearman,raw,20,3,0.091,2000
main_raw_spearman,Fuhe,抚河,All,14,spearman,raw,20,4,0,2000
main_raw_spearman,Fuhe,抚河,All,14,spearman,raw,20,5,0,2000
main_raw_spearman,Fuhe,抚河,All,14,spearman,raw,20,6,0,2000
main_raw_spearman,Fuhe,抚河,All,14,spearman,raw,20,7,0,2000
main_raw_spearman,Fuhe,抚河,All,14,spearman,raw,20,8,0,2000
main_raw_spearman,Fuhe,抚河,All,14,spearman,raw,20,9,0,2000
main_raw_spearman,Fuhe,抚河,All,14,spearman,raw,20,10,0,2000
main_raw_spearman,Fuhe,抚河,All,14,spearman,raw,20,11,0,2000
main_raw_spearman,Fuhe,抚河,All,14,spearman,raw,20,12,0,2000
main_raw_spearman,Fuhe,抚河,All,14,spearman,raw,20,13,0,2000
main_raw_spearman,Fuhe,抚河,All,14,spearman,raw,20,14,0,2000
main_raw_spearman,Fuhe,抚河,All,14,spearman,raw,20,15,0,2000
main_raw_spearman,Fuhe,抚河,All,14,spearman,raw,20,16,0,2000
main_raw_spearman,Fuhe,抚河,All,14,spearman,raw,20,17,0,2000
main_raw_spearman,Fuhe,抚河,All,14,spearman,raw,20,18,0,2000
main_raw_spearman,Fuhe,抚河,All,14,spearman,raw,20,19,0,2000
main_raw_spearman,Fuhe,抚河,All,14,spearman,raw,20,20,0,2000
main_raw_spearman,Fuhe,抚河,Autumn,14,spearman,raw,10,0,0,2000
main_raw_spearman,Fuhe,抚河,Autumn,14,spearman,raw,10,1,0,2000
main_raw_spearman,Fuhe,抚河,Autumn,14,spearman,raw,10,2,0.099,2000
main_raw_spearman,Fuhe,抚河,Autumn,14,spearman,raw,10,3,0.6595,2000
main_raw_spearman,Fuhe,抚河,Autumn,14,spearman,raw,10,4,0.2145,2000
main_raw_spearman,Fuhe,抚河,Autumn,14,spearman,raw,10,5,0.027,2000
main_raw_spearman,Fuhe,抚河,Autumn,14,spearman,raw,10,6,0,2000
main_raw_spearman,Fuhe,抚河,Autumn,14,spearman,raw,10,7,0,2000
main_raw_spearman,Fuhe,抚河,Autumn,14,spearman,raw,10,8,0,2000
main_raw_spearman,Fuhe,抚河,Autumn,14,spearman,raw,10,9,0,2000
main_raw_spearman,Fuhe,抚河,Autumn,14,spearman,raw,10,10,0,2000
main_raw_spearman,Fuhe,抚河,Autumn,14,spearman,raw,15,0,0,2000
main_raw_spearman,Fuhe,抚河,Autumn,14,spearman,raw,15,1,0,2000
main_raw_spearman,Fuhe,抚河,Autumn,14,spearman,raw,15,2,0.099,2000
main_raw_spearman,Fuhe,抚河,Autumn,14,spearman,raw,15,3,0.6595,2000
main_raw_spearman,Fuhe,抚河,Autumn,14,spearman,raw,15,4,0.2145,2000
main_raw_spearman,Fuhe,抚河,Autumn,14,spearman,raw,15,5,0.027,2000
main_raw_spearman,Fuhe,抚河,Autumn,14,spearman,raw,15,6,0,2000
main_raw_spearman,Fuhe,抚河,Autumn,14,spearman,raw,15,7,0,2000
main_raw_spearman,Fuhe,抚河,Autumn,14,spearman,raw,15,8,0,2000
main_raw_spearman,Fuhe,抚河,Autumn,14,spearman,raw,15,9,0,2000
main_raw_spearman,Fuhe,抚河,Autumn,14,spearman,raw,15,10,0,2000
main_raw_spearman,Fuhe,抚河,Autumn,14,spearman,raw,15,11,0,2000
main_raw_spearman,Fuhe,抚河,Autumn,14,spearman,raw,15,12,0,2000
main_raw_spearman,Fuhe,抚河,Autumn,14,spearman,raw,15,13,0,2000
main_raw_spearman,Fuhe,抚河,Autumn,14,spearman,raw,15,14,0,2000
main_raw_spearman,Fuhe,抚河,Autumn,14,spearman,raw,15,15,0,2000
main_raw_spearman,Fuhe,抚河,Autumn,14,spearman,raw,20,0,0,2000
main_raw_spearman,Fuhe,抚河,Autumn,14,spearman,raw,20,1,0,2000
main_raw_spearman,Fuhe,抚河,Autumn,14,spearman,raw,20,2,0.099,2000
main_raw_spearman,Fuhe,抚河,Autumn,14,spearman,raw,20,3,0.6595,2000
main_raw_spearman,Fuhe,抚河,Autumn,14,spearman,raw,20,4,0.2145,2000
main_raw_spearman,Fuhe,抚河,Autumn,14,spearman,raw,20,5,0.027,2000
main_raw_spearman,Fuhe,抚河,Autumn,14,spearman,raw,20,6,0,2000
main_raw_spearman,Fuhe,抚河,Autumn,14,spearman,raw,20,7,0,2000
main_raw_spearman,Fuhe,抚河,Autumn,14,spearman,raw,20,8,0,2000
main_raw_spearman,Fuhe,抚河,Autumn,14,spearman,raw,20,9,0,2000
main_raw_spearman,Fuhe,抚河,Autumn,14,spearman,raw,20,10,0,2000
main_raw_spearman,Fuhe,抚河,Autumn,14,spearman,raw,20,11,0,2000
main_raw_spearman,Fuhe,抚河,Autumn,14,spearman,raw,20,12,0,2000
main_raw_spearman,Fuhe,抚河,Autumn,14,spearman,raw,20,13,0,2000
main_raw_spearman,Fuhe,抚河,Autumn,14,spearman,raw,20,14,0,2000
main_raw_spearman,Fuhe,抚河,Autumn,14,spearman,raw,20,15,0,2000
main_raw_spearman,Fuhe,抚河,Autumn,14,spearman,raw,20,16,0,2000
main_raw_spearman,Fuhe,抚河,Autumn,14,spearman,raw,20,17,0,2000
main_raw_spearman,Fuhe,抚河,Autumn,14,spearman,raw,20,18,0,2000
main_raw_spearman,Fuhe,抚河,Autumn,14,spearman,raw,20,19,0,2000
main_raw_spearman,Fuhe,抚河,Autumn,14,spearman,raw,20,20,0,2000
main_raw_spearman,Fuhe,抚河,Spring,14,spearman,raw,10,0,0,2000
main_raw_spearman,Fuhe,抚河,Spring,14,spearman,raw,10,1,0,2000
main_raw_spearman,Fuhe,抚河,Spring,14,spearman,raw,10,2,1,2000
main_raw_spearman,Fuhe,抚河,Spring,14,spearman,raw,10,3,0,2000
main_raw_spearman,Fuhe,抚河,Spring,14,spearman,raw,10,4,0,2000
main_raw_spearman,Fuhe,抚河,Spring,14,spearman,raw,10,5,0,2000
main_raw_spearman,Fuhe,抚河,Spring,14,spearman,raw,10,6,0,2000
main_raw_spearman,Fuhe,抚河,Spring,14,spearman,raw,10,7,0,2000
main_raw_spearman,Fuhe,抚河,Spring,14,spearman,raw,10,8,0,2000
main_raw_spearman,Fuhe,抚河,Spring,14,spearman,raw,10,9,0,2000
main_raw_spearman,Fuhe,抚河,Spring,14,spearman,raw,10,10,0,2000
main_raw_spearman,Fuhe,抚河,Spring,14,spearman,raw,15,0,0,2000
main_raw_spearman,Fuhe,抚河,Spring,14,spearman,raw,15,1,0,2000
main_raw_spearman,Fuhe,抚河,Spring,14,spearman,raw,15,2,1,2000
main_raw_spearman,Fuhe,抚河,Spring,14,spearman,raw,15,3,0,2000
main_raw_spearman,Fuhe,抚河,Spring,14,spearman,raw,15,4,0,2000
main_raw_spearman,Fuhe,抚河,Spring,14,spearman,raw,15,5,0,2000
main_raw_spearman,Fuhe,抚河,Spring,14,spearman,raw,15,6,0,2000
main_raw_spearman,Fuhe,抚河,Spring,14,spearman,raw,15,7,0,2000
main_raw_spearman,Fuhe,抚河,Spring,14,spearman,raw,15,8,0,2000
main_raw_spearman,Fuhe,抚河,Spring,14,spearman,raw,15,9,0,2000
main_raw_spearman,Fuhe,抚河,Spring,14,spearman,raw,15,10,0,2000
main_raw_spearman,Fuhe,抚河,Spring,14,spearman,raw,15,11,0,2000
main_raw_spearman,Fuhe,抚河,Spring,14,spearman,raw,15,12,0,2000
main_raw_spearman,Fuhe,抚河,Spring,14,spearman,raw,15,13,0,2000
main_raw_spearman,Fuhe,抚河,Spring,14,spearman,raw,15,14,0,2000
main_raw_spearman,Fuhe,抚河,Spring,14,spearman,raw,15,15,0,2000
main_raw_spearman,Fuhe,抚河,Spring,14,spearman,raw,20,0,0,2000
main_raw_spearman,Fuhe,抚河,Spring,14,spearman,raw,20,1,0,2000
main_raw_spearman,Fuhe,抚河,Spring,14,spearman,raw,20,2,1,2000
main_raw_spearman,Fuhe,抚河,Spring,14,spearman,raw,20,3,0,2000
main_raw_spearman,Fuhe,抚河,Spring,14,spearman,raw,20,4,0,2000
main_raw_spearman,Fuhe,抚河,Spring,14,spearman,raw,20,5,0,2000
main_raw_spearman,Fuhe,抚河,Spring,14,spearman,raw,20,6,0,2000
main_raw_spearman,Fuhe,抚河,Spring,14,spearman,raw,20,7,0,2000
main_raw_spearman,Fuhe,抚河,Spring,14,spearman,raw,20,8,0,2000
main_raw_spearman,Fuhe,抚河,Spring,14,spearman,raw,20,9,0,2000
main_raw_spearman,Fuhe,抚河,Spring,14,spearman,raw,20,10,0,2000
main_raw_spearman,Fuhe,抚河,Spring,14,spearman,raw,20,11,0,2000
main_raw_spearman,Fuhe,抚河,Spring,14,spearman,raw,20,12,0,2000
main_raw_spearman,Fuhe,抚河,Spring,14,spearman,raw,20,13,0,2000
main_raw_spearman,Fuhe,抚河,Spring,14,spearman,raw,20,14,0,2000
main_raw_spearman,Fuhe,抚河,Spring,14,spearman,raw,20,15,0,2000
main_raw_spearman,Fuhe,抚河,Spring,14,spearman,raw,20,16,0,2000
main_raw_spearman,Fuhe,抚河,Spring,14,spearman,raw,20,17,0,2000
main_raw_spearman,Fuhe,抚河,Spring,14,spearman,raw,20,18,0,2000
main_raw_spearman,Fuhe,抚河,Spring,14,spearman,raw,20,19,0,2000
main_raw_spearman,Fuhe,抚河,Spring,14,spearman,raw,20,20,0,2000
main_raw_spearman,Fuhe,抚河,Summer,14,spearman,raw,10,0,0,2000
main_raw_spearman,Fuhe,抚河,Summer,14,spearman,raw,10,1,0,2000
main_raw_spearman,Fuhe,抚河,Summer,14,spearman,raw,10,2,0.977,2000
main_raw_spearman,Fuhe,抚河,Summer,14,spearman,raw,10,3,0.023,2000
main_raw_spearman,Fuhe,抚河,Summer,14,spearman,raw,10,4,0,2000
main_raw_spearman,Fuhe,抚河,Summer,14,spearman,raw,10,5,0,2000
main_raw_spearman,Fuhe,抚河,Summer,14,spearman,raw,10,6,0,2000
main_raw_spearman,Fuhe,抚河,Summer,14,spearman,raw,10,7,0,2000
main_raw_spearman,Fuhe,抚河,Summer,14,spearman,raw,10,8,0,2000
main_raw_spearman,Fuhe,抚河,Summer,14,spearman,raw,10,9,0,2000
main_raw_spearman,Fuhe,抚河,Summer,14,spearman,raw,10,10,0,2000
main_raw_spearman,Fuhe,抚河,Summer,14,spearman,raw,15,0,0,2000
main_raw_spearman,Fuhe,抚河,Summer,14,spearman,raw,15,1,0,2000
main_raw_spearman,Fuhe,抚河,Summer,14,spearman,raw,15,2,0.977,2000
main_raw_spearman,Fuhe,抚河,Summer,14,spearman,raw,15,3,0.023,2000
main_raw_spearman,Fuhe,抚河,Summer,14,spearman,raw,15,4,0,2000
main_raw_spearman,Fuhe,抚河,Summer,14,spearman,raw,15,5,0,2000
main_raw_spearman,Fuhe,抚河,Summer,14,spearman,raw,15,6,0,2000
main_raw_spearman,Fuhe,抚河,Summer,14,spearman,raw,15,7,0,2000
main_raw_spearman,Fuhe,抚河,Summer,14,spearman,raw,15,8,0,2000
main_raw_spearman,Fuhe,抚河,Summer,14,spearman,raw,15,9,0,2000
main_raw_spearman,Fuhe,抚河,Summer,14,spearman,raw,15,10,0,2000
main_raw_spearman,Fuhe,抚河,Summer,14,spearman,raw,15,11,0,2000
main_raw_spearman,Fuhe,抚河,Summer,14,spearman,raw,15,12,0,2000
main_raw_spearman,Fuhe,抚河,Summer,14,spearman,raw,15,13,0,2000
main_raw_spearman,Fuhe,抚河,Summer,14,spearman,raw,15,14,0,2000
main_raw_spearman,Fuhe,抚河,Summer,14,spearman,raw,15,15,0,2000
main_raw_spearman,Fuhe,抚河,Summer,14,spearman,raw,20,0,0,2000
main_raw_spearman,Fuhe,抚河,Summer,14,spearman,raw,20,1,0,2000
main_raw_spearman,Fuhe,抚河,Summer,14,spearman,raw,20,2,0.977,2000
main_raw_spearman,Fuhe,抚河,Summer,14,spearman,raw,20,3,0.023,2000
main_raw_spearman,Fuhe,抚河,Summer,14,spearman,raw,20,4,0,2000
main_raw_spearman,Fuhe,抚河,Summer,14,spearman,raw,20,5,0,2000
main_raw_spearman,Fuhe,抚河,Summer,14,spearman,raw,20,6,0,2000
main_raw_spearman,Fuhe,抚河,Summer,14,spearman,raw,20,7,0,2000
main_raw_spearman,Fuhe,抚河,Summer,14,spearman,raw,20,8,0,2000
main_raw_spearman,Fuhe,抚河,Summer,14,spearman,raw,20,9,0,2000
main_raw_spearman,Fuhe,抚河,Summer,14,spearman,raw,20,10,0,2000
main_raw_spearman,Fuhe,抚河,Summer,14,spearman,raw,20,11,0,2000
main_raw_spearman,Fuhe,抚河,Summer,14,spearman,raw,20,12,0,2000
main_raw_spearman,Fuhe,抚河,Summer,14,spearman,raw,20,13,0,2000
main_raw_spearman,Fuhe,抚河,Summer,14,spearman,raw,20,14,0,2000
main_raw_spearman,Fuhe,抚河,Summer,14,spearman,raw,20,15,0,2000
main_raw_spearman,Fuhe,抚河,Summer,14,spearman,raw,20,16,0,2000
main_raw_spearman,Fuhe,抚河,Summer,14,spearman,raw,20,17,0,2000
main_raw_spearman,Fuhe,抚河,Summer,14,spearman,raw,20,18,0,2000
main_raw_spearman,Fuhe,抚河,Summer,14,spearman,raw,20,19,0,2000
main_raw_spearman,Fuhe,抚河,Summer,14,spearman,raw,20,20,0,2000
main_raw_spearman,Fuhe,抚河,Winter,13,spearman,raw,10,0,0,2000
main_raw_spearman,Fuhe,抚河,Winter,13,spearman,raw,10,1,0,2000
main_raw_spearman,Fuhe,抚河,Winter,13,spearman,raw,10,2,0.011,2000
main_raw_spearman,Fuhe,抚河,Winter,13,spearman,raw,10,3,0.4425,2000
main_raw_spearman,Fuhe,抚河,Winter,13,spearman,raw,10,4,0.426,2000
main_raw_spearman,Fuhe,抚河,Winter,13,spearman,raw,10,5,0.0495,2000
main_raw_spearman,Fuhe,抚河,Winter,13,spearman,raw,10,6,0.0635,2000
main_raw_spearman,Fuhe,抚河,Winter,13,spearman,raw,10,7,0.007,2000
main_raw_spearman,Fuhe,抚河,Winter,13,spearman,raw,10,8,0,2000
main_raw_spearman,Fuhe,抚河,Winter,13,spearman,raw,10,9,0.0005,2000
main_raw_spearman,Fuhe,抚河,Winter,13,spearman,raw,10,10,0,2000
main_raw_spearman,Fuhe,抚河,Winter,13,spearman,raw,15,0,0,2000
main_raw_spearman,Fuhe,抚河,Winter,13,spearman,raw,15,1,0,2000
main_raw_spearman,Fuhe,抚河,Winter,13,spearman,raw,15,2,0.011,2000
main_raw_spearman,Fuhe,抚河,Winter,13,spearman,raw,15,3,0.4425,2000
main_raw_spearman,Fuhe,抚河,Winter,13,spearman,raw,15,4,0.426,2000
main_raw_spearman,Fuhe,抚河,Winter,13,spearman,raw,15,5,0.0495,2000
main_raw_spearman,Fuhe,抚河,Winter,13,spearman,raw,15,6,0.0635,2000
main_raw_spearman,Fuhe,抚河,Winter,13,spearman,raw,15,7,0.007,2000
main_raw_spearman,Fuhe,抚河,Winter,13,spearman,raw,15,8,0,2000
main_raw_spearman,Fuhe,抚河,Winter,13,spearman,raw,15,9,0.0005,2000
main_raw_spearman,Fuhe,抚河,Winter,13,spearman,raw,15,10,0,2000
main_raw_spearman,Fuhe,抚河,Winter,13,spearman,raw,15,11,0,2000
main_raw_spearman,Fuhe,抚河,Winter,13,spearman,raw,15,12,0,2000
main_raw_spearman,Fuhe,抚河,Winter,13,spearman,raw,15,13,0,2000
main_raw_spearman,Fuhe,抚河,Winter,13,spearman,raw,15,14,0,2000
main_raw_spearman,Fuhe,抚河,Winter,13,spearman,raw,15,15,0,2000
main_raw_spearman,Fuhe,抚河,Winter,13,spearman,raw,20,0,0,2000
main_raw_spearman,Fuhe,抚河,Winter,13,spearman,raw,20,1,0,2000
main_raw_spearman,Fuhe,抚河,Winter,13,spearman,raw,20,2,0.011,2000
main_raw_spearman,Fuhe,抚河,Winter,13,spearman,raw,20,3,0.4425,2000
main_raw_spearman,Fuhe,抚河,Winter,13,spearman,raw,20,4,0.426,2000
main_raw_spearman,Fuhe,抚河,Winter,13,spearman,raw,20,5,0.0495,2000
main_raw_spearman,Fuhe,抚河,Winter,13,spearman,raw,20,6,0.0635,2000
main_raw_spearman,Fuhe,抚河,Winter,13,spearman,raw,20,7,0.007,2000
main_raw_spearman,Fuhe,抚河,Winter,13,spearman,raw,20,8,0,2000
main_raw_spearman,Fuhe,抚河,Winter,13,spearman,raw,20,9,0.0005,2000
main_raw_spearman,Fuhe,抚河,Winter,13,spearman,raw,20,10,0,2000
main_raw_spearman,Fuhe,抚河,Winter,13,spearman,raw,20,11,0,2000
main_raw_spearman,Fuhe,抚河,Winter,13,spearman,raw,20,12,0,2000
main_raw_spearman,Fuhe,抚河,Winter,13,spearman,raw,20,13,0,2000
main_raw_spearman,Fuhe,抚河,Winter,13,spearman,raw,20,14,0,2000
main_raw_spearman,Fuhe,抚河,Winter,13,spearman,raw,20,15,0,2000
main_raw_spearman,Fuhe,抚河,Winter,13,spearman,raw,20,16,0,2000
main_raw_spearman,Fuhe,抚河,Winter,13,spearman,raw,20,17,0,2000
main_raw_spearman,Fuhe,抚河,Winter,13,spearman,raw,20,18,0,2000
main_raw_spearman,Fuhe,抚河,Winter,13,spearman,raw,20,19,0,2000
main_raw_spearman,Fuhe,抚河,Winter,13,spearman,raw,20,20,0,2000
main_raw_spearman,Ganjiang,赣江,All,14,spearman,raw,10,0,0,2000
main_raw_spearman,Ganjiang,赣江,All,14,spearman,raw,10,1,0,2000
main_raw_spearman,Ganjiang,赣江,All,14,spearman,raw,10,2,0,2000
main_raw_spearman,Ganjiang,赣江,All,14,spearman,raw,10,3,0,2000
main_raw_spearman,Ganjiang,赣江,All,14,spearman,raw,10,4,0,2000
main_raw_spearman,Ganjiang,赣江,All,14,spearman,raw,10,5,0.698,2000
main_raw_spearman,Ganjiang,赣江,All,14,spearman,raw,10,6,0.3015,2000
main_raw_spearman,Ganjiang,赣江,All,14,spearman,raw,10,7,0.0005,2000
main_raw_spearman,Ganjiang,赣江,All,14,spearman,raw,10,8,0,2000
main_raw_spearman,Ganjiang,赣江,All,14,spearman,raw,10,9,0,2000
main_raw_spearman,Ganjiang,赣江,All,14,spearman,raw,10,10,0,2000
main_raw_spearman,Ganjiang,赣江,All,14,spearman,raw,15,0,0,2000
main_raw_spearman,Ganjiang,赣江,All,14,spearman,raw,15,1,0,2000
main_raw_spearman,Ganjiang,赣江,All,14,spearman,raw,15,2,0,2000
main_raw_spearman,Ganjiang,赣江,All,14,spearman,raw,15,3,0,2000
main_raw_spearman,Ganjiang,赣江,All,14,spearman,raw,15,4,0,2000
main_raw_spearman,Ganjiang,赣江,All,14,spearman,raw,15,5,0.698,2000
main_raw_spearman,Ganjiang,赣江,All,14,spearman,raw,15,6,0.3015,2000
main_raw_spearman,Ganjiang,赣江,All,14,spearman,raw,15,7,0.0005,2000
main_raw_spearman,Ganjiang,赣江,All,14,spearman,raw,15,8,0,2000
main_raw_spearman,Ganjiang,赣江,All,14,spearman,raw,15,9,0,2000
main_raw_spearman,Ganjiang,赣江,All,14,spearman,raw,15,10,0,2000
main_raw_spearman,Ganjiang,赣江,All,14,spearman,raw,15,11,0,2000
main_raw_spearman,Ganjiang,赣江,All,14,spearman,raw,15,12,0,2000
main_raw_spearman,Ganjiang,赣江,All,14,spearman,raw,15,13,0,2000
main_raw_spearman,Ganjiang,赣江,All,14,spearman,raw,15,14,0,2000
main_raw_spearman,Ganjiang,赣江,All,14,spearman,raw,15,15,0,2000
main_raw_spearman,Ganjiang,赣江,All,14,spearman,raw,20,0,0,2000
main_raw_spearman,Ganjiang,赣江,All,14,spearman,raw,20,1,0,2000
main_raw_spearman,Ganjiang,赣江,All,14,spearman,raw,20,2,0,2000
main_raw_spearman,Ganjiang,赣江,All,14,spearman,raw,20,3,0,2000
main_raw_spearman,Ganjiang,赣江,All,14,spearman,raw,20,4,0,2000
main_raw_spearman,Ganjiang,赣江,All,14,spearman,raw,20,5,0.698,2000
main_raw_spearman,Ganjiang,赣江,All,14,spearman,raw,20,6,0.3015,2000
main_raw_spearman,Ganjiang,赣江,All,14,spearman,raw,20,7,0.0005,2000
main_raw_spearman,Ganjiang,赣江,All,14,spearman,raw,20,8,0,2000
main_raw_spearman,Ganjiang,赣江,All,14,spearman,raw,20,9,0,2000
main_raw_spearman,Ganjiang,赣江,All,14,spearman,raw,20,10,0,2000
main_raw_spearman,Ganjiang,赣江,All,14,spearman,raw,20,11,0,2000
main_raw_spearman,Ganjiang,赣江,All,14,spearman,raw,20,12,0,2000
main_raw_spearman,Ganjiang,赣江,All,14,spearman,raw,20,13,0,2000
main_raw_spearman,Ganjiang,赣江,All,14,spearman,raw,20,14,0,2000
main_raw_spearman,Ganjiang,赣江,All,14,spearman,raw,20,15,0,2000
main_raw_spearman,Ganjiang,赣江,All,14,spearman,raw,20,16,0,2000
main_raw_spearman,Ganjiang,赣江,All,14,spearman,raw,20,17,0,2000
main_raw_spearman,Ganjiang,赣江,All,14,spearman,raw,20,18,0,2000
main_raw_spearman,Ganjiang,赣江,All,14,spearman,raw,20,19,0,2000
main_raw_spearman,Ganjiang,赣江,All,14,spearman,raw,20,20,0,2000
main_raw_spearman,Ganjiang,赣江,Autumn,14,spearman,raw,10,0,0,2000
main_raw_spearman,Ganjiang,赣江,Autumn,14,spearman,raw,10,1,0,2000
main_raw_spearman,Ganjiang,赣江,Autumn,14,spearman,raw,10,2,0,2000
main_raw_spearman,Ganjiang,赣江,Autumn,14,spearman,raw,10,3,0.0005,2000
main_raw_spearman,Ganjiang,赣江,Autumn,14,spearman,raw,10,4,0.1415,2000
main_raw_spearman,Ganjiang,赣江,Autumn,14,spearman,raw,10,5,0.5355,2000
main_raw_spearman,Ganjiang,赣江,Autumn,14,spearman,raw,10,6,0.1655,2000
main_raw_spearman,Ganjiang,赣江,Autumn,14,spearman,raw,10,7,0.0355,2000
main_raw_spearman,Ganjiang,赣江,Autumn,14,spearman,raw,10,8,0.08,2000
main_raw_spearman,Ganjiang,赣江,Autumn,14,spearman,raw,10,9,0.0325,2000
main_raw_spearman,Ganjiang,赣江,Autumn,14,spearman,raw,10,10,0.009,2000
main_raw_spearman,Ganjiang,赣江,Autumn,14,spearman,raw,15,0,0,2000
main_raw_spearman,Ganjiang,赣江,Autumn,14,spearman,raw,15,1,0,2000
main_raw_spearman,Ganjiang,赣江,Autumn,14,spearman,raw,15,2,0,2000
main_raw_spearman,Ganjiang,赣江,Autumn,14,spearman,raw,15,3,0.0005,2000
main_raw_spearman,Ganjiang,赣江,Autumn,14,spearman,raw,15,4,0.141,2000
main_raw_spearman,Ganjiang,赣江,Autumn,14,spearman,raw,15,5,0.5325,2000
main_raw_spearman,Ganjiang,赣江,Autumn,14,spearman,raw,15,6,0.1655,2000
main_raw_spearman,Ganjiang,赣江,Autumn,14,spearman,raw,15,7,0.0355,2000
main_raw_spearman,Ganjiang,赣江,Autumn,14,spearman,raw,15,8,0.0785,2000
main_raw_spearman,Ganjiang,赣江,Autumn,14,spearman,raw,15,9,0.032,2000
main_raw_spearman,Ganjiang,赣江,Autumn,14,spearman,raw,15,10,0.0045,2000
main_raw_spearman,Ganjiang,赣江,Autumn,14,spearman,raw,15,11,0.001,2000
main_raw_spearman,Ganjiang,赣江,Autumn,14,spearman,raw,15,12,0,2000
main_raw_spearman,Ganjiang,赣江,Autumn,14,spearman,raw,15,13,0.006,2000
main_raw_spearman,Ganjiang,赣江,Autumn,14,spearman,raw,15,14,0.001,2000
main_raw_spearman,Ganjiang,赣江,Autumn,14,spearman,raw,15,15,0.002,2000
main_raw_spearman,Ganjiang,赣江,Autumn,14,spearman,raw,20,0,0,2000
main_raw_spearman,Ganjiang,赣江,Autumn,14,spearman,raw,20,1,0,2000
main_raw_spearman,Ganjiang,赣江,Autumn,14,spearman,raw,20,2,0,2000
main_raw_spearman,Ganjiang,赣江,Autumn,14,spearman,raw,20,3,0.0005,2000
main_raw_spearman,Ganjiang,赣江,Autumn,14,spearman,raw,20,4,0.141,2000
main_raw_spearman,Ganjiang,赣江,Autumn,14,spearman,raw,20,5,0.5325,2000
main_raw_spearman,Ganjiang,赣江,Autumn,14,spearman,raw,20,6,0.1655,2000
main_raw_spearman,Ganjiang,赣江,Autumn,14,spearman,raw,20,7,0.0355,2000
main_raw_spearman,Ganjiang,赣江,Autumn,14,spearman,raw,20,8,0.0785,2000
main_raw_spearman,Ganjiang,赣江,Autumn,14,spearman,raw,20,9,0.032,2000
main_raw_spearman,Ganjiang,赣江,Autumn,14,spearman,raw,20,10,0.0045,2000
main_raw_spearman,Ganjiang,赣江,Autumn,14,spearman,raw,20,11,0.001,2000
main_raw_spearman,Ganjiang,赣江,Autumn,14,spearman,raw,20,12,0,2000
main_raw_spearman,Ganjiang,赣江,Autumn,14,spearman,raw,20,13,0.006,2000
main_raw_spearman,Ganjiang,赣江,Autumn,14,spearman,raw,20,14,0.001,2000
main_raw_spearman,Ganjiang,赣江,Autumn,14,spearman,raw,20,15,0.002,2000
main_raw_spearman,Ganjiang,赣江,Autumn,14,spearman,raw,20,16,0,2000
main_raw_spearman,Ganjiang,赣江,Autumn,14,spearman,raw,20,17,0,2000
main_raw_spearman,Ganjiang,赣江,Autumn,14,spearman,raw,20,18,0,2000
main_raw_spearman,Ganjiang,赣江,Autumn,14,spearman,raw,20,19,0,2000
main_raw_spearman,Ganjiang,赣江,Autumn,14,spearman,raw,20,20,0,2000
main_raw_spearman,Ganjiang,赣江,Spring,14,spearman,raw,10,0,0,2000
main_raw_spearman,Ganjiang,赣江,Spring,14,spearman,raw,10,1,0,2000
main_raw_spearman,Ganjiang,赣江,Spring,14,spearman,raw,10,2,0,2000
main_raw_spearman,Ganjiang,赣江,Spring,14,spearman,raw,10,3,0.0035,2000
main_raw_spearman,Ganjiang,赣江,Spring,14,spearman,raw,10,4,0.0725,2000
main_raw_spearman,Ganjiang,赣江,Spring,14,spearman,raw,10,5,0.608,2000
main_raw_spearman,Ganjiang,赣江,Spring,14,spearman,raw,10,6,0.2655,2000
main_raw_spearman,Ganjiang,赣江,Spring,14,spearman,raw,10,7,0.0405,2000
main_raw_spearman,Ganjiang,赣江,Spring,14,spearman,raw,10,8,0.009,2000
main_raw_spearman,Ganjiang,赣江,Spring,14,spearman,raw,10,9,0,2000
main_raw_spearman,Ganjiang,赣江,Spring,14,spearman,raw,10,10,0.001,2000
main_raw_spearman,Ganjiang,赣江,Spring,14,spearman,raw,15,0,0,2000
main_raw_spearman,Ganjiang,赣江,Spring,14,spearman,raw,15,1,0,2000
main_raw_spearman,Ganjiang,赣江,Spring,14,spearman,raw,15,2,0,2000
main_raw_spearman,Ganjiang,赣江,Spring,14,spearman,raw,15,3,0.0035,2000
main_raw_spearman,Ganjiang,赣江,Spring,14,spearman,raw,15,4,0.0725,2000
main_raw_spearman,Ganjiang,赣江,Spring,14,spearman,raw,15,5,0.608,2000
main_raw_spearman,Ganjiang,赣江,Spring,14,spearman,raw,15,6,0.2655,2000
main_raw_spearman,Ganjiang,赣江,Spring,14,spearman,raw,15,7,0.0405,2000
main_raw_spearman,Ganjiang,赣江,Spring,14,spearman,raw,15,8,0.009,2000
main_raw_spearman,Ganjiang,赣江,Spring,14,spearman,raw,15,9,0,2000
main_raw_spearman,Ganjiang,赣江,Spring,14,spearman,raw,15,10,0.001,2000
main_raw_spearman,Ganjiang,赣江,Spring,14,spearman,raw,15,11,0,2000
main_raw_spearman,Ganjiang,赣江,Spring,14,spearman,raw,15,12,0,2000
main_raw_spearman,Ganjiang,赣江,Spring,14,spearman,raw,15,13,0,2000
main_raw_spearman,Ganjiang,赣江,Spring,14,spearman,raw,15,14,0,2000
main_raw_spearman,Ganjiang,赣江,Spring,14,spearman,raw,15,15,0,2000
main_raw_spearman,Ganjiang,赣江,Spring,14,spearman,raw,20,0,0,2000
main_raw_spearman,Ganjiang,赣江,Spring,14,spearman,raw,20,1,0,2000
main_raw_spearman,Ganjiang,赣江,Spring,14,spearman,raw,20,2,0,2000
main_raw_spearman,Ganjiang,赣江,Spring,14,spearman,raw,20,3,0.0035,2000
main_raw_spearman,Ganjiang,赣江,Spring,14,spearman,raw,20,4,0.0725,2000
main_raw_spearman,Ganjiang,赣江,Spring,14,spearman,raw,20,5,0.608,2000
main_raw_spearman,Ganjiang,赣江,Spring,14,spearman,raw,20,6,0.2655,2000
main_raw_spearman,Ganjiang,赣江,Spring,14,spearman,raw,20,7,0.0405,2000
main_raw_spearman,Ganjiang,赣江,Spring,14,spearman,raw,20,8,0.009,2000
main_raw_spearman,Ganjiang,赣江,Spring,14,spearman,raw,20,9,0,2000
main_raw_spearman,Ganjiang,赣江,Spring,14,spearman,raw,20,10,0.001,2000
main_raw_spearman,Ganjiang,赣江,Spring,14,spearman,raw,20,11,0,2000
main_raw_spearman,Ganjiang,赣江,Spring,14,spearman,raw,20,12,0,2000
main_raw_spearman,Ganjiang,赣江,Spring,14,spearman,raw,20,13,0,2000
main_raw_spearman,Ganjiang,赣江,Spring,14,spearman,raw,20,14,0,2000
main_raw_spearman,Ganjiang,赣江,Spring,14,spearman,raw,20,15,0,2000
main_raw_spearman,Ganjiang,赣江,Spring,14,spearman,raw,20,16,0,2000
main_raw_spearman,Ganjiang,赣江,Spring,14,spearman,raw,20,17,0,2000
main_raw_spearman,Ganjiang,赣江,Spring,14,spearman,raw,20,18,0,2000
main_raw_spearman,Ganjiang,赣江,Spring,14,spearman,raw,20,19,0,2000
main_raw_spearman,Ganjiang,赣江,Spring,14,spearman,raw,20,20,0,2000
main_raw_spearman,Ganjiang,赣江,Summer,14,spearman,raw,10,0,0,2000
main_raw_spearman,Ganjiang,赣江,Summer,14,spearman,raw,10,1,0,2000
main_raw_spearman,Ganjiang,赣江,Summer,14,spearman,raw,10,2,0,2000
main_raw_spearman,Ganjiang,赣江,Summer,14,spearman,raw,10,3,0.0025,2000
main_raw_spearman,Ganjiang,赣江,Summer,14,spearman,raw,10,4,0.8715,2000
main_raw_spearman,Ganjiang,赣江,Summer,14,spearman,raw,10,5,0.108,2000
main_raw_spearman,Ganjiang,赣江,Summer,14,spearman,raw,10,6,0.0165,2000
main_raw_spearman,Ganjiang,赣江,Summer,14,spearman,raw,10,7,0.001,2000
main_raw_spearman,Ganjiang,赣江,Summer,14,spearman,raw,10,8,0,2000
main_raw_spearman,Ganjiang,赣江,Summer,14,spearman,raw,10,9,0.0005,2000
main_raw_spearman,Ganjiang,赣江,Summer,14,spearman,raw,10,10,0,2000
main_raw_spearman,Ganjiang,赣江,Summer,14,spearman,raw,15,0,0,2000
main_raw_spearman,Ganjiang,赣江,Summer,14,spearman,raw,15,1,0,2000
main_raw_spearman,Ganjiang,赣江,Summer,14,spearman,raw,15,2,0,2000
main_raw_spearman,Ganjiang,赣江,Summer,14,spearman,raw,15,3,0.0025,2000
main_raw_spearman,Ganjiang,赣江,Summer,14,spearman,raw,15,4,0.8715,2000
main_raw_spearman,Ganjiang,赣江,Summer,14,spearman,raw,15,5,0.108,2000
main_raw_spearman,Ganjiang,赣江,Summer,14,spearman,raw,15,6,0.0165,2000
main_raw_spearman,Ganjiang,赣江,Summer,14,spearman,raw,15,7,0.001,2000
main_raw_spearman,Ganjiang,赣江,Summer,14,spearman,raw,15,8,0,2000
main_raw_spearman,Ganjiang,赣江,Summer,14,spearman,raw,15,9,0.0005,2000
main_raw_spearman,Ganjiang,赣江,Summer,14,spearman,raw,15,10,0,2000
main_raw_spearman,Ganjiang,赣江,Summer,14,spearman,raw,15,11,0,2000
main_raw_spearman,Ganjiang,赣江,Summer,14,spearman,raw,15,12,0,2000
main_raw_spearman,Ganjiang,赣江,Summer,14,spearman,raw,15,13,0,2000
main_raw_spearman,Ganjiang,赣江,Summer,14,spearman,raw,15,14,0,2000
main_raw_spearman,Ganjiang,赣江,Summer,14,spearman,raw,15,15,0,2000
main_raw_spearman,Ganjiang,赣江,Summer,14,spearman,raw,20,0,0,2000
main_raw_spearman,Ganjiang,赣江,Summer,14,spearman,raw,20,1,0,2000
main_raw_spearman,Ganjiang,赣江,Summer,14,spearman,raw,20,2,0,2000
main_raw_spearman,Ganjiang,赣江,Summer,14,spearman,raw,20,3,0.0025,2000
main_raw_spearman,Ganjiang,赣江,Summer,14,spearman,raw,20,4,0.8715,2000
main_raw_spearman,Ganjiang,赣江,Summer,14,spearman,raw,20,5,0.108,2000
main_raw_spearman,Ganjiang,赣江,Summer,14,spearman,raw,20,6,0.0165,2000
main_raw_spearman,Ganjiang,赣江,Summer,14,spearman,raw,20,7,0.001,2000
main_raw_spearman,Ganjiang,赣江,Summer,14,spearman,raw,20,8,0,2000
main_raw_spearman,Ganjiang,赣江,Summer,14,spearman,raw,20,9,0.0005,2000
main_raw_spearman,Ganjiang,赣江,Summer,14,spearman,raw,20,10,0,2000
main_raw_spearman,Ganjiang,赣江,Summer,14,spearman,raw,20,11,0,2000
main_raw_spearman,Ganjiang,赣江,Summer,14,spearman,raw,20,12,0,2000
main_raw_spearman,Ganjiang,赣江,Summer,14,spearman,raw,20,13,0,2000
main_raw_spearman,Ganjiang,赣江,Summer,14,spearman,raw,20,14,0,2000
main_raw_spearman,Ganjiang,赣江,Summer,14,spearman,raw,20,15,0,2000
main_raw_spearman,Ganjiang,赣江,Summer,14,spearman,raw,20,16,0,2000
main_raw_spearman,Ganjiang,赣江,Summer,14,spearman,raw,20,17,0,2000
main_raw_spearman,Ganjiang,赣江,Summer,14,spearman,raw,20,18,0,2000
main_raw_spearman,Ganjiang,赣江,Summer,14,spearman,raw,20,19,0,2000
main_raw_spearman,Ganjiang,赣江,Summer,14,spearman,raw,20,20,0,2000
main_raw_spearman,Ganjiang,赣江,Winter,13,spearman,raw,10,0,0,2000
main_raw_spearman,Ganjiang,赣江,Winter,13,spearman,raw,10,1,0,2000
main_raw_spearman,Ganjiang,赣江,Winter,13,spearman,raw,10,2,0,2000
main_raw_spearman,Ganjiang,赣江,Winter,13,spearman,raw,10,3,0,2000
main_raw_spearman,Ganjiang,赣江,Winter,13,spearman,raw,10,4,0,2000
main_raw_spearman,Ganjiang,赣江,Winter,13,spearman,raw,10,5,0,2000
main_raw_spearman,Ganjiang,赣江,Winter,13,spearman,raw,10,6,0.4875,2000
main_raw_spearman,Ganjiang,赣江,Winter,13,spearman,raw,10,7,0.1745,2000
main_raw_spearman,Ganjiang,赣江,Winter,13,spearman,raw,10,8,0.0745,2000
main_raw_spearman,Ganjiang,赣江,Winter,13,spearman,raw,10,9,0.1965,2000
main_raw_spearman,Ganjiang,赣江,Winter,13,spearman,raw,10,10,0.067,2000
main_raw_spearman,Ganjiang,赣江,Winter,13,spearman,raw,15,0,0,2000
main_raw_spearman,Ganjiang,赣江,Winter,13,spearman,raw,15,1,0,2000
main_raw_spearman,Ganjiang,赣江,Winter,13,spearman,raw,15,2,0,2000
main_raw_spearman,Ganjiang,赣江,Winter,13,spearman,raw,15,3,0,2000
main_raw_spearman,Ganjiang,赣江,Winter,13,spearman,raw,15,4,0,2000
main_raw_spearman,Ganjiang,赣江,Winter,13,spearman,raw,15,5,0,2000
main_raw_spearman,Ganjiang,赣江,Winter,13,spearman,raw,15,6,0.4835,2000
main_raw_spearman,Ganjiang,赣江,Winter,13,spearman,raw,15,7,0.174,2000
main_raw_spearman,Ganjiang,赣江,Winter,13,spearman,raw,15,8,0.0745,2000
main_raw_spearman,Ganjiang,赣江,Winter,13,spearman,raw,15,9,0.195,2000
main_raw_spearman,Ganjiang,赣江,Winter,13,spearman,raw,15,10,0.0615,2000
main_raw_spearman,Ganjiang,赣江,Winter,13,spearman,raw,15,11,0.003,2000
main_raw_spearman,Ganjiang,赣江,Winter,13,spearman,raw,15,12,0.004,2000
main_raw_spearman,Ganjiang,赣江,Winter,13,spearman,raw,15,13,0.0045,2000
main_raw_spearman,Ganjiang,赣江,Winter,13,spearman,raw,15,14,0,2000
main_raw_spearman,Ganjiang,赣江,Winter,13,spearman,raw,15,15,0,2000
main_raw_spearman,Ganjiang,赣江,Winter,13,spearman,raw,20,0,0,2000
main_raw_spearman,Ganjiang,赣江,Winter,13,spearman,raw,20,1,0,2000
main_raw_spearman,Ganjiang,赣江,Winter,13,spearman,raw,20,2,0,2000
main_raw_spearman,Ganjiang,赣江,Winter,13,spearman,raw,20,3,0,2000
main_raw_spearman,Ganjiang,赣江,Winter,13,spearman,raw,20,4,0,2000
main_raw_spearman,Ganjiang,赣江,Winter,13,spearman,raw,20,5,0,2000
main_raw_spearman,Ganjiang,赣江,Winter,13,spearman,raw,20,6,0.4835,2000
main_raw_spearman,Ganjiang,赣江,Winter,13,spearman,raw,20,7,0.174,2000
main_raw_spearman,Ganjiang,赣江,Winter,13,spearman,raw,20,8,0.0745,2000
main_raw_spearman,Ganjiang,赣江,Winter,13,spearman,raw,20,9,0.195,2000
main_raw_spearman,Ganjiang,赣江,Winter,13,spearman,raw,20,10,0.0615,2000
main_raw_spearman,Ganjiang,赣江,Winter,13,spearman,raw,20,11,0.003,2000
main_raw_spearman,Ganjiang,赣江,Winter,13,spearman,raw,20,12,0.004,2000
main_raw_spearman,Ganjiang,赣江,Winter,13,spearman,raw,20,13,0.0045,2000
main_raw_spearman,Ganjiang,赣江,Winter,13,spearman,raw,20,14,0,2000
main_raw_spearman,Ganjiang,赣江,Winter,13,spearman,raw,20,15,0,2000
main_raw_spearman,Ganjiang,赣江,Winter,13,spearman,raw,20,16,0,2000
main_raw_spearman,Ganjiang,赣江,Winter,13,spearman,raw,20,17,0,2000
main_raw_spearman,Ganjiang,赣江,Winter,13,spearman,raw,20,18,0,2000
main_raw_spearman,Ganjiang,赣江,Winter,13,spearman,raw,20,19,0,2000
main_raw_spearman,Ganjiang,赣江,Winter,13,spearman,raw,20,20,0,2000
main_raw_spearman,Le'anhe,乐安河,All,14,spearman,raw,10,0,0,2000
main_raw_spearman,Le'anhe,乐安河,All,14,spearman,raw,10,1,0,2000
main_raw_spearman,Le'anhe,乐安河,All,14,spearman,raw,10,2,0.833,2000
main_raw_spearman,Le'anhe,乐安河,All,14,spearman,raw,10,3,0.167,2000
main_raw_spearman,Le'anhe,乐安河,All,14,spearman,raw,10,4,0,2000
main_raw_spearman,Le'anhe,乐安河,All,14,spearman,raw,10,5,0,2000
main_raw_spearman,Le'anhe,乐安河,All,14,spearman,raw,10,6,0,2000
main_raw_spearman,Le'anhe,乐安河,All,14,spearman,raw,10,7,0,2000
main_raw_spearman,Le'anhe,乐安河,All,14,spearman,raw,10,8,0,2000
main_raw_spearman,Le'anhe,乐安河,All,14,spearman,raw,10,9,0,2000
main_raw_spearman,Le'anhe,乐安河,All,14,spearman,raw,10,10,0,2000
main_raw_spearman,Le'anhe,乐安河,All,14,spearman,raw,15,0,0,2000
main_raw_spearman,Le'anhe,乐安河,All,14,spearman,raw,15,1,0,2000
main_raw_spearman,Le'anhe,乐安河,All,14,spearman,raw,15,2,0.833,2000
main_raw_spearman,Le'anhe,乐安河,All,14,spearman,raw,15,3,0.167,2000
main_raw_spearman,Le'anhe,乐安河,All,14,spearman,raw,15,4,0,2000
main_raw_spearman,Le'anhe,乐安河,All,14,spearman,raw,15,5,0,2000
main_raw_spearman,Le'anhe,乐安河,All,14,spearman,raw,15,6,0,2000
main_raw_spearman,Le'anhe,乐安河,All,14,spearman,raw,15,7,0,2000
main_raw_spearman,Le'anhe,乐安河,All,14,spearman,raw,15,8,0,2000
main_raw_spearman,Le'anhe,乐安河,All,14,spearman,raw,15,9,0,2000
main_raw_spearman,Le'anhe,乐安河,All,14,spearman,raw,15,10,0,2000
main_raw_spearman,Le'anhe,乐安河,All,14,spearman,raw,15,11,0,2000
main_raw_spearman,Le'anhe,乐安河,All,14,spearman,raw,15,12,0,2000
main_raw_spearman,Le'anhe,乐安河,All,14,spearman,raw,15,13,0,2000
main_raw_spearman,Le'anhe,乐安河,All,14,spearman,raw,15,14,0,2000
main_raw_spearman,Le'anhe,乐安河,All,14,spearman,raw,15,15,0,2000
main_raw_spearman,Le'anhe,乐安河,All,14,spearman,raw,20,0,0,2000
main_raw_spearman,Le'anhe,乐安河,All,14,spearman,raw,20,1,0,2000
main_raw_spearman,Le'anhe,乐安河,All,14,spearman,raw,20,2,0.833,2000
main_raw_spearman,Le'anhe,乐安河,All,14,spearman,raw,20,3,0.167,2000
main_raw_spearman,Le'anhe,乐安河,All,14,spearman,raw,20,4,0,2000
main_raw_spearman,Le'anhe,乐安河,All,14,spearman,raw,20,5,0,2000
main_raw_spearman,Le'anhe,乐安河,All,14,spearman,raw,20,6,0,2000
main_raw_spearman,Le'anhe,乐安河,All,14,spearman,raw,20,7,0,2000
main_raw_spearman,Le'anhe,乐安河,All,14,spearman,raw,20,8,0,2000
main_raw_spearman,Le'anhe,乐安河,All,14,spearman,raw,20,9,0,2000
main_raw_spearman,Le'anhe,乐安河,All,14,spearman,raw,20,10,0,2000
main_raw_spearman,Le'anhe,乐安河,All,14,spearman,raw,20,11,0,2000
main_raw_spearman,Le'anhe,乐安河,All,14,spearman,raw,20,12,0,2000
main_raw_spearman,Le'anhe,乐安河,All,14,spearman,raw,20,13,0,2000
main_raw_spearman,Le'anhe,乐安河,All,14,spearman,raw,20,14,0,2000
main_raw_spearman,Le'anhe,乐安河,All,14,spearman,raw,20,15,0,2000
main_raw_spearman,Le'anhe,乐安河,All,14,spearman,raw,20,16,0,2000
main_raw_spearman,Le'anhe,乐安河,All,14,spearman,raw,20,17,0,2000
main_raw_spearman,Le'anhe,乐安河,All,14,spearman,raw,20,18,0,2000
main_raw_spearman,Le'anhe,乐安河,All,14,spearman,raw,20,19,0,2000
main_raw_spearman,Le'anhe,乐安河,All,14,spearman,raw,20,20,0,2000
main_raw_spearman,Le'anhe,乐安河,Autumn,14,spearman,raw,10,0,0,2000
main_raw_spearman,Le'anhe,乐安河,Autumn,14,spearman,raw,10,1,0,2000
main_raw_spearman,Le'anhe,乐安河,Autumn,14,spearman,raw,10,2,0.1305,2000
main_raw_spearman,Le'anhe,乐安河,Autumn,14,spearman,raw,10,3,0.7495,2000
main_raw_spearman,Le'anhe,乐安河,Autumn,14,spearman,raw,10,4,0.087,2000
main_raw_spearman,Le'anhe,乐安河,Autumn,14,spearman,raw,10,5,0.003,2000
main_raw_spearman,Le'anhe,乐安河,Autumn,14,spearman,raw,10,6,0,2000
main_raw_spearman,Le'anhe,乐安河,Autumn,14,spearman,raw,10,7,0.0035,2000
main_raw_spearman,Le'anhe,乐安河,Autumn,14,spearman,raw,10,8,0.0035,2000
main_raw_spearman,Le'anhe,乐安河,Autumn,14,spearman,raw,10,9,0.02,2000
main_raw_spearman,Le'anhe,乐安河,Autumn,14,spearman,raw,10,10,0.003,2000
main_raw_spearman,Le'anhe,乐安河,Autumn,14,spearman,raw,15,0,0,2000
main_raw_spearman,Le'anhe,乐安河,Autumn,14,spearman,raw,15,1,0,2000
main_raw_spearman,Le'anhe,乐安河,Autumn,14,spearman,raw,15,2,0.1295,2000
main_raw_spearman,Le'anhe,乐安河,Autumn,14,spearman,raw,15,3,0.7415,2000
main_raw_spearman,Le'anhe,乐安河,Autumn,14,spearman,raw,15,4,0.0845,2000
main_raw_spearman,Le'anhe,乐安河,Autumn,14,spearman,raw,15,5,0.003,2000
main_raw_spearman,Le'anhe,乐安河,Autumn,14,spearman,raw,15,6,0,2000
main_raw_spearman,Le'anhe,乐安河,Autumn,14,spearman,raw,15,7,0.0035,2000
main_raw_spearman,Le'anhe,乐安河,Autumn,14,spearman,raw,15,8,0.002,2000
main_raw_spearman,Le'anhe,乐安河,Autumn,14,spearman,raw,15,9,0.014,2000
main_raw_spearman,Le'anhe,乐安河,Autumn,14,spearman,raw,15,10,0,2000
main_raw_spearman,Le'anhe,乐安河,Autumn,14,spearman,raw,15,11,0.016,2000
main_raw_spearman,Le'anhe,乐安河,Autumn,14,spearman,raw,15,12,0.006,2000
main_raw_spearman,Le'anhe,乐安河,Autumn,14,spearman,raw,15,13,0,2000
main_raw_spearman,Le'anhe,乐安河,Autumn,14,spearman,raw,15,14,0,2000
main_raw_spearman,Le'anhe,乐安河,Autumn,14,spearman,raw,15,15,0,2000
main_raw_spearman,Le'anhe,乐安河,Autumn,14,spearman,raw,20,0,0,2000
main_raw_spearman,Le'anhe,乐安河,Autumn,14,spearman,raw,20,1,0,2000
main_raw_spearman,Le'anhe,乐安河,Autumn,14,spearman,raw,20,2,0.1295,2000
main_raw_spearman,Le'anhe,乐安河,Autumn,14,spearman,raw,20,3,0.7415,2000
main_raw_spearman,Le'anhe,乐安河,Autumn,14,spearman,raw,20,4,0.0845,2000
main_raw_spearman,Le'anhe,乐安河,Autumn,14,spearman,raw,20,5,0.003,2000
main_raw_spearman,Le'anhe,乐安河,Autumn,14,spearman,raw,20,6,0,2000
main_raw_spearman,Le'anhe,乐安河,Autumn,14,spearman,raw,20,7,0.0035,2000
main_raw_spearman,Le'anhe,乐安河,Autumn,14,spearman,raw,20,8,0.002,2000
main_raw_spearman,Le'anhe,乐安河,Autumn,14,spearman,raw,20,9,0.014,2000
main_raw_spearman,Le'anhe,乐安河,Autumn,14,spearman,raw,20,10,0,2000
main_raw_spearman,Le'anhe,乐安河,Autumn,14,spearman,raw,20,11,0.016,2000
main_raw_spearman,Le'anhe,乐安河,Autumn,14,spearman,raw,20,12,0.006,2000
main_raw_spearman,Le'anhe,乐安河,Autumn,14,spearman,raw,20,13,0,2000
main_raw_spearman,Le'anhe,乐安河,Autumn,14,spearman,raw,20,14,0,2000
main_raw_spearman,Le'anhe,乐安河,Autumn,14,spearman,raw,20,15,0,2000
main_raw_spearman,Le'anhe,乐安河,Autumn,14,spearman,raw,20,16,0,2000
main_raw_spearman,Le'anhe,乐安河,Autumn,14,spearman,raw,20,17,0,2000
main_raw_spearman,Le'anhe,乐安河,Autumn,14,spearman,raw,20,18,0,2000
main_raw_spearman,Le'anhe,乐安河,Autumn,14,spearman,raw,20,19,0,2000
main_raw_spearman,Le'anhe,乐安河,Autumn,14,spearman,raw,20,20,0,2000
main_raw_spearman,Le'anhe,乐安河,Spring,14,spearman,raw,10,0,0,2000
main_raw_spearman,Le'anhe,乐安河,Spring,14,spearman,raw,10,1,0.065,2000
main_raw_spearman,Le'anhe,乐安河,Spring,14,spearman,raw,10,2,0.9335,2000
main_raw_spearman,Le'anhe,乐安河,Spring,14,spearman,raw,10,3,0,2000
main_raw_spearman,Le'anhe,乐安河,Spring,14,spearman,raw,10,4,0,2000
main_raw_spearman,Le'anhe,乐安河,Spring,14,spearman,raw,10,5,0.001,2000
main_raw_spearman,Le'anhe,乐安河,Spring,14,spearman,raw,10,6,0,2000
main_raw_spearman,Le'anhe,乐安河,Spring,14,spearman,raw,10,7,0,2000
main_raw_spearman,Le'anhe,乐安河,Spring,14,spearman,raw,10,8,0,2000
main_raw_spearman,Le'anhe,乐安河,Spring,14,spearman,raw,10,9,0,2000
main_raw_spearman,Le'anhe,乐安河,Spring,14,spearman,raw,10,10,0.0005,2000
main_raw_spearman,Le'anhe,乐安河,Spring,14,spearman,raw,15,0,0,2000
main_raw_spearman,Le'anhe,乐安河,Spring,14,spearman,raw,15,1,0.065,2000
main_raw_spearman,Le'anhe,乐安河,Spring,14,spearman,raw,15,2,0.9335,2000
main_raw_spearman,Le'anhe,乐安河,Spring,14,spearman,raw,15,3,0,2000
main_raw_spearman,Le'anhe,乐安河,Spring,14,spearman,raw,15,4,0,2000
main_raw_spearman,Le'anhe,乐安河,Spring,14,spearman,raw,15,5,0.001,2000
main_raw_spearman,Le'anhe,乐安河,Spring,14,spearman,raw,15,6,0,2000
main_raw_spearman,Le'anhe,乐安河,Spring,14,spearman,raw,15,7,0,2000
main_raw_spearman,Le'anhe,乐安河,Spring,14,spearman,raw,15,8,0,2000
main_raw_spearman,Le'anhe,乐安河,Spring,14,spearman,raw,15,9,0,2000
main_raw_spearman,Le'anhe,乐安河,Spring,14,spearman,raw,15,10,0.0005,2000
main_raw_spearman,Le'anhe,乐安河,Spring,14,spearman,raw,15,11,0,2000
main_raw_spearman,Le'anhe,乐安河,Spring,14,spearman,raw,15,12,0,2000
main_raw_spearman,Le'anhe,乐安河,Spring,14,spearman,raw,15,13,0,2000
main_raw_spearman,Le'anhe,乐安河,Spring,14,spearman,raw,15,14,0,2000
main_raw_spearman,Le'anhe,乐安河,Spring,14,spearman,raw,15,15,0,2000
main_raw_spearman,Le'anhe,乐安河,Spring,14,spearman,raw,20,0,0,2000
main_raw_spearman,Le'anhe,乐安河,Spring,14,spearman,raw,20,1,0.065,2000
main_raw_spearman,Le'anhe,乐安河,Spring,14,spearman,raw,20,2,0.9335,2000
main_raw_spearman,Le'anhe,乐安河,Spring,14,spearman,raw,20,3,0,2000
main_raw_spearman,Le'anhe,乐安河,Spring,14,spearman,raw,20,4,0,2000
main_raw_spearman,Le'anhe,乐安河,Spring,14,spearman,raw,20,5,0.001,2000
main_raw_spearman,Le'anhe,乐安河,Spring,14,spearman,raw,20,6,0,2000
main_raw_spearman,Le'anhe,乐安河,Spring,14,spearman,raw,20,7,0,2000
main_raw_spearman,Le'anhe,乐安河,Spring,14,spearman,raw,20,8,0,2000
main_raw_spearman,Le'anhe,乐安河,Spring,14,spearman,raw,20,9,0,2000
main_raw_spearman,Le'anhe,乐安河,Spring,14,spearman,raw,20,10,0.0005,2000
main_raw_spearman,Le'anhe,乐安河,Spring,14,spearman,raw,20,11,0,2000
main_raw_spearman,Le'anhe,乐安河,Spring,14,spearman,raw,20,12,0,2000
main_raw_spearman,Le'anhe,乐安河,Spring,14,spearman,raw,20,13,0,2000
main_raw_spearman,Le'anhe,乐安河,Spring,14,spearman,raw,20,14,0,2000
main_raw_spearman,Le'anhe,乐安河,Spring,14,spearman,raw,20,15,0,2000
main_raw_spearman,Le'anhe,乐安河,Spring,14,spearman,raw,20,16,0,2000
main_raw_spearman,Le'anhe,乐安河,Spring,14,spearman,raw,20,17,0,2000
main_raw_spearman,Le'anhe,乐安河,Spring,14,spearman,raw,20,18,0,2000
main_raw_spearman,Le'anhe,乐安河,Spring,14,spearman,raw,20,19,0,2000
main_raw_spearman,Le'anhe,乐安河,Spring,14,spearman,raw,20,20,0,2000
main_raw_spearman,Le'anhe,乐安河,Summer,14,spearman,raw,10,0,0,2000
main_raw_spearman,Le'anhe,乐安河,Summer,14,spearman,raw,10,1,0.0035,2000
main_raw_spearman,Le'anhe,乐安河,Summer,14,spearman,raw,10,2,0.9955,2000
main_raw_spearman,Le'anhe,乐安河,Summer,14,spearman,raw,10,3,0.001,2000
main_raw_spearman,Le'anhe,乐安河,Summer,14,spearman,raw,10,4,0,2000
main_raw_spearman,Le'anhe,乐安河,Summer,14,spearman,raw,10,5,0,2000
main_raw_spearman,Le'anhe,乐安河,Summer,14,spearman,raw,10,6,0,2000
main_raw_spearman,Le'anhe,乐安河,Summer,14,spearman,raw,10,7,0,2000
main_raw_spearman,Le'anhe,乐安河,Summer,14,spearman,raw,10,8,0,2000
main_raw_spearman,Le'anhe,乐安河,Summer,14,spearman,raw,10,9,0,2000
main_raw_spearman,Le'anhe,乐安河,Summer,14,spearman,raw,10,10,0,2000
main_raw_spearman,Le'anhe,乐安河,Summer,14,spearman,raw,15,0,0,2000
main_raw_spearman,Le'anhe,乐安河,Summer,14,spearman,raw,15,1,0.0035,2000
main_raw_spearman,Le'anhe,乐安河,Summer,14,spearman,raw,15,2,0.9955,2000
main_raw_spearman,Le'anhe,乐安河,Summer,14,spearman,raw,15,3,0.001,2000
main_raw_spearman,Le'anhe,乐安河,Summer,14,spearman,raw,15,4,0,2000
main_raw_spearman,Le'anhe,乐安河,Summer,14,spearman,raw,15,5,0,2000
main_raw_spearman,Le'anhe,乐安河,Summer,14,spearman,raw,15,6,0,2000
main_raw_spearman,Le'anhe,乐安河,Summer,14,spearman,raw,15,7,0,2000
main_raw_spearman,Le'anhe,乐安河,Summer,14,spearman,raw,15,8,0,2000
main_raw_spearman,Le'anhe,乐安河,Summer,14,spearman,raw,15,9,0,2000
main_raw_spearman,Le'anhe,乐安河,Summer,14,spearman,raw,15,10,0,2000
main_raw_spearman,Le'anhe,乐安河,Summer,14,spearman,raw,15,11,0,2000
main_raw_spearman,Le'anhe,乐安河,Summer,14,spearman,raw,15,12,0,2000
main_raw_spearman,Le'anhe,乐安河,Summer,14,spearman,raw,15,13,0,2000
main_raw_spearman,Le'anhe,乐安河,Summer,14,spearman,raw,15,14,0,2000
main_raw_spearman,Le'anhe,乐安河,Summer,14,spearman,raw,15,15,0,2000
main_raw_spearman,Le'anhe,乐安河,Summer,14,spearman,raw,20,0,0,2000
main_raw_spearman,Le'anhe,乐安河,Summer,14,spearman,raw,20,1,0.0035,2000
main_raw_spearman,Le'anhe,乐安河,Summer,14,spearman,raw,20,2,0.995,2000
main_raw_spearman,Le'anhe,乐安河,Summer,14,spearman,raw,20,3,0.001,2000
main_raw_spearman,Le'anhe,乐安河,Summer,14,spearman,raw,20,4,0,2000
main_raw_spearman,Le'anhe,乐安河,Summer,14,spearman,raw,20,5,0,2000
main_raw_spearman,Le'anhe,乐安河,Summer,14,spearman,raw,20,6,0,2000
main_raw_spearman,Le'anhe,乐安河,Summer,14,spearman,raw,20,7,0,2000
main_raw_spearman,Le'anhe,乐安河,Summer,14,spearman,raw,20,8,0,2000
main_raw_spearman,Le'anhe,乐安河,Summer,14,spearman,raw,20,9,0,2000
main_raw_spearman,Le'anhe,乐安河,Summer,14,spearman,raw,20,10,0,2000
main_raw_spearman,Le'anhe,乐安河,Summer,14,spearman,raw,20,11,0,2000
main_raw_spearman,Le'anhe,乐安河,Summer,14,spearman,raw,20,12,0,2000
main_raw_spearman,Le'anhe,乐安河,Summer,14,spearman,raw,20,13,0,2000
main_raw_spearman,Le'anhe,乐安河,Summer,14,spearman,raw,20,14,0,2000
main_raw_spearman,Le'anhe,乐安河,Summer,14,spearman,raw,20,15,0,2000
main_raw_spearman,Le'anhe,乐安河,Summer,14,spearman,raw,20,16,0,2000
main_raw_spearman,Le'anhe,乐安河,Summer,14,spearman,raw,20,17,0,2000
main_raw_spearman,Le'anhe,乐安河,Summer,14,spearman,raw,20,18,0,2000
main_raw_spearman,Le'anhe,乐安河,Summer,14,spearman,raw,20,19,0,2000
main_raw_spearman,Le'anhe,乐安河,Summer,14,spearman,raw,20,20,0.0005,2000
main_raw_spearman,Le'anhe,乐安河,Winter,13,spearman,raw,10,0,0,2000
main_raw_spearman,Le'anhe,乐安河,Winter,13,spearman,raw,10,1,0,2000
main_raw_spearman,Le'anhe,乐安河,Winter,13,spearman,raw,10,2,0.069,2000
main_raw_spearman,Le'anhe,乐安河,Winter,13,spearman,raw,10,3,0.9015,2000
main_raw_spearman,Le'anhe,乐安河,Winter,13,spearman,raw,10,4,0.0205,2000
main_raw_spearman,Le'anhe,乐安河,Winter,13,spearman,raw,10,5,0.0035,2000
main_raw_spearman,Le'anhe,乐安河,Winter,13,spearman,raw,10,6,0.0015,2000
main_raw_spearman,Le'anhe,乐安河,Winter,13,spearman,raw,10,7,0,2000
main_raw_spearman,Le'anhe,乐安河,Winter,13,spearman,raw,10,8,0.0005,2000
main_raw_spearman,Le'anhe,乐安河,Winter,13,spearman,raw,10,9,0,2000
main_raw_spearman,Le'anhe,乐安河,Winter,13,spearman,raw,10,10,0.0035,2000
main_raw_spearman,Le'anhe,乐安河,Winter,13,spearman,raw,15,0,0,2000
main_raw_spearman,Le'anhe,乐安河,Winter,13,spearman,raw,15,1,0,2000
main_raw_spearman,Le'anhe,乐安河,Winter,13,spearman,raw,15,2,0.068,2000
main_raw_spearman,Le'anhe,乐安河,Winter,13,spearman,raw,15,3,0.897,2000
main_raw_spearman,Le'anhe,乐安河,Winter,13,spearman,raw,15,4,0.0205,2000
main_raw_spearman,Le'anhe,乐安河,Winter,13,spearman,raw,15,5,0.0035,2000
main_raw_spearman,Le'anhe,乐安河,Winter,13,spearman,raw,15,6,0.0015,2000
main_raw_spearman,Le'anhe,乐安河,Winter,13,spearman,raw,15,7,0,2000
main_raw_spearman,Le'anhe,乐安河,Winter,13,spearman,raw,15,8,0.0005,2000
main_raw_spearman,Le'anhe,乐安河,Winter,13,spearman,raw,15,9,0,2000
main_raw_spearman,Le'anhe,乐安河,Winter,13,spearman,raw,15,10,0.0015,2000
main_raw_spearman,Le'anhe,乐安河,Winter,13,spearman,raw,15,11,0.007,2000
main_raw_spearman,Le'anhe,乐安河,Winter,13,spearman,raw,15,12,0.0005,2000
main_raw_spearman,Le'anhe,乐安河,Winter,13,spearman,raw,15,13,0,2000
main_raw_spearman,Le'anhe,乐安河,Winter,13,spearman,raw,15,14,0,2000
main_raw_spearman,Le'anhe,乐安河,Winter,13,spearman,raw,15,15,0,2000
main_raw_spearman,Le'anhe,乐安河,Winter,13,spearman,raw,20,0,0,2000
main_raw_spearman,Le'anhe,乐安河,Winter,13,spearman,raw,20,1,0,2000
main_raw_spearman,Le'anhe,乐安河,Winter,13,spearman,raw,20,2,0.068,2000
main_raw_spearman,Le'anhe,乐安河,Winter,13,spearman,raw,20,3,0.897,2000
main_raw_spearman,Le'anhe,乐安河,Winter,13,spearman,raw,20,4,0.0205,2000
main_raw_spearman,Le'anhe,乐安河,Winter,13,spearman,raw,20,5,0.0035,2000
main_raw_spearman,Le'anhe,乐安河,Winter,13,spearman,raw,20,6,0.0015,2000
main_raw_spearman,Le'anhe,乐安河,Winter,13,spearman,raw,20,7,0,2000
main_raw_spearman,Le'anhe,乐安河,Winter,13,spearman,raw,20,8,0.0005,2000
main_raw_spearman,Le'anhe,乐安河,Winter,13,spearman,raw,20,9,0,2000
main_raw_spearman,Le'anhe,乐安河,Winter,13,spearman,raw,20,10,0.0015,2000
main_raw_spearman,Le'anhe,乐安河,Winter,13,spearman,raw,20,11,0.0065,2000
main_raw_spearman,Le'anhe,乐安河,Winter,13,spearman,raw,20,12,0.0005,2000
main_raw_spearman,Le'anhe,乐安河,Winter,13,spearman,raw,20,13,0,2000
main_raw_spearman,Le'anhe,乐安河,Winter,13,spearman,raw,20,14,0,2000
main_raw_spearman,Le'anhe,乐安河,Winter,13,spearman,raw,20,15,0,2000
main_raw_spearman,Le'anhe,乐安河,Winter,13,spearman,raw,20,16,0,2000
main_raw_spearman,Le'anhe,乐安河,Winter,13,spearman,raw,20,17,0,2000
main_raw_spearman,Le'anhe,乐安河,Winter,13,spearman,raw,20,18,0,2000
main_raw_spearman,Le'anhe,乐安河,Winter,13,spearman,raw,20,19,0.0005,2000
main_raw_spearman,Le'anhe,乐安河,Winter,13,spearman,raw,20,20,0,2000
main_raw_spearman,Liaohe,潦河,All,14,spearman,raw,10,0,0,2000
main_raw_spearman,Liaohe,潦河,All,14,spearman,raw,10,1,0.4155,2000
main_raw_spearman,Liaohe,潦河,All,14,spearman,raw,10,2,0.5845,2000
main_raw_spearman,Liaohe,潦河,All,14,spearman,raw,10,3,0,2000
main_raw_spearman,Liaohe,潦河,All,14,spearman,raw,10,4,0,2000
main_raw_spearman,Liaohe,潦河,All,14,spearman,raw,10,5,0,2000
main_raw_spearman,Liaohe,潦河,All,14,spearman,raw,10,6,0,2000
main_raw_spearman,Liaohe,潦河,All,14,spearman,raw,10,7,0,2000
main_raw_spearman,Liaohe,潦河,All,14,spearman,raw,10,8,0,2000
main_raw_spearman,Liaohe,潦河,All,14,spearman,raw,10,9,0,2000
main_raw_spearman,Liaohe,潦河,All,14,spearman,raw,10,10,0,2000
main_raw_spearman,Liaohe,潦河,All,14,spearman,raw,15,0,0,2000
main_raw_spearman,Liaohe,潦河,All,14,spearman,raw,15,1,0.4155,2000
main_raw_spearman,Liaohe,潦河,All,14,spearman,raw,15,2,0.5845,2000
main_raw_spearman,Liaohe,潦河,All,14,spearman,raw,15,3,0,2000
main_raw_spearman,Liaohe,潦河,All,14,spearman,raw,15,4,0,2000
main_raw_spearman,Liaohe,潦河,All,14,spearman,raw,15,5,0,2000
main_raw_spearman,Liaohe,潦河,All,14,spearman,raw,15,6,0,2000
main_raw_spearman,Liaohe,潦河,All,14,spearman,raw,15,7,0,2000
main_raw_spearman,Liaohe,潦河,All,14,spearman,raw,15,8,0,2000
main_raw_spearman,Liaohe,潦河,All,14,spearman,raw,15,9,0,2000
main_raw_spearman,Liaohe,潦河,All,14,spearman,raw,15,10,0,2000
main_raw_spearman,Liaohe,潦河,All,14,spearman,raw,15,11,0,2000
main_raw_spearman,Liaohe,潦河,All,14,spearman,raw,15,12,0,2000
main_raw_spearman,Liaohe,潦河,All,14,spearman,raw,15,13,0,2000
main_raw_spearman,Liaohe,潦河,All,14,spearman,raw,15,14,0,2000
main_raw_spearman,Liaohe,潦河,All,14,spearman,raw,15,15,0,2000
main_raw_spearman,Liaohe,潦河,All,14,spearman,raw,20,0,0,2000
main_raw_spearman,Liaohe,潦河,All,14,spearman,raw,20,1,0.4155,2000
main_raw_spearman,Liaohe,潦河,All,14,spearman,raw,20,2,0.5845,2000
main_raw_spearman,Liaohe,潦河,All,14,spearman,raw,20,3,0,2000
main_raw_spearman,Liaohe,潦河,All,14,spearman,raw,20,4,0,2000
main_raw_spearman,Liaohe,潦河,All,14,spearman,raw,20,5,0,2000
main_raw_spearman,Liaohe,潦河,All,14,spearman,raw,20,6,0,2000
main_raw_spearman,Liaohe,潦河,All,14,spearman,raw,20,7,0,2000
main_raw_spearman,Liaohe,潦河,All,14,spearman,raw,20,8,0,2000
main_raw_spearman,Liaohe,潦河,All,14,spearman,raw,20,9,0,2000
main_raw_spearman,Liaohe,潦河,All,14,spearman,raw,20,10,0,2000
main_raw_spearman,Liaohe,潦河,All,14,spearman,raw,20,11,0,2000
main_raw_spearman,Liaohe,潦河,All,14,spearman,raw,20,12,0,2000
main_raw_spearman,Liaohe,潦河,All,14,spearman,raw,20,13,0,2000
main_raw_spearman,Liaohe,潦河,All,14,spearman,raw,20,14,0,2000
main_raw_spearman,Liaohe,潦河,All,14,spearman,raw,20,15,0,2000
main_raw_spearman,Liaohe,潦河,All,14,spearman,raw,20,16,0,2000
main_raw_spearman,Liaohe,潦河,All,14,spearman,raw,20,17,0,2000
main_raw_spearman,Liaohe,潦河,All,14,spearman,raw,20,18,0,2000
main_raw_spearman,Liaohe,潦河,All,14,spearman,raw,20,19,0,2000
main_raw_spearman,Liaohe,潦河,All,14,spearman,raw,20,20,0,2000
main_raw_spearman,Liaohe,潦河,Autumn,14,spearman,raw,10,0,0,2000
main_raw_spearman,Liaohe,潦河,Autumn,14,spearman,raw,10,1,0,2000
main_raw_spearman,Liaohe,潦河,Autumn,14,spearman,raw,10,2,0.9295,2000
main_raw_spearman,Liaohe,潦河,Autumn,14,spearman,raw,10,3,0.0655,2000
main_raw_spearman,Liaohe,潦河,Autumn,14,spearman,raw,10,4,0,2000
main_raw_spearman,Liaohe,潦河,Autumn,14,spearman,raw,10,5,0,2000
main_raw_spearman,Liaohe,潦河,Autumn,14,spearman,raw,10,6,0,2000
main_raw_spearman,Liaohe,潦河,Autumn,14,spearman,raw,10,7,0.0005,2000
main_raw_spearman,Liaohe,潦河,Autumn,14,spearman,raw,10,8,0.0025,2000
main_raw_spearman,Liaohe,潦河,Autumn,14,spearman,raw,10,9,0,2000
main_raw_spearman,Liaohe,潦河,Autumn,14,spearman,raw,10,10,0.002,2000
main_raw_spearman,Liaohe,潦河,Autumn,14,spearman,raw,15,0,0,2000
main_raw_spearman,Liaohe,潦河,Autumn,14,spearman,raw,15,1,0,2000
main_raw_spearman,Liaohe,潦河,Autumn,14,spearman,raw,15,2,0.9145,2000
main_raw_spearman,Liaohe,潦河,Autumn,14,spearman,raw,15,3,0.065,2000
main_raw_spearman,Liaohe,潦河,Autumn,14,spearman,raw,15,4,0,2000
main_raw_spearman,Liaohe,潦河,Autumn,14,spearman,raw,15,5,0,2000
main_raw_spearman,Liaohe,潦河,Autumn,14,spearman,raw,15,6,0,2000
main_raw_spearman,Liaohe,潦河,Autumn,14,spearman,raw,15,7,0,2000
main_raw_spearman,Liaohe,潦河,Autumn,14,spearman,raw,15,8,0.001,2000
main_raw_spearman,Liaohe,潦河,Autumn,14,spearman,raw,15,9,0,2000
main_raw_spearman,Liaohe,潦河,Autumn,14,spearman,raw,15,10,0.0005,2000
main_raw_spearman,Liaohe,潦河,Autumn,14,spearman,raw,15,11,0,2000
main_raw_spearman,Liaohe,潦河,Autumn,14,spearman,raw,15,12,0.0055,2000
main_raw_spearman,Liaohe,潦河,Autumn,14,spearman,raw,15,13,0.0005,2000
main_raw_spearman,Liaohe,潦河,Autumn,14,spearman,raw,15,14,0.008,2000
main_raw_spearman,Liaohe,潦河,Autumn,14,spearman,raw,15,15,0.005,2000
main_raw_spearman,Liaohe,潦河,Autumn,14,spearman,raw,20,0,0,2000
main_raw_spearman,Liaohe,潦河,Autumn,14,spearman,raw,20,1,0,2000
main_raw_spearman,Liaohe,潦河,Autumn,14,spearman,raw,20,2,0.914,2000
main_raw_spearman,Liaohe,潦河,Autumn,14,spearman,raw,20,3,0.065,2000
main_raw_spearman,Liaohe,潦河,Autumn,14,spearman,raw,20,4,0,2000
main_raw_spearman,Liaohe,潦河,Autumn,14,spearman,raw,20,5,0,2000
main_raw_spearman,Liaohe,潦河,Autumn,14,spearman,raw,20,6,0,2000
main_raw_spearman,Liaohe,潦河,Autumn,14,spearman,raw,20,7,0,2000
main_raw_spearman,Liaohe,潦河,Autumn,14,spearman,raw,20,8,0.001,2000
main_raw_spearman,Liaohe,潦河,Autumn,14,spearman,raw,20,9,0,2000
main_raw_spearman,Liaohe,潦河,Autumn,14,spearman,raw,20,10,0.0005,2000
main_raw_spearman,Liaohe,潦河,Autumn,14,spearman,raw,20,11,0,2000
main_raw_spearman,Liaohe,潦河,Autumn,14,spearman,raw,20,12,0.0055,2000
main_raw_spearman,Liaohe,潦河,Autumn,14,spearman,raw,20,13,0.0005,2000
main_raw_spearman,Liaohe,潦河,Autumn,14,spearman,raw,20,14,0.008,2000
main_raw_spearman,Liaohe,潦河,Autumn,14,spearman,raw,20,15,0.005,2000
main_raw_spearman,Liaohe,潦河,Autumn,14,spearman,raw,20,16,0,2000
main_raw_spearman,Liaohe,潦河,Autumn,14,spearman,raw,20,17,0,2000
main_raw_spearman,Liaohe,潦河,Autumn,14,spearman,raw,20,18,0,2000
main_raw_spearman,Liaohe,潦河,Autumn,14,spearman,raw,20,19,0,2000
main_raw_spearman,Liaohe,潦河,Autumn,14,spearman,raw,20,20,0.0005,2000
main_raw_spearman,Liaohe,潦河,Spring,14,spearman,raw,10,0,0,2000
main_raw_spearman,Liaohe,潦河,Spring,14,spearman,raw,10,1,0.9995,2000
main_raw_spearman,Liaohe,潦河,Spring,14,spearman,raw,10,2,0.0005,2000
main_raw_spearman,Liaohe,潦河,Spring,14,spearman,raw,10,3,0,2000
main_raw_spearman,Liaohe,潦河,Spring,14,spearman,raw,10,4,0,2000
main_raw_spearman,Liaohe,潦河,Spring,14,spearman,raw,10,5,0,2000
main_raw_spearman,Liaohe,潦河,Spring,14,spearman,raw,10,6,0,2000
main_raw_spearman,Liaohe,潦河,Spring,14,spearman,raw,10,7,0,2000
main_raw_spearman,Liaohe,潦河,Spring,14,spearman,raw,10,8,0,2000
main_raw_spearman,Liaohe,潦河,Spring,14,spearman,raw,10,9,0,2000
main_raw_spearman,Liaohe,潦河,Spring,14,spearman,raw,10,10,0,2000
main_raw_spearman,Liaohe,潦河,Spring,14,spearman,raw,15,0,0,2000
main_raw_spearman,Liaohe,潦河,Spring,14,spearman,raw,15,1,0.9995,2000
main_raw_spearman,Liaohe,潦河,Spring,14,spearman,raw,15,2,0.0005,2000
main_raw_spearman,Liaohe,潦河,Spring,14,spearman,raw,15,3,0,2000
main_raw_spearman,Liaohe,潦河,Spring,14,spearman,raw,15,4,0,2000
main_raw_spearman,Liaohe,潦河,Spring,14,spearman,raw,15,5,0,2000
main_raw_spearman,Liaohe,潦河,Spring,14,spearman,raw,15,6,0,2000
main_raw_spearman,Liaohe,潦河,Spring,14,spearman,raw,15,7,0,2000
main_raw_spearman,Liaohe,潦河,Spring,14,spearman,raw,15,8,0,2000
main_raw_spearman,Liaohe,潦河,Spring,14,spearman,raw,15,9,0,2000
main_raw_spearman,Liaohe,潦河,Spring,14,spearman,raw,15,10,0,2000
main_raw_spearman,Liaohe,潦河,Spring,14,spearman,raw,15,11,0,2000
main_raw_spearman,Liaohe,潦河,Spring,14,spearman,raw,15,12,0,2000
main_raw_spearman,Liaohe,潦河,Spring,14,spearman,raw,15,13,0,2000
main_raw_spearman,Liaohe,潦河,Spring,14,spearman,raw,15,14,0,2000
main_raw_spearman,Liaohe,潦河,Spring,14,spearman,raw,15,15,0,2000
main_raw_spearman,Liaohe,潦河,Spring,14,spearman,raw,20,0,0,2000
main_raw_spearman,Liaohe,潦河,Spring,14,spearman,raw,20,1,0.9995,2000
main_raw_spearman,Liaohe,潦河,Spring,14,spearman,raw,20,2,0.0005,2000
main_raw_spearman,Liaohe,潦河,Spring,14,spearman,raw,20,3,0,2000
main_raw_spearman,Liaohe,潦河,Spring,14,spearman,raw,20,4,0,2000
main_raw_spearman,Liaohe,潦河,Spring,14,spearman,raw,20,5,0,2000
main_raw_spearman,Liaohe,潦河,Spring,14,spearman,raw,20,6,0,2000
main_raw_spearman,Liaohe,潦河,Spring,14,spearman,raw,20,7,0,2000
main_raw_spearman,Liaohe,潦河,Spring,14,spearman,raw,20,8,0,2000
main_raw_spearman,Liaohe,潦河,Spring,14,spearman,raw,20,9,0,2000
main_raw_spearman,Liaohe,潦河,Spring,14,spearman,raw,20,10,0,2000
main_raw_spearman,Liaohe,潦河,Spring,14,spearman,raw,20,11,0,2000
main_raw_spearman,Liaohe,潦河,Spring,14,spearman,raw,20,12,0,2000
main_raw_spearman,Liaohe,潦河,Spring,14,spearman,raw,20,13,0,2000
main_raw_spearman,Liaohe,潦河,Spring,14,spearman,raw,20,14,0,2000
main_raw_spearman,Liaohe,潦河,Spring,14,spearman,raw,20,15,0,2000
main_raw_spearman,Liaohe,潦河,Spring,14,spearman,raw,20,16,0,2000
main_raw_spearman,Liaohe,潦河,Spring,14,spearman,raw,20,17,0,2000
main_raw_spearman,Liaohe,潦河,Spring,14,spearman,raw,20,18,0,2000
main_raw_spearman,Liaohe,潦河,Spring,14,spearman,raw,20,19,0,2000
main_raw_spearman,Liaohe,潦河,Spring,14,spearman,raw,20,20,0,2000
main_raw_spearman,Liaohe,潦河,Summer,14,spearman,raw,10,0,0,2000
main_raw_spearman,Liaohe,潦河,Summer,14,spearman,raw,10,1,0.98,2000
main_raw_spearman,Liaohe,潦河,Summer,14,spearman,raw,10,2,0.0195,2000
main_raw_spearman,Liaohe,潦河,Summer,14,spearman,raw,10,3,0,2000
main_raw_spearman,Liaohe,潦河,Summer,14,spearman,raw,10,4,0,2000
main_raw_spearman,Liaohe,潦河,Summer,14,spearman,raw,10,5,0.0005,2000
main_raw_spearman,Liaohe,潦河,Summer,14,spearman,raw,10,6,0,2000
main_raw_spearman,Liaohe,潦河,Summer,14,spearman,raw,10,7,0,2000
main_raw_spearman,Liaohe,潦河,Summer,14,spearman,raw,10,8,0,2000
main_raw_spearman,Liaohe,潦河,Summer,14,spearman,raw,10,9,0,2000
main_raw_spearman,Liaohe,潦河,Summer,14,spearman,raw,10,10,0,2000
main_raw_spearman,Liaohe,潦河,Summer,14,spearman,raw,15,0,0,2000
main_raw_spearman,Liaohe,潦河,Summer,14,spearman,raw,15,1,0.98,2000
main_raw_spearman,Liaohe,潦河,Summer,14,spearman,raw,15,2,0.0195,2000
main_raw_spearman,Liaohe,潦河,Summer,14,spearman,raw,15,3,0,2000
main_raw_spearman,Liaohe,潦河,Summer,14,spearman,raw,15,4,0,2000
main_raw_spearman,Liaohe,潦河,Summer,14,spearman,raw,15,5,0.0005,2000
main_raw_spearman,Liaohe,潦河,Summer,14,spearman,raw,15,6,0,2000
main_raw_spearman,Liaohe,潦河,Summer,14,spearman,raw,15,7,0,2000
main_raw_spearman,Liaohe,潦河,Summer,14,spearman,raw,15,8,0,2000
main_raw_spearman,Liaohe,潦河,Summer,14,spearman,raw,15,9,0,2000
main_raw_spearman,Liaohe,潦河,Summer,14,spearman,raw,15,10,0,2000
main_raw_spearman,Liaohe,潦河,Summer,14,spearman,raw,15,11,0,2000
main_raw_spearman,Liaohe,潦河,Summer,14,spearman,raw,15,12,0,2000
main_raw_spearman,Liaohe,潦河,Summer,14,spearman,raw,15,13,0,2000
main_raw_spearman,Liaohe,潦河,Summer,14,spearman,raw,15,14,0,2000
main_raw_spearman,Liaohe,潦河,Summer,14,spearman,raw,15,15,0,2000
main_raw_spearman,Liaohe,潦河,Summer,14,spearman,raw,20,0,0,2000
main_raw_spearman,Liaohe,潦河,Summer,14,spearman,raw,20,1,0.98,2000
main_raw_spearman,Liaohe,潦河,Summer,14,spearman,raw,20,2,0.0195,2000
main_raw_spearman,Liaohe,潦河,Summer,14,spearman,raw,20,3,0,2000
main_raw_spearman,Liaohe,潦河,Summer,14,spearman,raw,20,4,0,2000
main_raw_spearman,Liaohe,潦河,Summer,14,spearman,raw,20,5,0.0005,2000
main_raw_spearman,Liaohe,潦河,Summer,14,spearman,raw,20,6,0,2000
main_raw_spearman,Liaohe,潦河,Summer,14,spearman,raw,20,7,0,2000
main_raw_spearman,Liaohe,潦河,Summer,14,spearman,raw,20,8,0,2000
main_raw_spearman,Liaohe,潦河,Summer,14,spearman,raw,20,9,0,2000
main_raw_spearman,Liaohe,潦河,Summer,14,spearman,raw,20,10,0,2000
main_raw_spearman,Liaohe,潦河,Summer,14,spearman,raw,20,11,0,2000
main_raw_spearman,Liaohe,潦河,Summer,14,spearman,raw,20,12,0,2000
main_raw_spearman,Liaohe,潦河,Summer,14,spearman,raw,20,13,0,2000
main_raw_spearman,Liaohe,潦河,Summer,14,spearman,raw,20,14,0,2000
main_raw_spearman,Liaohe,潦河,Summer,14,spearman,raw,20,15,0,2000
main_raw_spearman,Liaohe,潦河,Summer,14,spearman,raw,20,16,0,2000
main_raw_spearman,Liaohe,潦河,Summer,14,spearman,raw,20,17,0,2000
main_raw_spearman,Liaohe,潦河,Summer,14,spearman,raw,20,18,0,2000
main_raw_spearman,Liaohe,潦河,Summer,14,spearman,raw,20,19,0,2000
main_raw_spearman,Liaohe,潦河,Summer,14,spearman,raw,20,20,0,2000
main_raw_spearman,Liaohe,潦河,Winter,13,spearman,raw,10,0,0,2000
main_raw_spearman,Liaohe,潦河,Winter,13,spearman,raw,10,1,0,2000
main_raw_spearman,Liaohe,潦河,Winter,13,spearman,raw,10,2,0.854,2000
main_raw_spearman,Liaohe,潦河,Winter,13,spearman,raw,10,3,0.1385,2000
main_raw_spearman,Liaohe,潦河,Winter,13,spearman,raw,10,4,0,2000
main_raw_spearman,Liaohe,潦河,Winter,13,spearman,raw,10,5,0.0005,2000
main_raw_spearman,Liaohe,潦河,Winter,13,spearman,raw,10,6,0,2000
main_raw_spearman,Liaohe,潦河,Winter,13,spearman,raw,10,7,0.0015,2000
main_raw_spearman,Liaohe,潦河,Winter,13,spearman,raw,10,8,0.0055,2000
main_raw_spearman,Liaohe,潦河,Winter,13,spearman,raw,10,9,0,2000
main_raw_spearman,Liaohe,潦河,Winter,13,spearman,raw,10,10,0,2000
main_raw_spearman,Liaohe,潦河,Winter,13,spearman,raw,15,0,0,2000
main_raw_spearman,Liaohe,潦河,Winter,13,spearman,raw,15,1,0,2000
main_raw_spearman,Liaohe,潦河,Winter,13,spearman,raw,15,2,0.854,2000
main_raw_spearman,Liaohe,潦河,Winter,13,spearman,raw,15,3,0.1385,2000
main_raw_spearman,Liaohe,潦河,Winter,13,spearman,raw,15,4,0,2000
main_raw_spearman,Liaohe,潦河,Winter,13,spearman,raw,15,5,0.0005,2000
main_raw_spearman,Liaohe,潦河,Winter,13,spearman,raw,15,6,0,2000
main_raw_spearman,Liaohe,潦河,Winter,13,spearman,raw,15,7,0.0015,2000
main_raw_spearman,Liaohe,潦河,Winter,13,spearman,raw,15,8,0.0055,2000
main_raw_spearman,Liaohe,潦河,Winter,13,spearman,raw,15,9,0,2000
main_raw_spearman,Liaohe,潦河,Winter,13,spearman,raw,15,10,0,2000
main_raw_spearman,Liaohe,潦河,Winter,13,spearman,raw,15,11,0,2000
main_raw_spearman,Liaohe,潦河,Winter,13,spearman,raw,15,12,0,2000
main_raw_spearman,Liaohe,潦河,Winter,13,spearman,raw,15,13,0,2000
main_raw_spearman,Liaohe,潦河,Winter,13,spearman,raw,15,14,0,2000
main_raw_spearman,Liaohe,潦河,Winter,13,spearman,raw,15,15,0,2000
main_raw_spearman,Liaohe,潦河,Winter,13,spearman,raw,20,0,0,2000
main_raw_spearman,Liaohe,潦河,Winter,13,spearman,raw,20,1,0,2000
main_raw_spearman,Liaohe,潦河,Winter,13,spearman,raw,20,2,0.854,2000
main_raw_spearman,Liaohe,潦河,Winter,13,spearman,raw,20,3,0.1385,2000
main_raw_spearman,Liaohe,潦河,Winter,13,spearman,raw,20,4,0,2000
main_raw_spearman,Liaohe,潦河,Winter,13,spearman,raw,20,5,0.0005,2000
main_raw_spearman,Liaohe,潦河,Winter,13,spearman,raw,20,6,0,2000
main_raw_spearman,Liaohe,潦河,Winter,13,spearman,raw,20,7,0.0015,2000
main_raw_spearman,Liaohe,潦河,Winter,13,spearman,raw,20,8,0.0055,2000
main_raw_spearman,Liaohe,潦河,Winter,13,spearman,raw,20,9,0,2000
main_raw_spearman,Liaohe,潦河,Winter,13,spearman,raw,20,10,0,2000
main_raw_spearman,Liaohe,潦河,Winter,13,spearman,raw,20,11,0,2000
main_raw_spearman,Liaohe,潦河,Winter,13,spearman,raw,20,12,0,2000
main_raw_spearman,Liaohe,潦河,Winter,13,spearman,raw,20,13,0,2000
main_raw_spearman,Liaohe,潦河,Winter,13,spearman,raw,20,14,0,2000
main_raw_spearman,Liaohe,潦河,Winter,13,spearman,raw,20,15,0,2000
main_raw_spearman,Liaohe,潦河,Winter,13,spearman,raw,20,16,0,2000
main_raw_spearman,Liaohe,潦河,Winter,13,spearman,raw,20,17,0,2000
main_raw_spearman,Liaohe,潦河,Winter,13,spearman,raw,20,18,0,2000
main_raw_spearman,Liaohe,潦河,Winter,13,spearman,raw,20,19,0,2000
main_raw_spearman,Liaohe,潦河,Winter,13,spearman,raw,20,20,0,2000
main_raw_spearman,Xinjiang,信江,All,14,spearman,raw,10,0,0,2000
main_raw_spearman,Xinjiang,信江,All,14,spearman,raw,10,1,0,2000
main_raw_spearman,Xinjiang,信江,All,14,spearman,raw,10,2,0.9855,2000
main_raw_spearman,Xinjiang,信江,All,14,spearman,raw,10,3,0.0145,2000
main_raw_spearman,Xinjiang,信江,All,14,spearman,raw,10,4,0,2000
main_raw_spearman,Xinjiang,信江,All,14,spearman,raw,10,5,0,2000
main_raw_spearman,Xinjiang,信江,All,14,spearman,raw,10,6,0,2000
main_raw_spearman,Xinjiang,信江,All,14,spearman,raw,10,7,0,2000
main_raw_spearman,Xinjiang,信江,All,14,spearman,raw,10,8,0,2000
main_raw_spearman,Xinjiang,信江,All,14,spearman,raw,10,9,0,2000
main_raw_spearman,Xinjiang,信江,All,14,spearman,raw,10,10,0,2000
main_raw_spearman,Xinjiang,信江,All,14,spearman,raw,15,0,0,2000
main_raw_spearman,Xinjiang,信江,All,14,spearman,raw,15,1,0,2000
main_raw_spearman,Xinjiang,信江,All,14,spearman,raw,15,2,0.9855,2000
main_raw_spearman,Xinjiang,信江,All,14,spearman,raw,15,3,0.0145,2000
main_raw_spearman,Xinjiang,信江,All,14,spearman,raw,15,4,0,2000
main_raw_spearman,Xinjiang,信江,All,14,spearman,raw,15,5,0,2000
main_raw_spearman,Xinjiang,信江,All,14,spearman,raw,15,6,0,2000
main_raw_spearman,Xinjiang,信江,All,14,spearman,raw,15,7,0,2000
main_raw_spearman,Xinjiang,信江,All,14,spearman,raw,15,8,0,2000
main_raw_spearman,Xinjiang,信江,All,14,spearman,raw,15,9,0,2000
main_raw_spearman,Xinjiang,信江,All,14,spearman,raw,15,10,0,2000
main_raw_spearman,Xinjiang,信江,All,14,spearman,raw,15,11,0,2000
main_raw_spearman,Xinjiang,信江,All,14,spearman,raw,15,12,0,2000
main_raw_spearman,Xinjiang,信江,All,14,spearman,raw,15,13,0,2000
main_raw_spearman,Xinjiang,信江,All,14,spearman,raw,15,14,0,2000
main_raw_spearman,Xinjiang,信江,All,14,spearman,raw,15,15,0,2000
main_raw_spearman,Xinjiang,信江,All,14,spearman,raw,20,0,0,2000
main_raw_spearman,Xinjiang,信江,All,14,spearman,raw,20,1,0,2000
main_raw_spearman,Xinjiang,信江,All,14,spearman,raw,20,2,0.9855,2000
main_raw_spearman,Xinjiang,信江,All,14,spearman,raw,20,3,0.0145,2000
main_raw_spearman,Xinjiang,信江,All,14,spearman,raw,20,4,0,2000
main_raw_spearman,Xinjiang,信江,All,14,spearman,raw,20,5,0,2000
main_raw_spearman,Xinjiang,信江,All,14,spearman,raw,20,6,0,2000
main_raw_spearman,Xinjiang,信江,All,14,spearman,raw,20,7,0,2000
main_raw_spearman,Xinjiang,信江,All,14,spearman,raw,20,8,0,2000
main_raw_spearman,Xinjiang,信江,All,14,spearman,raw,20,9,0,2000
main_raw_spearman,Xinjiang,信江,All,14,spearman,raw,20,10,0,2000
main_raw_spearman,Xinjiang,信江,All,14,spearman,raw,20,11,0,2000
main_raw_spearman,Xinjiang,信江,All,14,spearman,raw,20,12,0,2000
main_raw_spearman,Xinjiang,信江,All,14,spearman,raw,20,13,0,2000
main_raw_spearman,Xinjiang,信江,All,14,spearman,raw,20,14,0,2000
main_raw_spearman,Xinjiang,信江,All,14,spearman,raw,20,15,0,2000
main_raw_spearman,Xinjiang,信江,All,14,spearman,raw,20,16,0,2000
main_raw_spearman,Xinjiang,信江,All,14,spearman,raw,20,17,0,2000
main_raw_spearman,Xinjiang,信江,All,14,spearman,raw,20,18,0,2000
main_raw_spearman,Xinjiang,信江,All,14,spearman,raw,20,19,0,2000
main_raw_spearman,Xinjiang,信江,All,14,spearman,raw,20,20,0,2000
main_raw_spearman,Xinjiang,信江,Autumn,14,spearman,raw,10,0,0,2000
main_raw_spearman,Xinjiang,信江,Autumn,14,spearman,raw,10,1,0,2000
main_raw_spearman,Xinjiang,信江,Autumn,14,spearman,raw,10,2,0.005,2000
main_raw_spearman,Xinjiang,信江,Autumn,14,spearman,raw,10,3,0.5735,2000
main_raw_spearman,Xinjiang,信江,Autumn,14,spearman,raw,10,4,0.3415,2000
main_raw_spearman,Xinjiang,信江,Autumn,14,spearman,raw,10,5,0.0665,2000
main_raw_spearman,Xinjiang,信江,Autumn,14,spearman,raw,10,6,0.0075,2000
main_raw_spearman,Xinjiang,信江,Autumn,14,spearman,raw,10,7,0.001,2000
main_raw_spearman,Xinjiang,信江,Autumn,14,spearman,raw,10,8,0.005,2000
main_raw_spearman,Xinjiang,信江,Autumn,14,spearman,raw,10,9,0,2000
main_raw_spearman,Xinjiang,信江,Autumn,14,spearman,raw,10,10,0,2000
main_raw_spearman,Xinjiang,信江,Autumn,14,spearman,raw,15,0,0,2000
main_raw_spearman,Xinjiang,信江,Autumn,14,spearman,raw,15,1,0,2000
main_raw_spearman,Xinjiang,信江,Autumn,14,spearman,raw,15,2,0.005,2000
main_raw_spearman,Xinjiang,信江,Autumn,14,spearman,raw,15,3,0.5735,2000
main_raw_spearman,Xinjiang,信江,Autumn,14,spearman,raw,15,4,0.3415,2000
main_raw_spearman,Xinjiang,信江,Autumn,14,spearman,raw,15,5,0.0665,2000
main_raw_spearman,Xinjiang,信江,Autumn,14,spearman,raw,15,6,0.0075,2000
main_raw_spearman,Xinjiang,信江,Autumn,14,spearman,raw,15,7,0.001,2000
main_raw_spearman,Xinjiang,信江,Autumn,14,spearman,raw,15,8,0.005,2000
main_raw_spearman,Xinjiang,信江,Autumn,14,spearman,raw,15,9,0,2000
main_raw_spearman,Xinjiang,信江,Autumn,14,spearman,raw,15,10,0,2000
main_raw_spearman,Xinjiang,信江,Autumn,14,spearman,raw,15,11,0,2000
main_raw_spearman,Xinjiang,信江,Autumn,14,spearman,raw,15,12,0,2000
main_raw_spearman,Xinjiang,信江,Autumn,14,spearman,raw,15,13,0,2000
main_raw_spearman,Xinjiang,信江,Autumn,14,spearman,raw,15,14,0,2000
main_raw_spearman,Xinjiang,信江,Autumn,14,spearman,raw,15,15,0,2000
main_raw_spearman,Xinjiang,信江,Autumn,14,spearman,raw,20,0,0,2000
main_raw_spearman,Xinjiang,信江,Autumn,14,spearman,raw,20,1,0,2000
main_raw_spearman,Xinjiang,信江,Autumn,14,spearman,raw,20,2,0.005,2000
main_raw_spearman,Xinjiang,信江,Autumn,14,spearman,raw,20,3,0.5735,2000
main_raw_spearman,Xinjiang,信江,Autumn,14,spearman,raw,20,4,0.3415,2000
main_raw_spearman,Xinjiang,信江,Autumn,14,spearman,raw,20,5,0.0665,2000
main_raw_spearman,Xinjiang,信江,Autumn,14,spearman,raw,20,6,0.0075,2000
main_raw_spearman,Xinjiang,信江,Autumn,14,spearman,raw,20,7,0.001,2000
main_raw_spearman,Xinjiang,信江,Autumn,14,spearman,raw,20,8,0.005,2000
main_raw_spearman,Xinjiang,信江,Autumn,14,spearman,raw,20,9,0,2000
main_raw_spearman,Xinjiang,信江,Autumn,14,spearman,raw,20,10,0,2000
main_raw_spearman,Xinjiang,信江,Autumn,14,spearman,raw,20,11,0,2000
main_raw_spearman,Xinjiang,信江,Autumn,14,spearman,raw,20,12,0,2000
main_raw_spearman,Xinjiang,信江,Autumn,14,spearman,raw,20,13,0,2000
main_raw_spearman,Xinjiang,信江,Autumn,14,spearman,raw,20,14,0,2000
main_raw_spearman,Xinjiang,信江,Autumn,14,spearman,raw,20,15,0,2000
main_raw_spearman,Xinjiang,信江,Autumn,14,spearman,raw,20,16,0,2000
main_raw_spearman,Xinjiang,信江,Autumn,14,spearman,raw,20,17,0,2000
main_raw_spearman,Xinjiang,信江,Autumn,14,spearman,raw,20,18,0,2000
main_raw_spearman,Xinjiang,信江,Autumn,14,spearman,raw,20,19,0,2000
main_raw_spearman,Xinjiang,信江,Autumn,14,spearman,raw,20,20,0,2000
main_raw_spearman,Xinjiang,信江,Spring,14,spearman,raw,10,0,0,2000
main_raw_spearman,Xinjiang,信江,Spring,14,spearman,raw,10,1,0,2000
main_raw_spearman,Xinjiang,信江,Spring,14,spearman,raw,10,2,1,2000
main_raw_spearman,Xinjiang,信江,Spring,14,spearman,raw,10,3,0,2000
main_raw_spearman,Xinjiang,信江,Spring,14,spearman,raw,10,4,0,2000
main_raw_spearman,Xinjiang,信江,Spring,14,spearman,raw,10,5,0,2000
main_raw_spearman,Xinjiang,信江,Spring,14,spearman,raw,10,6,0,2000
main_raw_spearman,Xinjiang,信江,Spring,14,spearman,raw,10,7,0,2000
main_raw_spearman,Xinjiang,信江,Spring,14,spearman,raw,10,8,0,2000
main_raw_spearman,Xinjiang,信江,Spring,14,spearman,raw,10,9,0,2000
main_raw_spearman,Xinjiang,信江,Spring,14,spearman,raw,10,10,0,2000
main_raw_spearman,Xinjiang,信江,Spring,14,spearman,raw,15,0,0,2000
main_raw_spearman,Xinjiang,信江,Spring,14,spearman,raw,15,1,0,2000
main_raw_spearman,Xinjiang,信江,Spring,14,spearman,raw,15,2,1,2000
main_raw_spearman,Xinjiang,信江,Spring,14,spearman,raw,15,3,0,2000
main_raw_spearman,Xinjiang,信江,Spring,14,spearman,raw,15,4,0,2000
main_raw_spearman,Xinjiang,信江,Spring,14,spearman,raw,15,5,0,2000
main_raw_spearman,Xinjiang,信江,Spring,14,spearman,raw,15,6,0,2000
main_raw_spearman,Xinjiang,信江,Spring,14,spearman,raw,15,7,0,2000
main_raw_spearman,Xinjiang,信江,Spring,14,spearman,raw,15,8,0,2000
main_raw_spearman,Xinjiang,信江,Spring,14,spearman,raw,15,9,0,2000
main_raw_spearman,Xinjiang,信江,Spring,14,spearman,raw,15,10,0,2000
main_raw_spearman,Xinjiang,信江,Spring,14,spearman,raw,15,11,0,2000
main_raw_spearman,Xinjiang,信江,Spring,14,spearman,raw,15,12,0,2000
main_raw_spearman,Xinjiang,信江,Spring,14,spearman,raw,15,13,0,2000
main_raw_spearman,Xinjiang,信江,Spring,14,spearman,raw,15,14,0,2000
main_raw_spearman,Xinjiang,信江,Spring,14,spearman,raw,15,15,0,2000
main_raw_spearman,Xinjiang,信江,Spring,14,spearman,raw,20,0,0,2000
main_raw_spearman,Xinjiang,信江,Spring,14,spearman,raw,20,1,0,2000
main_raw_spearman,Xinjiang,信江,Spring,14,spearman,raw,20,2,1,2000
main_raw_spearman,Xinjiang,信江,Spring,14,spearman,raw,20,3,0,2000
main_raw_spearman,Xinjiang,信江,Spring,14,spearman,raw,20,4,0,2000
main_raw_spearman,Xinjiang,信江,Spring,14,spearman,raw,20,5,0,2000
main_raw_spearman,Xinjiang,信江,Spring,14,spearman,raw,20,6,0,2000
main_raw_spearman,Xinjiang,信江,Spring,14,spearman,raw,20,7,0,2000
main_raw_spearman,Xinjiang,信江,Spring,14,spearman,raw,20,8,0,2000
main_raw_spearman,Xinjiang,信江,Spring,14,spearman,raw,20,9,0,2000
main_raw_spearman,Xinjiang,信江,Spring,14,spearman,raw,20,10,0,2000
main_raw_spearman,Xinjiang,信江,Spring,14,spearman,raw,20,11,0,2000
main_raw_spearman,Xinjiang,信江,Spring,14,spearman,raw,20,12,0,2000
main_raw_spearman,Xinjiang,信江,Spring,14,spearman,raw,20,13,0,2000
main_raw_spearman,Xinjiang,信江,Spring,14,spearman,raw,20,14,0,2000
main_raw_spearman,Xinjiang,信江,Spring,14,spearman,raw,20,15,0,2000
main_raw_spearman,Xinjiang,信江,Spring,14,spearman,raw,20,16,0,2000
main_raw_spearman,Xinjiang,信江,Spring,14,spearman,raw,20,17,0,2000
main_raw_spearman,Xinjiang,信江,Spring,14,spearman,raw,20,18,0,2000
main_raw_spearman,Xinjiang,信江,Spring,14,spearman,raw,20,19,0,2000
main_raw_spearman,Xinjiang,信江,Spring,14,spearman,raw,20,20,0,2000
main_raw_spearman,Xinjiang,信江,Summer,14,spearman,raw,10,0,0,2000
main_raw_spearman,Xinjiang,信江,Summer,14,spearman,raw,10,1,0,2000
main_raw_spearman,Xinjiang,信江,Summer,14,spearman,raw,10,2,1,2000
main_raw_spearman,Xinjiang,信江,Summer,14,spearman,raw,10,3,0,2000
main_raw_spearman,Xinjiang,信江,Summer,14,spearman,raw,10,4,0,2000
main_raw_spearman,Xinjiang,信江,Summer,14,spearman,raw,10,5,0,2000
main_raw_spearman,Xinjiang,信江,Summer,14,spearman,raw,10,6,0,2000
main_raw_spearman,Xinjiang,信江,Summer,14,spearman,raw,10,7,0,2000
main_raw_spearman,Xinjiang,信江,Summer,14,spearman,raw,10,8,0,2000
main_raw_spearman,Xinjiang,信江,Summer,14,spearman,raw,10,9,0,2000
main_raw_spearman,Xinjiang,信江,Summer,14,spearman,raw,10,10,0,2000
main_raw_spearman,Xinjiang,信江,Summer,14,spearman,raw,15,0,0,2000
main_raw_spearman,Xinjiang,信江,Summer,14,spearman,raw,15,1,0,2000
main_raw_spearman,Xinjiang,信江,Summer,14,spearman,raw,15,2,1,2000
main_raw_spearman,Xinjiang,信江,Summer,14,spearman,raw,15,3,0,2000
main_raw_spearman,Xinjiang,信江,Summer,14,spearman,raw,15,4,0,2000
main_raw_spearman,Xinjiang,信江,Summer,14,spearman,raw,15,5,0,2000
main_raw_spearman,Xinjiang,信江,Summer,14,spearman,raw,15,6,0,2000
main_raw_spearman,Xinjiang,信江,Summer,14,spearman,raw,15,7,0,2000
main_raw_spearman,Xinjiang,信江,Summer,14,spearman,raw,15,8,0,2000
main_raw_spearman,Xinjiang,信江,Summer,14,spearman,raw,15,9,0,2000
main_raw_spearman,Xinjiang,信江,Summer,14,spearman,raw,15,10,0,2000
main_raw_spearman,Xinjiang,信江,Summer,14,spearman,raw,15,11,0,2000
main_raw_spearman,Xinjiang,信江,Summer,14,spearman,raw,15,12,0,2000
main_raw_spearman,Xinjiang,信江,Summer,14,spearman,raw,15,13,0,2000
main_raw_spearman,Xinjiang,信江,Summer,14,spearman,raw,15,14,0,2000
main_raw_spearman,Xinjiang,信江,Summer,14,spearman,raw,15,15,0,2000
main_raw_spearman,Xinjiang,信江,Summer,14,spearman,raw,20,0,0,2000
main_raw_spearman,Xinjiang,信江,Summer,14,spearman,raw,20,1,0,2000
main_raw_spearman,Xinjiang,信江,Summer,14,spearman,raw,20,2,1,2000
main_raw_spearman,Xinjiang,信江,Summer,14,spearman,raw,20,3,0,2000
main_raw_spearman,Xinjiang,信江,Summer,14,spearman,raw,20,4,0,2000
main_raw_spearman,Xinjiang,信江,Summer,14,spearman,raw,20,5,0,2000
main_raw_spearman,Xinjiang,信江,Summer,14,spearman,raw,20,6,0,2000
main_raw_spearman,Xinjiang,信江,Summer,14,spearman,raw,20,7,0,2000
main_raw_spearman,Xinjiang,信江,Summer,14,spearman,raw,20,8,0,2000
main_raw_spearman,Xinjiang,信江,Summer,14,spearman,raw,20,9,0,2000
main_raw_spearman,Xinjiang,信江,Summer,14,spearman,raw,20,10,0,2000
main_raw_spearman,Xinjiang,信江,Summer,14,spearman,raw,20,11,0,2000
main_raw_spearman,Xinjiang,信江,Summer,14,spearman,raw,20,12,0,2000
main_raw_spearman,Xinjiang,信江,Summer,14,spearman,raw,20,13,0,2000
main_raw_spearman,Xinjiang,信江,Summer,14,spearman,raw,20,14,0,2000
main_raw_spearman,Xinjiang,信江,Summer,14,spearman,raw,20,15,0,2000
main_raw_spearman,Xinjiang,信江,Summer,14,spearman,raw,20,16,0,2000
main_raw_spearman,Xinjiang,信江,Summer,14,spearman,raw,20,17,0,2000
main_raw_spearman,Xinjiang,信江,Summer,14,spearman,raw,20,18,0,2000
main_raw_spearman,Xinjiang,信江,Summer,14,spearman,raw,20,19,0,2000
main_raw_spearman,Xinjiang,信江,Summer,14,spearman,raw,20,20,0,2000
main_raw_spearman,Xinjiang,信江,Winter,13,spearman,raw,10,0,0,2000
main_raw_spearman,Xinjiang,信江,Winter,13,spearman,raw,10,1,0,2000
main_raw_spearman,Xinjiang,信江,Winter,13,spearman,raw,10,2,0.095,2000
main_raw_spearman,Xinjiang,信江,Winter,13,spearman,raw,10,3,0.5035,2000
main_raw_spearman,Xinjiang,信江,Winter,13,spearman,raw,10,4,0.276,2000
main_raw_spearman,Xinjiang,信江,Winter,13,spearman,raw,10,5,0.0755,2000
main_raw_spearman,Xinjiang,信江,Winter,13,spearman,raw,10,6,0.0165,2000
main_raw_spearman,Xinjiang,信江,Winter,13,spearman,raw,10,7,0.0155,2000
main_raw_spearman,Xinjiang,信江,Winter,13,spearman,raw,10,8,0.012,2000
main_raw_spearman,Xinjiang,信江,Winter,13,spearman,raw,10,9,0.0055,2000
main_raw_spearman,Xinjiang,信江,Winter,13,spearman,raw,10,10,0.0005,2000
main_raw_spearman,Xinjiang,信江,Winter,13,spearman,raw,15,0,0,2000
main_raw_spearman,Xinjiang,信江,Winter,13,spearman,raw,15,1,0,2000
main_raw_spearman,Xinjiang,信江,Winter,13,spearman,raw,15,2,0.095,2000
main_raw_spearman,Xinjiang,信江,Winter,13,spearman,raw,15,3,0.5035,2000
main_raw_spearman,Xinjiang,信江,Winter,13,spearman,raw,15,4,0.276,2000
main_raw_spearman,Xinjiang,信江,Winter,13,spearman,raw,15,5,0.0755,2000
main_raw_spearman,Xinjiang,信江,Winter,13,spearman,raw,15,6,0.0165,2000
main_raw_spearman,Xinjiang,信江,Winter,13,spearman,raw,15,7,0.0155,2000
main_raw_spearman,Xinjiang,信江,Winter,13,spearman,raw,15,8,0.012,2000
main_raw_spearman,Xinjiang,信江,Winter,13,spearman,raw,15,9,0.0055,2000
main_raw_spearman,Xinjiang,信江,Winter,13,spearman,raw,15,10,0.0005,2000
main_raw_spearman,Xinjiang,信江,Winter,13,spearman,raw,15,11,0,2000
main_raw_spearman,Xinjiang,信江,Winter,13,spearman,raw,15,12,0,2000
main_raw_spearman,Xinjiang,信江,Winter,13,spearman,raw,15,13,0,2000
main_raw_spearman,Xinjiang,信江,Winter,13,spearman,raw,15,14,0,2000
main_raw_spearman,Xinjiang,信江,Winter,13,spearman,raw,15,15,0,2000
main_raw_spearman,Xinjiang,信江,Winter,13,spearman,raw,20,0,0,2000
main_raw_spearman,Xinjiang,信江,Winter,13,spearman,raw,20,1,0,2000
main_raw_spearman,Xinjiang,信江,Winter,13,spearman,raw,20,2,0.095,2000
main_raw_spearman,Xinjiang,信江,Winter,13,spearman,raw,20,3,0.5035,2000
main_raw_spearman,Xinjiang,信江,Winter,13,spearman,raw,20,4,0.276,2000
main_raw_spearman,Xinjiang,信江,Winter,13,spearman,raw,20,5,0.0755,2000
main_raw_spearman,Xinjiang,信江,Winter,13,spearman,raw,20,6,0.0165,2000
main_raw_spearman,Xinjiang,信江,Winter,13,spearman,raw,20,7,0.0155,2000
main_raw_spearman,Xinjiang,信江,Winter,13,spearman,raw,20,8,0.012,2000
main_raw_spearman,Xinjiang,信江,Winter,13,spearman,raw,20,9,0.0055,2000
main_raw_spearman,Xinjiang,信江,Winter,13,spearman,raw,20,10,0.0005,2000
main_raw_spearman,Xinjiang,信江,Winter,13,spearman,raw,20,11,0,2000
main_raw_spearman,Xinjiang,信江,Winter,13,spearman,raw,20,12,0,2000
main_raw_spearman,Xinjiang,信江,Winter,13,spearman,raw,20,13,0,2000
main_raw_spearman,Xinjiang,信江,Winter,13,spearman,raw,20,14,0,2000
main_raw_spearman,Xinjiang,信江,Winter,13,spearman,raw,20,15,0,2000
main_raw_spearman,Xinjiang,信江,Winter,13,spearman,raw,20,16,0,2000
main_raw_spearman,Xinjiang,信江,Winter,13,spearman,raw,20,17,0,2000
main_raw_spearman,Xinjiang,信江,Winter,13,spearman,raw,20,18,0,2000
main_raw_spearman,Xinjiang,信江,Winter,13,spearman,raw,20,19,0,2000
main_raw_spearman,Xinjiang,信江,Winter,13,spearman,raw,20,20,0,2000
main_raw_spearman,Xiushui,修水,All,14,spearman,raw,10,0,0,2000
main_raw_spearman,Xiushui,修水,All,14,spearman,raw,10,1,0,2000
main_raw_spearman,Xiushui,修水,All,14,spearman,raw,10,2,0,2000
main_raw_spearman,Xiushui,修水,All,14,spearman,raw,10,3,0.086,2000
main_raw_spearman,Xiushui,修水,All,14,spearman,raw,10,4,0.0525,2000
main_raw_spearman,Xiushui,修水,All,14,spearman,raw,10,5,0.2375,2000
main_raw_spearman,Xiushui,修水,All,14,spearman,raw,10,6,0.002,2000
main_raw_spearman,Xiushui,修水,All,14,spearman,raw,10,7,0.2535,2000
main_raw_spearman,Xiushui,修水,All,14,spearman,raw,10,8,0.326,2000
main_raw_spearman,Xiushui,修水,All,14,spearman,raw,10,9,0.0045,2000
main_raw_spearman,Xiushui,修水,All,14,spearman,raw,10,10,0.038,2000
main_raw_spearman,Xiushui,修水,All,14,spearman,raw,15,0,0,2000
main_raw_spearman,Xiushui,修水,All,14,spearman,raw,15,1,0,2000
main_raw_spearman,Xiushui,修水,All,14,spearman,raw,15,2,0,2000
main_raw_spearman,Xiushui,修水,All,14,spearman,raw,15,3,0.0795,2000
main_raw_spearman,Xiushui,修水,All,14,spearman,raw,15,4,0.0515,2000
main_raw_spearman,Xiushui,修水,All,14,spearman,raw,15,5,0.223,2000
main_raw_spearman,Xiushui,修水,All,14,spearman,raw,15,6,0.002,2000
main_raw_spearman,Xiushui,修水,All,14,spearman,raw,15,7,0.2495,2000
main_raw_spearman,Xiushui,修水,All,14,spearman,raw,15,8,0.289,2000
main_raw_spearman,Xiushui,修水,All,14,spearman,raw,15,9,0.0035,2000
main_raw_spearman,Xiushui,修水,All,14,spearman,raw,15,10,0.031,2000
main_raw_spearman,Xiushui,修水,All,14,spearman,raw,15,11,0,2000
main_raw_spearman,Xiushui,修水,All,14,spearman,raw,15,12,0.0005,2000
main_raw_spearman,Xiushui,修水,All,14,spearman,raw,15,13,0.0495,2000
main_raw_spearman,Xiushui,修水,All,14,spearman,raw,15,14,0.006,2000
main_raw_spearman,Xiushui,修水,All,14,spearman,raw,15,15,0.015,2000
main_raw_spearman,Xiushui,修水,All,14,spearman,raw,20,0,0,2000
main_raw_spearman,Xiushui,修水,All,14,spearman,raw,20,1,0,2000
main_raw_spearman,Xiushui,修水,All,14,spearman,raw,20,2,0,2000
main_raw_spearman,Xiushui,修水,All,14,spearman,raw,20,3,0.0795,2000
main_raw_spearman,Xiushui,修水,All,14,spearman,raw,20,4,0.0515,2000
main_raw_spearman,Xiushui,修水,All,14,spearman,raw,20,5,0.223,2000
main_raw_spearman,Xiushui,修水,All,14,spearman,raw,20,6,0.002,2000
main_raw_spearman,Xiushui,修水,All,14,spearman,raw,20,7,0.2495,2000
main_raw_spearman,Xiushui,修水,All,14,spearman,raw,20,8,0.2885,2000
main_raw_spearman,Xiushui,修水,All,14,spearman,raw,20,9,0.0035,2000
main_raw_spearman,Xiushui,修水,All,14,spearman,raw,20,10,0.031,2000
main_raw_spearman,Xiushui,修水,All,14,spearman,raw,20,11,0,2000
main_raw_spearman,Xiushui,修水,All,14,spearman,raw,20,12,0.0005,2000
main_raw_spearman,Xiushui,修水,All,14,spearman,raw,20,13,0.0495,2000
main_raw_spearman,Xiushui,修水,All,14,spearman,raw,20,14,0.006,2000
main_raw_spearman,Xiushui,修水,All,14,spearman,raw,20,15,0.015,2000
main_raw_spearman,Xiushui,修水,All,14,spearman,raw,20,16,0,2000
main_raw_spearman,Xiushui,修水,All,14,spearman,raw,20,17,0,2000
main_raw_spearman,Xiushui,修水,All,14,spearman,raw,20,18,0,2000
main_raw_spearman,Xiushui,修水,All,14,spearman,raw,20,19,0.0005,2000
main_raw_spearman,Xiushui,修水,All,14,spearman,raw,20,20,0,2000
main_raw_spearman,Xiushui,修水,Autumn,14,spearman,raw,10,0,0.2495,2000
main_raw_spearman,Xiushui,修水,Autumn,14,spearman,raw,10,1,0.0025,2000
main_raw_spearman,Xiushui,修水,Autumn,14,spearman,raw,10,2,0.003,2000
main_raw_spearman,Xiushui,修水,Autumn,14,spearman,raw,10,3,0.0665,2000
main_raw_spearman,Xiushui,修水,Autumn,14,spearman,raw,10,4,0.035,2000
main_raw_spearman,Xiushui,修水,Autumn,14,spearman,raw,10,5,0.0195,2000
main_raw_spearman,Xiushui,修水,Autumn,14,spearman,raw,10,6,0.0345,2000
main_raw_spearman,Xiushui,修水,Autumn,14,spearman,raw,10,7,0.494,2000
main_raw_spearman,Xiushui,修水,Autumn,14,spearman,raw,10,8,0.0635,2000
main_raw_spearman,Xiushui,修水,Autumn,14,spearman,raw,10,9,0.004,2000
main_raw_spearman,Xiushui,修水,Autumn,14,spearman,raw,10,10,0.028,2000
main_raw_spearman,Xiushui,修水,Autumn,14,spearman,raw,15,0,0.1235,2000
main_raw_spearman,Xiushui,修水,Autumn,14,spearman,raw,15,1,0.0015,2000
main_raw_spearman,Xiushui,修水,Autumn,14,spearman,raw,15,2,0.0005,2000
main_raw_spearman,Xiushui,修水,Autumn,14,spearman,raw,15,3,0.038,2000
main_raw_spearman,Xiushui,修水,Autumn,14,spearman,raw,15,4,0.0135,2000
main_raw_spearman,Xiushui,修水,Autumn,14,spearman,raw,15,5,0.0015,2000
main_raw_spearman,Xiushui,修水,Autumn,14,spearman,raw,15,6,0.0075,2000
main_raw_spearman,Xiushui,修水,Autumn,14,spearman,raw,15,7,0.1465,2000
main_raw_spearman,Xiushui,修水,Autumn,14,spearman,raw,15,8,0.0025,2000
main_raw_spearman,Xiushui,修水,Autumn,14,spearman,raw,15,9,0,2000
main_raw_spearman,Xiushui,修水,Autumn,14,spearman,raw,15,10,0.0005,2000
main_raw_spearman,Xiushui,修水,Autumn,14,spearman,raw,15,11,0,2000
main_raw_spearman,Xiushui,修水,Autumn,14,spearman,raw,15,12,0,2000
main_raw_spearman,Xiushui,修水,Autumn,14,spearman,raw,15,13,0.133,2000
main_raw_spearman,Xiushui,修水,Autumn,14,spearman,raw,15,14,0.1935,2000
main_raw_spearman,Xiushui,修水,Autumn,14,spearman,raw,15,15,0.338,2000
main_raw_spearman,Xiushui,修水,Autumn,14,spearman,raw,20,0,0.0285,2000
main_raw_spearman,Xiushui,修水,Autumn,14,spearman,raw,20,1,0.0015,2000
main_raw_spearman,Xiushui,修水,Autumn,14,spearman,raw,20,2,0.0005,2000
main_raw_spearman,Xiushui,修水,Autumn,14,spearman,raw,20,3,0.0025,2000
main_raw_spearman,Xiushui,修水,Autumn,14,spearman,raw,20,4,0.0005,2000
main_raw_spearman,Xiushui,修水,Autumn,14,spearman,raw,20,5,0,2000
main_raw_spearman,Xiushui,修水,Autumn,14,spearman,raw,20,6,0.0015,2000
main_raw_spearman,Xiushui,修水,Autumn,14,spearman,raw,20,7,0.043,2000
main_raw_spearman,Xiushui,修水,Autumn,14,spearman,raw,20,8,0,2000
main_raw_spearman,Xiushui,修水,Autumn,14,spearman,raw,20,9,0,2000
main_raw_spearman,Xiushui,修水,Autumn,14,spearman,raw,20,10,0,2000
main_raw_spearman,Xiushui,修水,Autumn,14,spearman,raw,20,11,0,2000
main_raw_spearman,Xiushui,修水,Autumn,14,spearman,raw,20,12,0,2000
main_raw_spearman,Xiushui,修水,Autumn,14,spearman,raw,20,13,0.0435,2000
main_raw_spearman,Xiushui,修水,Autumn,14,spearman,raw,20,14,0.0415,2000
main_raw_spearman,Xiushui,修水,Autumn,14,spearman,raw,20,15,0.008,2000
main_raw_spearman,Xiushui,修水,Autumn,14,spearman,raw,20,16,0.0215,2000
main_raw_spearman,Xiushui,修水,Autumn,14,spearman,raw,20,17,0.0285,2000
main_raw_spearman,Xiushui,修水,Autumn,14,spearman,raw,20,18,0.0035,2000
main_raw_spearman,Xiushui,修水,Autumn,14,spearman,raw,20,19,0.009,2000
main_raw_spearman,Xiushui,修水,Autumn,14,spearman,raw,20,20,0.7665,2000
main_raw_spearman,Xiushui,修水,Spring,14,spearman,raw,10,0,0.001,2000
main_raw_spearman,Xiushui,修水,Spring,14,spearman,raw,10,1,0,2000
main_raw_spearman,Xiushui,修水,Spring,14,spearman,raw,10,2,0.005,2000
main_raw_spearman,Xiushui,修水,Spring,14,spearman,raw,10,3,0.0015,2000
main_raw_spearman,Xiushui,修水,Spring,14,spearman,raw,10,4,0.0155,2000
main_raw_spearman,Xiushui,修水,Spring,14,spearman,raw,10,5,0.016,2000
main_raw_spearman,Xiushui,修水,Spring,14,spearman,raw,10,6,0.036,2000
main_raw_spearman,Xiushui,修水,Spring,14,spearman,raw,10,7,0.194,2000
main_raw_spearman,Xiushui,修水,Spring,14,spearman,raw,10,8,0.5815,2000
main_raw_spearman,Xiushui,修水,Spring,14,spearman,raw,10,9,0.1415,2000
main_raw_spearman,Xiushui,修水,Spring,14,spearman,raw,10,10,0.008,2000
main_raw_spearman,Xiushui,修水,Spring,14,spearman,raw,15,0,0.001,2000
main_raw_spearman,Xiushui,修水,Spring,14,spearman,raw,15,1,0,2000
main_raw_spearman,Xiushui,修水,Spring,14,spearman,raw,15,2,0.004,2000
main_raw_spearman,Xiushui,修水,Spring,14,spearman,raw,15,3,0.0015,2000
main_raw_spearman,Xiushui,修水,Spring,14,spearman,raw,15,4,0.0155,2000
main_raw_spearman,Xiushui,修水,Spring,14,spearman,raw,15,5,0.0145,2000
main_raw_spearman,Xiushui,修水,Spring,14,spearman,raw,15,6,0.036,2000
main_raw_spearman,Xiushui,修水,Spring,14,spearman,raw,15,7,0.194,2000
main_raw_spearman,Xiushui,修水,Spring,14,spearman,raw,15,8,0.5775,2000
main_raw_spearman,Xiushui,修水,Spring,14,spearman,raw,15,9,0.14,2000
main_raw_spearman,Xiushui,修水,Spring,14,spearman,raw,15,10,0.005,2000
main_raw_spearman,Xiushui,修水,Spring,14,spearman,raw,15,11,0.0065,2000
main_raw_spearman,Xiushui,修水,Spring,14,spearman,raw,15,12,0,2000
main_raw_spearman,Xiushui,修水,Spring,14,spearman,raw,15,13,0,2000
main_raw_spearman,Xiushui,修水,Spring,14,spearman,raw,15,14,0,2000
main_raw_spearman,Xiushui,修水,Spring,14,spearman,raw,15,15,0.0045,2000
main_raw_spearman,Xiushui,修水,Spring,14,spearman,raw,20,0,0.001,2000
main_raw_spearman,Xiushui,修水,Spring,14,spearman,raw,20,1,0,2000
main_raw_spearman,Xiushui,修水,Spring,14,spearman,raw,20,2,0.004,2000
main_raw_spearman,Xiushui,修水,Spring,14,spearman,raw,20,3,0.0015,2000
main_raw_spearman,Xiushui,修水,Spring,14,spearman,raw,20,4,0.0155,2000
main_raw_spearman,Xiushui,修水,Spring,14,spearman,raw,20,5,0.0145,2000
main_raw_spearman,Xiushui,修水,Spring,14,spearman,raw,20,6,0.036,2000
main_raw_spearman,Xiushui,修水,Spring,14,spearman,raw,20,7,0.194,2000
main_raw_spearman,Xiushui,修水,Spring,14,spearman,raw,20,8,0.5775,2000
main_raw_spearman,Xiushui,修水,Spring,14,spearman,raw,20,9,0.14,2000
main_raw_spearman,Xiushui,修水,Spring,14,spearman,raw,20,10,0.005,2000
main_raw_spearman,Xiushui,修水,Spring,14,spearman,raw,20,11,0.0065,2000
main_raw_spearman,Xiushui,修水,Spring,14,spearman,raw,20,12,0,2000
main_raw_spearman,Xiushui,修水,Spring,14,spearman,raw,20,13,0,2000
main_raw_spearman,Xiushui,修水,Spring,14,spearman,raw,20,14,0,2000
main_raw_spearman,Xiushui,修水,Spring,14,spearman,raw,20,15,0.0045,2000
main_raw_spearman,Xiushui,修水,Spring,14,spearman,raw,20,16,0,2000
main_raw_spearman,Xiushui,修水,Spring,14,spearman,raw,20,17,0,2000
main_raw_spearman,Xiushui,修水,Spring,14,spearman,raw,20,18,0,2000
main_raw_spearman,Xiushui,修水,Spring,14,spearman,raw,20,19,0,2000
main_raw_spearman,Xiushui,修水,Spring,14,spearman,raw,20,20,0,2000
main_raw_spearman,Xiushui,修水,Summer,14,spearman,raw,10,0,0,2000
main_raw_spearman,Xiushui,修水,Summer,14,spearman,raw,10,1,0,2000
main_raw_spearman,Xiushui,修水,Summer,14,spearman,raw,10,2,0.0235,2000
main_raw_spearman,Xiushui,修水,Summer,14,spearman,raw,10,3,0.7645,2000
main_raw_spearman,Xiushui,修水,Summer,14,spearman,raw,10,4,0.2005,2000
main_raw_spearman,Xiushui,修水,Summer,14,spearman,raw,10,5,0.0045,2000
main_raw_spearman,Xiushui,修水,Summer,14,spearman,raw,10,6,0,2000
main_raw_spearman,Xiushui,修水,Summer,14,spearman,raw,10,7,0.0005,2000
main_raw_spearman,Xiushui,修水,Summer,14,spearman,raw,10,8,0,2000
main_raw_spearman,Xiushui,修水,Summer,14,spearman,raw,10,9,0,2000
main_raw_spearman,Xiushui,修水,Summer,14,spearman,raw,10,10,0.0065,2000
main_raw_spearman,Xiushui,修水,Summer,14,spearman,raw,15,0,0,2000
main_raw_spearman,Xiushui,修水,Summer,14,spearman,raw,15,1,0,2000
main_raw_spearman,Xiushui,修水,Summer,14,spearman,raw,15,2,0.0235,2000
main_raw_spearman,Xiushui,修水,Summer,14,spearman,raw,15,3,0.688,2000
main_raw_spearman,Xiushui,修水,Summer,14,spearman,raw,15,4,0.193,2000
main_raw_spearman,Xiushui,修水,Summer,14,spearman,raw,15,5,0.0045,2000
main_raw_spearman,Xiushui,修水,Summer,14,spearman,raw,15,6,0,2000
main_raw_spearman,Xiushui,修水,Summer,14,spearman,raw,15,7,0,2000
main_raw_spearman,Xiushui,修水,Summer,14,spearman,raw,15,8,0,2000
main_raw_spearman,Xiushui,修水,Summer,14,spearman,raw,15,9,0,2000
main_raw_spearman,Xiushui,修水,Summer,14,spearman,raw,15,10,0.0005,2000
main_raw_spearman,Xiushui,修水,Summer,14,spearman,raw,15,11,0.02,2000
main_raw_spearman,Xiushui,修水,Summer,14,spearman,raw,15,12,0.0145,2000
main_raw_spearman,Xiushui,修水,Summer,14,spearman,raw,15,13,0.0355,2000
main_raw_spearman,Xiushui,修水,Summer,14,spearman,raw,15,14,0.0135,2000
main_raw_spearman,Xiushui,修水,Summer,14,spearman,raw,15,15,0.007,2000
main_raw_spearman,Xiushui,修水,Summer,14,spearman,raw,20,0,0,2000
main_raw_spearman,Xiushui,修水,Summer,14,spearman,raw,20,1,0,2000
main_raw_spearman,Xiushui,修水,Summer,14,spearman,raw,20,2,0.0235,2000
main_raw_spearman,Xiushui,修水,Summer,14,spearman,raw,20,3,0.688,2000
main_raw_spearman,Xiushui,修水,Summer,14,spearman,raw,20,4,0.193,2000
main_raw_spearman,Xiushui,修水,Summer,14,spearman,raw,20,5,0.0045,2000
main_raw_spearman,Xiushui,修水,Summer,14,spearman,raw,20,6,0,2000
main_raw_spearman,Xiushui,修水,Summer,14,spearman,raw,20,7,0,2000
main_raw_spearman,Xiushui,修水,Summer,14,spearman,raw,20,8,0,2000
main_raw_spearman,Xiushui,修水,Summer,14,spearman,raw,20,9,0,2000
main_raw_spearman,Xiushui,修水,Summer,14,spearman,raw,20,10,0.0005,2000
main_raw_spearman,Xiushui,修水,Summer,14,spearman,raw,20,11,0.02,2000
main_raw_spearman,Xiushui,修水,Summer,14,spearman,raw,20,12,0.0145,2000
main_raw_spearman,Xiushui,修水,Summer,14,spearman,raw,20,13,0.0355,2000
main_raw_spearman,Xiushui,修水,Summer,14,spearman,raw,20,14,0.0135,2000
main_raw_spearman,Xiushui,修水,Summer,14,spearman,raw,20,15,0.007,2000
main_raw_spearman,Xiushui,修水,Summer,14,spearman,raw,20,16,0,2000
main_raw_spearman,Xiushui,修水,Summer,14,spearman,raw,20,17,0,2000
main_raw_spearman,Xiushui,修水,Summer,14,spearman,raw,20,18,0,2000
main_raw_spearman,Xiushui,修水,Summer,14,spearman,raw,20,19,0,2000
main_raw_spearman,Xiushui,修水,Summer,14,spearman,raw,20,20,0,2000
main_raw_spearman,Xiushui,修水,Winter,13,spearman,raw,10,0,0.001,2000
main_raw_spearman,Xiushui,修水,Winter,13,spearman,raw,10,1,0.113,2000
main_raw_spearman,Xiushui,修水,Winter,13,spearman,raw,10,2,0.0125,2000
main_raw_spearman,Xiushui,修水,Winter,13,spearman,raw,10,3,0.055,2000
main_raw_spearman,Xiushui,修水,Winter,13,spearman,raw,10,4,0.0025,2000
main_raw_spearman,Xiushui,修水,Winter,13,spearman,raw,10,5,0.2575,2000
main_raw_spearman,Xiushui,修水,Winter,13,spearman,raw,10,6,0.129,2000
main_raw_spearman,Xiushui,修水,Winter,13,spearman,raw,10,7,0.429,2000
main_raw_spearman,Xiushui,修水,Winter,13,spearman,raw,10,8,0,2000
main_raw_spearman,Xiushui,修水,Winter,13,spearman,raw,10,9,0,2000
main_raw_spearman,Xiushui,修水,Winter,13,spearman,raw,10,10,0.0005,2000
main_raw_spearman,Xiushui,修水,Winter,13,spearman,raw,15,0,0.001,2000
main_raw_spearman,Xiushui,修水,Winter,13,spearman,raw,15,1,0.1095,2000
main_raw_spearman,Xiushui,修水,Winter,13,spearman,raw,15,2,0.0125,2000
main_raw_spearman,Xiushui,修水,Winter,13,spearman,raw,15,3,0.0545,2000
main_raw_spearman,Xiushui,修水,Winter,13,spearman,raw,15,4,0.0025,2000
main_raw_spearman,Xiushui,修水,Winter,13,spearman,raw,15,5,0.257,2000
main_raw_spearman,Xiushui,修水,Winter,13,spearman,raw,15,6,0.119,2000
main_raw_spearman,Xiushui,修水,Winter,13,spearman,raw,15,7,0.426,2000
main_raw_spearman,Xiushui,修水,Winter,13,spearman,raw,15,8,0,2000
main_raw_spearman,Xiushui,修水,Winter,13,spearman,raw,15,9,0,2000
main_raw_spearman,Xiushui,修水,Winter,13,spearman,raw,15,10,0.0005,2000
main_raw_spearman,Xiushui,修水,Winter,13,spearman,raw,15,11,0,2000
main_raw_spearman,Xiushui,修水,Winter,13,spearman,raw,15,12,0,2000
main_raw_spearman,Xiushui,修水,Winter,13,spearman,raw,15,13,0.0165,2000
main_raw_spearman,Xiushui,修水,Winter,13,spearman,raw,15,14,0,2000
main_raw_spearman,Xiushui,修水,Winter,13,spearman,raw,15,15,0.001,2000
main_raw_spearman,Xiushui,修水,Winter,13,spearman,raw,20,0,0.001,2000
main_raw_spearman,Xiushui,修水,Winter,13,spearman,raw,20,1,0.1095,2000
main_raw_spearman,Xiushui,修水,Winter,13,spearman,raw,20,2,0.0125,2000
main_raw_spearman,Xiushui,修水,Winter,13,spearman,raw,20,3,0.0545,2000
main_raw_spearman,Xiushui,修水,Winter,13,spearman,raw,20,4,0.0025,2000
main_raw_spearman,Xiushui,修水,Winter,13,spearman,raw,20,5,0.257,2000
main_raw_spearman,Xiushui,修水,Winter,13,spearman,raw,20,6,0.119,2000
main_raw_spearman,Xiushui,修水,Winter,13,spearman,raw,20,7,0.426,2000
main_raw_spearman,Xiushui,修水,Winter,13,spearman,raw,20,8,0,2000
main_raw_spearman,Xiushui,修水,Winter,13,spearman,raw,20,9,0,2000
main_raw_spearman,Xiushui,修水,Winter,13,spearman,raw,20,10,0.0005,2000
main_raw_spearman,Xiushui,修水,Winter,13,spearman,raw,20,11,0,2000
main_raw_spearman,Xiushui,修水,Winter,13,spearman,raw,20,12,0,2000
main_raw_spearman,Xiushui,修水,Winter,13,spearman,raw,20,13,0.0165,2000
main_raw_spearman,Xiushui,修水,Winter,13,spearman,raw,20,14,0,2000
main_raw_spearman,Xiushui,修水,Winter,13,spearman,raw,20,15,0.001,2000
main_raw_spearman,Xiushui,修水,Winter,13,spearman,raw,20,16,0,2000
main_raw_spearman,Xiushui,修水,Winter,13,spearman,raw,20,17,0,2000
main_raw_spearman,Xiushui,修水,Winter,13,spearman,raw,20,18,0,2000
main_raw_spearman,Xiushui,修水,Winter,13,spearman,raw,20,19,0,2000
main_raw_spearman,Xiushui,修水,Winter,13,spearman,raw,20,20,0,2000
main_smooth_doy_spearman,Changjiang,昌江,All,14,spearman,smooth_doy31,10,0,0,2000
main_smooth_doy_spearman,Changjiang,昌江,All,14,spearman,smooth_doy31,10,1,0.0635,2000
main_smooth_doy_spearman,Changjiang,昌江,All,14,spearman,smooth_doy31,10,2,0.9365,2000
main_smooth_doy_spearman,Changjiang,昌江,All,14,spearman,smooth_doy31,10,3,0,2000
main_smooth_doy_spearman,Changjiang,昌江,All,14,spearman,smooth_doy31,10,4,0,2000
main_smooth_doy_spearman,Changjiang,昌江,All,14,spearman,smooth_doy31,10,5,0,2000
main_smooth_doy_spearman,Changjiang,昌江,All,14,spearman,smooth_doy31,10,6,0,2000
main_smooth_doy_spearman,Changjiang,昌江,All,14,spearman,smooth_doy31,10,7,0,2000
main_smooth_doy_spearman,Changjiang,昌江,All,14,spearman,smooth_doy31,10,8,0,2000
main_smooth_doy_spearman,Changjiang,昌江,All,14,spearman,smooth_doy31,10,9,0,2000
main_smooth_doy_spearman,Changjiang,昌江,All,14,spearman,smooth_doy31,10,10,0,2000
main_smooth_doy_spearman,Changjiang,昌江,All,14,spearman,smooth_doy31,15,0,0,2000
main_smooth_doy_spearman,Changjiang,昌江,All,14,spearman,smooth_doy31,15,1,0.0635,2000
main_smooth_doy_spearman,Changjiang,昌江,All,14,spearman,smooth_doy31,15,2,0.9365,2000
main_smooth_doy_spearman,Changjiang,昌江,All,14,spearman,smooth_doy31,15,3,0,2000
main_smooth_doy_spearman,Changjiang,昌江,All,14,spearman,smooth_doy31,15,4,0,2000
main_smooth_doy_spearman,Changjiang,昌江,All,14,spearman,smooth_doy31,15,5,0,2000
main_smooth_doy_spearman,Changjiang,昌江,All,14,spearman,smooth_doy31,15,6,0,2000
main_smooth_doy_spearman,Changjiang,昌江,All,14,spearman,smooth_doy31,15,7,0,2000
main_smooth_doy_spearman,Changjiang,昌江,All,14,spearman,smooth_doy31,15,8,0,2000
main_smooth_doy_spearman,Changjiang,昌江,All,14,spearman,smooth_doy31,15,9,0,2000
main_smooth_doy_spearman,Changjiang,昌江,All,14,spearman,smooth_doy31,15,10,0,2000
main_smooth_doy_spearman,Changjiang,昌江,All,14,spearman,smooth_doy31,15,11,0,2000
main_smooth_doy_spearman,Changjiang,昌江,All,14,spearman,smooth_doy31,15,12,0,2000
main_smooth_doy_spearman,Changjiang,昌江,All,14,spearman,smooth_doy31,15,13,0,2000
main_smooth_doy_spearman,Changjiang,昌江,All,14,spearman,smooth_doy31,15,14,0,2000
main_smooth_doy_spearman,Changjiang,昌江,All,14,spearman,smooth_doy31,15,15,0,2000
main_smooth_doy_spearman,Changjiang,昌江,All,14,spearman,smooth_doy31,20,0,0,2000
main_smooth_doy_spearman,Changjiang,昌江,All,14,spearman,smooth_doy31,20,1,0.0635,2000
main_smooth_doy_spearman,Changjiang,昌江,All,14,spearman,smooth_doy31,20,2,0.9365,2000
main_smooth_doy_spearman,Changjiang,昌江,All,14,spearman,smooth_doy31,20,3,0,2000
main_smooth_doy_spearman,Changjiang,昌江,All,14,spearman,smooth_doy31,20,4,0,2000
main_smooth_doy_spearman,Changjiang,昌江,All,14,spearman,smooth_doy31,20,5,0,2000
main_smooth_doy_spearman,Changjiang,昌江,All,14,spearman,smooth_doy31,20,6,0,2000
main_smooth_doy_spearman,Changjiang,昌江,All,14,spearman,smooth_doy31,20,7,0,2000
main_smooth_doy_spearman,Changjiang,昌江,All,14,spearman,smooth_doy31,20,8,0,2000
main_smooth_doy_spearman,Changjiang,昌江,All,14,spearman,smooth_doy31,20,9,0,2000
main_smooth_doy_spearman,Changjiang,昌江,All,14,spearman,smooth_doy31,20,10,0,2000
main_smooth_doy_spearman,Changjiang,昌江,All,14,spearman,smooth_doy31,20,11,0,2000
main_smooth_doy_spearman,Changjiang,昌江,All,14,spearman,smooth_doy31,20,12,0,2000
main_smooth_doy_spearman,Changjiang,昌江,All,14,spearman,smooth_doy31,20,13,0,2000
main_smooth_doy_spearman,Changjiang,昌江,All,14,spearman,smooth_doy31,20,14,0,2000
main_smooth_doy_spearman,Changjiang,昌江,All,14,spearman,smooth_doy31,20,15,0,2000
main_smooth_doy_spearman,Changjiang,昌江,All,14,spearman,smooth_doy31,20,16,0,2000
main_smooth_doy_spearman,Changjiang,昌江,All,14,spearman,smooth_doy31,20,17,0,2000
main_smooth_doy_spearman,Changjiang,昌江,All,14,spearman,smooth_doy31,20,18,0,2000
main_smooth_doy_spearman,Changjiang,昌江,All,14,spearman,smooth_doy31,20,19,0,2000
main_smooth_doy_spearman,Changjiang,昌江,All,14,spearman,smooth_doy31,20,20,0,2000
main_smooth_doy_spearman,Changjiang,昌江,Autumn,14,spearman,smooth_doy31,10,0,0,2000
main_smooth_doy_spearman,Changjiang,昌江,Autumn,14,spearman,smooth_doy31,10,1,0,2000
main_smooth_doy_spearman,Changjiang,昌江,Autumn,14,spearman,smooth_doy31,10,2,0.7305,2000
main_smooth_doy_spearman,Changjiang,昌江,Autumn,14,spearman,smooth_doy31,10,3,0.1815,2000
main_smooth_doy_spearman,Changjiang,昌江,Autumn,14,spearman,smooth_doy31,10,4,0.08,2000
main_smooth_doy_spearman,Changjiang,昌江,Autumn,14,spearman,smooth_doy31,10,5,0.006,2000
main_smooth_doy_spearman,Changjiang,昌江,Autumn,14,spearman,smooth_doy31,10,6,0,2000
main_smooth_doy_spearman,Changjiang,昌江,Autumn,14,spearman,smooth_doy31,10,7,0,2000
main_smooth_doy_spearman,Changjiang,昌江,Autumn,14,spearman,smooth_doy31,10,8,0.001,2000
main_smooth_doy_spearman,Changjiang,昌江,Autumn,14,spearman,smooth_doy31,10,9,0,2000
main_smooth_doy_spearman,Changjiang,昌江,Autumn,14,spearman,smooth_doy31,10,10,0.001,2000
main_smooth_doy_spearman,Changjiang,昌江,Autumn,14,spearman,smooth_doy31,15,0,0,2000
main_smooth_doy_spearman,Changjiang,昌江,Autumn,14,spearman,smooth_doy31,15,1,0,2000
main_smooth_doy_spearman,Changjiang,昌江,Autumn,14,spearman,smooth_doy31,15,2,0.7305,2000
main_smooth_doy_spearman,Changjiang,昌江,Autumn,14,spearman,smooth_doy31,15,3,0.1805,2000
main_smooth_doy_spearman,Changjiang,昌江,Autumn,14,spearman,smooth_doy31,15,4,0.08,2000
main_smooth_doy_spearman,Changjiang,昌江,Autumn,14,spearman,smooth_doy31,15,5,0.006,2000
main_smooth_doy_spearman,Changjiang,昌江,Autumn,14,spearman,smooth_doy31,15,6,0,2000
main_smooth_doy_spearman,Changjiang,昌江,Autumn,14,spearman,smooth_doy31,15,7,0,2000
main_smooth_doy_spearman,Changjiang,昌江,Autumn,14,spearman,smooth_doy31,15,8,0.001,2000
main_smooth_doy_spearman,Changjiang,昌江,Autumn,14,spearman,smooth_doy31,15,9,0,2000
main_smooth_doy_spearman,Changjiang,昌江,Autumn,14,spearman,smooth_doy31,15,10,0.0005,2000
main_smooth_doy_spearman,Changjiang,昌江,Autumn,14,spearman,smooth_doy31,15,11,0.0005,2000
main_smooth_doy_spearman,Changjiang,昌江,Autumn,14,spearman,smooth_doy31,15,12,0,2000
main_smooth_doy_spearman,Changjiang,昌江,Autumn,14,spearman,smooth_doy31,15,13,0.001,2000
main_smooth_doy_spearman,Changjiang,昌江,Autumn,14,spearman,smooth_doy31,15,14,0,2000
main_smooth_doy_spearman,Changjiang,昌江,Autumn,14,spearman,smooth_doy31,15,15,0,2000
main_smooth_doy_spearman,Changjiang,昌江,Autumn,14,spearman,smooth_doy31,20,0,0,2000
main_smooth_doy_spearman,Changjiang,昌江,Autumn,14,spearman,smooth_doy31,20,1,0,2000
main_smooth_doy_spearman,Changjiang,昌江,Autumn,14,spearman,smooth_doy31,20,2,0.7305,2000
main_smooth_doy_spearman,Changjiang,昌江,Autumn,14,spearman,smooth_doy31,20,3,0.1805,2000
main_smooth_doy_spearman,Changjiang,昌江,Autumn,14,spearman,smooth_doy31,20,4,0.08,2000
main_smooth_doy_spearman,Changjiang,昌江,Autumn,14,spearman,smooth_doy31,20,5,0.006,2000
main_smooth_doy_spearman,Changjiang,昌江,Autumn,14,spearman,smooth_doy31,20,6,0,2000
main_smooth_doy_spearman,Changjiang,昌江,Autumn,14,spearman,smooth_doy31,20,7,0,2000
main_smooth_doy_spearman,Changjiang,昌江,Autumn,14,spearman,smooth_doy31,20,8,0.001,2000
main_smooth_doy_spearman,Changjiang,昌江,Autumn,14,spearman,smooth_doy31,20,9,0,2000
main_smooth_doy_spearman,Changjiang,昌江,Autumn,14,spearman,smooth_doy31,20,10,0.0005,2000
main_smooth_doy_spearman,Changjiang,昌江,Autumn,14,spearman,smooth_doy31,20,11,0.0005,2000
main_smooth_doy_spearman,Changjiang,昌江,Autumn,14,spearman,smooth_doy31,20,12,0,2000
main_smooth_doy_spearman,Changjiang,昌江,Autumn,14,spearman,smooth_doy31,20,13,0.001,2000
main_smooth_doy_spearman,Changjiang,昌江,Autumn,14,spearman,smooth_doy31,20,14,0,2000
main_smooth_doy_spearman,Changjiang,昌江,Autumn,14,spearman,smooth_doy31,20,15,0,2000
main_smooth_doy_spearman,Changjiang,昌江,Autumn,14,spearman,smooth_doy31,20,16,0,2000
main_smooth_doy_spearman,Changjiang,昌江,Autumn,14,spearman,smooth_doy31,20,17,0,2000
main_smooth_doy_spearman,Changjiang,昌江,Autumn,14,spearman,smooth_doy31,20,18,0,2000
main_smooth_doy_spearman,Changjiang,昌江,Autumn,14,spearman,smooth_doy31,20,19,0,2000
main_smooth_doy_spearman,Changjiang,昌江,Autumn,14,spearman,smooth_doy31,20,20,0,2000
main_smooth_doy_spearman,Changjiang,昌江,Spring,14,spearman,smooth_doy31,10,0,0,2000
main_smooth_doy_spearman,Changjiang,昌江,Spring,14,spearman,smooth_doy31,10,1,0.498,2000
main_smooth_doy_spearman,Changjiang,昌江,Spring,14,spearman,smooth_doy31,10,2,0.502,2000
main_smooth_doy_spearman,Changjiang,昌江,Spring,14,spearman,smooth_doy31,10,3,0,2000
main_smooth_doy_spearman,Changjiang,昌江,Spring,14,spearman,smooth_doy31,10,4,0,2000
main_smooth_doy_spearman,Changjiang,昌江,Spring,14,spearman,smooth_doy31,10,5,0,2000
main_smooth_doy_spearman,Changjiang,昌江,Spring,14,spearman,smooth_doy31,10,6,0,2000
main_smooth_doy_spearman,Changjiang,昌江,Spring,14,spearman,smooth_doy31,10,7,0,2000
main_smooth_doy_spearman,Changjiang,昌江,Spring,14,spearman,smooth_doy31,10,8,0,2000
main_smooth_doy_spearman,Changjiang,昌江,Spring,14,spearman,smooth_doy31,10,9,0,2000
main_smooth_doy_spearman,Changjiang,昌江,Spring,14,spearman,smooth_doy31,10,10,0,2000
main_smooth_doy_spearman,Changjiang,昌江,Spring,14,spearman,smooth_doy31,15,0,0,2000
main_smooth_doy_spearman,Changjiang,昌江,Spring,14,spearman,smooth_doy31,15,1,0.498,2000
main_smooth_doy_spearman,Changjiang,昌江,Spring,14,spearman,smooth_doy31,15,2,0.502,2000
main_smooth_doy_spearman,Changjiang,昌江,Spring,14,spearman,smooth_doy31,15,3,0,2000
main_smooth_doy_spearman,Changjiang,昌江,Spring,14,spearman,smooth_doy31,15,4,0,2000
main_smooth_doy_spearman,Changjiang,昌江,Spring,14,spearman,smooth_doy31,15,5,0,2000
main_smooth_doy_spearman,Changjiang,昌江,Spring,14,spearman,smooth_doy31,15,6,0,2000
main_smooth_doy_spearman,Changjiang,昌江,Spring,14,spearman,smooth_doy31,15,7,0,2000
main_smooth_doy_spearman,Changjiang,昌江,Spring,14,spearman,smooth_doy31,15,8,0,2000
main_smooth_doy_spearman,Changjiang,昌江,Spring,14,spearman,smooth_doy31,15,9,0,2000
main_smooth_doy_spearman,Changjiang,昌江,Spring,14,spearman,smooth_doy31,15,10,0,2000
main_smooth_doy_spearman,Changjiang,昌江,Spring,14,spearman,smooth_doy31,15,11,0,2000
main_smooth_doy_spearman,Changjiang,昌江,Spring,14,spearman,smooth_doy31,15,12,0,2000
main_smooth_doy_spearman,Changjiang,昌江,Spring,14,spearman,smooth_doy31,15,13,0,2000
main_smooth_doy_spearman,Changjiang,昌江,Spring,14,spearman,smooth_doy31,15,14,0,2000
main_smooth_doy_spearman,Changjiang,昌江,Spring,14,spearman,smooth_doy31,15,15,0,2000
main_smooth_doy_spearman,Changjiang,昌江,Spring,14,spearman,smooth_doy31,20,0,0,2000
main_smooth_doy_spearman,Changjiang,昌江,Spring,14,spearman,smooth_doy31,20,1,0.498,2000
main_smooth_doy_spearman,Changjiang,昌江,Spring,14,spearman,smooth_doy31,20,2,0.502,2000
main_smooth_doy_spearman,Changjiang,昌江,Spring,14,spearman,smooth_doy31,20,3,0,2000
main_smooth_doy_spearman,Changjiang,昌江,Spring,14,spearman,smooth_doy31,20,4,0,2000
main_smooth_doy_spearman,Changjiang,昌江,Spring,14,spearman,smooth_doy31,20,5,0,2000
main_smooth_doy_spearman,Changjiang,昌江,Spring,14,spearman,smooth_doy31,20,6,0,2000
main_smooth_doy_spearman,Changjiang,昌江,Spring,14,spearman,smooth_doy31,20,7,0,2000
main_smooth_doy_spearman,Changjiang,昌江,Spring,14,spearman,smooth_doy31,20,8,0,2000
main_smooth_doy_spearman,Changjiang,昌江,Spring,14,spearman,smooth_doy31,20,9,0,2000
main_smooth_doy_spearman,Changjiang,昌江,Spring,14,spearman,smooth_doy31,20,10,0,2000
main_smooth_doy_spearman,Changjiang,昌江,Spring,14,spearman,smooth_doy31,20,11,0,2000
main_smooth_doy_spearman,Changjiang,昌江,Spring,14,spearman,smooth_doy31,20,12,0,2000
main_smooth_doy_spearman,Changjiang,昌江,Spring,14,spearman,smooth_doy31,20,13,0,2000
main_smooth_doy_spearman,Changjiang,昌江,Spring,14,spearman,smooth_doy31,20,14,0,2000
main_smooth_doy_spearman,Changjiang,昌江,Spring,14,spearman,smooth_doy31,20,15,0,2000
main_smooth_doy_spearman,Changjiang,昌江,Spring,14,spearman,smooth_doy31,20,16,0,2000
main_smooth_doy_spearman,Changjiang,昌江,Spring,14,spearman,smooth_doy31,20,17,0,2000
main_smooth_doy_spearman,Changjiang,昌江,Spring,14,spearman,smooth_doy31,20,18,0,2000
main_smooth_doy_spearman,Changjiang,昌江,Spring,14,spearman,smooth_doy31,20,19,0,2000
main_smooth_doy_spearman,Changjiang,昌江,Spring,14,spearman,smooth_doy31,20,20,0,2000
main_smooth_doy_spearman,Changjiang,昌江,Summer,14,spearman,smooth_doy31,10,0,0,2000
main_smooth_doy_spearman,Changjiang,昌江,Summer,14,spearman,smooth_doy31,10,1,0.6125,2000
main_smooth_doy_spearman,Changjiang,昌江,Summer,14,spearman,smooth_doy31,10,2,0.3875,2000
main_smooth_doy_spearman,Changjiang,昌江,Summer,14,spearman,smooth_doy31,10,3,0,2000
main_smooth_doy_spearman,Changjiang,昌江,Summer,14,spearman,smooth_doy31,10,4,0,2000
main_smooth_doy_spearman,Changjiang,昌江,Summer,14,spearman,smooth_doy31,10,5,0,2000
main_smooth_doy_spearman,Changjiang,昌江,Summer,14,spearman,smooth_doy31,10,6,0,2000
main_smooth_doy_spearman,Changjiang,昌江,Summer,14,spearman,smooth_doy31,10,7,0,2000
main_smooth_doy_spearman,Changjiang,昌江,Summer,14,spearman,smooth_doy31,10,8,0,2000
main_smooth_doy_spearman,Changjiang,昌江,Summer,14,spearman,smooth_doy31,10,9,0,2000
main_smooth_doy_spearman,Changjiang,昌江,Summer,14,spearman,smooth_doy31,10,10,0,2000
main_smooth_doy_spearman,Changjiang,昌江,Summer,14,spearman,smooth_doy31,15,0,0,2000
main_smooth_doy_spearman,Changjiang,昌江,Summer,14,spearman,smooth_doy31,15,1,0.6125,2000
main_smooth_doy_spearman,Changjiang,昌江,Summer,14,spearman,smooth_doy31,15,2,0.3875,2000
main_smooth_doy_spearman,Changjiang,昌江,Summer,14,spearman,smooth_doy31,15,3,0,2000
main_smooth_doy_spearman,Changjiang,昌江,Summer,14,spearman,smooth_doy31,15,4,0,2000
main_smooth_doy_spearman,Changjiang,昌江,Summer,14,spearman,smooth_doy31,15,5,0,2000
main_smooth_doy_spearman,Changjiang,昌江,Summer,14,spearman,smooth_doy31,15,6,0,2000
main_smooth_doy_spearman,Changjiang,昌江,Summer,14,spearman,smooth_doy31,15,7,0,2000
main_smooth_doy_spearman,Changjiang,昌江,Summer,14,spearman,smooth_doy31,15,8,0,2000
main_smooth_doy_spearman,Changjiang,昌江,Summer,14,spearman,smooth_doy31,15,9,0,2000
main_smooth_doy_spearman,Changjiang,昌江,Summer,14,spearman,smooth_doy31,15,10,0,2000
main_smooth_doy_spearman,Changjiang,昌江,Summer,14,spearman,smooth_doy31,15,11,0,2000
main_smooth_doy_spearman,Changjiang,昌江,Summer,14,spearman,smooth_doy31,15,12,0,2000
main_smooth_doy_spearman,Changjiang,昌江,Summer,14,spearman,smooth_doy31,15,13,0,2000
main_smooth_doy_spearman,Changjiang,昌江,Summer,14,spearman,smooth_doy31,15,14,0,2000
main_smooth_doy_spearman,Changjiang,昌江,Summer,14,spearman,smooth_doy31,15,15,0,2000
main_smooth_doy_spearman,Changjiang,昌江,Summer,14,spearman,smooth_doy31,20,0,0,2000
main_smooth_doy_spearman,Changjiang,昌江,Summer,14,spearman,smooth_doy31,20,1,0.6125,2000
main_smooth_doy_spearman,Changjiang,昌江,Summer,14,spearman,smooth_doy31,20,2,0.3875,2000
main_smooth_doy_spearman,Changjiang,昌江,Summer,14,spearman,smooth_doy31,20,3,0,2000
main_smooth_doy_spearman,Changjiang,昌江,Summer,14,spearman,smooth_doy31,20,4,0,2000
main_smooth_doy_spearman,Changjiang,昌江,Summer,14,spearman,smooth_doy31,20,5,0,2000
main_smooth_doy_spearman,Changjiang,昌江,Summer,14,spearman,smooth_doy31,20,6,0,2000
main_smooth_doy_spearman,Changjiang,昌江,Summer,14,spearman,smooth_doy31,20,7,0,2000
main_smooth_doy_spearman,Changjiang,昌江,Summer,14,spearman,smooth_doy31,20,8,0,2000
main_smooth_doy_spearman,Changjiang,昌江,Summer,14,spearman,smooth_doy31,20,9,0,2000
main_smooth_doy_spearman,Changjiang,昌江,Summer,14,spearman,smooth_doy31,20,10,0,2000
main_smooth_doy_spearman,Changjiang,昌江,Summer,14,spearman,smooth_doy31,20,11,0,2000
main_smooth_doy_spearman,Changjiang,昌江,Summer,14,spearman,smooth_doy31,20,12,0,2000
main_smooth_doy_spearman,Changjiang,昌江,Summer,14,spearman,smooth_doy31,20,13,0,2000
main_smooth_doy_spearman,Changjiang,昌江,Summer,14,spearman,smooth_doy31,20,14,0,2000
main_smooth_doy_spearman,Changjiang,昌江,Summer,14,spearman,smooth_doy31,20,15,0,2000
main_smooth_doy_spearman,Changjiang,昌江,Summer,14,spearman,smooth_doy31,20,16,0,2000
main_smooth_doy_spearman,Changjiang,昌江,Summer,14,spearman,smooth_doy31,20,17,0,2000
main_smooth_doy_spearman,Changjiang,昌江,Summer,14,spearman,smooth_doy31,20,18,0,2000
main_smooth_doy_spearman,Changjiang,昌江,Summer,14,spearman,smooth_doy31,20,19,0,2000
main_smooth_doy_spearman,Changjiang,昌江,Summer,14,spearman,smooth_doy31,20,20,0,2000
main_smooth_doy_spearman,Changjiang,昌江,Winter,13,spearman,smooth_doy31,10,0,0,2000
main_smooth_doy_spearman,Changjiang,昌江,Winter,13,spearman,smooth_doy31,10,1,0.0005,2000
main_smooth_doy_spearman,Changjiang,昌江,Winter,13,spearman,smooth_doy31,10,2,0.7,2000
main_smooth_doy_spearman,Changjiang,昌江,Winter,13,spearman,smooth_doy31,10,3,0.224,2000
main_smooth_doy_spearman,Changjiang,昌江,Winter,13,spearman,smooth_doy31,10,4,0.003,2000
main_smooth_doy_spearman,Changjiang,昌江,Winter,13,spearman,smooth_doy31,10,5,0.0275,2000
main_smooth_doy_spearman,Changjiang,昌江,Winter,13,spearman,smooth_doy31,10,6,0.0025,2000
main_smooth_doy_spearman,Changjiang,昌江,Winter,13,spearman,smooth_doy31,10,7,0.026,2000
main_smooth_doy_spearman,Changjiang,昌江,Winter,13,spearman,smooth_doy31,10,8,0.0075,2000
main_smooth_doy_spearman,Changjiang,昌江,Winter,13,spearman,smooth_doy31,10,9,0.0055,2000
main_smooth_doy_spearman,Changjiang,昌江,Winter,13,spearman,smooth_doy31,10,10,0.0035,2000
main_smooth_doy_spearman,Changjiang,昌江,Winter,13,spearman,smooth_doy31,15,0,0,2000
main_smooth_doy_spearman,Changjiang,昌江,Winter,13,spearman,smooth_doy31,15,1,0.0005,2000
main_smooth_doy_spearman,Changjiang,昌江,Winter,13,spearman,smooth_doy31,15,2,0.7,2000
main_smooth_doy_spearman,Changjiang,昌江,Winter,13,spearman,smooth_doy31,15,3,0.224,2000
main_smooth_doy_spearman,Changjiang,昌江,Winter,13,spearman,smooth_doy31,15,4,0.003,2000
main_smooth_doy_spearman,Changjiang,昌江,Winter,13,spearman,smooth_doy31,15,5,0.0275,2000
main_smooth_doy_spearman,Changjiang,昌江,Winter,13,spearman,smooth_doy31,15,6,0.0025,2000
main_smooth_doy_spearman,Changjiang,昌江,Winter,13,spearman,smooth_doy31,15,7,0.026,2000
main_smooth_doy_spearman,Changjiang,昌江,Winter,13,spearman,smooth_doy31,15,8,0.0075,2000
main_smooth_doy_spearman,Changjiang,昌江,Winter,13,spearman,smooth_doy31,15,9,0.0055,2000
main_smooth_doy_spearman,Changjiang,昌江,Winter,13,spearman,smooth_doy31,15,10,0.0035,2000
main_smooth_doy_spearman,Changjiang,昌江,Winter,13,spearman,smooth_doy31,15,11,0,2000
main_smooth_doy_spearman,Changjiang,昌江,Winter,13,spearman,smooth_doy31,15,12,0,2000
main_smooth_doy_spearman,Changjiang,昌江,Winter,13,spearman,smooth_doy31,15,13,0,2000
main_smooth_doy_spearman,Changjiang,昌江,Winter,13,spearman,smooth_doy31,15,14,0,2000
main_smooth_doy_spearman,Changjiang,昌江,Winter,13,spearman,smooth_doy31,15,15,0,2000
main_smooth_doy_spearman,Changjiang,昌江,Winter,13,spearman,smooth_doy31,20,0,0,2000
main_smooth_doy_spearman,Changjiang,昌江,Winter,13,spearman,smooth_doy31,20,1,0.0005,2000
main_smooth_doy_spearman,Changjiang,昌江,Winter,13,spearman,smooth_doy31,20,2,0.7,2000
main_smooth_doy_spearman,Changjiang,昌江,Winter,13,spearman,smooth_doy31,20,3,0.224,2000
main_smooth_doy_spearman,Changjiang,昌江,Winter,13,spearman,smooth_doy31,20,4,0.003,2000
main_smooth_doy_spearman,Changjiang,昌江,Winter,13,spearman,smooth_doy31,20,5,0.0275,2000
main_smooth_doy_spearman,Changjiang,昌江,Winter,13,spearman,smooth_doy31,20,6,0.0025,2000
main_smooth_doy_spearman,Changjiang,昌江,Winter,13,spearman,smooth_doy31,20,7,0.026,2000
main_smooth_doy_spearman,Changjiang,昌江,Winter,13,spearman,smooth_doy31,20,8,0.0075,2000
main_smooth_doy_spearman,Changjiang,昌江,Winter,13,spearman,smooth_doy31,20,9,0.0055,2000
main_smooth_doy_spearman,Changjiang,昌江,Winter,13,spearman,smooth_doy31,20,10,0.0035,2000
main_smooth_doy_spearman,Changjiang,昌江,Winter,13,spearman,smooth_doy31,20,11,0,2000
main_smooth_doy_spearman,Changjiang,昌江,Winter,13,spearman,smooth_doy31,20,12,0,2000
main_smooth_doy_spearman,Changjiang,昌江,Winter,13,spearman,smooth_doy31,20,13,0,2000
main_smooth_doy_spearman,Changjiang,昌江,Winter,13,spearman,smooth_doy31,20,14,0,2000
main_smooth_doy_spearman,Changjiang,昌江,Winter,13,spearman,smooth_doy31,20,15,0,2000
main_smooth_doy_spearman,Changjiang,昌江,Winter,13,spearman,smooth_doy31,20,16,0,2000
main_smooth_doy_spearman,Changjiang,昌江,Winter,13,spearman,smooth_doy31,20,17,0,2000
main_smooth_doy_spearman,Changjiang,昌江,Winter,13,spearman,smooth_doy31,20,18,0,2000
main_smooth_doy_spearman,Changjiang,昌江,Winter,13,spearman,smooth_doy31,20,19,0,2000
main_smooth_doy_spearman,Changjiang,昌江,Winter,13,spearman,smooth_doy31,20,20,0,2000
main_smooth_doy_spearman,Fuhe,抚河,All,14,spearman,smooth_doy31,10,0,0,2000
main_smooth_doy_spearman,Fuhe,抚河,All,14,spearman,smooth_doy31,10,1,0,2000
main_smooth_doy_spearman,Fuhe,抚河,All,14,spearman,smooth_doy31,10,2,1,2000
main_smooth_doy_spearman,Fuhe,抚河,All,14,spearman,smooth_doy31,10,3,0,2000
main_smooth_doy_spearman,Fuhe,抚河,All,14,spearman,smooth_doy31,10,4,0,2000
main_smooth_doy_spearman,Fuhe,抚河,All,14,spearman,smooth_doy31,10,5,0,2000
main_smooth_doy_spearman,Fuhe,抚河,All,14,spearman,smooth_doy31,10,6,0,2000
main_smooth_doy_spearman,Fuhe,抚河,All,14,spearman,smooth_doy31,10,7,0,2000
main_smooth_doy_spearman,Fuhe,抚河,All,14,spearman,smooth_doy31,10,8,0,2000
main_smooth_doy_spearman,Fuhe,抚河,All,14,spearman,smooth_doy31,10,9,0,2000
main_smooth_doy_spearman,Fuhe,抚河,All,14,spearman,smooth_doy31,10,10,0,2000
main_smooth_doy_spearman,Fuhe,抚河,All,14,spearman,smooth_doy31,15,0,0,2000
main_smooth_doy_spearman,Fuhe,抚河,All,14,spearman,smooth_doy31,15,1,0,2000
main_smooth_doy_spearman,Fuhe,抚河,All,14,spearman,smooth_doy31,15,2,1,2000
main_smooth_doy_spearman,Fuhe,抚河,All,14,spearman,smooth_doy31,15,3,0,2000
main_smooth_doy_spearman,Fuhe,抚河,All,14,spearman,smooth_doy31,15,4,0,2000
main_smooth_doy_spearman,Fuhe,抚河,All,14,spearman,smooth_doy31,15,5,0,2000
main_smooth_doy_spearman,Fuhe,抚河,All,14,spearman,smooth_doy31,15,6,0,2000
main_smooth_doy_spearman,Fuhe,抚河,All,14,spearman,smooth_doy31,15,7,0,2000
main_smooth_doy_spearman,Fuhe,抚河,All,14,spearman,smooth_doy31,15,8,0,2000
main_smooth_doy_spearman,Fuhe,抚河,All,14,spearman,smooth_doy31,15,9,0,2000
main_smooth_doy_spearman,Fuhe,抚河,All,14,spearman,smooth_doy31,15,10,0,2000
main_smooth_doy_spearman,Fuhe,抚河,All,14,spearman,smooth_doy31,15,11,0,2000
main_smooth_doy_spearman,Fuhe,抚河,All,14,spearman,smooth_doy31,15,12,0,2000
main_smooth_doy_spearman,Fuhe,抚河,All,14,spearman,smooth_doy31,15,13,0,2000
main_smooth_doy_spearman,Fuhe,抚河,All,14,spearman,smooth_doy31,15,14,0,2000
main_smooth_doy_spearman,Fuhe,抚河,All,14,spearman,smooth_doy31,15,15,0,2000
main_smooth_doy_spearman,Fuhe,抚河,All,14,spearman,smooth_doy31,20,0,0,2000
main_smooth_doy_spearman,Fuhe,抚河,All,14,spearman,smooth_doy31,20,1,0,2000
main_smooth_doy_spearman,Fuhe,抚河,All,14,spearman,smooth_doy31,20,2,1,2000
main_smooth_doy_spearman,Fuhe,抚河,All,14,spearman,smooth_doy31,20,3,0,2000
main_smooth_doy_spearman,Fuhe,抚河,All,14,spearman,smooth_doy31,20,4,0,2000
main_smooth_doy_spearman,Fuhe,抚河,All,14,spearman,smooth_doy31,20,5,0,2000
main_smooth_doy_spearman,Fuhe,抚河,All,14,spearman,smooth_doy31,20,6,0,2000
main_smooth_doy_spearman,Fuhe,抚河,All,14,spearman,smooth_doy31,20,7,0,2000
main_smooth_doy_spearman,Fuhe,抚河,All,14,spearman,smooth_doy31,20,8,0,2000
main_smooth_doy_spearman,Fuhe,抚河,All,14,spearman,smooth_doy31,20,9,0,2000
main_smooth_doy_spearman,Fuhe,抚河,All,14,spearman,smooth_doy31,20,10,0,2000
main_smooth_doy_spearman,Fuhe,抚河,All,14,spearman,smooth_doy31,20,11,0,2000
main_smooth_doy_spearman,Fuhe,抚河,All,14,spearman,smooth_doy31,20,12,0,2000
main_smooth_doy_spearman,Fuhe,抚河,All,14,spearman,smooth_doy31,20,13,0,2000
main_smooth_doy_spearman,Fuhe,抚河,All,14,spearman,smooth_doy31,20,14,0,2000
main_smooth_doy_spearman,Fuhe,抚河,All,14,spearman,smooth_doy31,20,15,0,2000
main_smooth_doy_spearman,Fuhe,抚河,All,14,spearman,smooth_doy31,20,16,0,2000
main_smooth_doy_spearman,Fuhe,抚河,All,14,spearman,smooth_doy31,20,17,0,2000
main_smooth_doy_spearman,Fuhe,抚河,All,14,spearman,smooth_doy31,20,18,0,2000
main_smooth_doy_spearman,Fuhe,抚河,All,14,spearman,smooth_doy31,20,19,0,2000
main_smooth_doy_spearman,Fuhe,抚河,All,14,spearman,smooth_doy31,20,20,0,2000
main_smooth_doy_spearman,Fuhe,抚河,Autumn,14,spearman,smooth_doy31,10,0,0,2000
main_smooth_doy_spearman,Fuhe,抚河,Autumn,14,spearman,smooth_doy31,10,1,0,2000
main_smooth_doy_spearman,Fuhe,抚河,Autumn,14,spearman,smooth_doy31,10,2,0.3965,2000
main_smooth_doy_spearman,Fuhe,抚河,Autumn,14,spearman,smooth_doy31,10,3,0.517,2000
main_smooth_doy_spearman,Fuhe,抚河,Autumn,14,spearman,smooth_doy31,10,4,0.086,2000
main_smooth_doy_spearman,Fuhe,抚河,Autumn,14,spearman,smooth_doy31,10,5,0.0005,2000
main_smooth_doy_spearman,Fuhe,抚河,Autumn,14,spearman,smooth_doy31,10,6,0,2000
main_smooth_doy_spearman,Fuhe,抚河,Autumn,14,spearman,smooth_doy31,10,7,0,2000
main_smooth_doy_spearman,Fuhe,抚河,Autumn,14,spearman,smooth_doy31,10,8,0,2000
main_smooth_doy_spearman,Fuhe,抚河,Autumn,14,spearman,smooth_doy31,10,9,0,2000
main_smooth_doy_spearman,Fuhe,抚河,Autumn,14,spearman,smooth_doy31,10,10,0,2000
main_smooth_doy_spearman,Fuhe,抚河,Autumn,14,spearman,smooth_doy31,15,0,0,2000
main_smooth_doy_spearman,Fuhe,抚河,Autumn,14,spearman,smooth_doy31,15,1,0,2000
main_smooth_doy_spearman,Fuhe,抚河,Autumn,14,spearman,smooth_doy31,15,2,0.3965,2000
main_smooth_doy_spearman,Fuhe,抚河,Autumn,14,spearman,smooth_doy31,15,3,0.517,2000
main_smooth_doy_spearman,Fuhe,抚河,Autumn,14,spearman,smooth_doy31,15,4,0.086,2000
main_smooth_doy_spearman,Fuhe,抚河,Autumn,14,spearman,smooth_doy31,15,5,0.0005,2000
main_smooth_doy_spearman,Fuhe,抚河,Autumn,14,spearman,smooth_doy31,15,6,0,2000
main_smooth_doy_spearman,Fuhe,抚河,Autumn,14,spearman,smooth_doy31,15,7,0,2000
main_smooth_doy_spearman,Fuhe,抚河,Autumn,14,spearman,smooth_doy31,15,8,0,2000
main_smooth_doy_spearman,Fuhe,抚河,Autumn,14,spearman,smooth_doy31,15,9,0,2000
main_smooth_doy_spearman,Fuhe,抚河,Autumn,14,spearman,smooth_doy31,15,10,0,2000
main_smooth_doy_spearman,Fuhe,抚河,Autumn,14,spearman,smooth_doy31,15,11,0,2000
main_smooth_doy_spearman,Fuhe,抚河,Autumn,14,spearman,smooth_doy31,15,12,0,2000
main_smooth_doy_spearman,Fuhe,抚河,Autumn,14,spearman,smooth_doy31,15,13,0,2000
main_smooth_doy_spearman,Fuhe,抚河,Autumn,14,spearman,smooth_doy31,15,14,0,2000
main_smooth_doy_spearman,Fuhe,抚河,Autumn,14,spearman,smooth_doy31,15,15,0,2000
main_smooth_doy_spearman,Fuhe,抚河,Autumn,14,spearman,smooth_doy31,20,0,0,2000
main_smooth_doy_spearman,Fuhe,抚河,Autumn,14,spearman,smooth_doy31,20,1,0,2000
main_smooth_doy_spearman,Fuhe,抚河,Autumn,14,spearman,smooth_doy31,20,2,0.3965,2000
main_smooth_doy_spearman,Fuhe,抚河,Autumn,14,spearman,smooth_doy31,20,3,0.517,2000
main_smooth_doy_spearman,Fuhe,抚河,Autumn,14,spearman,smooth_doy31,20,4,0.086,2000
main_smooth_doy_spearman,Fuhe,抚河,Autumn,14,spearman,smooth_doy31,20,5,0.0005,2000
main_smooth_doy_spearman,Fuhe,抚河,Autumn,14,spearman,smooth_doy31,20,6,0,2000
main_smooth_doy_spearman,Fuhe,抚河,Autumn,14,spearman,smooth_doy31,20,7,0,2000
main_smooth_doy_spearman,Fuhe,抚河,Autumn,14,spearman,smooth_doy31,20,8,0,2000
main_smooth_doy_spearman,Fuhe,抚河,Autumn,14,spearman,smooth_doy31,20,9,0,2000
main_smooth_doy_spearman,Fuhe,抚河,Autumn,14,spearman,smooth_doy31,20,10,0,2000
main_smooth_doy_spearman,Fuhe,抚河,Autumn,14,spearman,smooth_doy31,20,11,0,2000
main_smooth_doy_spearman,Fuhe,抚河,Autumn,14,spearman,smooth_doy31,20,12,0,2000
main_smooth_doy_spearman,Fuhe,抚河,Autumn,14,spearman,smooth_doy31,20,13,0,2000
main_smooth_doy_spearman,Fuhe,抚河,Autumn,14,spearman,smooth_doy31,20,14,0,2000
main_smooth_doy_spearman,Fuhe,抚河,Autumn,14,spearman,smooth_doy31,20,15,0,2000
main_smooth_doy_spearman,Fuhe,抚河,Autumn,14,spearman,smooth_doy31,20,16,0,2000
main_smooth_doy_spearman,Fuhe,抚河,Autumn,14,spearman,smooth_doy31,20,17,0,2000
main_smooth_doy_spearman,Fuhe,抚河,Autumn,14,spearman,smooth_doy31,20,18,0,2000
main_smooth_doy_spearman,Fuhe,抚河,Autumn,14,spearman,smooth_doy31,20,19,0,2000
main_smooth_doy_spearman,Fuhe,抚河,Autumn,14,spearman,smooth_doy31,20,20,0,2000
main_smooth_doy_spearman,Fuhe,抚河,Spring,14,spearman,smooth_doy31,10,0,0,2000
main_smooth_doy_spearman,Fuhe,抚河,Spring,14,spearman,smooth_doy31,10,1,0,2000
main_smooth_doy_spearman,Fuhe,抚河,Spring,14,spearman,smooth_doy31,10,2,1,2000
main_smooth_doy_spearman,Fuhe,抚河,Spring,14,spearman,smooth_doy31,10,3,0,2000
main_smooth_doy_spearman,Fuhe,抚河,Spring,14,spearman,smooth_doy31,10,4,0,2000
main_smooth_doy_spearman,Fuhe,抚河,Spring,14,spearman,smooth_doy31,10,5,0,2000
main_smooth_doy_spearman,Fuhe,抚河,Spring,14,spearman,smooth_doy31,10,6,0,2000
main_smooth_doy_spearman,Fuhe,抚河,Spring,14,spearman,smooth_doy31,10,7,0,2000
main_smooth_doy_spearman,Fuhe,抚河,Spring,14,spearman,smooth_doy31,10,8,0,2000
main_smooth_doy_spearman,Fuhe,抚河,Spring,14,spearman,smooth_doy31,10,9,0,2000
main_smooth_doy_spearman,Fuhe,抚河,Spring,14,spearman,smooth_doy31,10,10,0,2000
main_smooth_doy_spearman,Fuhe,抚河,Spring,14,spearman,smooth_doy31,15,0,0,2000
main_smooth_doy_spearman,Fuhe,抚河,Spring,14,spearman,smooth_doy31,15,1,0,2000
main_smooth_doy_spearman,Fuhe,抚河,Spring,14,spearman,smooth_doy31,15,2,1,2000
main_smooth_doy_spearman,Fuhe,抚河,Spring,14,spearman,smooth_doy31,15,3,0,2000
main_smooth_doy_spearman,Fuhe,抚河,Spring,14,spearman,smooth_doy31,15,4,0,2000
main_smooth_doy_spearman,Fuhe,抚河,Spring,14,spearman,smooth_doy31,15,5,0,2000
main_smooth_doy_spearman,Fuhe,抚河,Spring,14,spearman,smooth_doy31,15,6,0,2000
main_smooth_doy_spearman,Fuhe,抚河,Spring,14,spearman,smooth_doy31,15,7,0,2000
main_smooth_doy_spearman,Fuhe,抚河,Spring,14,spearman,smooth_doy31,15,8,0,2000
main_smooth_doy_spearman,Fuhe,抚河,Spring,14,spearman,smooth_doy31,15,9,0,2000
main_smooth_doy_spearman,Fuhe,抚河,Spring,14,spearman,smooth_doy31,15,10,0,2000
main_smooth_doy_spearman,Fuhe,抚河,Spring,14,spearman,smooth_doy31,15,11,0,2000
main_smooth_doy_spearman,Fuhe,抚河,Spring,14,spearman,smooth_doy31,15,12,0,2000
main_smooth_doy_spearman,Fuhe,抚河,Spring,14,spearman,smooth_doy31,15,13,0,2000
main_smooth_doy_spearman,Fuhe,抚河,Spring,14,spearman,smooth_doy31,15,14,0,2000
main_smooth_doy_spearman,Fuhe,抚河,Spring,14,spearman,smooth_doy31,15,15,0,2000
main_smooth_doy_spearman,Fuhe,抚河,Spring,14,spearman,smooth_doy31,20,0,0,2000
main_smooth_doy_spearman,Fuhe,抚河,Spring,14,spearman,smooth_doy31,20,1,0,2000
main_smooth_doy_spearman,Fuhe,抚河,Spring,14,spearman,smooth_doy31,20,2,1,2000
main_smooth_doy_spearman,Fuhe,抚河,Spring,14,spearman,smooth_doy31,20,3,0,2000
main_smooth_doy_spearman,Fuhe,抚河,Spring,14,spearman,smooth_doy31,20,4,0,2000
main_smooth_doy_spearman,Fuhe,抚河,Spring,14,spearman,smooth_doy31,20,5,0,2000
main_smooth_doy_spearman,Fuhe,抚河,Spring,14,spearman,smooth_doy31,20,6,0,2000
main_smooth_doy_spearman,Fuhe,抚河,Spring,14,spearman,smooth_doy31,20,7,0,2000
main_smooth_doy_spearman,Fuhe,抚河,Spring,14,spearman,smooth_doy31,20,8,0,2000
main_smooth_doy_spearman,Fuhe,抚河,Spring,14,spearman,smooth_doy31,20,9,0,2000
main_smooth_doy_spearman,Fuhe,抚河,Spring,14,spearman,smooth_doy31,20,10,0,2000
main_smooth_doy_spearman,Fuhe,抚河,Spring,14,spearman,smooth_doy31,20,11,0,2000
main_smooth_doy_spearman,Fuhe,抚河,Spring,14,spearman,smooth_doy31,20,12,0,2000
main_smooth_doy_spearman,Fuhe,抚河,Spring,14,spearman,smooth_doy31,20,13,0,2000
main_smooth_doy_spearman,Fuhe,抚河,Spring,14,spearman,smooth_doy31,20,14,0,2000
main_smooth_doy_spearman,Fuhe,抚河,Spring,14,spearman,smooth_doy31,20,15,0,2000
main_smooth_doy_spearman,Fuhe,抚河,Spring,14,spearman,smooth_doy31,20,16,0,2000
main_smooth_doy_spearman,Fuhe,抚河,Spring,14,spearman,smooth_doy31,20,17,0,2000
main_smooth_doy_spearman,Fuhe,抚河,Spring,14,spearman,smooth_doy31,20,18,0,2000
main_smooth_doy_spearman,Fuhe,抚河,Spring,14,spearman,smooth_doy31,20,19,0,2000
main_smooth_doy_spearman,Fuhe,抚河,Spring,14,spearman,smooth_doy31,20,20,0,2000
main_smooth_doy_spearman,Fuhe,抚河,Summer,14,spearman,smooth_doy31,10,0,0,2000
main_smooth_doy_spearman,Fuhe,抚河,Summer,14,spearman,smooth_doy31,10,1,0,2000
main_smooth_doy_spearman,Fuhe,抚河,Summer,14,spearman,smooth_doy31,10,2,1,2000
main_smooth_doy_spearman,Fuhe,抚河,Summer,14,spearman,smooth_doy31,10,3,0,2000
main_smooth_doy_spearman,Fuhe,抚河,Summer,14,spearman,smooth_doy31,10,4,0,2000
main_smooth_doy_spearman,Fuhe,抚河,Summer,14,spearman,smooth_doy31,10,5,0,2000
main_smooth_doy_spearman,Fuhe,抚河,Summer,14,spearman,smooth_doy31,10,6,0,2000
main_smooth_doy_spearman,Fuhe,抚河,Summer,14,spearman,smooth_doy31,10,7,0,2000
main_smooth_doy_spearman,Fuhe,抚河,Summer,14,spearman,smooth_doy31,10,8,0,2000
main_smooth_doy_spearman,Fuhe,抚河,Summer,14,spearman,smooth_doy31,10,9,0,2000
main_smooth_doy_spearman,Fuhe,抚河,Summer,14,spearman,smooth_doy31,10,10,0,2000
main_smooth_doy_spearman,Fuhe,抚河,Summer,14,spearman,smooth_doy31,15,0,0,2000
main_smooth_doy_spearman,Fuhe,抚河,Summer,14,spearman,smooth_doy31,15,1,0,2000
main_smooth_doy_spearman,Fuhe,抚河,Summer,14,spearman,smooth_doy31,15,2,1,2000
main_smooth_doy_spearman,Fuhe,抚河,Summer,14,spearman,smooth_doy31,15,3,0,2000
main_smooth_doy_spearman,Fuhe,抚河,Summer,14,spearman,smooth_doy31,15,4,0,2000
main_smooth_doy_spearman,Fuhe,抚河,Summer,14,spearman,smooth_doy31,15,5,0,2000
main_smooth_doy_spearman,Fuhe,抚河,Summer,14,spearman,smooth_doy31,15,6,0,2000
main_smooth_doy_spearman,Fuhe,抚河,Summer,14,spearman,smooth_doy31,15,7,0,2000
main_smooth_doy_spearman,Fuhe,抚河,Summer,14,spearman,smooth_doy31,15,8,0,2000
main_smooth_doy_spearman,Fuhe,抚河,Summer,14,spearman,smooth_doy31,15,9,0,2000
main_smooth_doy_spearman,Fuhe,抚河,Summer,14,spearman,smooth_doy31,15,10,0,2000
main_smooth_doy_spearman,Fuhe,抚河,Summer,14,spearman,smooth_doy31,15,11,0,2000
main_smooth_doy_spearman,Fuhe,抚河,Summer,14,spearman,smooth_doy31,15,12,0,2000
main_smooth_doy_spearman,Fuhe,抚河,Summer,14,spearman,smooth_doy31,15,13,0,2000
main_smooth_doy_spearman,Fuhe,抚河,Summer,14,spearman,smooth_doy31,15,14,0,2000
main_smooth_doy_spearman,Fuhe,抚河,Summer,14,spearman,smooth_doy31,15,15,0,2000
main_smooth_doy_spearman,Fuhe,抚河,Summer,14,spearman,smooth_doy31,20,0,0,2000
main_smooth_doy_spearman,Fuhe,抚河,Summer,14,spearman,smooth_doy31,20,1,0,2000
main_smooth_doy_spearman,Fuhe,抚河,Summer,14,spearman,smooth_doy31,20,2,1,2000
main_smooth_doy_spearman,Fuhe,抚河,Summer,14,spearman,smooth_doy31,20,3,0,2000
main_smooth_doy_spearman,Fuhe,抚河,Summer,14,spearman,smooth_doy31,20,4,0,2000
main_smooth_doy_spearman,Fuhe,抚河,Summer,14,spearman,smooth_doy31,20,5,0,2000
main_smooth_doy_spearman,Fuhe,抚河,Summer,14,spearman,smooth_doy31,20,6,0,2000
main_smooth_doy_spearman,Fuhe,抚河,Summer,14,spearman,smooth_doy31,20,7,0,2000
main_smooth_doy_spearman,Fuhe,抚河,Summer,14,spearman,smooth_doy31,20,8,0,2000
main_smooth_doy_spearman,Fuhe,抚河,Summer,14,spearman,smooth_doy31,20,9,0,2000
main_smooth_doy_spearman,Fuhe,抚河,Summer,14,spearman,smooth_doy31,20,10,0,2000
main_smooth_doy_spearman,Fuhe,抚河,Summer,14,spearman,smooth_doy31,20,11,0,2000
main_smooth_doy_spearman,Fuhe,抚河,Summer,14,spearman,smooth_doy31,20,12,0,2000
main_smooth_doy_spearman,Fuhe,抚河,Summer,14,spearman,smooth_doy31,20,13,0,2000
main_smooth_doy_spearman,Fuhe,抚河,Summer,14,spearman,smooth_doy31,20,14,0,2000
main_smooth_doy_spearman,Fuhe,抚河,Summer,14,spearman,smooth_doy31,20,15,0,2000
main_smooth_doy_spearman,Fuhe,抚河,Summer,14,spearman,smooth_doy31,20,16,0,2000
main_smooth_doy_spearman,Fuhe,抚河,Summer,14,spearman,smooth_doy31,20,17,0,2000
main_smooth_doy_spearman,Fuhe,抚河,Summer,14,spearman,smooth_doy31,20,18,0,2000
main_smooth_doy_spearman,Fuhe,抚河,Summer,14,spearman,smooth_doy31,20,19,0,2000
main_smooth_doy_spearman,Fuhe,抚河,Summer,14,spearman,smooth_doy31,20,20,0,2000
main_smooth_doy_spearman,Fuhe,抚河,Winter,13,spearman,smooth_doy31,10,0,0,2000
main_smooth_doy_spearman,Fuhe,抚河,Winter,13,spearman,smooth_doy31,10,1,0,2000
main_smooth_doy_spearman,Fuhe,抚河,Winter,13,spearman,smooth_doy31,10,2,0.255,2000
main_smooth_doy_spearman,Fuhe,抚河,Winter,13,spearman,smooth_doy31,10,3,0.515,2000
main_smooth_doy_spearman,Fuhe,抚河,Winter,13,spearman,smooth_doy31,10,4,0.007,2000
main_smooth_doy_spearman,Fuhe,抚河,Winter,13,spearman,smooth_doy31,10,5,0.2055,2000
main_smooth_doy_spearman,Fuhe,抚河,Winter,13,spearman,smooth_doy31,10,6,0.0135,2000
main_smooth_doy_spearman,Fuhe,抚河,Winter,13,spearman,smooth_doy31,10,7,0.001,2000
main_smooth_doy_spearman,Fuhe,抚河,Winter,13,spearman,smooth_doy31,10,8,0.0005,2000
main_smooth_doy_spearman,Fuhe,抚河,Winter,13,spearman,smooth_doy31,10,9,0.002,2000
main_smooth_doy_spearman,Fuhe,抚河,Winter,13,spearman,smooth_doy31,10,10,0.0005,2000
main_smooth_doy_spearman,Fuhe,抚河,Winter,13,spearman,smooth_doy31,15,0,0,2000
main_smooth_doy_spearman,Fuhe,抚河,Winter,13,spearman,smooth_doy31,15,1,0,2000
main_smooth_doy_spearman,Fuhe,抚河,Winter,13,spearman,smooth_doy31,15,2,0.255,2000
main_smooth_doy_spearman,Fuhe,抚河,Winter,13,spearman,smooth_doy31,15,3,0.5145,2000
main_smooth_doy_spearman,Fuhe,抚河,Winter,13,spearman,smooth_doy31,15,4,0.007,2000
main_smooth_doy_spearman,Fuhe,抚河,Winter,13,spearman,smooth_doy31,15,5,0.2055,2000
main_smooth_doy_spearman,Fuhe,抚河,Winter,13,spearman,smooth_doy31,15,6,0.0135,2000
main_smooth_doy_spearman,Fuhe,抚河,Winter,13,spearman,smooth_doy31,15,7,0.001,2000
main_smooth_doy_spearman,Fuhe,抚河,Winter,13,spearman,smooth_doy31,15,8,0.0005,2000
main_smooth_doy_spearman,Fuhe,抚河,Winter,13,spearman,smooth_doy31,15,9,0.002,2000
main_smooth_doy_spearman,Fuhe,抚河,Winter,13,spearman,smooth_doy31,15,10,0,2000
main_smooth_doy_spearman,Fuhe,抚河,Winter,13,spearman,smooth_doy31,15,11,0,2000
main_smooth_doy_spearman,Fuhe,抚河,Winter,13,spearman,smooth_doy31,15,12,0,2000
main_smooth_doy_spearman,Fuhe,抚河,Winter,13,spearman,smooth_doy31,15,13,0,2000
main_smooth_doy_spearman,Fuhe,抚河,Winter,13,spearman,smooth_doy31,15,14,0.001,2000
main_smooth_doy_spearman,Fuhe,抚河,Winter,13,spearman,smooth_doy31,15,15,0,2000
main_smooth_doy_spearman,Fuhe,抚河,Winter,13,spearman,smooth_doy31,20,0,0,2000
main_smooth_doy_spearman,Fuhe,抚河,Winter,13,spearman,smooth_doy31,20,1,0,2000
main_smooth_doy_spearman,Fuhe,抚河,Winter,13,spearman,smooth_doy31,20,2,0.255,2000
main_smooth_doy_spearman,Fuhe,抚河,Winter,13,spearman,smooth_doy31,20,3,0.5145,2000
main_smooth_doy_spearman,Fuhe,抚河,Winter,13,spearman,smooth_doy31,20,4,0.007,2000
main_smooth_doy_spearman,Fuhe,抚河,Winter,13,spearman,smooth_doy31,20,5,0.2055,2000
main_smooth_doy_spearman,Fuhe,抚河,Winter,13,spearman,smooth_doy31,20,6,0.0135,2000
main_smooth_doy_spearman,Fuhe,抚河,Winter,13,spearman,smooth_doy31,20,7,0.001,2000
main_smooth_doy_spearman,Fuhe,抚河,Winter,13,spearman,smooth_doy31,20,8,0.0005,2000
main_smooth_doy_spearman,Fuhe,抚河,Winter,13,spearman,smooth_doy31,20,9,0.002,2000
main_smooth_doy_spearman,Fuhe,抚河,Winter,13,spearman,smooth_doy31,20,10,0,2000
main_smooth_doy_spearman,Fuhe,抚河,Winter,13,spearman,smooth_doy31,20,11,0,2000
main_smooth_doy_spearman,Fuhe,抚河,Winter,13,spearman,smooth_doy31,20,12,0,2000
main_smooth_doy_spearman,Fuhe,抚河,Winter,13,spearman,smooth_doy31,20,13,0,2000
main_smooth_doy_spearman,Fuhe,抚河,Winter,13,spearman,smooth_doy31,20,14,0.001,2000
main_smooth_doy_spearman,Fuhe,抚河,Winter,13,spearman,smooth_doy31,20,15,0,2000
main_smooth_doy_spearman,Fuhe,抚河,Winter,13,spearman,smooth_doy31,20,16,0,2000
main_smooth_doy_spearman,Fuhe,抚河,Winter,13,spearman,smooth_doy31,20,17,0,2000
main_smooth_doy_spearman,Fuhe,抚河,Winter,13,spearman,smooth_doy31,20,18,0,2000
main_smooth_doy_spearman,Fuhe,抚河,Winter,13,spearman,smooth_doy31,20,19,0,2000
main_smooth_doy_spearman,Fuhe,抚河,Winter,13,spearman,smooth_doy31,20,20,0,2000
main_smooth_doy_spearman,Ganjiang,赣江,All,14,spearman,smooth_doy31,10,0,0,2000
main_smooth_doy_spearman,Ganjiang,赣江,All,14,spearman,smooth_doy31,10,1,0,2000
main_smooth_doy_spearman,Ganjiang,赣江,All,14,spearman,smooth_doy31,10,2,0,2000
main_smooth_doy_spearman,Ganjiang,赣江,All,14,spearman,smooth_doy31,10,3,0.001,2000
main_smooth_doy_spearman,Ganjiang,赣江,All,14,spearman,smooth_doy31,10,4,0.3845,2000
main_smooth_doy_spearman,Ganjiang,赣江,All,14,spearman,smooth_doy31,10,5,0.614,2000
main_smooth_doy_spearman,Ganjiang,赣江,All,14,spearman,smooth_doy31,10,6,0.0005,2000
main_smooth_doy_spearman,Ganjiang,赣江,All,14,spearman,smooth_doy31,10,7,0,2000
main_smooth_doy_spearman,Ganjiang,赣江,All,14,spearman,smooth_doy31,10,8,0,2000
main_smooth_doy_spearman,Ganjiang,赣江,All,14,spearman,smooth_doy31,10,9,0,2000
main_smooth_doy_spearman,Ganjiang,赣江,All,14,spearman,smooth_doy31,10,10,0,2000
main_smooth_doy_spearman,Ganjiang,赣江,All,14,spearman,smooth_doy31,15,0,0,2000
main_smooth_doy_spearman,Ganjiang,赣江,All,14,spearman,smooth_doy31,15,1,0,2000
main_smooth_doy_spearman,Ganjiang,赣江,All,14,spearman,smooth_doy31,15,2,0,2000
main_smooth_doy_spearman,Ganjiang,赣江,All,14,spearman,smooth_doy31,15,3,0.001,2000
main_smooth_doy_spearman,Ganjiang,赣江,All,14,spearman,smooth_doy31,15,4,0.3845,2000
main_smooth_doy_spearman,Ganjiang,赣江,All,14,spearman,smooth_doy31,15,5,0.614,2000
main_smooth_doy_spearman,Ganjiang,赣江,All,14,spearman,smooth_doy31,15,6,0.0005,2000
main_smooth_doy_spearman,Ganjiang,赣江,All,14,spearman,smooth_doy31,15,7,0,2000
main_smooth_doy_spearman,Ganjiang,赣江,All,14,spearman,smooth_doy31,15,8,0,2000
main_smooth_doy_spearman,Ganjiang,赣江,All,14,spearman,smooth_doy31,15,9,0,2000
main_smooth_doy_spearman,Ganjiang,赣江,All,14,spearman,smooth_doy31,15,10,0,2000
main_smooth_doy_spearman,Ganjiang,赣江,All,14,spearman,smooth_doy31,15,11,0,2000
main_smooth_doy_spearman,Ganjiang,赣江,All,14,spearman,smooth_doy31,15,12,0,2000
main_smooth_doy_spearman,Ganjiang,赣江,All,14,spearman,smooth_doy31,15,13,0,2000
main_smooth_doy_spearman,Ganjiang,赣江,All,14,spearman,smooth_doy31,15,14,0,2000
main_smooth_doy_spearman,Ganjiang,赣江,All,14,spearman,smooth_doy31,15,15,0,2000
main_smooth_doy_spearman,Ganjiang,赣江,All,14,spearman,smooth_doy31,20,0,0,2000
main_smooth_doy_spearman,Ganjiang,赣江,All,14,spearman,smooth_doy31,20,1,0,2000
main_smooth_doy_spearman,Ganjiang,赣江,All,14,spearman,smooth_doy31,20,2,0,2000
main_smooth_doy_spearman,Ganjiang,赣江,All,14,spearman,smooth_doy31,20,3,0.001,2000
main_smooth_doy_spearman,Ganjiang,赣江,All,14,spearman,smooth_doy31,20,4,0.3845,2000
main_smooth_doy_spearman,Ganjiang,赣江,All,14,spearman,smooth_doy31,20,5,0.614,2000
main_smooth_doy_spearman,Ganjiang,赣江,All,14,spearman,smooth_doy31,20,6,0.0005,2000
main_smooth_doy_spearman,Ganjiang,赣江,All,14,spearman,smooth_doy31,20,7,0,2000
main_smooth_doy_spearman,Ganjiang,赣江,All,14,spearman,smooth_doy31,20,8,0,2000
main_smooth_doy_spearman,Ganjiang,赣江,All,14,spearman,smooth_doy31,20,9,0,2000
main_smooth_doy_spearman,Ganjiang,赣江,All,14,spearman,smooth_doy31,20,10,0,2000
main_smooth_doy_spearman,Ganjiang,赣江,All,14,spearman,smooth_doy31,20,11,0,2000
main_smooth_doy_spearman,Ganjiang,赣江,All,14,spearman,smooth_doy31,20,12,0,2000
main_smooth_doy_spearman,Ganjiang,赣江,All,14,spearman,smooth_doy31,20,13,0,2000
main_smooth_doy_spearman,Ganjiang,赣江,All,14,spearman,smooth_doy31,20,14,0,2000
main_smooth_doy_spearman,Ganjiang,赣江,All,14,spearman,smooth_doy31,20,15,0,2000
main_smooth_doy_spearman,Ganjiang,赣江,All,14,spearman,smooth_doy31,20,16,0,2000
main_smooth_doy_spearman,Ganjiang,赣江,All,14,spearman,smooth_doy31,20,17,0,2000
main_smooth_doy_spearman,Ganjiang,赣江,All,14,spearman,smooth_doy31,20,18,0,2000
main_smooth_doy_spearman,Ganjiang,赣江,All,14,spearman,smooth_doy31,20,19,0,2000
main_smooth_doy_spearman,Ganjiang,赣江,All,14,spearman,smooth_doy31,20,20,0,2000
main_smooth_doy_spearman,Ganjiang,赣江,Autumn,14,spearman,smooth_doy31,10,0,0,2000
main_smooth_doy_spearman,Ganjiang,赣江,Autumn,14,spearman,smooth_doy31,10,1,0,2000
main_smooth_doy_spearman,Ganjiang,赣江,Autumn,14,spearman,smooth_doy31,10,2,0,2000
main_smooth_doy_spearman,Ganjiang,赣江,Autumn,14,spearman,smooth_doy31,10,3,0.001,2000
main_smooth_doy_spearman,Ganjiang,赣江,Autumn,14,spearman,smooth_doy31,10,4,0.1805,2000
main_smooth_doy_spearman,Ganjiang,赣江,Autumn,14,spearman,smooth_doy31,10,5,0.4585,2000
main_smooth_doy_spearman,Ganjiang,赣江,Autumn,14,spearman,smooth_doy31,10,6,0.261,2000
main_smooth_doy_spearman,Ganjiang,赣江,Autumn,14,spearman,smooth_doy31,10,7,0.0895,2000
main_smooth_doy_spearman,Ganjiang,赣江,Autumn,14,spearman,smooth_doy31,10,8,0.0065,2000
main_smooth_doy_spearman,Ganjiang,赣江,Autumn,14,spearman,smooth_doy31,10,9,0.003,2000
main_smooth_doy_spearman,Ganjiang,赣江,Autumn,14,spearman,smooth_doy31,10,10,0,2000
main_smooth_doy_spearman,Ganjiang,赣江,Autumn,14,spearman,smooth_doy31,15,0,0,2000
main_smooth_doy_spearman,Ganjiang,赣江,Autumn,14,spearman,smooth_doy31,15,1,0,2000
main_smooth_doy_spearman,Ganjiang,赣江,Autumn,14,spearman,smooth_doy31,15,2,0,2000
main_smooth_doy_spearman,Ganjiang,赣江,Autumn,14,spearman,smooth_doy31,15,3,0.001,2000
main_smooth_doy_spearman,Ganjiang,赣江,Autumn,14,spearman,smooth_doy31,15,4,0.1805,2000
main_smooth_doy_spearman,Ganjiang,赣江,Autumn,14,spearman,smooth_doy31,15,5,0.4585,2000
main_smooth_doy_spearman,Ganjiang,赣江,Autumn,14,spearman,smooth_doy31,15,6,0.261,2000
main_smooth_doy_spearman,Ganjiang,赣江,Autumn,14,spearman,smooth_doy31,15,7,0.0895,2000
main_smooth_doy_spearman,Ganjiang,赣江,Autumn,14,spearman,smooth_doy31,15,8,0.0065,2000
main_smooth_doy_spearman,Ganjiang,赣江,Autumn,14,spearman,smooth_doy31,15,9,0.003,2000
main_smooth_doy_spearman,Ganjiang,赣江,Autumn,14,spearman,smooth_doy31,15,10,0,2000
main_smooth_doy_spearman,Ganjiang,赣江,Autumn,14,spearman,smooth_doy31,15,11,0,2000
main_smooth_doy_spearman,Ganjiang,赣江,Autumn,14,spearman,smooth_doy31,15,12,0,2000
main_smooth_doy_spearman,Ganjiang,赣江,Autumn,14,spearman,smooth_doy31,15,13,0,2000
main_smooth_doy_spearman,Ganjiang,赣江,Autumn,14,spearman,smooth_doy31,15,14,0,2000
main_smooth_doy_spearman,Ganjiang,赣江,Autumn,14,spearman,smooth_doy31,15,15,0,2000
main_smooth_doy_spearman,Ganjiang,赣江,Autumn,14,spearman,smooth_doy31,20,0,0,2000
main_smooth_doy_spearman,Ganjiang,赣江,Autumn,14,spearman,smooth_doy31,20,1,0,2000
main_smooth_doy_spearman,Ganjiang,赣江,Autumn,14,spearman,smooth_doy31,20,2,0,2000
main_smooth_doy_spearman,Ganjiang,赣江,Autumn,14,spearman,smooth_doy31,20,3,0.001,2000
main_smooth_doy_spearman,Ganjiang,赣江,Autumn,14,spearman,smooth_doy31,20,4,0.1805,2000
main_smooth_doy_spearman,Ganjiang,赣江,Autumn,14,spearman,smooth_doy31,20,5,0.4585,2000
main_smooth_doy_spearman,Ganjiang,赣江,Autumn,14,spearman,smooth_doy31,20,6,0.261,2000
main_smooth_doy_spearman,Ganjiang,赣江,Autumn,14,spearman,smooth_doy31,20,7,0.0895,2000
main_smooth_doy_spearman,Ganjiang,赣江,Autumn,14,spearman,smooth_doy31,20,8,0.0065,2000
main_smooth_doy_spearman,Ganjiang,赣江,Autumn,14,spearman,smooth_doy31,20,9,0.003,2000
main_smooth_doy_spearman,Ganjiang,赣江,Autumn,14,spearman,smooth_doy31,20,10,0,2000
main_smooth_doy_spearman,Ganjiang,赣江,Autumn,14,spearman,smooth_doy31,20,11,0,2000
main_smooth_doy_spearman,Ganjiang,赣江,Autumn,14,spearman,smooth_doy31,20,12,0,2000
main_smooth_doy_spearman,Ganjiang,赣江,Autumn,14,spearman,smooth_doy31,20,13,0,2000
main_smooth_doy_spearman,Ganjiang,赣江,Autumn,14,spearman,smooth_doy31,20,14,0,2000
main_smooth_doy_spearman,Ganjiang,赣江,Autumn,14,spearman,smooth_doy31,20,15,0,2000
main_smooth_doy_spearman,Ganjiang,赣江,Autumn,14,spearman,smooth_doy31,20,16,0,2000
main_smooth_doy_spearman,Ganjiang,赣江,Autumn,14,spearman,smooth_doy31,20,17,0,2000
main_smooth_doy_spearman,Ganjiang,赣江,Autumn,14,spearman,smooth_doy31,20,18,0,2000
main_smooth_doy_spearman,Ganjiang,赣江,Autumn,14,spearman,smooth_doy31,20,19,0,2000
main_smooth_doy_spearman,Ganjiang,赣江,Autumn,14,spearman,smooth_doy31,20,20,0,2000
main_smooth_doy_spearman,Ganjiang,赣江,Spring,14,spearman,smooth_doy31,10,0,0,2000
main_smooth_doy_spearman,Ganjiang,赣江,Spring,14,spearman,smooth_doy31,10,1,0,2000
main_smooth_doy_spearman,Ganjiang,赣江,Spring,14,spearman,smooth_doy31,10,2,0,2000
main_smooth_doy_spearman,Ganjiang,赣江,Spring,14,spearman,smooth_doy31,10,3,0.03,2000
main_smooth_doy_spearman,Ganjiang,赣江,Spring,14,spearman,smooth_doy31,10,4,0.139,2000
main_smooth_doy_spearman,Ganjiang,赣江,Spring,14,spearman,smooth_doy31,10,5,0.7975,2000
main_smooth_doy_spearman,Ganjiang,赣江,Spring,14,spearman,smooth_doy31,10,6,0.02,2000
main_smooth_doy_spearman,Ganjiang,赣江,Spring,14,spearman,smooth_doy31,10,7,0.0125,2000
main_smooth_doy_spearman,Ganjiang,赣江,Spring,14,spearman,smooth_doy31,10,8,0,2000
main_smooth_doy_spearman,Ganjiang,赣江,Spring,14,spearman,smooth_doy31,10,9,0,2000
main_smooth_doy_spearman,Ganjiang,赣江,Spring,14,spearman,smooth_doy31,10,10,0.001,2000
main_smooth_doy_spearman,Ganjiang,赣江,Spring,14,spearman,smooth_doy31,15,0,0,2000
main_smooth_doy_spearman,Ganjiang,赣江,Spring,14,spearman,smooth_doy31,15,1,0,2000
main_smooth_doy_spearman,Ganjiang,赣江,Spring,14,spearman,smooth_doy31,15,2,0,2000
main_smooth_doy_spearman,Ganjiang,赣江,Spring,14,spearman,smooth_doy31,15,3,0.03,2000
main_smooth_doy_spearman,Ganjiang,赣江,Spring,14,spearman,smooth_doy31,15,4,0.139,2000
main_smooth_doy_spearman,Ganjiang,赣江,Spring,14,spearman,smooth_doy31,15,5,0.7975,2000
main_smooth_doy_spearman,Ganjiang,赣江,Spring,14,spearman,smooth_doy31,15,6,0.02,2000
main_smooth_doy_spearman,Ganjiang,赣江,Spring,14,spearman,smooth_doy31,15,7,0.0125,2000
main_smooth_doy_spearman,Ganjiang,赣江,Spring,14,spearman,smooth_doy31,15,8,0,2000
main_smooth_doy_spearman,Ganjiang,赣江,Spring,14,spearman,smooth_doy31,15,9,0,2000
main_smooth_doy_spearman,Ganjiang,赣江,Spring,14,spearman,smooth_doy31,15,10,0.001,2000
main_smooth_doy_spearman,Ganjiang,赣江,Spring,14,spearman,smooth_doy31,15,11,0,2000
main_smooth_doy_spearman,Ganjiang,赣江,Spring,14,spearman,smooth_doy31,15,12,0,2000
main_smooth_doy_spearman,Ganjiang,赣江,Spring,14,spearman,smooth_doy31,15,13,0,2000
main_smooth_doy_spearman,Ganjiang,赣江,Spring,14,spearman,smooth_doy31,15,14,0,2000
main_smooth_doy_spearman,Ganjiang,赣江,Spring,14,spearman,smooth_doy31,15,15,0,2000
main_smooth_doy_spearman,Ganjiang,赣江,Spring,14,spearman,smooth_doy31,20,0,0,2000
main_smooth_doy_spearman,Ganjiang,赣江,Spring,14,spearman,smooth_doy31,20,1,0,2000
main_smooth_doy_spearman,Ganjiang,赣江,Spring,14,spearman,smooth_doy31,20,2,0,2000
main_smooth_doy_spearman,Ganjiang,赣江,Spring,14,spearman,smooth_doy31,20,3,0.03,2000
main_smooth_doy_spearman,Ganjiang,赣江,Spring,14,spearman,smooth_doy31,20,4,0.139,2000
main_smooth_doy_spearman,Ganjiang,赣江,Spring,14,spearman,smooth_doy31,20,5,0.7975,2000
main_smooth_doy_spearman,Ganjiang,赣江,Spring,14,spearman,smooth_doy31,20,6,0.02,2000
main_smooth_doy_spearman,Ganjiang,赣江,Spring,14,spearman,smooth_doy31,20,7,0.0125,2000
main_smooth_doy_spearman,Ganjiang,赣江,Spring,14,spearman,smooth_doy31,20,8,0,2000
main_smooth_doy_spearman,Ganjiang,赣江,Spring,14,spearman,smooth_doy31,20,9,0,2000
main_smooth_doy_spearman,Ganjiang,赣江,Spring,14,spearman,smooth_doy31,20,10,0.001,2000
main_smooth_doy_spearman,Ganjiang,赣江,Spring,14,spearman,smooth_doy31,20,11,0,2000
main_smooth_doy_spearman,Ganjiang,赣江,Spring,14,spearman,smooth_doy31,20,12,0,2000
main_smooth_doy_spearman,Ganjiang,赣江,Spring,14,spearman,smooth_doy31,20,13,0,2000
main_smooth_doy_spearman,Ganjiang,赣江,Spring,14,spearman,smooth_doy31,20,14,0,2000
main_smooth_doy_spearman,Ganjiang,赣江,Spring,14,spearman,smooth_doy31,20,15,0,2000
main_smooth_doy_spearman,Ganjiang,赣江,Spring,14,spearman,smooth_doy31,20,16,0,2000
main_smooth_doy_spearman,Ganjiang,赣江,Spring,14,spearman,smooth_doy31,20,17,0,2000
main_smooth_doy_spearman,Ganjiang,赣江,Spring,14,spearman,smooth_doy31,20,18,0,2000
main_smooth_doy_spearman,Ganjiang,赣江,Spring,14,spearman,smooth_doy31,20,19,0,2000
main_smooth_doy_spearman,Ganjiang,赣江,Spring,14,spearman,smooth_doy31,20,20,0,2000
main_smooth_doy_spearman,Ganjiang,赣江,Summer,14,spearman,smooth_doy31,10,0,0,2000
main_smooth_doy_spearman,Ganjiang,赣江,Summer,14,spearman,smooth_doy31,10,1,0,2000
main_smooth_doy_spearman,Ganjiang,赣江,Summer,14,spearman,smooth_doy31,10,2,0,2000
main_smooth_doy_spearman,Ganjiang,赣江,Summer,14,spearman,smooth_doy31,10,3,0.0775,2000
main_smooth_doy_spearman,Ganjiang,赣江,Summer,14,spearman,smooth_doy31,10,4,0.917,2000
main_smooth_doy_spearman,Ganjiang,赣江,Summer,14,spearman,smooth_doy31,10,5,0.0055,2000
main_smooth_doy_spearman,Ganjiang,赣江,Summer,14,spearman,smooth_doy31,10,6,0,2000
main_smooth_doy_spearman,Ganjiang,赣江,Summer,14,spearman,smooth_doy31,10,7,0,2000
main_smooth_doy_spearman,Ganjiang,赣江,Summer,14,spearman,smooth_doy31,10,8,0,2000
main_smooth_doy_spearman,Ganjiang,赣江,Summer,14,spearman,smooth_doy31,10,9,0,2000
main_smooth_doy_spearman,Ganjiang,赣江,Summer,14,spearman,smooth_doy31,10,10,0,2000
main_smooth_doy_spearman,Ganjiang,赣江,Summer,14,spearman,smooth_doy31,15,0,0,2000
main_smooth_doy_spearman,Ganjiang,赣江,Summer,14,spearman,smooth_doy31,15,1,0,2000
main_smooth_doy_spearman,Ganjiang,赣江,Summer,14,spearman,smooth_doy31,15,2,0,2000
main_smooth_doy_spearman,Ganjiang,赣江,Summer,14,spearman,smooth_doy31,15,3,0.0775,2000
main_smooth_doy_spearman,Ganjiang,赣江,Summer,14,spearman,smooth_doy31,15,4,0.917,2000
main_smooth_doy_spearman,Ganjiang,赣江,Summer,14,spearman,smooth_doy31,15,5,0.0055,2000
main_smooth_doy_spearman,Ganjiang,赣江,Summer,14,spearman,smooth_doy31,15,6,0,2000
main_smooth_doy_spearman,Ganjiang,赣江,Summer,14,spearman,smooth_doy31,15,7,0,2000
main_smooth_doy_spearman,Ganjiang,赣江,Summer,14,spearman,smooth_doy31,15,8,0,2000
main_smooth_doy_spearman,Ganjiang,赣江,Summer,14,spearman,smooth_doy31,15,9,0,2000
main_smooth_doy_spearman,Ganjiang,赣江,Summer,14,spearman,smooth_doy31,15,10,0,2000
main_smooth_doy_spearman,Ganjiang,赣江,Summer,14,spearman,smooth_doy31,15,11,0,2000
main_smooth_doy_spearman,Ganjiang,赣江,Summer,14,spearman,smooth_doy31,15,12,0,2000
main_smooth_doy_spearman,Ganjiang,赣江,Summer,14,spearman,smooth_doy31,15,13,0,2000
main_smooth_doy_spearman,Ganjiang,赣江,Summer,14,spearman,smooth_doy31,15,14,0,2000
main_smooth_doy_spearman,Ganjiang,赣江,Summer,14,spearman,smooth_doy31,15,15,0,2000
main_smooth_doy_spearman,Ganjiang,赣江,Summer,14,spearman,smooth_doy31,20,0,0,2000
main_smooth_doy_spearman,Ganjiang,赣江,Summer,14,spearman,smooth_doy31,20,1,0,2000
main_smooth_doy_spearman,Ganjiang,赣江,Summer,14,spearman,smooth_doy31,20,2,0,2000
main_smooth_doy_spearman,Ganjiang,赣江,Summer,14,spearman,smooth_doy31,20,3,0.0775,2000
main_smooth_doy_spearman,Ganjiang,赣江,Summer,14,spearman,smooth_doy31,20,4,0.917,2000
main_smooth_doy_spearman,Ganjiang,赣江,Summer,14,spearman,smooth_doy31,20,5,0.0055,2000
main_smooth_doy_spearman,Ganjiang,赣江,Summer,14,spearman,smooth_doy31,20,6,0,2000
main_smooth_doy_spearman,Ganjiang,赣江,Summer,14,spearman,smooth_doy31,20,7,0,2000
main_smooth_doy_spearman,Ganjiang,赣江,Summer,14,spearman,smooth_doy31,20,8,0,2000
main_smooth_doy_spearman,Ganjiang,赣江,Summer,14,spearman,smooth_doy31,20,9,0,2000
main_smooth_doy_spearman,Ganjiang,赣江,Summer,14,spearman,smooth_doy31,20,10,0,2000
main_smooth_doy_spearman,Ganjiang,赣江,Summer,14,spearman,smooth_doy31,20,11,0,2000
main_smooth_doy_spearman,Ganjiang,赣江,Summer,14,spearman,smooth_doy31,20,12,0,2000
main_smooth_doy_spearman,Ganjiang,赣江,Summer,14,spearman,smooth_doy31,20,13,0,2000
main_smooth_doy_spearman,Ganjiang,赣江,Summer,14,spearman,smooth_doy31,20,14,0,2000
main_smooth_doy_spearman,Ganjiang,赣江,Summer,14,spearman,smooth_doy31,20,15,0,2000
main_smooth_doy_spearman,Ganjiang,赣江,Summer,14,spearman,smooth_doy31,20,16,0,2000
main_smooth_doy_spearman,Ganjiang,赣江,Summer,14,spearman,smooth_doy31,20,17,0,2000
main_smooth_doy_spearman,Ganjiang,赣江,Summer,14,spearman,smooth_doy31,20,18,0,2000
main_smooth_doy_spearman,Ganjiang,赣江,Summer,14,spearman,smooth_doy31,20,19,0,2000
main_smooth_doy_spearman,Ganjiang,赣江,Summer,14,spearman,smooth_doy31,20,20,0,2000
main_smooth_doy_spearman,Ganjiang,赣江,Winter,13,spearman,smooth_doy31,10,0,0,2000
main_smooth_doy_spearman,Ganjiang,赣江,Winter,13,spearman,smooth_doy31,10,1,0,2000
main_smooth_doy_spearman,Ganjiang,赣江,Winter,13,spearman,smooth_doy31,10,2,0,2000
main_smooth_doy_spearman,Ganjiang,赣江,Winter,13,spearman,smooth_doy31,10,3,0,2000
main_smooth_doy_spearman,Ganjiang,赣江,Winter,13,spearman,smooth_doy31,10,4,0,2000
main_smooth_doy_spearman,Ganjiang,赣江,Winter,13,spearman,smooth_doy31,10,5,0.023,2000
main_smooth_doy_spearman,Ganjiang,赣江,Winter,13,spearman,smooth_doy31,10,6,0.347,2000
main_smooth_doy_spearman,Ganjiang,赣江,Winter,13,spearman,smooth_doy31,10,7,0.3975,2000
main_smooth_doy_spearman,Ganjiang,赣江,Winter,13,spearman,smooth_doy31,10,8,0.0645,2000
main_smooth_doy_spearman,Ganjiang,赣江,Winter,13,spearman,smooth_doy31,10,9,0.0685,2000
main_smooth_doy_spearman,Ganjiang,赣江,Winter,13,spearman,smooth_doy31,10,10,0.0995,2000
main_smooth_doy_spearman,Ganjiang,赣江,Winter,13,spearman,smooth_doy31,15,0,0,2000
main_smooth_doy_spearman,Ganjiang,赣江,Winter,13,spearman,smooth_doy31,15,1,0,2000
main_smooth_doy_spearman,Ganjiang,赣江,Winter,13,spearman,smooth_doy31,15,2,0,2000
main_smooth_doy_spearman,Ganjiang,赣江,Winter,13,spearman,smooth_doy31,15,3,0,2000
main_smooth_doy_spearman,Ganjiang,赣江,Winter,13,spearman,smooth_doy31,15,4,0,2000
main_smooth_doy_spearman,Ganjiang,赣江,Winter,13,spearman,smooth_doy31,15,5,0.023,2000
main_smooth_doy_spearman,Ganjiang,赣江,Winter,13,spearman,smooth_doy31,15,6,0.345,2000
main_smooth_doy_spearman,Ganjiang,赣江,Winter,13,spearman,smooth_doy31,15,7,0.3975,2000
main_smooth_doy_spearman,Ganjiang,赣江,Winter,13,spearman,smooth_doy31,15,8,0.0645,2000
main_smooth_doy_spearman,Ganjiang,赣江,Winter,13,spearman,smooth_doy31,15,9,0.0685,2000
main_smooth_doy_spearman,Ganjiang,赣江,Winter,13,spearman,smooth_doy31,15,10,0.0835,2000
main_smooth_doy_spearman,Ganjiang,赣江,Winter,13,spearman,smooth_doy31,15,11,0.013,2000
main_smooth_doy_spearman,Ganjiang,赣江,Winter,13,spearman,smooth_doy31,15,12,0.0035,2000
main_smooth_doy_spearman,Ganjiang,赣江,Winter,13,spearman,smooth_doy31,15,13,0,2000
main_smooth_doy_spearman,Ganjiang,赣江,Winter,13,spearman,smooth_doy31,15,14,0,2000
main_smooth_doy_spearman,Ganjiang,赣江,Winter,13,spearman,smooth_doy31,15,15,0.0015,2000
main_smooth_doy_spearman,Ganjiang,赣江,Winter,13,spearman,smooth_doy31,20,0,0,2000
main_smooth_doy_spearman,Ganjiang,赣江,Winter,13,spearman,smooth_doy31,20,1,0,2000
main_smooth_doy_spearman,Ganjiang,赣江,Winter,13,spearman,smooth_doy31,20,2,0,2000
main_smooth_doy_spearman,Ganjiang,赣江,Winter,13,spearman,smooth_doy31,20,3,0,2000
main_smooth_doy_spearman,Ganjiang,赣江,Winter,13,spearman,smooth_doy31,20,4,0,2000
main_smooth_doy_spearman,Ganjiang,赣江,Winter,13,spearman,smooth_doy31,20,5,0.023,2000
main_smooth_doy_spearman,Ganjiang,赣江,Winter,13,spearman,smooth_doy31,20,6,0.345,2000
main_smooth_doy_spearman,Ganjiang,赣江,Winter,13,spearman,smooth_doy31,20,7,0.3975,2000
main_smooth_doy_spearman,Ganjiang,赣江,Winter,13,spearman,smooth_doy31,20,8,0.0645,2000
main_smooth_doy_spearman,Ganjiang,赣江,Winter,13,spearman,smooth_doy31,20,9,0.0685,2000
main_smooth_doy_spearman,Ganjiang,赣江,Winter,13,spearman,smooth_doy31,20,10,0.0835,2000
main_smooth_doy_spearman,Ganjiang,赣江,Winter,13,spearman,smooth_doy31,20,11,0.013,2000
main_smooth_doy_spearman,Ganjiang,赣江,Winter,13,spearman,smooth_doy31,20,12,0.0035,2000
main_smooth_doy_spearman,Ganjiang,赣江,Winter,13,spearman,smooth_doy31,20,13,0,2000
main_smooth_doy_spearman,Ganjiang,赣江,Winter,13,spearman,smooth_doy31,20,14,0,2000
main_smooth_doy_spearman,Ganjiang,赣江,Winter,13,spearman,smooth_doy31,20,15,0.001,2000
main_smooth_doy_spearman,Ganjiang,赣江,Winter,13,spearman,smooth_doy31,20,16,0,2000
main_smooth_doy_spearman,Ganjiang,赣江,Winter,13,spearman,smooth_doy31,20,17,0.0005,2000
main_smooth_doy_spearman,Ganjiang,赣江,Winter,13,spearman,smooth_doy31,20,18,0,2000
main_smooth_doy_spearman,Ganjiang,赣江,Winter,13,spearman,smooth_doy31,20,19,0,2000
main_smooth_doy_spearman,Ganjiang,赣江,Winter,13,spearman,smooth_doy31,20,20,0,2000
main_smooth_doy_spearman,Le'anhe,乐安河,All,14,spearman,smooth_doy31,10,0,0,2000
main_smooth_doy_spearman,Le'anhe,乐安河,All,14,spearman,smooth_doy31,10,1,0.002,2000
main_smooth_doy_spearman,Le'anhe,乐安河,All,14,spearman,smooth_doy31,10,2,0.998,2000
main_smooth_doy_spearman,Le'anhe,乐安河,All,14,spearman,smooth_doy31,10,3,0,2000
main_smooth_doy_spearman,Le'anhe,乐安河,All,14,spearman,smooth_doy31,10,4,0,2000
main_smooth_doy_spearman,Le'anhe,乐安河,All,14,spearman,smooth_doy31,10,5,0,2000
main_smooth_doy_spearman,Le'anhe,乐安河,All,14,spearman,smooth_doy31,10,6,0,2000
main_smooth_doy_spearman,Le'anhe,乐安河,All,14,spearman,smooth_doy31,10,7,0,2000
main_smooth_doy_spearman,Le'anhe,乐安河,All,14,spearman,smooth_doy31,10,8,0,2000
main_smooth_doy_spearman,Le'anhe,乐安河,All,14,spearman,smooth_doy31,10,9,0,2000
main_smooth_doy_spearman,Le'anhe,乐安河,All,14,spearman,smooth_doy31,10,10,0,2000
main_smooth_doy_spearman,Le'anhe,乐安河,All,14,spearman,smooth_doy31,15,0,0,2000
main_smooth_doy_spearman,Le'anhe,乐安河,All,14,spearman,smooth_doy31,15,1,0.002,2000
main_smooth_doy_spearman,Le'anhe,乐安河,All,14,spearman,smooth_doy31,15,2,0.998,2000
main_smooth_doy_spearman,Le'anhe,乐安河,All,14,spearman,smooth_doy31,15,3,0,2000
main_smooth_doy_spearman,Le'anhe,乐安河,All,14,spearman,smooth_doy31,15,4,0,2000
main_smooth_doy_spearman,Le'anhe,乐安河,All,14,spearman,smooth_doy31,15,5,0,2000
main_smooth_doy_spearman,Le'anhe,乐安河,All,14,spearman,smooth_doy31,15,6,0,2000
main_smooth_doy_spearman,Le'anhe,乐安河,All,14,spearman,smooth_doy31,15,7,0,2000
main_smooth_doy_spearman,Le'anhe,乐安河,All,14,spearman,smooth_doy31,15,8,0,2000
main_smooth_doy_spearman,Le'anhe,乐安河,All,14,spearman,smooth_doy31,15,9,0,2000
main_smooth_doy_spearman,Le'anhe,乐安河,All,14,spearman,smooth_doy31,15,10,0,2000
main_smooth_doy_spearman,Le'anhe,乐安河,All,14,spearman,smooth_doy31,15,11,0,2000
main_smooth_doy_spearman,Le'anhe,乐安河,All,14,spearman,smooth_doy31,15,12,0,2000
main_smooth_doy_spearman,Le'anhe,乐安河,All,14,spearman,smooth_doy31,15,13,0,2000
main_smooth_doy_spearman,Le'anhe,乐安河,All,14,spearman,smooth_doy31,15,14,0,2000
main_smooth_doy_spearman,Le'anhe,乐安河,All,14,spearman,smooth_doy31,15,15,0,2000
main_smooth_doy_spearman,Le'anhe,乐安河,All,14,spearman,smooth_doy31,20,0,0,2000
main_smooth_doy_spearman,Le'anhe,乐安河,All,14,spearman,smooth_doy31,20,1,0.002,2000
main_smooth_doy_spearman,Le'anhe,乐安河,All,14,spearman,smooth_doy31,20,2,0.998,2000
main_smooth_doy_spearman,Le'anhe,乐安河,All,14,spearman,smooth_doy31,20,3,0,2000
main_smooth_doy_spearman,Le'anhe,乐安河,All,14,spearman,smooth_doy31,20,4,0,2000
main_smooth_doy_spearman,Le'anhe,乐安河,All,14,spearman,smooth_doy31,20,5,0,2000
main_smooth_doy_spearman,Le'anhe,乐安河,All,14,spearman,smooth_doy31,20,6,0,2000
main_smooth_doy_spearman,Le'anhe,乐安河,All,14,spearman,smooth_doy31,20,7,0,2000
main_smooth_doy_spearman,Le'anhe,乐安河,All,14,spearman,smooth_doy31,20,8,0,2000
main_smooth_doy_spearman,Le'anhe,乐安河,All,14,spearman,smooth_doy31,20,9,0,2000
main_smooth_doy_spearman,Le'anhe,乐安河,All,14,spearman,smooth_doy31,20,10,0,2000
main_smooth_doy_spearman,Le'anhe,乐安河,All,14,spearman,smooth_doy31,20,11,0,2000
main_smooth_doy_spearman,Le'anhe,乐安河,All,14,spearman,smooth_doy31,20,12,0,2000
main_smooth_doy_spearman,Le'anhe,乐安河,All,14,spearman,smooth_doy31,20,13,0,2000
main_smooth_doy_spearman,Le'anhe,乐安河,All,14,spearman,smooth_doy31,20,14,0,2000
main_smooth_doy_spearman,Le'anhe,乐安河,All,14,spearman,smooth_doy31,20,15,0,2000
main_smooth_doy_spearman,Le'anhe,乐安河,All,14,spearman,smooth_doy31,20,16,0,2000
main_smooth_doy_spearman,Le'anhe,乐安河,All,14,spearman,smooth_doy31,20,17,0,2000
main_smooth_doy_spearman,Le'anhe,乐安河,All,14,spearman,smooth_doy31,20,18,0,2000
main_smooth_doy_spearman,Le'anhe,乐安河,All,14,spearman,smooth_doy31,20,19,0,2000
main_smooth_doy_spearman,Le'anhe,乐安河,All,14,spearman,smooth_doy31,20,20,0,2000
main_smooth_doy_spearman,Le'anhe,乐安河,Autumn,14,spearman,smooth_doy31,10,0,0,2000
main_smooth_doy_spearman,Le'anhe,乐安河,Autumn,14,spearman,smooth_doy31,10,1,0,2000
main_smooth_doy_spearman,Le'anhe,乐安河,Autumn,14,spearman,smooth_doy31,10,2,0.5145,2000
main_smooth_doy_spearman,Le'anhe,乐安河,Autumn,14,spearman,smooth_doy31,10,3,0.4645,2000
main_smooth_doy_spearman,Le'anhe,乐安河,Autumn,14,spearman,smooth_doy31,10,4,0.0075,2000
main_smooth_doy_spearman,Le'anhe,乐安河,Autumn,14,spearman,smooth_doy31,10,5,0.01,2000
main_smooth_doy_spearman,Le'anhe,乐安河,Autumn,14,spearman,smooth_doy31,10,6,0,2000
main_smooth_doy_spearman,Le'anhe,乐安河,Autumn,14,spearman,smooth_doy31,10,7,0.0025,2000
main_smooth_doy_spearman,Le'anhe,乐安河,Autumn,14,spearman,smooth_doy31,10,8,0.0005,2000
main_smooth_doy_spearman,Le'anhe,乐安河,Autumn,14,spearman,smooth_doy31,10,9,0,2000
main_smooth_doy_spearman,Le'anhe,乐安河,Autumn,14,spearman,smooth_doy31,10,10,0.0005,2000
main_smooth_doy_spearman,Le'anhe,乐安河,Autumn,14,spearman,smooth_doy31,15,0,0,2000
main_smooth_doy_spearman,Le'anhe,乐安河,Autumn,14,spearman,smooth_doy31,15,1,0,2000
main_smooth_doy_spearman,Le'anhe,乐安河,Autumn,14,spearman,smooth_doy31,15,2,0.5145,2000
main_smooth_doy_spearman,Le'anhe,乐安河,Autumn,14,spearman,smooth_doy31,15,3,0.4625,2000
main_smooth_doy_spearman,Le'anhe,乐安河,Autumn,14,spearman,smooth_doy31,15,4,0.0075,2000
main_smooth_doy_spearman,Le'anhe,乐安河,Autumn,14,spearman,smooth_doy31,15,5,0.01,2000
main_smooth_doy_spearman,Le'anhe,乐安河,Autumn,14,spearman,smooth_doy31,15,6,0,2000
main_smooth_doy_spearman,Le'anhe,乐安河,Autumn,14,spearman,smooth_doy31,15,7,0.0025,2000
main_smooth_doy_spearman,Le'anhe,乐安河,Autumn,14,spearman,smooth_doy31,15,8,0.0005,2000
main_smooth_doy_spearman,Le'anhe,乐安河,Autumn,14,spearman,smooth_doy31,15,9,0,2000
main_smooth_doy_spearman,Le'anhe,乐安河,Autumn,14,spearman,smooth_doy31,15,10,0,2000
main_smooth_doy_spearman,Le'anhe,乐安河,Autumn,14,spearman,smooth_doy31,15,11,0,2000
main_smooth_doy_spearman,Le'anhe,乐安河,Autumn,14,spearman,smooth_doy31,15,12,0.002,2000
main_smooth_doy_spearman,Le'anhe,乐安河,Autumn,14,spearman,smooth_doy31,15,13,0.0005,2000
main_smooth_doy_spearman,Le'anhe,乐安河,Autumn,14,spearman,smooth_doy31,15,14,0,2000
main_smooth_doy_spearman,Le'anhe,乐安河,Autumn,14,spearman,smooth_doy31,15,15,0,2000
main_smooth_doy_spearman,Le'anhe,乐安河,Autumn,14,spearman,smooth_doy31,20,0,0,2000
main_smooth_doy_spearman,Le'anhe,乐安河,Autumn,14,spearman,smooth_doy31,20,1,0,2000
main_smooth_doy_spearman,Le'anhe,乐安河,Autumn,14,spearman,smooth_doy31,20,2,0.5145,2000
main_smooth_doy_spearman,Le'anhe,乐安河,Autumn,14,spearman,smooth_doy31,20,3,0.4625,2000
main_smooth_doy_spearman,Le'anhe,乐安河,Autumn,14,spearman,smooth_doy31,20,4,0.0075,2000
main_smooth_doy_spearman,Le'anhe,乐安河,Autumn,14,spearman,smooth_doy31,20,5,0.01,2000
main_smooth_doy_spearman,Le'anhe,乐安河,Autumn,14,spearman,smooth_doy31,20,6,0,2000
main_smooth_doy_spearman,Le'anhe,乐安河,Autumn,14,spearman,smooth_doy31,20,7,0.0025,2000
main_smooth_doy_spearman,Le'anhe,乐安河,Autumn,14,spearman,smooth_doy31,20,8,0.0005,2000
main_smooth_doy_spearman,Le'anhe,乐安河,Autumn,14,spearman,smooth_doy31,20,9,0,2000
main_smooth_doy_spearman,Le'anhe,乐安河,Autumn,14,spearman,smooth_doy31,20,10,0,2000
main_smooth_doy_spearman,Le'anhe,乐安河,Autumn,14,spearman,smooth_doy31,20,11,0,2000
main_smooth_doy_spearman,Le'anhe,乐安河,Autumn,14,spearman,smooth_doy31,20,12,0.002,2000
main_smooth_doy_spearman,Le'anhe,乐安河,Autumn,14,spearman,smooth_doy31,20,13,0.0005,2000
main_smooth_doy_spearman,Le'anhe,乐安河,Autumn,14,spearman,smooth_doy31,20,14,0,2000
main_smooth_doy_spearman,Le'anhe,乐安河,Autumn,14,spearman,smooth_doy31,20,15,0,2000
main_smooth_doy_spearman,Le'anhe,乐安河,Autumn,14,spearman,smooth_doy31,20,16,0,2000
main_smooth_doy_spearman,Le'anhe,乐安河,Autumn,14,spearman,smooth_doy31,20,17,0,2000
main_smooth_doy_spearman,Le'anhe,乐安河,Autumn,14,spearman,smooth_doy31,20,18,0,2000
main_smooth_doy_spearman,Le'anhe,乐安河,Autumn,14,spearman,smooth_doy31,20,19,0,2000
main_smooth_doy_spearman,Le'anhe,乐安河,Autumn,14,spearman,smooth_doy31,20,20,0,2000
main_smooth_doy_spearman,Le'anhe,乐安河,Spring,14,spearman,smooth_doy31,10,0,0,2000
main_smooth_doy_spearman,Le'anhe,乐安河,Spring,14,spearman,smooth_doy31,10,1,0.5555,2000
main_smooth_doy_spearman,Le'anhe,乐安河,Spring,14,spearman,smooth_doy31,10,2,0.444,2000
main_smooth_doy_spearman,Le'anhe,乐安河,Spring,14,spearman,smooth_doy31,10,3,0.0005,2000
main_smooth_doy_spearman,Le'anhe,乐安河,Spring,14,spearman,smooth_doy31,10,4,0,2000
main_smooth_doy_spearman,Le'anhe,乐安河,Spring,14,spearman,smooth_doy31,10,5,0,2000
main_smooth_doy_spearman,Le'anhe,乐安河,Spring,14,spearman,smooth_doy31,10,6,0,2000
main_smooth_doy_spearman,Le'anhe,乐安河,Spring,14,spearman,smooth_doy31,10,7,0,2000
main_smooth_doy_spearman,Le'anhe,乐安河,Spring,14,spearman,smooth_doy31,10,8,0,2000
main_smooth_doy_spearman,Le'anhe,乐安河,Spring,14,spearman,smooth_doy31,10,9,0,2000
main_smooth_doy_spearman,Le'anhe,乐安河,Spring,14,spearman,smooth_doy31,10,10,0,2000
main_smooth_doy_spearman,Le'anhe,乐安河,Spring,14,spearman,smooth_doy31,15,0,0,2000
main_smooth_doy_spearman,Le'anhe,乐安河,Spring,14,spearman,smooth_doy31,15,1,0.555,2000
main_smooth_doy_spearman,Le'anhe,乐安河,Spring,14,spearman,smooth_doy31,15,2,0.444,2000
main_smooth_doy_spearman,Le'anhe,乐安河,Spring,14,spearman,smooth_doy31,15,3,0.0005,2000
main_smooth_doy_spearman,Le'anhe,乐安河,Spring,14,spearman,smooth_doy31,15,4,0,2000
main_smooth_doy_spearman,Le'anhe,乐安河,Spring,14,spearman,smooth_doy31,15,5,0,2000
main_smooth_doy_spearman,Le'anhe,乐安河,Spring,14,spearman,smooth_doy31,15,6,0,2000
main_smooth_doy_spearman,Le'anhe,乐安河,Spring,14,spearman,smooth_doy31,15,7,0,2000
main_smooth_doy_spearman,Le'anhe,乐安河,Spring,14,spearman,smooth_doy31,15,8,0,2000
main_smooth_doy_spearman,Le'anhe,乐安河,Spring,14,spearman,smooth_doy31,15,9,0,2000
main_smooth_doy_spearman,Le'anhe,乐安河,Spring,14,spearman,smooth_doy31,15,10,0,2000
main_smooth_doy_spearman,Le'anhe,乐安河,Spring,14,spearman,smooth_doy31,15,11,0,2000
main_smooth_doy_spearman,Le'anhe,乐安河,Spring,14,spearman,smooth_doy31,15,12,0,2000
main_smooth_doy_spearman,Le'anhe,乐安河,Spring,14,spearman,smooth_doy31,15,13,0,2000
main_smooth_doy_spearman,Le'anhe,乐安河,Spring,14,spearman,smooth_doy31,15,14,0.0005,2000
main_smooth_doy_spearman,Le'anhe,乐安河,Spring,14,spearman,smooth_doy31,15,15,0,2000
main_smooth_doy_spearman,Le'anhe,乐安河,Spring,14,spearman,smooth_doy31,20,0,0,2000
main_smooth_doy_spearman,Le'anhe,乐安河,Spring,14,spearman,smooth_doy31,20,1,0.555,2000
main_smooth_doy_spearman,Le'anhe,乐安河,Spring,14,spearman,smooth_doy31,20,2,0.444,2000
main_smooth_doy_spearman,Le'anhe,乐安河,Spring,14,spearman,smooth_doy31,20,3,0.0005,2000
main_smooth_doy_spearman,Le'anhe,乐安河,Spring,14,spearman,smooth_doy31,20,4,0,2000
main_smooth_doy_spearman,Le'anhe,乐安河,Spring,14,spearman,smooth_doy31,20,5,0,2000
main_smooth_doy_spearman,Le'anhe,乐安河,Spring,14,spearman,smooth_doy31,20,6,0,2000
main_smooth_doy_spearman,Le'anhe,乐安河,Spring,14,spearman,smooth_doy31,20,7,0,2000
main_smooth_doy_spearman,Le'anhe,乐安河,Spring,14,spearman,smooth_doy31,20,8,0,2000
main_smooth_doy_spearman,Le'anhe,乐安河,Spring,14,spearman,smooth_doy31,20,9,0,2000
main_smooth_doy_spearman,Le'anhe,乐安河,Spring,14,spearman,smooth_doy31,20,10,0,2000
main_smooth_doy_spearman,Le'anhe,乐安河,Spring,14,spearman,smooth_doy31,20,11,0,2000
main_smooth_doy_spearman,Le'anhe,乐安河,Spring,14,spearman,smooth_doy31,20,12,0,2000
main_smooth_doy_spearman,Le'anhe,乐安河,Spring,14,spearman,smooth_doy31,20,13,0,2000
main_smooth_doy_spearman,Le'anhe,乐安河,Spring,14,spearman,smooth_doy31,20,14,0,2000
main_smooth_doy_spearman,Le'anhe,乐安河,Spring,14,spearman,smooth_doy31,20,15,0,2000
main_smooth_doy_spearman,Le'anhe,乐安河,Spring,14,spearman,smooth_doy31,20,16,0,2000
main_smooth_doy_spearman,Le'anhe,乐安河,Spring,14,spearman,smooth_doy31,20,17,0,2000
main_smooth_doy_spearman,Le'anhe,乐安河,Spring,14,spearman,smooth_doy31,20,18,0,2000
main_smooth_doy_spearman,Le'anhe,乐安河,Spring,14,spearman,smooth_doy31,20,19,0,2000
main_smooth_doy_spearman,Le'anhe,乐安河,Spring,14,spearman,smooth_doy31,20,20,0.0005,2000
main_smooth_doy_spearman,Le'anhe,乐安河,Summer,14,spearman,smooth_doy31,10,0,0,2000
main_smooth_doy_spearman,Le'anhe,乐安河,Summer,14,spearman,smooth_doy31,10,1,0.107,2000
main_smooth_doy_spearman,Le'anhe,乐安河,Summer,14,spearman,smooth_doy31,10,2,0.892,2000
main_smooth_doy_spearman,Le'anhe,乐安河,Summer,14,spearman,smooth_doy31,10,3,0,2000
main_smooth_doy_spearman,Le'anhe,乐安河,Summer,14,spearman,smooth_doy31,10,4,0,2000
main_smooth_doy_spearman,Le'anhe,乐安河,Summer,14,spearman,smooth_doy31,10,5,0,2000
main_smooth_doy_spearman,Le'anhe,乐安河,Summer,14,spearman,smooth_doy31,10,6,0,2000
main_smooth_doy_spearman,Le'anhe,乐安河,Summer,14,spearman,smooth_doy31,10,7,0.0005,2000
main_smooth_doy_spearman,Le'anhe,乐安河,Summer,14,spearman,smooth_doy31,10,8,0,2000
main_smooth_doy_spearman,Le'anhe,乐安河,Summer,14,spearman,smooth_doy31,10,9,0,2000
main_smooth_doy_spearman,Le'anhe,乐安河,Summer,14,spearman,smooth_doy31,10,10,0.0005,2000
main_smooth_doy_spearman,Le'anhe,乐安河,Summer,14,spearman,smooth_doy31,15,0,0,2000
main_smooth_doy_spearman,Le'anhe,乐安河,Summer,14,spearman,smooth_doy31,15,1,0.107,2000
main_smooth_doy_spearman,Le'anhe,乐安河,Summer,14,spearman,smooth_doy31,15,2,0.892,2000
main_smooth_doy_spearman,Le'anhe,乐安河,Summer,14,spearman,smooth_doy31,15,3,0,2000
main_smooth_doy_spearman,Le'anhe,乐安河,Summer,14,spearman,smooth_doy31,15,4,0,2000
main_smooth_doy_spearman,Le'anhe,乐安河,Summer,14,spearman,smooth_doy31,15,5,0,2000
main_smooth_doy_spearman,Le'anhe,乐安河,Summer,14,spearman,smooth_doy31,15,6,0,2000
main_smooth_doy_spearman,Le'anhe,乐安河,Summer,14,spearman,smooth_doy31,15,7,0.0005,2000
main_smooth_doy_spearman,Le'anhe,乐安河,Summer,14,spearman,smooth_doy31,15,8,0,2000
main_smooth_doy_spearman,Le'anhe,乐安河,Summer,14,spearman,smooth_doy31,15,9,0,2000
main_smooth_doy_spearman,Le'anhe,乐安河,Summer,14,spearman,smooth_doy31,15,10,0.0005,2000
main_smooth_doy_spearman,Le'anhe,乐安河,Summer,14,spearman,smooth_doy31,15,11,0,2000
main_smooth_doy_spearman,Le'anhe,乐安河,Summer,14,spearman,smooth_doy31,15,12,0,2000
main_smooth_doy_spearman,Le'anhe,乐安河,Summer,14,spearman,smooth_doy31,15,13,0,2000
main_smooth_doy_spearman,Le'anhe,乐安河,Summer,14,spearman,smooth_doy31,15,14,0,2000
main_smooth_doy_spearman,Le'anhe,乐安河,Summer,14,spearman,smooth_doy31,15,15,0,2000
main_smooth_doy_spearman,Le'anhe,乐安河,Summer,14,spearman,smooth_doy31,20,0,0,2000
main_smooth_doy_spearman,Le'anhe,乐安河,Summer,14,spearman,smooth_doy31,20,1,0.107,2000
main_smooth_doy_spearman,Le'anhe,乐安河,Summer,14,spearman,smooth_doy31,20,2,0.892,2000
main_smooth_doy_spearman,Le'anhe,乐安河,Summer,14,spearman,smooth_doy31,20,3,0,2000
main_smooth_doy_spearman,Le'anhe,乐安河,Summer,14,spearman,smooth_doy31,20,4,0,2000
main_smooth_doy_spearman,Le'anhe,乐安河,Summer,14,spearman,smooth_doy31,20,5,0,2000
main_smooth_doy_spearman,Le'anhe,乐安河,Summer,14,spearman,smooth_doy31,20,6,0,2000
main_smooth_doy_spearman,Le'anhe,乐安河,Summer,14,spearman,smooth_doy31,20,7,0.0005,2000
main_smooth_doy_spearman,Le'anhe,乐安河,Summer,14,spearman,smooth_doy31,20,8,0,2000
main_smooth_doy_spearman,Le'anhe,乐安河,Summer,14,spearman,smooth_doy31,20,9,0,2000
main_smooth_doy_spearman,Le'anhe,乐安河,Summer,14,spearman,smooth_doy31,20,10,0.0005,2000
main_smooth_doy_spearman,Le'anhe,乐安河,Summer,14,spearman,smooth_doy31,20,11,0,2000
main_smooth_doy_spearman,Le'anhe,乐安河,Summer,14,spearman,smooth_doy31,20,12,0,2000
main_smooth_doy_spearman,Le'anhe,乐安河,Summer,14,spearman,smooth_doy31,20,13,0,2000
main_smooth_doy_spearman,Le'anhe,乐安河,Summer,14,spearman,smooth_doy31,20,14,0,2000
main_smooth_doy_spearman,Le'anhe,乐安河,Summer,14,spearman,smooth_doy31,20,15,0,2000
main_smooth_doy_spearman,Le'anhe,乐安河,Summer,14,spearman,smooth_doy31,20,16,0,2000
main_smooth_doy_spearman,Le'anhe,乐安河,Summer,14,spearman,smooth_doy31,20,17,0,2000
main_smooth_doy_spearman,Le'anhe,乐安河,Summer,14,spearman,smooth_doy31,20,18,0,2000
main_smooth_doy_spearman,Le'anhe,乐安河,Summer,14,spearman,smooth_doy31,20,19,0,2000
main_smooth_doy_spearman,Le'anhe,乐安河,Summer,14,spearman,smooth_doy31,20,20,0,2000
main_smooth_doy_spearman,Le'anhe,乐安河,Winter,13,spearman,smooth_doy31,10,0,0,2000
main_smooth_doy_spearman,Le'anhe,乐安河,Winter,13,spearman,smooth_doy31,10,1,0,2000
main_smooth_doy_spearman,Le'anhe,乐安河,Winter,13,spearman,smooth_doy31,10,2,0.295,2000
main_smooth_doy_spearman,Le'anhe,乐安河,Winter,13,spearman,smooth_doy31,10,3,0.5975,2000
main_smooth_doy_spearman,Le'anhe,乐安河,Winter,13,spearman,smooth_doy31,10,4,0.001,2000
main_smooth_doy_spearman,Le'anhe,乐安河,Winter,13,spearman,smooth_doy31,10,5,0.036,2000
main_smooth_doy_spearman,Le'anhe,乐安河,Winter,13,spearman,smooth_doy31,10,6,0.0005,2000
main_smooth_doy_spearman,Le'anhe,乐安河,Winter,13,spearman,smooth_doy31,10,7,0.001,2000
main_smooth_doy_spearman,Le'anhe,乐安河,Winter,13,spearman,smooth_doy31,10,8,0,2000
main_smooth_doy_spearman,Le'anhe,乐安河,Winter,13,spearman,smooth_doy31,10,9,0.008,2000
main_smooth_doy_spearman,Le'anhe,乐安河,Winter,13,spearman,smooth_doy31,10,10,0.061,2000
main_smooth_doy_spearman,Le'anhe,乐安河,Winter,13,spearman,smooth_doy31,15,0,0,2000
main_smooth_doy_spearman,Le'anhe,乐安河,Winter,13,spearman,smooth_doy31,15,1,0,2000
main_smooth_doy_spearman,Le'anhe,乐安河,Winter,13,spearman,smooth_doy31,15,2,0.2945,2000
main_smooth_doy_spearman,Le'anhe,乐安河,Winter,13,spearman,smooth_doy31,15,3,0.596,2000
main_smooth_doy_spearman,Le'anhe,乐安河,Winter,13,spearman,smooth_doy31,15,4,0.001,2000
main_smooth_doy_spearman,Le'anhe,乐安河,Winter,13,spearman,smooth_doy31,15,5,0.036,2000
main_smooth_doy_spearman,Le'anhe,乐安河,Winter,13,spearman,smooth_doy31,15,6,0.0005,2000
main_smooth_doy_spearman,Le'anhe,乐安河,Winter,13,spearman,smooth_doy31,15,7,0.0005,2000
main_smooth_doy_spearman,Le'anhe,乐安河,Winter,13,spearman,smooth_doy31,15,8,0,2000
main_smooth_doy_spearman,Le'anhe,乐安河,Winter,13,spearman,smooth_doy31,15,9,0.0075,2000
main_smooth_doy_spearman,Le'anhe,乐安河,Winter,13,spearman,smooth_doy31,15,10,0.049,2000
main_smooth_doy_spearman,Le'anhe,乐安河,Winter,13,spearman,smooth_doy31,15,11,0.013,2000
main_smooth_doy_spearman,Le'anhe,乐安河,Winter,13,spearman,smooth_doy31,15,12,0.002,2000
main_smooth_doy_spearman,Le'anhe,乐安河,Winter,13,spearman,smooth_doy31,15,13,0,2000
main_smooth_doy_spearman,Le'anhe,乐安河,Winter,13,spearman,smooth_doy31,15,14,0,2000
main_smooth_doy_spearman,Le'anhe,乐安河,Winter,13,spearman,smooth_doy31,15,15,0,2000
main_smooth_doy_spearman,Le'anhe,乐安河,Winter,13,spearman,smooth_doy31,20,0,0,2000
main_smooth_doy_spearman,Le'anhe,乐安河,Winter,13,spearman,smooth_doy31,20,1,0,2000
main_smooth_doy_spearman,Le'anhe,乐安河,Winter,13,spearman,smooth_doy31,20,2,0.2945,2000
main_smooth_doy_spearman,Le'anhe,乐安河,Winter,13,spearman,smooth_doy31,20,3,0.586,2000
main_smooth_doy_spearman,Le'anhe,乐安河,Winter,13,spearman,smooth_doy31,20,4,0.001,2000
main_smooth_doy_spearman,Le'anhe,乐安河,Winter,13,spearman,smooth_doy31,20,5,0.036,2000
main_smooth_doy_spearman,Le'anhe,乐安河,Winter,13,spearman,smooth_doy31,20,6,0.0005,2000
main_smooth_doy_spearman,Le'anhe,乐安河,Winter,13,spearman,smooth_doy31,20,7,0.0005,2000
main_smooth_doy_spearman,Le'anhe,乐安河,Winter,13,spearman,smooth_doy31,20,8,0,2000
main_smooth_doy_spearman,Le'anhe,乐安河,Winter,13,spearman,smooth_doy31,20,9,0.0065,2000
main_smooth_doy_spearman,Le'anhe,乐安河,Winter,13,spearman,smooth_doy31,20,10,0.047,2000
main_smooth_doy_spearman,Le'anhe,乐安河,Winter,13,spearman,smooth_doy31,20,11,0.0085,2000
main_smooth_doy_spearman,Le'anhe,乐安河,Winter,13,spearman,smooth_doy31,20,12,0.0015,2000
main_smooth_doy_spearman,Le'anhe,乐安河,Winter,13,spearman,smooth_doy31,20,13,0,2000
main_smooth_doy_spearman,Le'anhe,乐安河,Winter,13,spearman,smooth_doy31,20,14,0,2000
main_smooth_doy_spearman,Le'anhe,乐安河,Winter,13,spearman,smooth_doy31,20,15,0,2000
main_smooth_doy_spearman,Le'anhe,乐安河,Winter,13,spearman,smooth_doy31,20,16,0,2000
main_smooth_doy_spearman,Le'anhe,乐安河,Winter,13,spearman,smooth_doy31,20,17,0,2000
main_smooth_doy_spearman,Le'anhe,乐安河,Winter,13,spearman,smooth_doy31,20,18,0,2000
main_smooth_doy_spearman,Le'anhe,乐安河,Winter,13,spearman,smooth_doy31,20,19,0.003,2000
main_smooth_doy_spearman,Le'anhe,乐安河,Winter,13,spearman,smooth_doy31,20,20,0.015,2000
main_smooth_doy_spearman,Liaohe,潦河,All,14,spearman,smooth_doy31,10,0,0,2000
main_smooth_doy_spearman,Liaohe,潦河,All,14,spearman,smooth_doy31,10,1,1,2000
main_smooth_doy_spearman,Liaohe,潦河,All,14,spearman,smooth_doy31,10,2,0,2000
main_smooth_doy_spearman,Liaohe,潦河,All,14,spearman,smooth_doy31,10,3,0,2000
main_smooth_doy_spearman,Liaohe,潦河,All,14,spearman,smooth_doy31,10,4,0,2000
main_smooth_doy_spearman,Liaohe,潦河,All,14,spearman,smooth_doy31,10,5,0,2000
main_smooth_doy_spearman,Liaohe,潦河,All,14,spearman,smooth_doy31,10,6,0,2000
main_smooth_doy_spearman,Liaohe,潦河,All,14,spearman,smooth_doy31,10,7,0,2000
main_smooth_doy_spearman,Liaohe,潦河,All,14,spearman,smooth_doy31,10,8,0,2000
main_smooth_doy_spearman,Liaohe,潦河,All,14,spearman,smooth_doy31,10,9,0,2000
main_smooth_doy_spearman,Liaohe,潦河,All,14,spearman,smooth_doy31,10,10,0,2000
main_smooth_doy_spearman,Liaohe,潦河,All,14,spearman,smooth_doy31,15,0,0,2000
main_smooth_doy_spearman,Liaohe,潦河,All,14,spearman,smooth_doy31,15,1,1,2000
main_smooth_doy_spearman,Liaohe,潦河,All,14,spearman,smooth_doy31,15,2,0,2000
main_smooth_doy_spearman,Liaohe,潦河,All,14,spearman,smooth_doy31,15,3,0,2000
main_smooth_doy_spearman,Liaohe,潦河,All,14,spearman,smooth_doy31,15,4,0,2000
main_smooth_doy_spearman,Liaohe,潦河,All,14,spearman,smooth_doy31,15,5,0,2000
main_smooth_doy_spearman,Liaohe,潦河,All,14,spearman,smooth_doy31,15,6,0,2000
main_smooth_doy_spearman,Liaohe,潦河,All,14,spearman,smooth_doy31,15,7,0,2000
main_smooth_doy_spearman,Liaohe,潦河,All,14,spearman,smooth_doy31,15,8,0,2000
main_smooth_doy_spearman,Liaohe,潦河,All,14,spearman,smooth_doy31,15,9,0,2000
main_smooth_doy_spearman,Liaohe,潦河,All,14,spearman,smooth_doy31,15,10,0,2000
main_smooth_doy_spearman,Liaohe,潦河,All,14,spearman,smooth_doy31,15,11,0,2000
main_smooth_doy_spearman,Liaohe,潦河,All,14,spearman,smooth_doy31,15,12,0,2000
main_smooth_doy_spearman,Liaohe,潦河,All,14,spearman,smooth_doy31,15,13,0,2000
main_smooth_doy_spearman,Liaohe,潦河,All,14,spearman,smooth_doy31,15,14,0,2000
main_smooth_doy_spearman,Liaohe,潦河,All,14,spearman,smooth_doy31,15,15,0,2000
main_smooth_doy_spearman,Liaohe,潦河,All,14,spearman,smooth_doy31,20,0,0,2000
main_smooth_doy_spearman,Liaohe,潦河,All,14,spearman,smooth_doy31,20,1,1,2000
main_smooth_doy_spearman,Liaohe,潦河,All,14,spearman,smooth_doy31,20,2,0,2000
main_smooth_doy_spearman,Liaohe,潦河,All,14,spearman,smooth_doy31,20,3,0,2000
main_smooth_doy_spearman,Liaohe,潦河,All,14,spearman,smooth_doy31,20,4,0,2000
main_smooth_doy_spearman,Liaohe,潦河,All,14,spearman,smooth_doy31,20,5,0,2000
main_smooth_doy_spearman,Liaohe,潦河,All,14,spearman,smooth_doy31,20,6,0,2000
main_smooth_doy_spearman,Liaohe,潦河,All,14,spearman,smooth_doy31,20,7,0,2000
main_smooth_doy_spearman,Liaohe,潦河,All,14,spearman,smooth_doy31,20,8,0,2000
main_smooth_doy_spearman,Liaohe,潦河,All,14,spearman,smooth_doy31,20,9,0,2000
main_smooth_doy_spearman,Liaohe,潦河,All,14,spearman,smooth_doy31,20,10,0,2000
main_smooth_doy_spearman,Liaohe,潦河,All,14,spearman,smooth_doy31,20,11,0,2000
main_smooth_doy_spearman,Liaohe,潦河,All,14,spearman,smooth_doy31,20,12,0,2000
main_smooth_doy_spearman,Liaohe,潦河,All,14,spearman,smooth_doy31,20,13,0,2000
main_smooth_doy_spearman,Liaohe,潦河,All,14,spearman,smooth_doy31,20,14,0,2000
main_smooth_doy_spearman,Liaohe,潦河,All,14,spearman,smooth_doy31,20,15,0,2000
main_smooth_doy_spearman,Liaohe,潦河,All,14,spearman,smooth_doy31,20,16,0,2000
main_smooth_doy_spearman,Liaohe,潦河,All,14,spearman,smooth_doy31,20,17,0,2000
main_smooth_doy_spearman,Liaohe,潦河,All,14,spearman,smooth_doy31,20,18,0,2000
main_smooth_doy_spearman,Liaohe,潦河,All,14,spearman,smooth_doy31,20,19,0,2000
main_smooth_doy_spearman,Liaohe,潦河,All,14,spearman,smooth_doy31,20,20,0,2000
main_smooth_doy_spearman,Liaohe,潦河,Autumn,14,spearman,smooth_doy31,10,0,0,2000
main_smooth_doy_spearman,Liaohe,潦河,Autumn,14,spearman,smooth_doy31,10,1,0.009,2000
main_smooth_doy_spearman,Liaohe,潦河,Autumn,14,spearman,smooth_doy31,10,2,0.9585,2000
main_smooth_doy_spearman,Liaohe,潦河,Autumn,14,spearman,smooth_doy31,10,3,0.002,2000
main_smooth_doy_spearman,Liaohe,潦河,Autumn,14,spearman,smooth_doy31,10,4,0,2000
main_smooth_doy_spearman,Liaohe,潦河,Autumn,14,spearman,smooth_doy31,10,5,0,2000
main_smooth_doy_spearman,Liaohe,潦河,Autumn,14,spearman,smooth_doy31,10,6,0,2000
main_smooth_doy_spearman,Liaohe,潦河,Autumn,14,spearman,smooth_doy31,10,7,0.001,2000
main_smooth_doy_spearman,Liaohe,潦河,Autumn,14,spearman,smooth_doy31,10,8,0.0255,2000
main_smooth_doy_spearman,Liaohe,潦河,Autumn,14,spearman,smooth_doy31,10,9,0,2000
main_smooth_doy_spearman,Liaohe,潦河,Autumn,14,spearman,smooth_doy31,10,10,0.004,2000
main_smooth_doy_spearman,Liaohe,潦河,Autumn,14,spearman,smooth_doy31,15,0,0,2000
main_smooth_doy_spearman,Liaohe,潦河,Autumn,14,spearman,smooth_doy31,15,1,0.009,2000
main_smooth_doy_spearman,Liaohe,潦河,Autumn,14,spearman,smooth_doy31,15,2,0.953,2000
main_smooth_doy_spearman,Liaohe,潦河,Autumn,14,spearman,smooth_doy31,15,3,0.002,2000
main_smooth_doy_spearman,Liaohe,潦河,Autumn,14,spearman,smooth_doy31,15,4,0,2000
main_smooth_doy_spearman,Liaohe,潦河,Autumn,14,spearman,smooth_doy31,15,5,0,2000
main_smooth_doy_spearman,Liaohe,潦河,Autumn,14,spearman,smooth_doy31,15,6,0,2000
main_smooth_doy_spearman,Liaohe,潦河,Autumn,14,spearman,smooth_doy31,15,7,0.001,2000
main_smooth_doy_spearman,Liaohe,潦河,Autumn,14,spearman,smooth_doy31,15,8,0.0215,2000
main_smooth_doy_spearman,Liaohe,潦河,Autumn,14,spearman,smooth_doy31,15,9,0,2000
main_smooth_doy_spearman,Liaohe,潦河,Autumn,14,spearman,smooth_doy31,15,10,0.003,2000
main_smooth_doy_spearman,Liaohe,潦河,Autumn,14,spearman,smooth_doy31,15,11,0.0035,2000
main_smooth_doy_spearman,Liaohe,潦河,Autumn,14,spearman,smooth_doy31,15,12,0.0025,2000
main_smooth_doy_spearman,Liaohe,潦河,Autumn,14,spearman,smooth_doy31,15,13,0.0025,2000
main_smooth_doy_spearman,Liaohe,潦河,Autumn,14,spearman,smooth_doy31,15,14,0.0015,2000
main_smooth_doy_spearman,Liaohe,潦河,Autumn,14,spearman,smooth_doy31,15,15,0.0005,2000
main_smooth_doy_spearman,Liaohe,潦河,Autumn,14,spearman,smooth_doy31,20,0,0,2000
main_smooth_doy_spearman,Liaohe,潦河,Autumn,14,spearman,smooth_doy31,20,1,0.009,2000
main_smooth_doy_spearman,Liaohe,潦河,Autumn,14,spearman,smooth_doy31,20,2,0.953,2000
main_smooth_doy_spearman,Liaohe,潦河,Autumn,14,spearman,smooth_doy31,20,3,0.002,2000
main_smooth_doy_spearman,Liaohe,潦河,Autumn,14,spearman,smooth_doy31,20,4,0,2000
main_smooth_doy_spearman,Liaohe,潦河,Autumn,14,spearman,smooth_doy31,20,5,0,2000
main_smooth_doy_spearman,Liaohe,潦河,Autumn,14,spearman,smooth_doy31,20,6,0,2000
main_smooth_doy_spearman,Liaohe,潦河,Autumn,14,spearman,smooth_doy31,20,7,0.001,2000
main_smooth_doy_spearman,Liaohe,潦河,Autumn,14,spearman,smooth_doy31,20,8,0.0215,2000
main_smooth_doy_spearman,Liaohe,潦河,Autumn,14,spearman,smooth_doy31,20,9,0,2000
main_smooth_doy_spearman,Liaohe,潦河,Autumn,14,spearman,smooth_doy31,20,10,0.003,2000
main_smooth_doy_spearman,Liaohe,潦河,Autumn,14,spearman,smooth_doy31,20,11,0.0035,2000
main_smooth_doy_spearman,Liaohe,潦河,Autumn,14,spearman,smooth_doy31,20,12,0.0025,2000
main_smooth_doy_spearman,Liaohe,潦河,Autumn,14,spearman,smooth_doy31,20,13,0.0025,2000
main_smooth_doy_spearman,Liaohe,潦河,Autumn,14,spearman,smooth_doy31,20,14,0.0015,2000
main_smooth_doy_spearman,Liaohe,潦河,Autumn,14,spearman,smooth_doy31,20,15,0.0005,2000
main_smooth_doy_spearman,Liaohe,潦河,Autumn,14,spearman,smooth_doy31,20,16,0,2000
main_smooth_doy_spearman,Liaohe,潦河,Autumn,14,spearman,smooth_doy31,20,17,0,2000
main_smooth_doy_spearman,Liaohe,潦河,Autumn,14,spearman,smooth_doy31,20,18,0,2000
main_smooth_doy_spearman,Liaohe,潦河,Autumn,14,spearman,smooth_doy31,20,19,0,2000
main_smooth_doy_spearman,Liaohe,潦河,Autumn,14,spearman,smooth_doy31,20,20,0,2000
main_smooth_doy_spearman,Liaohe,潦河,Spring,14,spearman,smooth_doy31,10,0,0,2000
main_smooth_doy_spearman,Liaohe,潦河,Spring,14,spearman,smooth_doy31,10,1,1,2000
main_smooth_doy_spearman,Liaohe,潦河,Spring,14,spearman,smooth_doy31,10,2,0,2000
main_smooth_doy_spearman,Liaohe,潦河,Spring,14,spearman,smooth_doy31,10,3,0,2000
main_smooth_doy_spearman,Liaohe,潦河,Spring,14,spearman,smooth_doy31,10,4,0,2000
main_smooth_doy_spearman,Liaohe,潦河,Spring,14,spearman,smooth_doy31,10,5,0,2000
main_smooth_doy_spearman,Liaohe,潦河,Spring,14,spearman,smooth_doy31,10,6,0,2000
main_smooth_doy_spearman,Liaohe,潦河,Spring,14,spearman,smooth_doy31,10,7,0,2000
main_smooth_doy_spearman,Liaohe,潦河,Spring,14,spearman,smooth_doy31,10,8,0,2000
main_smooth_doy_spearman,Liaohe,潦河,Spring,14,spearman,smooth_doy31,10,9,0,2000
main_smooth_doy_spearman,Liaohe,潦河,Spring,14,spearman,smooth_doy31,10,10,0,2000
main_smooth_doy_spearman,Liaohe,潦河,Spring,14,spearman,smooth_doy31,15,0,0,2000
main_smooth_doy_spearman,Liaohe,潦河,Spring,14,spearman,smooth_doy31,15,1,1,2000
main_smooth_doy_spearman,Liaohe,潦河,Spring,14,spearman,smooth_doy31,15,2,0,2000
main_smooth_doy_spearman,Liaohe,潦河,Spring,14,spearman,smooth_doy31,15,3,0,2000
main_smooth_doy_spearman,Liaohe,潦河,Spring,14,spearman,smooth_doy31,15,4,0,2000
main_smooth_doy_spearman,Liaohe,潦河,Spring,14,spearman,smooth_doy31,15,5,0,2000
main_smooth_doy_spearman,Liaohe,潦河,Spring,14,spearman,smooth_doy31,15,6,0,2000
main_smooth_doy_spearman,Liaohe,潦河,Spring,14,spearman,smooth_doy31,15,7,0,2000
main_smooth_doy_spearman,Liaohe,潦河,Spring,14,spearman,smooth_doy31,15,8,0,2000
main_smooth_doy_spearman,Liaohe,潦河,Spring,14,spearman,smooth_doy31,15,9,0,2000
main_smooth_doy_spearman,Liaohe,潦河,Spring,14,spearman,smooth_doy31,15,10,0,2000
main_smooth_doy_spearman,Liaohe,潦河,Spring,14,spearman,smooth_doy31,15,11,0,2000
main_smooth_doy_spearman,Liaohe,潦河,Spring,14,spearman,smooth_doy31,15,12,0,2000
main_smooth_doy_spearman,Liaohe,潦河,Spring,14,spearman,smooth_doy31,15,13,0,2000
main_smooth_doy_spearman,Liaohe,潦河,Spring,14,spearman,smooth_doy31,15,14,0,2000
main_smooth_doy_spearman,Liaohe,潦河,Spring,14,spearman,smooth_doy31,15,15,0,2000
main_smooth_doy_spearman,Liaohe,潦河,Spring,14,spearman,smooth_doy31,20,0,0,2000
main_smooth_doy_spearman,Liaohe,潦河,Spring,14,spearman,smooth_doy31,20,1,1,2000
main_smooth_doy_spearman,Liaohe,潦河,Spring,14,spearman,smooth_doy31,20,2,0,2000
main_smooth_doy_spearman,Liaohe,潦河,Spring,14,spearman,smooth_doy31,20,3,0,2000
main_smooth_doy_spearman,Liaohe,潦河,Spring,14,spearman,smooth_doy31,20,4,0,2000
main_smooth_doy_spearman,Liaohe,潦河,Spring,14,spearman,smooth_doy31,20,5,0,2000
main_smooth_doy_spearman,Liaohe,潦河,Spring,14,spearman,smooth_doy31,20,6,0,2000
main_smooth_doy_spearman,Liaohe,潦河,Spring,14,spearman,smooth_doy31,20,7,0,2000
main_smooth_doy_spearman,Liaohe,潦河,Spring,14,spearman,smooth_doy31,20,8,0,2000
main_smooth_doy_spearman,Liaohe,潦河,Spring,14,spearman,smooth_doy31,20,9,0,2000
main_smooth_doy_spearman,Liaohe,潦河,Spring,14,spearman,smooth_doy31,20,10,0,2000
main_smooth_doy_spearman,Liaohe,潦河,Spring,14,spearman,smooth_doy31,20,11,0,2000
main_smooth_doy_spearman,Liaohe,潦河,Spring,14,spearman,smooth_doy31,20,12,0,2000
main_smooth_doy_spearman,Liaohe,潦河,Spring,14,spearman,smooth_doy31,20,13,0,2000
main_smooth_doy_spearman,Liaohe,潦河,Spring,14,spearman,smooth_doy31,20,14,0,2000
main_smooth_doy_spearman,Liaohe,潦河,Spring,14,spearman,smooth_doy31,20,15,0,2000
main_smooth_doy_spearman,Liaohe,潦河,Spring,14,spearman,smooth_doy31,20,16,0,2000
main_smooth_doy_spearman,Liaohe,潦河,Spring,14,spearman,smooth_doy31,20,17,0,2000
main_smooth_doy_spearman,Liaohe,潦河,Spring,14,spearman,smooth_doy31,20,18,0,2000
main_smooth_doy_spearman,Liaohe,潦河,Spring,14,spearman,smooth_doy31,20,19,0,2000
main_smooth_doy_spearman,Liaohe,潦河,Spring,14,spearman,smooth_doy31,20,20,0,2000
main_smooth_doy_spearman,Liaohe,潦河,Summer,14,spearman,smooth_doy31,10,0,0,2000
main_smooth_doy_spearman,Liaohe,潦河,Summer,14,spearman,smooth_doy31,10,1,1,2000
main_smooth_doy_spearman,Liaohe,潦河,Summer,14,spearman,smooth_doy31,10,2,0,2000
main_smooth_doy_spearman,Liaohe,潦河,Summer,14,spearman,smooth_doy31,10,3,0,2000
main_smooth_doy_spearman,Liaohe,潦河,Summer,14,spearman,smooth_doy31,10,4,0,2000
main_smooth_doy_spearman,Liaohe,潦河,Summer,14,spearman,smooth_doy31,10,5,0,2000
main_smooth_doy_spearman,Liaohe,潦河,Summer,14,spearman,smooth_doy31,10,6,0,2000
main_smooth_doy_spearman,Liaohe,潦河,Summer,14,spearman,smooth_doy31,10,7,0,2000
main_smooth_doy_spearman,Liaohe,潦河,Summer,14,spearman,smooth_doy31,10,8,0,2000
main_smooth_doy_spearman,Liaohe,潦河,Summer,14,spearman,smooth_doy31,10,9,0,2000
main_smooth_doy_spearman,Liaohe,潦河,Summer,14,spearman,smooth_doy31,10,10,0,2000
main_smooth_doy_spearman,Liaohe,潦河,Summer,14,spearman,smooth_doy31,15,0,0,2000
main_smooth_doy_spearman,Liaohe,潦河,Summer,14,spearman,smooth_doy31,15,1,1,2000
main_smooth_doy_spearman,Liaohe,潦河,Summer,14,spearman,smooth_doy31,15,2,0,2000
main_smooth_doy_spearman,Liaohe,潦河,Summer,14,spearman,smooth_doy31,15,3,0,2000
main_smooth_doy_spearman,Liaohe,潦河,Summer,14,spearman,smooth_doy31,15,4,0,2000
main_smooth_doy_spearman,Liaohe,潦河,Summer,14,spearman,smooth_doy31,15,5,0,2000
main_smooth_doy_spearman,Liaohe,潦河,Summer,14,spearman,smooth_doy31,15,6,0,2000
main_smooth_doy_spearman,Liaohe,潦河,Summer,14,spearman,smooth_doy31,15,7,0,2000
main_smooth_doy_spearman,Liaohe,潦河,Summer,14,spearman,smooth_doy31,15,8,0,2000
main_smooth_doy_spearman,Liaohe,潦河,Summer,14,spearman,smooth_doy31,15,9,0,2000
main_smooth_doy_spearman,Liaohe,潦河,Summer,14,spearman,smooth_doy31,15,10,0,2000
main_smooth_doy_spearman,Liaohe,潦河,Summer,14,spearman,smooth_doy31,15,11,0,2000
main_smooth_doy_spearman,Liaohe,潦河,Summer,14,spearman,smooth_doy31,15,12,0,2000
main_smooth_doy_spearman,Liaohe,潦河,Summer,14,spearman,smooth_doy31,15,13,0,2000
main_smooth_doy_spearman,Liaohe,潦河,Summer,14,spearman,smooth_doy31,15,14,0,2000
main_smooth_doy_spearman,Liaohe,潦河,Summer,14,spearman,smooth_doy31,15,15,0,2000
main_smooth_doy_spearman,Liaohe,潦河,Summer,14,spearman,smooth_doy31,20,0,0,2000
main_smooth_doy_spearman,Liaohe,潦河,Summer,14,spearman,smooth_doy31,20,1,1,2000
main_smooth_doy_spearman,Liaohe,潦河,Summer,14,spearman,smooth_doy31,20,2,0,2000
main_smooth_doy_spearman,Liaohe,潦河,Summer,14,spearman,smooth_doy31,20,3,0,2000
main_smooth_doy_spearman,Liaohe,潦河,Summer,14,spearman,smooth_doy31,20,4,0,2000
main_smooth_doy_spearman,Liaohe,潦河,Summer,14,spearman,smooth_doy31,20,5,0,2000
main_smooth_doy_spearman,Liaohe,潦河,Summer,14,spearman,smooth_doy31,20,6,0,2000
main_smooth_doy_spearman,Liaohe,潦河,Summer,14,spearman,smooth_doy31,20,7,0,2000
main_smooth_doy_spearman,Liaohe,潦河,Summer,14,spearman,smooth_doy31,20,8,0,2000
main_smooth_doy_spearman,Liaohe,潦河,Summer,14,spearman,smooth_doy31,20,9,0,2000
main_smooth_doy_spearman,Liaohe,潦河,Summer,14,spearman,smooth_doy31,20,10,0,2000
main_smooth_doy_spearman,Liaohe,潦河,Summer,14,spearman,smooth_doy31,20,11,0,2000
main_smooth_doy_spearman,Liaohe,潦河,Summer,14,spearman,smooth_doy31,20,12,0,2000
main_smooth_doy_spearman,Liaohe,潦河,Summer,14,spearman,smooth_doy31,20,13,0,2000
main_smooth_doy_spearman,Liaohe,潦河,Summer,14,spearman,smooth_doy31,20,14,0,2000
main_smooth_doy_spearman,Liaohe,潦河,Summer,14,spearman,smooth_doy31,20,15,0,2000
main_smooth_doy_spearman,Liaohe,潦河,Summer,14,spearman,smooth_doy31,20,16,0,2000
main_smooth_doy_spearman,Liaohe,潦河,Summer,14,spearman,smooth_doy31,20,17,0,2000
main_smooth_doy_spearman,Liaohe,潦河,Summer,14,spearman,smooth_doy31,20,18,0,2000
main_smooth_doy_spearman,Liaohe,潦河,Summer,14,spearman,smooth_doy31,20,19,0,2000
main_smooth_doy_spearman,Liaohe,潦河,Summer,14,spearman,smooth_doy31,20,20,0,2000
main_smooth_doy_spearman,Liaohe,潦河,Winter,13,spearman,smooth_doy31,10,0,0,2000
main_smooth_doy_spearman,Liaohe,潦河,Winter,13,spearman,smooth_doy31,10,1,0.0075,2000
main_smooth_doy_spearman,Liaohe,潦河,Winter,13,spearman,smooth_doy31,10,2,0.907,2000
main_smooth_doy_spearman,Liaohe,潦河,Winter,13,spearman,smooth_doy31,10,3,0.004,2000
main_smooth_doy_spearman,Liaohe,潦河,Winter,13,spearman,smooth_doy31,10,4,0,2000
main_smooth_doy_spearman,Liaohe,潦河,Winter,13,spearman,smooth_doy31,10,5,0,2000
main_smooth_doy_spearman,Liaohe,潦河,Winter,13,spearman,smooth_doy31,10,6,0,2000
main_smooth_doy_spearman,Liaohe,潦河,Winter,13,spearman,smooth_doy31,10,7,0.0025,2000
main_smooth_doy_spearman,Liaohe,潦河,Winter,13,spearman,smooth_doy31,10,8,0.003,2000
main_smooth_doy_spearman,Liaohe,潦河,Winter,13,spearman,smooth_doy31,10,9,0.0725,2000
main_smooth_doy_spearman,Liaohe,潦河,Winter,13,spearman,smooth_doy31,10,10,0.0035,2000
main_smooth_doy_spearman,Liaohe,潦河,Winter,13,spearman,smooth_doy31,15,0,0,2000
main_smooth_doy_spearman,Liaohe,潦河,Winter,13,spearman,smooth_doy31,15,1,0.0075,2000
main_smooth_doy_spearman,Liaohe,潦河,Winter,13,spearman,smooth_doy31,15,2,0.907,2000
main_smooth_doy_spearman,Liaohe,潦河,Winter,13,spearman,smooth_doy31,15,3,0.004,2000
main_smooth_doy_spearman,Liaohe,潦河,Winter,13,spearman,smooth_doy31,15,4,0,2000
main_smooth_doy_spearman,Liaohe,潦河,Winter,13,spearman,smooth_doy31,15,5,0,2000
main_smooth_doy_spearman,Liaohe,潦河,Winter,13,spearman,smooth_doy31,15,6,0,2000
main_smooth_doy_spearman,Liaohe,潦河,Winter,13,spearman,smooth_doy31,15,7,0.0025,2000
main_smooth_doy_spearman,Liaohe,潦河,Winter,13,spearman,smooth_doy31,15,8,0.003,2000
main_smooth_doy_spearman,Liaohe,潦河,Winter,13,spearman,smooth_doy31,15,9,0.0725,2000
main_smooth_doy_spearman,Liaohe,潦河,Winter,13,spearman,smooth_doy31,15,10,0.0035,2000
main_smooth_doy_spearman,Liaohe,潦河,Winter,13,spearman,smooth_doy31,15,11,0,2000
main_smooth_doy_spearman,Liaohe,潦河,Winter,13,spearman,smooth_doy31,15,12,0,2000
main_smooth_doy_spearman,Liaohe,潦河,Winter,13,spearman,smooth_doy31,15,13,0,2000
main_smooth_doy_spearman,Liaohe,潦河,Winter,13,spearman,smooth_doy31,15,14,0,2000
main_smooth_doy_spearman,Liaohe,潦河,Winter,13,spearman,smooth_doy31,15,15,0,2000
main_smooth_doy_spearman,Liaohe,潦河,Winter,13,spearman,smooth_doy31,20,0,0,2000
main_smooth_doy_spearman,Liaohe,潦河,Winter,13,spearman,smooth_doy31,20,1,0.0075,2000
main_smooth_doy_spearman,Liaohe,潦河,Winter,13,spearman,smooth_doy31,20,2,0.907,2000
main_smooth_doy_spearman,Liaohe,潦河,Winter,13,spearman,smooth_doy31,20,3,0.004,2000
main_smooth_doy_spearman,Liaohe,潦河,Winter,13,spearman,smooth_doy31,20,4,0,2000
main_smooth_doy_spearman,Liaohe,潦河,Winter,13,spearman,smooth_doy31,20,5,0,2000
main_smooth_doy_spearman,Liaohe,潦河,Winter,13,spearman,smooth_doy31,20,6,0,2000
main_smooth_doy_spearman,Liaohe,潦河,Winter,13,spearman,smooth_doy31,20,7,0.0025,2000
main_smooth_doy_spearman,Liaohe,潦河,Winter,13,spearman,smooth_doy31,20,8,0.003,2000
main_smooth_doy_spearman,Liaohe,潦河,Winter,13,spearman,smooth_doy31,20,9,0.0725,2000
main_smooth_doy_spearman,Liaohe,潦河,Winter,13,spearman,smooth_doy31,20,10,0.0035,2000
main_smooth_doy_spearman,Liaohe,潦河,Winter,13,spearman,smooth_doy31,20,11,0,2000
main_smooth_doy_spearman,Liaohe,潦河,Winter,13,spearman,smooth_doy31,20,12,0,2000
main_smooth_doy_spearman,Liaohe,潦河,Winter,13,spearman,smooth_doy31,20,13,0,2000
main_smooth_doy_spearman,Liaohe,潦河,Winter,13,spearman,smooth_doy31,20,14,0,2000
main_smooth_doy_spearman,Liaohe,潦河,Winter,13,spearman,smooth_doy31,20,15,0,2000
main_smooth_doy_spearman,Liaohe,潦河,Winter,13,spearman,smooth_doy31,20,16,0,2000
main_smooth_doy_spearman,Liaohe,潦河,Winter,13,spearman,smooth_doy31,20,17,0,2000
main_smooth_doy_spearman,Liaohe,潦河,Winter,13,spearman,smooth_doy31,20,18,0,2000
main_smooth_doy_spearman,Liaohe,潦河,Winter,13,spearman,smooth_doy31,20,19,0,2000
main_smooth_doy_spearman,Liaohe,潦河,Winter,13,spearman,smooth_doy31,20,20,0,2000
main_smooth_doy_spearman,Xinjiang,信江,All,14,spearman,smooth_doy31,10,0,0,2000
main_smooth_doy_spearman,Xinjiang,信江,All,14,spearman,smooth_doy31,10,1,0,2000
main_smooth_doy_spearman,Xinjiang,信江,All,14,spearman,smooth_doy31,10,2,1,2000
main_smooth_doy_spearman,Xinjiang,信江,All,14,spearman,smooth_doy31,10,3,0,2000
main_smooth_doy_spearman,Xinjiang,信江,All,14,spearman,smooth_doy31,10,4,0,2000
main_smooth_doy_spearman,Xinjiang,信江,All,14,spearman,smooth_doy31,10,5,0,2000
main_smooth_doy_spearman,Xinjiang,信江,All,14,spearman,smooth_doy31,10,6,0,2000
main_smooth_doy_spearman,Xinjiang,信江,All,14,spearman,smooth_doy31,10,7,0,2000
main_smooth_doy_spearman,Xinjiang,信江,All,14,spearman,smooth_doy31,10,8,0,2000
main_smooth_doy_spearman,Xinjiang,信江,All,14,spearman,smooth_doy31,10,9,0,2000
main_smooth_doy_spearman,Xinjiang,信江,All,14,spearman,smooth_doy31,10,10,0,2000
main_smooth_doy_spearman,Xinjiang,信江,All,14,spearman,smooth_doy31,15,0,0,2000
main_smooth_doy_spearman,Xinjiang,信江,All,14,spearman,smooth_doy31,15,1,0,2000
main_smooth_doy_spearman,Xinjiang,信江,All,14,spearman,smooth_doy31,15,2,1,2000
main_smooth_doy_spearman,Xinjiang,信江,All,14,spearman,smooth_doy31,15,3,0,2000
main_smooth_doy_spearman,Xinjiang,信江,All,14,spearman,smooth_doy31,15,4,0,2000
main_smooth_doy_spearman,Xinjiang,信江,All,14,spearman,smooth_doy31,15,5,0,2000
main_smooth_doy_spearman,Xinjiang,信江,All,14,spearman,smooth_doy31,15,6,0,2000
main_smooth_doy_spearman,Xinjiang,信江,All,14,spearman,smooth_doy31,15,7,0,2000
main_smooth_doy_spearman,Xinjiang,信江,All,14,spearman,smooth_doy31,15,8,0,2000
main_smooth_doy_spearman,Xinjiang,信江,All,14,spearman,smooth_doy31,15,9,0,2000
main_smooth_doy_spearman,Xinjiang,信江,All,14,spearman,smooth_doy31,15,10,0,2000
main_smooth_doy_spearman,Xinjiang,信江,All,14,spearman,smooth_doy31,15,11,0,2000
main_smooth_doy_spearman,Xinjiang,信江,All,14,spearman,smooth_doy31,15,12,0,2000
main_smooth_doy_spearman,Xinjiang,信江,All,14,spearman,smooth_doy31,15,13,0,2000
main_smooth_doy_spearman,Xinjiang,信江,All,14,spearman,smooth_doy31,15,14,0,2000
main_smooth_doy_spearman,Xinjiang,信江,All,14,spearman,smooth_doy31,15,15,0,2000
main_smooth_doy_spearman,Xinjiang,信江,All,14,spearman,smooth_doy31,20,0,0,2000
main_smooth_doy_spearman,Xinjiang,信江,All,14,spearman,smooth_doy31,20,1,0,2000
main_smooth_doy_spearman,Xinjiang,信江,All,14,spearman,smooth_doy31,20,2,1,2000
main_smooth_doy_spearman,Xinjiang,信江,All,14,spearman,smooth_doy31,20,3,0,2000
main_smooth_doy_spearman,Xinjiang,信江,All,14,spearman,smooth_doy31,20,4,0,2000
main_smooth_doy_spearman,Xinjiang,信江,All,14,spearman,smooth_doy31,20,5,0,2000
main_smooth_doy_spearman,Xinjiang,信江,All,14,spearman,smooth_doy31,20,6,0,2000
main_smooth_doy_spearman,Xinjiang,信江,All,14,spearman,smooth_doy31,20,7,0,2000
main_smooth_doy_spearman,Xinjiang,信江,All,14,spearman,smooth_doy31,20,8,0,2000
main_smooth_doy_spearman,Xinjiang,信江,All,14,spearman,smooth_doy31,20,9,0,2000
main_smooth_doy_spearman,Xinjiang,信江,All,14,spearman,smooth_doy31,20,10,0,2000
main_smooth_doy_spearman,Xinjiang,信江,All,14,spearman,smooth_doy31,20,11,0,2000
main_smooth_doy_spearman,Xinjiang,信江,All,14,spearman,smooth_doy31,20,12,0,2000
main_smooth_doy_spearman,Xinjiang,信江,All,14,spearman,smooth_doy31,20,13,0,2000
main_smooth_doy_spearman,Xinjiang,信江,All,14,spearman,smooth_doy31,20,14,0,2000
main_smooth_doy_spearman,Xinjiang,信江,All,14,spearman,smooth_doy31,20,15,0,2000
main_smooth_doy_spearman,Xinjiang,信江,All,14,spearman,smooth_doy31,20,16,0,2000
main_smooth_doy_spearman,Xinjiang,信江,All,14,spearman,smooth_doy31,20,17,0,2000
main_smooth_doy_spearman,Xinjiang,信江,All,14,spearman,smooth_doy31,20,18,0,2000
main_smooth_doy_spearman,Xinjiang,信江,All,14,spearman,smooth_doy31,20,19,0,2000
main_smooth_doy_spearman,Xinjiang,信江,All,14,spearman,smooth_doy31,20,20,0,2000
main_smooth_doy_spearman,Xinjiang,信江,Autumn,14,spearman,smooth_doy31,10,0,0,2000
main_smooth_doy_spearman,Xinjiang,信江,Autumn,14,spearman,smooth_doy31,10,1,0,2000
main_smooth_doy_spearman,Xinjiang,信江,Autumn,14,spearman,smooth_doy31,10,2,0.0715,2000
main_smooth_doy_spearman,Xinjiang,信江,Autumn,14,spearman,smooth_doy31,10,3,0.467,2000
main_smooth_doy_spearman,Xinjiang,信江,Autumn,14,spearman,smooth_doy31,10,4,0.433,2000
main_smooth_doy_spearman,Xinjiang,信江,Autumn,14,spearman,smooth_doy31,10,5,0.0285,2000
main_smooth_doy_spearman,Xinjiang,信江,Autumn,14,spearman,smooth_doy31,10,6,0,2000
main_smooth_doy_spearman,Xinjiang,信江,Autumn,14,spearman,smooth_doy31,10,7,0,2000
main_smooth_doy_spearman,Xinjiang,信江,Autumn,14,spearman,smooth_doy31,10,8,0,2000
main_smooth_doy_spearman,Xinjiang,信江,Autumn,14,spearman,smooth_doy31,10,9,0,2000
main_smooth_doy_spearman,Xinjiang,信江,Autumn,14,spearman,smooth_doy31,10,10,0,2000
main_smooth_doy_spearman,Xinjiang,信江,Autumn,14,spearman,smooth_doy31,15,0,0,2000
main_smooth_doy_spearman,Xinjiang,信江,Autumn,14,spearman,smooth_doy31,15,1,0,2000
main_smooth_doy_spearman,Xinjiang,信江,Autumn,14,spearman,smooth_doy31,15,2,0.0715,2000
main_smooth_doy_spearman,Xinjiang,信江,Autumn,14,spearman,smooth_doy31,15,3,0.467,2000
main_smooth_doy_spearman,Xinjiang,信江,Autumn,14,spearman,smooth_doy31,15,4,0.433,2000
main_smooth_doy_spearman,Xinjiang,信江,Autumn,14,spearman,smooth_doy31,15,5,0.0285,2000
main_smooth_doy_spearman,Xinjiang,信江,Autumn,14,spearman,smooth_doy31,15,6,0,2000
main_smooth_doy_spearman,Xinjiang,信江,Autumn,14,spearman,smooth_doy31,15,7,0,2000
main_smooth_doy_spearman,Xinjiang,信江,Autumn,14,spearman,smooth_doy31,15,8,0,2000
main_smooth_doy_spearman,Xinjiang,信江,Autumn,14,spearman,smooth_doy31,15,9,0,2000
main_smooth_doy_spearman,Xinjiang,信江,Autumn,14,spearman,smooth_doy31,15,10,0,2000
main_smooth_doy_spearman,Xinjiang,信江,Autumn,14,spearman,smooth_doy31,15,11,0,2000
main_smooth_doy_spearman,Xinjiang,信江,Autumn,14,spearman,smooth_doy31,15,12,0,2000
main_smooth_doy_spearman,Xinjiang,信江,Autumn,14,spearman,smooth_doy31,15,13,0,2000
main_smooth_doy_spearman,Xinjiang,信江,Autumn,14,spearman,smooth_doy31,15,14,0,2000
main_smooth_doy_spearman,Xinjiang,信江,Autumn,14,spearman,smooth_doy31,15,15,0,2000
main_smooth_doy_spearman,Xinjiang,信江,Autumn,14,spearman,smooth_doy31,20,0,0,2000
main_smooth_doy_spearman,Xinjiang,信江,Autumn,14,spearman,smooth_doy31,20,1,0,2000
main_smooth_doy_spearman,Xinjiang,信江,Autumn,14,spearman,smooth_doy31,20,2,0.0715,2000
main_smooth_doy_spearman,Xinjiang,信江,Autumn,14,spearman,smooth_doy31,20,3,0.467,2000
main_smooth_doy_spearman,Xinjiang,信江,Autumn,14,spearman,smooth_doy31,20,4,0.433,2000
main_smooth_doy_spearman,Xinjiang,信江,Autumn,14,spearman,smooth_doy31,20,5,0.0285,2000
main_smooth_doy_spearman,Xinjiang,信江,Autumn,14,spearman,smooth_doy31,20,6,0,2000
main_smooth_doy_spearman,Xinjiang,信江,Autumn,14,spearman,smooth_doy31,20,7,0,2000
main_smooth_doy_spearman,Xinjiang,信江,Autumn,14,spearman,smooth_doy31,20,8,0,2000
main_smooth_doy_spearman,Xinjiang,信江,Autumn,14,spearman,smooth_doy31,20,9,0,2000
main_smooth_doy_spearman,Xinjiang,信江,Autumn,14,spearman,smooth_doy31,20,10,0,2000
main_smooth_doy_spearman,Xinjiang,信江,Autumn,14,spearman,smooth_doy31,20,11,0,2000
main_smooth_doy_spearman,Xinjiang,信江,Autumn,14,spearman,smooth_doy31,20,12,0,2000
main_smooth_doy_spearman,Xinjiang,信江,Autumn,14,spearman,smooth_doy31,20,13,0,2000
main_smooth_doy_spearman,Xinjiang,信江,Autumn,14,spearman,smooth_doy31,20,14,0,2000
main_smooth_doy_spearman,Xinjiang,信江,Autumn,14,spearman,smooth_doy31,20,15,0,2000
main_smooth_doy_spearman,Xinjiang,信江,Autumn,14,spearman,smooth_doy31,20,16,0,2000
main_smooth_doy_spearman,Xinjiang,信江,Autumn,14,spearman,smooth_doy31,20,17,0,2000
main_smooth_doy_spearman,Xinjiang,信江,Autumn,14,spearman,smooth_doy31,20,18,0,2000
main_smooth_doy_spearman,Xinjiang,信江,Autumn,14,spearman,smooth_doy31,20,19,0,2000
main_smooth_doy_spearman,Xinjiang,信江,Autumn,14,spearman,smooth_doy31,20,20,0,2000
main_smooth_doy_spearman,Xinjiang,信江,Spring,14,spearman,smooth_doy31,10,0,0,2000
main_smooth_doy_spearman,Xinjiang,信江,Spring,14,spearman,smooth_doy31,10,1,0,2000
main_smooth_doy_spearman,Xinjiang,信江,Spring,14,spearman,smooth_doy31,10,2,1,2000
main_smooth_doy_spearman,Xinjiang,信江,Spring,14,spearman,smooth_doy31,10,3,0,2000
main_smooth_doy_spearman,Xinjiang,信江,Spring,14,spearman,smooth_doy31,10,4,0,2000
main_smooth_doy_spearman,Xinjiang,信江,Spring,14,spearman,smooth_doy31,10,5,0,2000
main_smooth_doy_spearman,Xinjiang,信江,Spring,14,spearman,smooth_doy31,10,6,0,2000
main_smooth_doy_spearman,Xinjiang,信江,Spring,14,spearman,smooth_doy31,10,7,0,2000
main_smooth_doy_spearman,Xinjiang,信江,Spring,14,spearman,smooth_doy31,10,8,0,2000
main_smooth_doy_spearman,Xinjiang,信江,Spring,14,spearman,smooth_doy31,10,9,0,2000
main_smooth_doy_spearman,Xinjiang,信江,Spring,14,spearman,smooth_doy31,10,10,0,2000
main_smooth_doy_spearman,Xinjiang,信江,Spring,14,spearman,smooth_doy31,15,0,0,2000
main_smooth_doy_spearman,Xinjiang,信江,Spring,14,spearman,smooth_doy31,15,1,0,2000
main_smooth_doy_spearman,Xinjiang,信江,Spring,14,spearman,smooth_doy31,15,2,1,2000
main_smooth_doy_spearman,Xinjiang,信江,Spring,14,spearman,smooth_doy31,15,3,0,2000
main_smooth_doy_spearman,Xinjiang,信江,Spring,14,spearman,smooth_doy31,15,4,0,2000
main_smooth_doy_spearman,Xinjiang,信江,Spring,14,spearman,smooth_doy31,15,5,0,2000
main_smooth_doy_spearman,Xinjiang,信江,Spring,14,spearman,smooth_doy31,15,6,0,2000
main_smooth_doy_spearman,Xinjiang,信江,Spring,14,spearman,smooth_doy31,15,7,0,2000
main_smooth_doy_spearman,Xinjiang,信江,Spring,14,spearman,smooth_doy31,15,8,0,2000
main_smooth_doy_spearman,Xinjiang,信江,Spring,14,spearman,smooth_doy31,15,9,0,2000
main_smooth_doy_spearman,Xinjiang,信江,Spring,14,spearman,smooth_doy31,15,10,0,2000
main_smooth_doy_spearman,Xinjiang,信江,Spring,14,spearman,smooth_doy31,15,11,0,2000
main_smooth_doy_spearman,Xinjiang,信江,Spring,14,spearman,smooth_doy31,15,12,0,2000
main_smooth_doy_spearman,Xinjiang,信江,Spring,14,spearman,smooth_doy31,15,13,0,2000
main_smooth_doy_spearman,Xinjiang,信江,Spring,14,spearman,smooth_doy31,15,14,0,2000
main_smooth_doy_spearman,Xinjiang,信江,Spring,14,spearman,smooth_doy31,15,15,0,2000
main_smooth_doy_spearman,Xinjiang,信江,Spring,14,spearman,smooth_doy31,20,0,0,2000
main_smooth_doy_spearman,Xinjiang,信江,Spring,14,spearman,smooth_doy31,20,1,0,2000
main_smooth_doy_spearman,Xinjiang,信江,Spring,14,spearman,smooth_doy31,20,2,1,2000
main_smooth_doy_spearman,Xinjiang,信江,Spring,14,spearman,smooth_doy31,20,3,0,2000
main_smooth_doy_spearman,Xinjiang,信江,Spring,14,spearman,smooth_doy31,20,4,0,2000
main_smooth_doy_spearman,Xinjiang,信江,Spring,14,spearman,smooth_doy31,20,5,0,2000
main_smooth_doy_spearman,Xinjiang,信江,Spring,14,spearman,smooth_doy31,20,6,0,2000
main_smooth_doy_spearman,Xinjiang,信江,Spring,14,spearman,smooth_doy31,20,7,0,2000
main_smooth_doy_spearman,Xinjiang,信江,Spring,14,spearman,smooth_doy31,20,8,0,2000
main_smooth_doy_spearman,Xinjiang,信江,Spring,14,spearman,smooth_doy31,20,9,0,2000
main_smooth_doy_spearman,Xinjiang,信江,Spring,14,spearman,smooth_doy31,20,10,0,2000
main_smooth_doy_spearman,Xinjiang,信江,Spring,14,spearman,smooth_doy31,20,11,0,2000
main_smooth_doy_spearman,Xinjiang,信江,Spring,14,spearman,smooth_doy31,20,12,0,2000
main_smooth_doy_spearman,Xinjiang,信江,Spring,14,spearman,smooth_doy31,20,13,0,2000
main_smooth_doy_spearman,Xinjiang,信江,Spring,14,spearman,smooth_doy31,20,14,0,2000
main_smooth_doy_spearman,Xinjiang,信江,Spring,14,spearman,smooth_doy31,20,15,0,2000
main_smooth_doy_spearman,Xinjiang,信江,Spring,14,spearman,smooth_doy31,20,16,0,2000
main_smooth_doy_spearman,Xinjiang,信江,Spring,14,spearman,smooth_doy31,20,17,0,2000
main_smooth_doy_spearman,Xinjiang,信江,Spring,14,spearman,smooth_doy31,20,18,0,2000
main_smooth_doy_spearman,Xinjiang,信江,Spring,14,spearman,smooth_doy31,20,19,0,2000
main_smooth_doy_spearman,Xinjiang,信江,Spring,14,spearman,smooth_doy31,20,20,0,2000
main_smooth_doy_spearman,Xinjiang,信江,Summer,14,spearman,smooth_doy31,10,0,0,2000
main_smooth_doy_spearman,Xinjiang,信江,Summer,14,spearman,smooth_doy31,10,1,0.0015,2000
main_smooth_doy_spearman,Xinjiang,信江,Summer,14,spearman,smooth_doy31,10,2,0.9985,2000
main_smooth_doy_spearman,Xinjiang,信江,Summer,14,spearman,smooth_doy31,10,3,0,2000
main_smooth_doy_spearman,Xinjiang,信江,Summer,14,spearman,smooth_doy31,10,4,0,2000
main_smooth_doy_spearman,Xinjiang,信江,Summer,14,spearman,smooth_doy31,10,5,0,2000
main_smooth_doy_spearman,Xinjiang,信江,Summer,14,spearman,smooth_doy31,10,6,0,2000
main_smooth_doy_spearman,Xinjiang,信江,Summer,14,spearman,smooth_doy31,10,7,0,2000
main_smooth_doy_spearman,Xinjiang,信江,Summer,14,spearman,smooth_doy31,10,8,0,2000
main_smooth_doy_spearman,Xinjiang,信江,Summer,14,spearman,smooth_doy31,10,9,0,2000
main_smooth_doy_spearman,Xinjiang,信江,Summer,14,spearman,smooth_doy31,10,10,0,2000
main_smooth_doy_spearman,Xinjiang,信江,Summer,14,spearman,smooth_doy31,15,0,0,2000
main_smooth_doy_spearman,Xinjiang,信江,Summer,14,spearman,smooth_doy31,15,1,0.0015,2000
main_smooth_doy_spearman,Xinjiang,信江,Summer,14,spearman,smooth_doy31,15,2,0.9985,2000
main_smooth_doy_spearman,Xinjiang,信江,Summer,14,spearman,smooth_doy31,15,3,0,2000
main_smooth_doy_spearman,Xinjiang,信江,Summer,14,spearman,smooth_doy31,15,4,0,2000
main_smooth_doy_spearman,Xinjiang,信江,Summer,14,spearman,smooth_doy31,15,5,0,2000
main_smooth_doy_spearman,Xinjiang,信江,Summer,14,spearman,smooth_doy31,15,6,0,2000
main_smooth_doy_spearman,Xinjiang,信江,Summer,14,spearman,smooth_doy31,15,7,0,2000
main_smooth_doy_spearman,Xinjiang,信江,Summer,14,spearman,smooth_doy31,15,8,0,2000
main_smooth_doy_spearman,Xinjiang,信江,Summer,14,spearman,smooth_doy31,15,9,0,2000
main_smooth_doy_spearman,Xinjiang,信江,Summer,14,spearman,smooth_doy31,15,10,0,2000
main_smooth_doy_spearman,Xinjiang,信江,Summer,14,spearman,smooth_doy31,15,11,0,2000
main_smooth_doy_spearman,Xinjiang,信江,Summer,14,spearman,smooth_doy31,15,12,0,2000
main_smooth_doy_spearman,Xinjiang,信江,Summer,14,spearman,smooth_doy31,15,13,0,2000
main_smooth_doy_spearman,Xinjiang,信江,Summer,14,spearman,smooth_doy31,15,14,0,2000
main_smooth_doy_spearman,Xinjiang,信江,Summer,14,spearman,smooth_doy31,15,15,0,2000
main_smooth_doy_spearman,Xinjiang,信江,Summer,14,spearman,smooth_doy31,20,0,0,2000
main_smooth_doy_spearman,Xinjiang,信江,Summer,14,spearman,smooth_doy31,20,1,0.0015,2000
main_smooth_doy_spearman,Xinjiang,信江,Summer,14,spearman,smooth_doy31,20,2,0.9985,2000
main_smooth_doy_spearman,Xinjiang,信江,Summer,14,spearman,smooth_doy31,20,3,0,2000
main_smooth_doy_spearman,Xinjiang,信江,Summer,14,spearman,smooth_doy31,20,4,0,2000
main_smooth_doy_spearman,Xinjiang,信江,Summer,14,spearman,smooth_doy31,20,5,0,2000
main_smooth_doy_spearman,Xinjiang,信江,Summer,14,spearman,smooth_doy31,20,6,0,2000
main_smooth_doy_spearman,Xinjiang,信江,Summer,14,spearman,smooth_doy31,20,7,0,2000
main_smooth_doy_spearman,Xinjiang,信江,Summer,14,spearman,smooth_doy31,20,8,0,2000
main_smooth_doy_spearman,Xinjiang,信江,Summer,14,spearman,smooth_doy31,20,9,0,2000
main_smooth_doy_spearman,Xinjiang,信江,Summer,14,spearman,smooth_doy31,20,10,0,2000
main_smooth_doy_spearman,Xinjiang,信江,Summer,14,spearman,smooth_doy31,20,11,0,2000
main_smooth_doy_spearman,Xinjiang,信江,Summer,14,spearman,smooth_doy31,20,12,0,2000
main_smooth_doy_spearman,Xinjiang,信江,Summer,14,spearman,smooth_doy31,20,13,0,2000
main_smooth_doy_spearman,Xinjiang,信江,Summer,14,spearman,smooth_doy31,20,14,0,2000
main_smooth_doy_spearman,Xinjiang,信江,Summer,14,spearman,smooth_doy31,20,15,0,2000
main_smooth_doy_spearman,Xinjiang,信江,Summer,14,spearman,smooth_doy31,20,16,0,2000
main_smooth_doy_spearman,Xinjiang,信江,Summer,14,spearman,smooth_doy31,20,17,0,2000
main_smooth_doy_spearman,Xinjiang,信江,Summer,14,spearman,smooth_doy31,20,18,0,2000
main_smooth_doy_spearman,Xinjiang,信江,Summer,14,spearman,smooth_doy31,20,19,0,2000
main_smooth_doy_spearman,Xinjiang,信江,Summer,14,spearman,smooth_doy31,20,20,0,2000
main_smooth_doy_spearman,Xinjiang,信江,Winter,13,spearman,smooth_doy31,10,0,0,2000
main_smooth_doy_spearman,Xinjiang,信江,Winter,13,spearman,smooth_doy31,10,1,0,2000
main_smooth_doy_spearman,Xinjiang,信江,Winter,13,spearman,smooth_doy31,10,2,0.36,2000
main_smooth_doy_spearman,Xinjiang,信江,Winter,13,spearman,smooth_doy31,10,3,0.4505,2000
main_smooth_doy_spearman,Xinjiang,信江,Winter,13,spearman,smooth_doy31,10,4,0.0075,2000
main_smooth_doy_spearman,Xinjiang,信江,Winter,13,spearman,smooth_doy31,10,5,0.093,2000
main_smooth_doy_spearman,Xinjiang,信江,Winter,13,spearman,smooth_doy31,10,6,0.0165,2000
main_smooth_doy_spearman,Xinjiang,信江,Winter,13,spearman,smooth_doy31,10,7,0.0385,2000
main_smooth_doy_spearman,Xinjiang,信江,Winter,13,spearman,smooth_doy31,10,8,0.0155,2000
main_smooth_doy_spearman,Xinjiang,信江,Winter,13,spearman,smooth_doy31,10,9,0.0085,2000
main_smooth_doy_spearman,Xinjiang,信江,Winter,13,spearman,smooth_doy31,10,10,0.01,2000
main_smooth_doy_spearman,Xinjiang,信江,Winter,13,spearman,smooth_doy31,15,0,0,2000
main_smooth_doy_spearman,Xinjiang,信江,Winter,13,spearman,smooth_doy31,15,1,0,2000
main_smooth_doy_spearman,Xinjiang,信江,Winter,13,spearman,smooth_doy31,15,2,0.36,2000
main_smooth_doy_spearman,Xinjiang,信江,Winter,13,spearman,smooth_doy31,15,3,0.4505,2000
main_smooth_doy_spearman,Xinjiang,信江,Winter,13,spearman,smooth_doy31,15,4,0.0075,2000
main_smooth_doy_spearman,Xinjiang,信江,Winter,13,spearman,smooth_doy31,15,5,0.093,2000
main_smooth_doy_spearman,Xinjiang,信江,Winter,13,spearman,smooth_doy31,15,6,0.0165,2000
main_smooth_doy_spearman,Xinjiang,信江,Winter,13,spearman,smooth_doy31,15,7,0.0385,2000
main_smooth_doy_spearman,Xinjiang,信江,Winter,13,spearman,smooth_doy31,15,8,0.0155,2000
main_smooth_doy_spearman,Xinjiang,信江,Winter,13,spearman,smooth_doy31,15,9,0.0085,2000
main_smooth_doy_spearman,Xinjiang,信江,Winter,13,spearman,smooth_doy31,15,10,0.01,2000
main_smooth_doy_spearman,Xinjiang,信江,Winter,13,spearman,smooth_doy31,15,11,0,2000
main_smooth_doy_spearman,Xinjiang,信江,Winter,13,spearman,smooth_doy31,15,12,0,2000
main_smooth_doy_spearman,Xinjiang,信江,Winter,13,spearman,smooth_doy31,15,13,0,2000
main_smooth_doy_spearman,Xinjiang,信江,Winter,13,spearman,smooth_doy31,15,14,0,2000
main_smooth_doy_spearman,Xinjiang,信江,Winter,13,spearman,smooth_doy31,15,15,0,2000
main_smooth_doy_spearman,Xinjiang,信江,Winter,13,spearman,smooth_doy31,20,0,0,2000
main_smooth_doy_spearman,Xinjiang,信江,Winter,13,spearman,smooth_doy31,20,1,0,2000
main_smooth_doy_spearman,Xinjiang,信江,Winter,13,spearman,smooth_doy31,20,2,0.36,2000
main_smooth_doy_spearman,Xinjiang,信江,Winter,13,spearman,smooth_doy31,20,3,0.4505,2000
main_smooth_doy_spearman,Xinjiang,信江,Winter,13,spearman,smooth_doy31,20,4,0.0075,2000
main_smooth_doy_spearman,Xinjiang,信江,Winter,13,spearman,smooth_doy31,20,5,0.093,2000
main_smooth_doy_spearman,Xinjiang,信江,Winter,13,spearman,smooth_doy31,20,6,0.0165,2000
main_smooth_doy_spearman,Xinjiang,信江,Winter,13,spearman,smooth_doy31,20,7,0.0385,2000
main_smooth_doy_spearman,Xinjiang,信江,Winter,13,spearman,smooth_doy31,20,8,0.0155,2000
main_smooth_doy_spearman,Xinjiang,信江,Winter,13,spearman,smooth_doy31,20,9,0.0085,2000
main_smooth_doy_spearman,Xinjiang,信江,Winter,13,spearman,smooth_doy31,20,10,0.01,2000
main_smooth_doy_spearman,Xinjiang,信江,Winter,13,spearman,smooth_doy31,20,11,0,2000
main_smooth_doy_spearman,Xinjiang,信江,Winter,13,spearman,smooth_doy31,20,12,0,2000
main_smooth_doy_spearman,Xinjiang,信江,Winter,13,spearman,smooth_doy31,20,13,0,2000
main_smooth_doy_spearman,Xinjiang,信江,Winter,13,spearman,smooth_doy31,20,14,0,2000
main_smooth_doy_spearman,Xinjiang,信江,Winter,13,spearman,smooth_doy31,20,15,0,2000
main_smooth_doy_spearman,Xinjiang,信江,Winter,13,spearman,smooth_doy31,20,16,0,2000
main_smooth_doy_spearman,Xinjiang,信江,Winter,13,spearman,smooth_doy31,20,17,0,2000
main_smooth_doy_spearman,Xinjiang,信江,Winter,13,spearman,smooth_doy31,20,18,0,2000
main_smooth_doy_spearman,Xinjiang,信江,Winter,13,spearman,smooth_doy31,20,19,0,2000
main_smooth_doy_spearman,Xinjiang,信江,Winter,13,spearman,smooth_doy31,20,20,0,2000
main_smooth_doy_spearman,Xiushui,修水,All,14,spearman,smooth_doy31,10,0,0,2000
main_smooth_doy_spearman,Xiushui,修水,All,14,spearman,smooth_doy31,10,1,0,2000
main_smooth_doy_spearman,Xiushui,修水,All,14,spearman,smooth_doy31,10,2,0.022,2000
main_smooth_doy_spearman,Xiushui,修水,All,14,spearman,smooth_doy31,10,3,0.1235,2000
main_smooth_doy_spearman,Xiushui,修水,All,14,spearman,smooth_doy31,10,4,0.0045,2000
main_smooth_doy_spearman,Xiushui,修水,All,14,spearman,smooth_doy31,10,5,0.0565,2000
main_smooth_doy_spearman,Xiushui,修水,All,14,spearman,smooth_doy31,10,6,0.003,2000
main_smooth_doy_spearman,Xiushui,修水,All,14,spearman,smooth_doy31,10,7,0.3725,2000
main_smooth_doy_spearman,Xiushui,修水,All,14,spearman,smooth_doy31,10,8,0.402,2000
main_smooth_doy_spearman,Xiushui,修水,All,14,spearman,smooth_doy31,10,9,0.013,2000
main_smooth_doy_spearman,Xiushui,修水,All,14,spearman,smooth_doy31,10,10,0.003,2000
main_smooth_doy_spearman,Xiushui,修水,All,14,spearman,smooth_doy31,15,0,0,2000
main_smooth_doy_spearman,Xiushui,修水,All,14,spearman,smooth_doy31,15,1,0,2000
main_smooth_doy_spearman,Xiushui,修水,All,14,spearman,smooth_doy31,15,2,0.022,2000
main_smooth_doy_spearman,Xiushui,修水,All,14,spearman,smooth_doy31,15,3,0.123,2000
main_smooth_doy_spearman,Xiushui,修水,All,14,spearman,smooth_doy31,15,4,0.0045,2000
main_smooth_doy_spearman,Xiushui,修水,All,14,spearman,smooth_doy31,15,5,0.0565,2000
main_smooth_doy_spearman,Xiushui,修水,All,14,spearman,smooth_doy31,15,6,0.003,2000
main_smooth_doy_spearman,Xiushui,修水,All,14,spearman,smooth_doy31,15,7,0.3715,2000
main_smooth_doy_spearman,Xiushui,修水,All,14,spearman,smooth_doy31,15,8,0.402,2000
main_smooth_doy_spearman,Xiushui,修水,All,14,spearman,smooth_doy31,15,9,0.013,2000
main_smooth_doy_spearman,Xiushui,修水,All,14,spearman,smooth_doy31,15,10,0.003,2000
main_smooth_doy_spearman,Xiushui,修水,All,14,spearman,smooth_doy31,15,11,0,2000
main_smooth_doy_spearman,Xiushui,修水,All,14,spearman,smooth_doy31,15,12,0,2000
main_smooth_doy_spearman,Xiushui,修水,All,14,spearman,smooth_doy31,15,13,0,2000
main_smooth_doy_spearman,Xiushui,修水,All,14,spearman,smooth_doy31,15,14,0.0015,2000
main_smooth_doy_spearman,Xiushui,修水,All,14,spearman,smooth_doy31,15,15,0,2000
main_smooth_doy_spearman,Xiushui,修水,All,14,spearman,smooth_doy31,20,0,0,2000
main_smooth_doy_spearman,Xiushui,修水,All,14,spearman,smooth_doy31,20,1,0,2000
main_smooth_doy_spearman,Xiushui,修水,All,14,spearman,smooth_doy31,20,2,0.022,2000
main_smooth_doy_spearman,Xiushui,修水,All,14,spearman,smooth_doy31,20,3,0.123,2000
main_smooth_doy_spearman,Xiushui,修水,All,14,spearman,smooth_doy31,20,4,0.0045,2000
main_smooth_doy_spearman,Xiushui,修水,All,14,spearman,smooth_doy31,20,5,0.0565,2000
main_smooth_doy_spearman,Xiushui,修水,All,14,spearman,smooth_doy31,20,6,0.003,2000
main_smooth_doy_spearman,Xiushui,修水,All,14,spearman,smooth_doy31,20,7,0.3715,2000
main_smooth_doy_spearman,Xiushui,修水,All,14,spearman,smooth_doy31,20,8,0.402,2000
main_smooth_doy_spearman,Xiushui,修水,All,14,spearman,smooth_doy31,20,9,0.013,2000
main_smooth_doy_spearman,Xiushui,修水,All,14,spearman,smooth_doy31,20,10,0.003,2000
main_smooth_doy_spearman,Xiushui,修水,All,14,spearman,smooth_doy31,20,11,0,2000
main_smooth_doy_spearman,Xiushui,修水,All,14,spearman,smooth_doy31,20,12,0,2000
main_smooth_doy_spearman,Xiushui,修水,All,14,spearman,smooth_doy31,20,13,0,2000
main_smooth_doy_spearman,Xiushui,修水,All,14,spearman,smooth_doy31,20,14,0.0015,2000
main_smooth_doy_spearman,Xiushui,修水,All,14,spearman,smooth_doy31,20,15,0,2000
main_smooth_doy_spearman,Xiushui,修水,All,14,spearman,smooth_doy31,20,16,0,2000
main_smooth_doy_spearman,Xiushui,修水,All,14,spearman,smooth_doy31,20,17,0,2000
main_smooth_doy_spearman,Xiushui,修水,All,14,spearman,smooth_doy31,20,18,0,2000
main_smooth_doy_spearman,Xiushui,修水,All,14,spearman,smooth_doy31,20,19,0,2000
main_smooth_doy_spearman,Xiushui,修水,All,14,spearman,smooth_doy31,20,20,0,2000
main_smooth_doy_spearman,Xiushui,修水,Autumn,14,spearman,smooth_doy31,10,0,0.521,2000
main_smooth_doy_spearman,Xiushui,修水,Autumn,14,spearman,smooth_doy31,10,1,0.034,2000
main_smooth_doy_spearman,Xiushui,修水,Autumn,14,spearman,smooth_doy31,10,2,0.0085,2000
main_smooth_doy_spearman,Xiushui,修水,Autumn,14,spearman,smooth_doy31,10,3,0.22,2000
main_smooth_doy_spearman,Xiushui,修水,Autumn,14,spearman,smooth_doy31,10,4,0,2000
main_smooth_doy_spearman,Xiushui,修水,Autumn,14,spearman,smooth_doy31,10,5,0.01,2000
main_smooth_doy_spearman,Xiushui,修水,Autumn,14,spearman,smooth_doy31,10,6,0.0235,2000
main_smooth_doy_spearman,Xiushui,修水,Autumn,14,spearman,smooth_doy31,10,7,0.1695,2000
main_smooth_doy_spearman,Xiushui,修水,Autumn,14,spearman,smooth_doy31,10,8,0.013,2000
main_smooth_doy_spearman,Xiushui,修水,Autumn,14,spearman,smooth_doy31,10,9,0.0005,2000
main_smooth_doy_spearman,Xiushui,修水,Autumn,14,spearman,smooth_doy31,10,10,0,2000
main_smooth_doy_spearman,Xiushui,修水,Autumn,14,spearman,smooth_doy31,15,0,0.474,2000
main_smooth_doy_spearman,Xiushui,修水,Autumn,14,spearman,smooth_doy31,15,1,0.027,2000
main_smooth_doy_spearman,Xiushui,修水,Autumn,14,spearman,smooth_doy31,15,2,0.008,2000
main_smooth_doy_spearman,Xiushui,修水,Autumn,14,spearman,smooth_doy31,15,3,0.1795,2000
main_smooth_doy_spearman,Xiushui,修水,Autumn,14,spearman,smooth_doy31,15,4,0,2000
main_smooth_doy_spearman,Xiushui,修水,Autumn,14,spearman,smooth_doy31,15,5,0.0065,2000
main_smooth_doy_spearman,Xiushui,修水,Autumn,14,spearman,smooth_doy31,15,6,0.014,2000
main_smooth_doy_spearman,Xiushui,修水,Autumn,14,spearman,smooth_doy31,15,7,0.1115,2000
main_smooth_doy_spearman,Xiushui,修水,Autumn,14,spearman,smooth_doy31,15,8,0.0025,2000
main_smooth_doy_spearman,Xiushui,修水,Autumn,14,spearman,smooth_doy31,15,9,0,2000
main_smooth_doy_spearman,Xiushui,修水,Autumn,14,spearman,smooth_doy31,15,10,0,2000
main_smooth_doy_spearman,Xiushui,修水,Autumn,14,spearman,smooth_doy31,15,11,0,2000
main_smooth_doy_spearman,Xiushui,修水,Autumn,14,spearman,smooth_doy31,15,12,0,2000
main_smooth_doy_spearman,Xiushui,修水,Autumn,14,spearman,smooth_doy31,15,13,0.001,2000
main_smooth_doy_spearman,Xiushui,修水,Autumn,14,spearman,smooth_doy31,15,14,0.005,2000
main_smooth_doy_spearman,Xiushui,修水,Autumn,14,spearman,smooth_doy31,15,15,0.171,2000
main_smooth_doy_spearman,Xiushui,修水,Autumn,14,spearman,smooth_doy31,20,0,0.2825,2000
main_smooth_doy_spearman,Xiushui,修水,Autumn,14,spearman,smooth_doy31,20,1,0.0135,2000
main_smooth_doy_spearman,Xiushui,修水,Autumn,14,spearman,smooth_doy31,20,2,0.0055,2000
main_smooth_doy_spearman,Xiushui,修水,Autumn,14,spearman,smooth_doy31,20,3,0.076,2000
main_smooth_doy_spearman,Xiushui,修水,Autumn,14,spearman,smooth_doy31,20,4,0,2000
main_smooth_doy_spearman,Xiushui,修水,Autumn,14,spearman,smooth_doy31,20,5,0.0015,2000
main_smooth_doy_spearman,Xiushui,修水,Autumn,14,spearman,smooth_doy31,20,6,0.0035,2000
main_smooth_doy_spearman,Xiushui,修水,Autumn,14,spearman,smooth_doy31,20,7,0.0325,2000
main_smooth_doy_spearman,Xiushui,修水,Autumn,14,spearman,smooth_doy31,20,8,0,2000
main_smooth_doy_spearman,Xiushui,修水,Autumn,14,spearman,smooth_doy31,20,9,0,2000
main_smooth_doy_spearman,Xiushui,修水,Autumn,14,spearman,smooth_doy31,20,10,0,2000
main_smooth_doy_spearman,Xiushui,修水,Autumn,14,spearman,smooth_doy31,20,11,0,2000
main_smooth_doy_spearman,Xiushui,修水,Autumn,14,spearman,smooth_doy31,20,12,0,2000
main_smooth_doy_spearman,Xiushui,修水,Autumn,14,spearman,smooth_doy31,20,13,0,2000
main_smooth_doy_spearman,Xiushui,修水,Autumn,14,spearman,smooth_doy31,20,14,0,2000
main_smooth_doy_spearman,Xiushui,修水,Autumn,14,spearman,smooth_doy31,20,15,0.0055,2000
main_smooth_doy_spearman,Xiushui,修水,Autumn,14,spearman,smooth_doy31,20,16,0,2000
main_smooth_doy_spearman,Xiushui,修水,Autumn,14,spearman,smooth_doy31,20,17,0,2000
main_smooth_doy_spearman,Xiushui,修水,Autumn,14,spearman,smooth_doy31,20,18,0,2000
main_smooth_doy_spearman,Xiushui,修水,Autumn,14,spearman,smooth_doy31,20,19,0.0125,2000
main_smooth_doy_spearman,Xiushui,修水,Autumn,14,spearman,smooth_doy31,20,20,0.567,2000
main_smooth_doy_spearman,Xiushui,修水,Spring,14,spearman,smooth_doy31,10,0,0.0035,2000
main_smooth_doy_spearman,Xiushui,修水,Spring,14,spearman,smooth_doy31,10,1,0.0055,2000
main_smooth_doy_spearman,Xiushui,修水,Spring,14,spearman,smooth_doy31,10,2,0.0245,2000
main_smooth_doy_spearman,Xiushui,修水,Spring,14,spearman,smooth_doy31,10,3,0.014,2000
main_smooth_doy_spearman,Xiushui,修水,Spring,14,spearman,smooth_doy31,10,4,0.016,2000
main_smooth_doy_spearman,Xiushui,修水,Spring,14,spearman,smooth_doy31,10,5,0.0055,2000
main_smooth_doy_spearman,Xiushui,修水,Spring,14,spearman,smooth_doy31,10,6,0.009,2000
main_smooth_doy_spearman,Xiushui,修水,Spring,14,spearman,smooth_doy31,10,7,0.5655,2000
main_smooth_doy_spearman,Xiushui,修水,Spring,14,spearman,smooth_doy31,10,8,0.291,2000
main_smooth_doy_spearman,Xiushui,修水,Spring,14,spearman,smooth_doy31,10,9,0.063,2000
main_smooth_doy_spearman,Xiushui,修水,Spring,14,spearman,smooth_doy31,10,10,0.0025,2000
main_smooth_doy_spearman,Xiushui,修水,Spring,14,spearman,smooth_doy31,15,0,0.0035,2000
main_smooth_doy_spearman,Xiushui,修水,Spring,14,spearman,smooth_doy31,15,1,0.0055,2000
main_smooth_doy_spearman,Xiushui,修水,Spring,14,spearman,smooth_doy31,15,2,0.0245,2000
main_smooth_doy_spearman,Xiushui,修水,Spring,14,spearman,smooth_doy31,15,3,0.014,2000
main_smooth_doy_spearman,Xiushui,修水,Spring,14,spearman,smooth_doy31,15,4,0.016,2000
main_smooth_doy_spearman,Xiushui,修水,Spring,14,spearman,smooth_doy31,15,5,0.0055,2000
main_smooth_doy_spearman,Xiushui,修水,Spring,14,spearman,smooth_doy31,15,6,0.009,2000
main_smooth_doy_spearman,Xiushui,修水,Spring,14,spearman,smooth_doy31,15,7,0.5645,2000
main_smooth_doy_spearman,Xiushui,修水,Spring,14,spearman,smooth_doy31,15,8,0.2905,2000
main_smooth_doy_spearman,Xiushui,修水,Spring,14,spearman,smooth_doy31,15,9,0.062,2000
main_smooth_doy_spearman,Xiushui,修水,Spring,14,spearman,smooth_doy31,15,10,0.002,2000
main_smooth_doy_spearman,Xiushui,修水,Spring,14,spearman,smooth_doy31,15,11,0.003,2000
main_smooth_doy_spearman,Xiushui,修水,Spring,14,spearman,smooth_doy31,15,12,0,2000
main_smooth_doy_spearman,Xiushui,修水,Spring,14,spearman,smooth_doy31,15,13,0,2000
main_smooth_doy_spearman,Xiushui,修水,Spring,14,spearman,smooth_doy31,15,14,0,2000
main_smooth_doy_spearman,Xiushui,修水,Spring,14,spearman,smooth_doy31,15,15,0,2000
main_smooth_doy_spearman,Xiushui,修水,Spring,14,spearman,smooth_doy31,20,0,0.0035,2000
main_smooth_doy_spearman,Xiushui,修水,Spring,14,spearman,smooth_doy31,20,1,0.0055,2000
main_smooth_doy_spearman,Xiushui,修水,Spring,14,spearman,smooth_doy31,20,2,0.0245,2000
main_smooth_doy_spearman,Xiushui,修水,Spring,14,spearman,smooth_doy31,20,3,0.014,2000
main_smooth_doy_spearman,Xiushui,修水,Spring,14,spearman,smooth_doy31,20,4,0.016,2000
main_smooth_doy_spearman,Xiushui,修水,Spring,14,spearman,smooth_doy31,20,5,0.0055,2000
main_smooth_doy_spearman,Xiushui,修水,Spring,14,spearman,smooth_doy31,20,6,0.009,2000
main_smooth_doy_spearman,Xiushui,修水,Spring,14,spearman,smooth_doy31,20,7,0.5645,2000
main_smooth_doy_spearman,Xiushui,修水,Spring,14,spearman,smooth_doy31,20,8,0.2905,2000
main_smooth_doy_spearman,Xiushui,修水,Spring,14,spearman,smooth_doy31,20,9,0.062,2000
main_smooth_doy_spearman,Xiushui,修水,Spring,14,spearman,smooth_doy31,20,10,0.002,2000
main_smooth_doy_spearman,Xiushui,修水,Spring,14,spearman,smooth_doy31,20,11,0.003,2000
main_smooth_doy_spearman,Xiushui,修水,Spring,14,spearman,smooth_doy31,20,12,0,2000
main_smooth_doy_spearman,Xiushui,修水,Spring,14,spearman,smooth_doy31,20,13,0,2000
main_smooth_doy_spearman,Xiushui,修水,Spring,14,spearman,smooth_doy31,20,14,0,2000
main_smooth_doy_spearman,Xiushui,修水,Spring,14,spearman,smooth_doy31,20,15,0,2000
main_smooth_doy_spearman,Xiushui,修水,Spring,14,spearman,smooth_doy31,20,16,0,2000
main_smooth_doy_spearman,Xiushui,修水,Spring,14,spearman,smooth_doy31,20,17,0,2000
main_smooth_doy_spearman,Xiushui,修水,Spring,14,spearman,smooth_doy31,20,18,0,2000
main_smooth_doy_spearman,Xiushui,修水,Spring,14,spearman,smooth_doy31,20,19,0,2000
main_smooth_doy_spearman,Xiushui,修水,Spring,14,spearman,smooth_doy31,20,20,0,2000
main_smooth_doy_spearman,Xiushui,修水,Summer,14,spearman,smooth_doy31,10,0,0,2000
main_smooth_doy_spearman,Xiushui,修水,Summer,14,spearman,smooth_doy31,10,1,0.027,2000
main_smooth_doy_spearman,Xiushui,修水,Summer,14,spearman,smooth_doy31,10,2,0.006,2000
main_smooth_doy_spearman,Xiushui,修水,Summer,14,spearman,smooth_doy31,10,3,0.376,2000
main_smooth_doy_spearman,Xiushui,修水,Summer,14,spearman,smooth_doy31,10,4,0.329,2000
main_smooth_doy_spearman,Xiushui,修水,Summer,14,spearman,smooth_doy31,10,5,0.1855,2000
main_smooth_doy_spearman,Xiushui,修水,Summer,14,spearman,smooth_doy31,10,6,0.002,2000
main_smooth_doy_spearman,Xiushui,修水,Summer,14,spearman,smooth_doy31,10,7,0.031,2000
main_smooth_doy_spearman,Xiushui,修水,Summer,14,spearman,smooth_doy31,10,8,0.004,2000
main_smooth_doy_spearman,Xiushui,修水,Summer,14,spearman,smooth_doy31,10,9,0.004,2000
main_smooth_doy_spearman,Xiushui,修水,Summer,14,spearman,smooth_doy31,10,10,0.0355,2000
main_smooth_doy_spearman,Xiushui,修水,Summer,14,spearman,smooth_doy31,15,0,0,2000
main_smooth_doy_spearman,Xiushui,修水,Summer,14,spearman,smooth_doy31,15,1,0.025,2000
main_smooth_doy_spearman,Xiushui,修水,Summer,14,spearman,smooth_doy31,15,2,0.0045,2000
main_smooth_doy_spearman,Xiushui,修水,Summer,14,spearman,smooth_doy31,15,3,0.311,2000
main_smooth_doy_spearman,Xiushui,修水,Summer,14,spearman,smooth_doy31,15,4,0.3025,2000
main_smooth_doy_spearman,Xiushui,修水,Summer,14,spearman,smooth_doy31,15,5,0.1715,2000
main_smooth_doy_spearman,Xiushui,修水,Summer,14,spearman,smooth_doy31,15,6,0.002,2000
main_smooth_doy_spearman,Xiushui,修水,Summer,14,spearman,smooth_doy31,15,7,0.0285,2000
main_smooth_doy_spearman,Xiushui,修水,Summer,14,spearman,smooth_doy31,15,8,0.0035,2000
main_smooth_doy_spearman,Xiushui,修水,Summer,14,spearman,smooth_doy31,15,9,0.003,2000
main_smooth_doy_spearman,Xiushui,修水,Summer,14,spearman,smooth_doy31,15,10,0.0065,2000
main_smooth_doy_spearman,Xiushui,修水,Summer,14,spearman,smooth_doy31,15,11,0.014,2000
main_smooth_doy_spearman,Xiushui,修水,Summer,14,spearman,smooth_doy31,15,12,0.0065,2000
main_smooth_doy_spearman,Xiushui,修水,Summer,14,spearman,smooth_doy31,15,13,0.015,2000
main_smooth_doy_spearman,Xiushui,修水,Summer,14,spearman,smooth_doy31,15,14,0.068,2000
main_smooth_doy_spearman,Xiushui,修水,Summer,14,spearman,smooth_doy31,15,15,0.0385,2000
main_smooth_doy_spearman,Xiushui,修水,Summer,14,spearman,smooth_doy31,20,0,0,2000
main_smooth_doy_spearman,Xiushui,修水,Summer,14,spearman,smooth_doy31,20,1,0.0245,2000
main_smooth_doy_spearman,Xiushui,修水,Summer,14,spearman,smooth_doy31,20,2,0.0045,2000
main_smooth_doy_spearman,Xiushui,修水,Summer,14,spearman,smooth_doy31,20,3,0.31,2000
main_smooth_doy_spearman,Xiushui,修水,Summer,14,spearman,smooth_doy31,20,4,0.3015,2000
main_smooth_doy_spearman,Xiushui,修水,Summer,14,spearman,smooth_doy31,20,5,0.1705,2000
main_smooth_doy_spearman,Xiushui,修水,Summer,14,spearman,smooth_doy31,20,6,0.002,2000
main_smooth_doy_spearman,Xiushui,修水,Summer,14,spearman,smooth_doy31,20,7,0.0285,2000
main_smooth_doy_spearman,Xiushui,修水,Summer,14,spearman,smooth_doy31,20,8,0.0035,2000
main_smooth_doy_spearman,Xiushui,修水,Summer,14,spearman,smooth_doy31,20,9,0.003,2000
main_smooth_doy_spearman,Xiushui,修水,Summer,14,spearman,smooth_doy31,20,10,0.006,2000
main_smooth_doy_spearman,Xiushui,修水,Summer,14,spearman,smooth_doy31,20,11,0.014,2000
main_smooth_doy_spearman,Xiushui,修水,Summer,14,spearman,smooth_doy31,20,12,0.0065,2000
main_smooth_doy_spearman,Xiushui,修水,Summer,14,spearman,smooth_doy31,20,13,0.015,2000
main_smooth_doy_spearman,Xiushui,修水,Summer,14,spearman,smooth_doy31,20,14,0.067,2000
main_smooth_doy_spearman,Xiushui,修水,Summer,14,spearman,smooth_doy31,20,15,0.0355,2000
main_smooth_doy_spearman,Xiushui,修水,Summer,14,spearman,smooth_doy31,20,16,0.0005,2000
main_smooth_doy_spearman,Xiushui,修水,Summer,14,spearman,smooth_doy31,20,17,0.0005,2000
main_smooth_doy_spearman,Xiushui,修水,Summer,14,spearman,smooth_doy31,20,18,0.0025,2000
main_smooth_doy_spearman,Xiushui,修水,Summer,14,spearman,smooth_doy31,20,19,0.004,2000
main_smooth_doy_spearman,Xiushui,修水,Summer,14,spearman,smooth_doy31,20,20,0.0005,2000
main_smooth_doy_spearman,Xiushui,修水,Winter,13,spearman,smooth_doy31,10,0,0.061,2000
main_smooth_doy_spearman,Xiushui,修水,Winter,13,spearman,smooth_doy31,10,1,0.403,2000
main_smooth_doy_spearman,Xiushui,修水,Winter,13,spearman,smooth_doy31,10,2,0.078,2000
main_smooth_doy_spearman,Xiushui,修水,Winter,13,spearman,smooth_doy31,10,3,0.0875,2000
main_smooth_doy_spearman,Xiushui,修水,Winter,13,spearman,smooth_doy31,10,4,0.0065,2000
main_smooth_doy_spearman,Xiushui,修水,Winter,13,spearman,smooth_doy31,10,5,0.1505,2000
main_smooth_doy_spearman,Xiushui,修水,Winter,13,spearman,smooth_doy31,10,6,0.0795,2000
main_smooth_doy_spearman,Xiushui,修水,Winter,13,spearman,smooth_doy31,10,7,0.123,2000
main_smooth_doy_spearman,Xiushui,修水,Winter,13,spearman,smooth_doy31,10,8,0.0085,2000
main_smooth_doy_spearman,Xiushui,修水,Winter,13,spearman,smooth_doy31,10,9,0.0005,2000
main_smooth_doy_spearman,Xiushui,修水,Winter,13,spearman,smooth_doy31,10,10,0.002,2000
main_smooth_doy_spearman,Xiushui,修水,Winter,13,spearman,smooth_doy31,15,0,0.0605,2000
main_smooth_doy_spearman,Xiushui,修水,Winter,13,spearman,smooth_doy31,15,1,0.402,2000
main_smooth_doy_spearman,Xiushui,修水,Winter,13,spearman,smooth_doy31,15,2,0.0775,2000
main_smooth_doy_spearman,Xiushui,修水,Winter,13,spearman,smooth_doy31,15,3,0.0875,2000
main_smooth_doy_spearman,Xiushui,修水,Winter,13,spearman,smooth_doy31,15,4,0.0065,2000
main_smooth_doy_spearman,Xiushui,修水,Winter,13,spearman,smooth_doy31,15,5,0.149,2000
main_smooth_doy_spearman,Xiushui,修水,Winter,13,spearman,smooth_doy31,15,6,0.077,2000
main_smooth_doy_spearman,Xiushui,修水,Winter,13,spearman,smooth_doy31,15,7,0.122,2000
main_smooth_doy_spearman,Xiushui,修水,Winter,13,spearman,smooth_doy31,15,8,0.0085,2000
main_smooth_doy_spearman,Xiushui,修水,Winter,13,spearman,smooth_doy31,15,9,0.0005,2000
main_smooth_doy_spearman,Xiushui,修水,Winter,13,spearman,smooth_doy31,15,10,0.002,2000
main_smooth_doy_spearman,Xiushui,修水,Winter,13,spearman,smooth_doy31,15,11,0,2000
main_smooth_doy_spearman,Xiushui,修水,Winter,13,spearman,smooth_doy31,15,12,0,2000
main_smooth_doy_spearman,Xiushui,修水,Winter,13,spearman,smooth_doy31,15,13,0.005,2000
main_smooth_doy_spearman,Xiushui,修水,Winter,13,spearman,smooth_doy31,15,14,0,2000
main_smooth_doy_spearman,Xiushui,修水,Winter,13,spearman,smooth_doy31,15,15,0.002,2000
main_smooth_doy_spearman,Xiushui,修水,Winter,13,spearman,smooth_doy31,20,0,0.0605,2000
main_smooth_doy_spearman,Xiushui,修水,Winter,13,spearman,smooth_doy31,20,1,0.401,2000
main_smooth_doy_spearman,Xiushui,修水,Winter,13,spearman,smooth_doy31,20,2,0.0775,2000
main_smooth_doy_spearman,Xiushui,修水,Winter,13,spearman,smooth_doy31,20,3,0.0865,2000
main_smooth_doy_spearman,Xiushui,修水,Winter,13,spearman,smooth_doy31,20,4,0.0065,2000
main_smooth_doy_spearman,Xiushui,修水,Winter,13,spearman,smooth_doy31,20,5,0.1485,2000
main_smooth_doy_spearman,Xiushui,修水,Winter,13,spearman,smooth_doy31,20,6,0.075,2000
main_smooth_doy_spearman,Xiushui,修水,Winter,13,spearman,smooth_doy31,20,7,0.1215,2000
main_smooth_doy_spearman,Xiushui,修水,Winter,13,spearman,smooth_doy31,20,8,0.0085,2000
main_smooth_doy_spearman,Xiushui,修水,Winter,13,spearman,smooth_doy31,20,9,0.0005,2000
main_smooth_doy_spearman,Xiushui,修水,Winter,13,spearman,smooth_doy31,20,10,0.002,2000
main_smooth_doy_spearman,Xiushui,修水,Winter,13,spearman,smooth_doy31,20,11,0,2000
main_smooth_doy_spearman,Xiushui,修水,Winter,13,spearman,smooth_doy31,20,12,0,2000
main_smooth_doy_spearman,Xiushui,修水,Winter,13,spearman,smooth_doy31,20,13,0.004,2000
main_smooth_doy_spearman,Xiushui,修水,Winter,13,spearman,smooth_doy31,20,14,0,2000
main_smooth_doy_spearman,Xiushui,修水,Winter,13,spearman,smooth_doy31,20,15,0.002,2000
main_smooth_doy_spearman,Xiushui,修水,Winter,13,spearman,smooth_doy31,20,16,0,2000
main_smooth_doy_spearman,Xiushui,修水,Winter,13,spearman,smooth_doy31,20,17,0.0005,2000
main_smooth_doy_spearman,Xiushui,修水,Winter,13,spearman,smooth_doy31,20,18,0.0005,2000
main_smooth_doy_spearman,Xiushui,修水,Winter,13,spearman,smooth_doy31,20,19,0.003,2000
main_smooth_doy_spearman,Xiushui,修水,Winter,13,spearman,smooth_doy31,20,20,0.002,2000
